image_path,claimed_identity,is_genuine,score,latency_ms
D:\Bartek\coding\biometria\facial_auth\celeba_subset\img_align_celeba\075674.jpg,5210,True,0.7961681485176086,2359.9165999985416
D:\Bartek\coding\biometria\facial_auth\celeba_subset\img_align_celeba\152835.jpg,6277,False,0.16638095676898956,297.00469999806955
D:\Bartek\coding\biometria\facial_auth\celeba_subset\img_align_celeba\041307.jpg,6806,False,0.012423750013113022,292.62500000186265
D:\Bartek\coding\biometria\facial_auth\celeba_subset\img_align_celeba\041727.jpg,878,False,0.12681758403778076,293.16470000048866
D:\Bartek\coding\biometria\facial_auth\celeba_subset\img_align_celeba\122456.jpg,7103,True,0.2975434958934784,282.3720000014873
D:\Bartek\coding\biometria\facial_auth\celeba_subset\img_align_celeba\182479.jpg,1154,False,0.03052658960223198,286.58310000173515
D:\Bartek\coding\biometria\facial_auth\celeba_subset\img_align_celeba\108789.jpg,8,True,0.8168323636054993,283.92600000370294
D:\Bartek\coding\biometria\facial_auth\celeba_subset\img_align_celeba\136726.jpg,6983,False,0.13130781054496765,283.6763999948744
D:\Bartek\coding\biometria\facial_auth\celeba_subset\img_align_celeba\202541.jpg,5872,True,0.2397533506155014,299.6063000027789
D:\Bartek\coding\biometria\facial_auth\celeba_subset\img_align_celeba\077108.jpg,3655,True,0.40668442845344543,286.50020000350196
D:\Bartek\coding\biometria\facial_auth\celeba_subset\img_align_celeba\097784.jpg,9534,True,0.5406672954559326,294.50940000242554
D:\Bartek\coding\biometria\facial_auth\celeba_subset\img_align_celeba\063318.jpg,4196,False,0.11464972794055939,294.650100004219
D:\Bartek\coding\biometria\facial_auth\celeba_subset\img_align_celeba\052811.jpg,6233,True,0.33598577976226807,281.55790000164416
D:\Bartek\coding\biometria\facial_auth\celeba_subset\img_align_celeba\090612.jpg,8936,False,0.026956377550959587,279.3816000048537
D:\Bartek\coding\biometria\facial_auth\celeba_subset\img_align_celeba\061485.jpg,205,False,0.1275535374879837,276.5529999960563
D:\Bartek\coding\biometria\facial_auth\celeba_subset\img_align_celeba\191572.jpg,9910,False,0.04602676257491112,276.6425000008894
D:\Bartek\coding\biometria\facial_auth\celeba_subset\img_align_celeba\128248.jpg,7088,False,0.14999598264694214,276.10960000311024
D:\Bartek\coding\biometria\facial_auth\celeba_subset\img_align_celeba\112261.jpg,5872,False,0.08002384006977081,373.1859000035911
D:\Bartek\coding\biometria\facial_auth\celeba_subset\img_align_celeba\178308.jpg,3877,True,0.6027911305427551,279.4404000014765
D:\Bartek\coding\biometria\facial_auth\celeba_subset\img_align_celeba\192926.jpg,5033,False,0.040184035897254944,285.77519999817014
D:\Bartek\coding\biometria\facial_auth\celeba_subset\img_align_celeba\187833.jpg,9478,False,0.014097479172050953,318.27509999857284
D:\Bartek\coding\biometria\facial_auth\celeba_subset\img_align_celeba\010150.jpg,1167,False,0.22325024008750916,293.0880999992951
D:\Bartek\coding\biometria\facial_auth\celeba_subset\img_align_celeba\077187.jpg,8091,True,0.3159150779247284,292.324699999881
D:\Bartek\coding\biometria\facial_auth\celeba_subset\img_align_celeba\027075.jpg,8971,False,-0.0033553391695022583,899.3713999952888
D:\Bartek\coding\biometria\facial_auth\celeba_subset\img_align_celeba\158554.jpg,8834,False,0.15756799280643463,304.1254999989178
D:\Bartek\coding\biometria\facial_auth\celeba_subset\img_align_celeba\097991.jpg,7338,True,0.5996947884559631,293.14800000429386
D:\Bartek\coding\biometria\facial_auth\celeba_subset\img_align_celeba\119024.jpg,8748,False,0.1469995379447937,283.83959999337094
D:\Bartek\coding\biometria\facial_auth\celeba_subset\img_align_celeba\032582.jpg,6233,False,0.1620968133211136,283.9948999971966
D:\Bartek\coding\biometria\facial_auth\celeba_subset\img_align_celeba\035676.jpg,2926,False,0.030765481293201447,286.16900000633905
D:\Bartek\coding\biometria\facial_auth\celeba_subset\img_align_celeba\051090.jpg,6806,False,0.08500822633504868,287.0967999988352
D:\Bartek\coding\biometria\facial_auth\celeba_subset\img_align_celeba\002032.jpg,9144,False,0.04813254997134209,290.6836000038311
D:\Bartek\coding\biometria\facial_auth\celeba_subset\img_align_celeba\156401.jpg,8091,True,0.4248621463775635,290.84530000545783
D:\Bartek\coding\biometria\facial_auth\celeba_subset\img_align_celeba\124101.jpg,7422,True,0.2543644905090332,287.0746999979019
D:\Bartek\coding\biometria\facial_auth\celeba_subset\img_align_celeba\040925.jpg,4150,True,0.4489576518535614,289.81670000212034
D:\Bartek\coding\biometria\facial_auth\celeba_subset\img_align_celeba\157894.jpg,6233,False,0.1208309754729271,289.7864999977173
D:\Bartek\coding\biometria\facial_auth\celeba_subset\img_align_celeba\013237.jpg,5099,False,0.1565975844860077,291.3072999945143
D:\Bartek\coding\biometria\facial_auth\celeba_subset\img_align_celeba\000387.jpg,913,False,0.10350815206766129,286.1932000014349
D:\Bartek\coding\biometria\facial_auth\celeba_subset\img_align_celeba\095701.jpg,8971,False,0.09330430626869202,292.0511000047554
D:\Bartek\coding\biometria\facial_auth\celeba_subset\img_align_celeba\114844.jpg,2835,False,0.17807096242904663,290.9845000031055
D:\Bartek\coding\biometria\facial_auth\celeba_subset\img_align_celeba\110682.jpg,3877,False,0.01718578301370144,284.2030000028899
D:\Bartek\coding\biometria\facial_auth\celeba_subset\img_align_celeba\022607.jpg,7338,True,0.5639882683753967,300.365300005069
D:\Bartek\coding\biometria\facial_auth\celeba_subset\img_align_celeba\132781.jpg,5672,True,0.5584209561347961,289.4218000001274
D:\Bartek\coding\biometria\facial_auth\celeba_subset\img_align_celeba\132620.jpg,1120,False,-0.04729510471224785,288.30200000084005
D:\Bartek\coding\biometria\facial_auth\celeba_subset\img_align_celeba\174745.jpg,6456,False,0.10372623801231384,297.1389000013005
D:\Bartek\coding\biometria\facial_auth\celeba_subset\img_align_celeba\057467.jpg,3655,False,0.10826429724693298,291.3148000006913
D:\Bartek\coding\biometria\facial_auth\celeba_subset\img_align_celeba\175982.jpg,1149,False,0.060119014233350754,299.06750000372995
D:\Bartek\coding\biometria\facial_auth\celeba_subset\img_align_celeba\030789.jpg,9632,False,-0.033596184104681015,287.63120000076015
D:\Bartek\coding\biometria\facial_auth\celeba_subset\img_align_celeba\195140.jpg,5575,True,0.5875858068466187,290.6901999958791
D:\Bartek\coding\biometria\facial_auth\celeba_subset\img_align_celeba\195374.jpg,9489,True,0.792733907699585,285.4289000024437
D:\Bartek\coding\biometria\facial_auth\celeba_subset\img_align_celeba\107478.jpg,8971,True,0.6178406476974487,291.2663999959477
D:\Bartek\coding\biometria\facial_auth\celeba_subset\img_align_celeba\112151.jpg,5210,True,0.7463350892066956,285.37949999736156
D:\Bartek\coding\biometria\facial_auth\celeba_subset\img_align_celeba\059009.jpg,1167,True,0.4550113081932068,285.4949000029592
D:\Bartek\coding\biometria\facial_auth\celeba_subset\img_align_celeba\065620.jpg,5190,True,0.47755685448646545,294.51780000090366
D:\Bartek\coding\biometria\facial_auth\celeba_subset\img_align_celeba\044464.jpg,8415,False,0.08981364965438843,330.5038999969838
D:\Bartek\coding\biometria\facial_auth\celeba_subset\img_align_celeba\117103.jpg,310,False,0.11080358922481537,376.7502999980934
D:\Bartek\coding\biometria\facial_auth\celeba_subset\img_align_celeba\112314.jpg,9000,True,0.6147584915161133,384.8985999939032
D:\Bartek\coding\biometria\facial_auth\celeba_subset\img_align_celeba\115959.jpg,7338,True,0.4062070846557617,324.5819000003394
D:\Bartek\coding\biometria\facial_auth\celeba_subset\img_align_celeba\037955.jpg,3336,True,0.6441981196403503,285.7730000032461
D:\Bartek\coding\biometria\facial_auth\celeba_subset\img_align_celeba\104829.jpg,1435,True,0.6552806496620178,293.6827000012272
D:\Bartek\coding\biometria\facial_auth\celeba_subset\img_align_celeba\159039.jpg,5127,True,0.6171534657478333,281.22330000041984
D:\Bartek\coding\biometria\facial_auth\celeba_subset\img_align_celeba\199347.jpg,8936,True,0.48240751028060913,284.34989999368554
D:\Bartek\coding\biometria\facial_auth\celeba_subset\img_align_celeba\082251.jpg,1128,False,0.08068850636482239,286.36220000043977
D:\Bartek\coding\biometria\facial_auth\celeba_subset\img_align_celeba\110424.jpg,2926,True,0.4901355803012848,290.36310000083176
D:\Bartek\coding\biometria\facial_auth\celeba_subset\img_align_celeba\086581.jpg,5064,False,0.05873909965157509,285.69689999858383
D:\Bartek\coding\biometria\facial_auth\celeba_subset\img_align_celeba\074630.jpg,5064,True,0.787112295627594,298.9060000036261
D:\Bartek\coding\biometria\facial_auth\celeba_subset\img_align_celeba\187054.jpg,7422,False,-0.00035139734973199666,297.6035000028787
D:\Bartek\coding\biometria\facial_auth\celeba_subset\img_align_celeba\006575.jpg,503,False,-0.0021410512272268534,307.07369999436196
D:\Bartek\coding\biometria\facial_auth\celeba_subset\img_align_celeba\003910.jpg,6170,True,0.879563570022583,286.7072000008193
D:\Bartek\coding\biometria\facial_auth\celeba_subset\img_align_celeba\199806.jpg,3236,False,0.16528849303722382,300.2827999953297
D:\Bartek\coding\biometria\facial_auth\celeba_subset\img_align_celeba\192291.jpg,8936,True,0.5313800573348999,294.05119999864837
D:\Bartek\coding\biometria\facial_auth\celeba_subset\img_align_celeba\005445.jpg,1120,False,-0.005159661639481783,294.30169999977807
D:\Bartek\coding\biometria\facial_auth\celeba_subset\img_align_celeba\164316.jpg,1120,True,0.5822448134422302,293.5698000001139
D:\Bartek\coding\biometria\facial_auth\celeba_subset\img_align_celeba\188620.jpg,8027,True,0.5629359483718872,303.64060000283644
D:\Bartek\coding\biometria\facial_auth\celeba_subset\img_align_celeba\190153.jpg,5922,False,0.023573031648993492,294.82679999637185
D:\Bartek\coding\biometria\facial_auth\celeba_subset\img_align_celeba\002295.jpg,4929,False,0.025080880150198936,284.9440999998478
D:\Bartek\coding\biometria\facial_auth\celeba_subset\img_align_celeba\184440.jpg,1120,False,0.08220775425434113,290.7651999994414
D:\Bartek\coding\biometria\facial_auth\celeba_subset\img_align_celeba\053934.jpg,8091,True,0.6995503902435303,294.25540000374895
D:\Bartek\coding\biometria\facial_auth\celeba_subset\img_align_celeba\081857.jpg,1149,True,0.49044138193130493,291.8153999999049
D:\Bartek\coding\biometria\facial_auth\celeba_subset\img_align_celeba\104509.jpg,4936,True,0.5125395655632019,283.2656999962637
D:\Bartek\coding\biometria\facial_auth\celeba_subset\img_align_celeba\050239.jpg,3877,False,0.12449651211500168,301.24290000094334
D:\Bartek\coding\biometria\facial_auth\celeba_subset\img_align_celeba\139598.jpg,1128,True,0.6124240159988403,288.5677999947802
D:\Bartek\coding\biometria\facial_auth\celeba_subset\img_align_celeba\022616.jpg,6983,True,0.6082580089569092,299.01300000346964
D:\Bartek\coding\biometria\facial_auth\celeba_subset\img_align_celeba\122381.jpg,1104,True,0.5595438480377197,299.1126999986591
D:\Bartek\coding\biometria\facial_auth\celeba_subset\img_align_celeba\060285.jpg,5591,False,0.06993362307548523,305.9508000005735
D:\Bartek\coding\biometria\facial_auth\celeba_subset\img_align_celeba\016253.jpg,8908,True,0.4179037809371948,294.69419999804813
D:\Bartek\coding\biometria\facial_auth\celeba_subset\img_align_celeba\192855.jpg,8415,True,0.7478493452072144,285.4384000020218
D:\Bartek\coding\biometria\facial_auth\celeba_subset\img_align_celeba\151604.jpg,4968,False,0.07301127910614014,298.82009999710135
D:\Bartek\coding\biometria\facial_auth\celeba_subset\img_align_celeba\091529.jpg,6233,True,0.43540650606155396,291.7496000009123
D:\Bartek\coding\biometria\facial_auth\celeba_subset\img_align_celeba\198511.jpg,8027,True,0.42012426257133484,307.15600000257837
D:\Bartek\coding\biometria\facial_auth\celeba_subset\img_align_celeba\159585.jpg,5099,False,0.14300884306430817,307.9144000002998
D:\Bartek\coding\biometria\facial_auth\celeba_subset\img_align_celeba\198052.jpg,6195,True,0.37968769669532776,297.73610000120243
D:\Bartek\coding\biometria\facial_auth\celeba_subset\img_align_celeba\007305.jpg,3655,True,0.4378375709056854,286.54200000164565
D:\Bartek\coding\biometria\facial_auth\celeba_subset\img_align_celeba\193135.jpg,5575,True,0.3477306365966797,307.72469999647
D:\Bartek\coding\biometria\facial_auth\celeba_subset\img_align_celeba\065690.jpg,8971,True,0.41429975628852844,286.227600001439
D:\Bartek\coding\biometria\facial_auth\celeba_subset\img_align_celeba\113960.jpg,190,False,0.16414615511894226,286.4659000042593
D:\Bartek\coding\biometria\facial_auth\celeba_subset\img_align_celeba\133397.jpg,310,True,0.3810310959815979,300.2970000015921
D:\Bartek\coding\biometria\facial_auth\celeba_subset\img_align_celeba\021281.jpg,5099,True,0.7493935227394104,307.59959999704733
D:\Bartek\coding\biometria\facial_auth\celeba_subset\img_align_celeba\103516.jpg,4196,True,0.6200231909751892,293.7789999996312
D:\Bartek\coding\biometria\facial_auth\celeba_subset\img_align_celeba\178367.jpg,2177,True,0.6553754806518555,300.5459000050905
D:\Bartek\coding\biometria\facial_auth\celeba_subset\img_align_celeba\088937.jpg,6972,False,0.2078717201948166,286.377900003572
D:\Bartek\coding\biometria\facial_auth\celeba_subset\img_align_celeba\184512.jpg,6195,True,0.48911580443382263,292.2201999972458
D:\Bartek\coding\biometria\facial_auth\celeba_subset\img_align_celeba\104914.jpg,975,False,0.13698141276836395,315.8298999987892
D:\Bartek\coding\biometria\facial_auth\celeba_subset\img_align_celeba\115278.jpg,8415,False,0.02107754535973072,277.50360000209184
D:\Bartek\coding\biometria\facial_auth\celeba_subset\img_align_celeba\175021.jpg,5747,False,0.10978958010673523,288.7556999994558
D:\Bartek\coding\biometria\facial_auth\celeba_subset\img_align_celeba\130882.jpg,5648,False,0.08880788832902908,289.2236999978195
D:\Bartek\coding\biometria\facial_auth\celeba_subset\img_align_celeba\016880.jpg,8091,True,0.7035765647888184,308.5637000040151
D:\Bartek\coding\biometria\facial_auth\celeba_subset\img_align_celeba\001661.jpg,6806,True,0.8816944360733032,296.3871999963885
D:\Bartek\coding\biometria\facial_auth\celeba_subset\img_align_celeba\149968.jpg,5780,True,0.6737537980079651,298.19080000015674
D:\Bartek\coding\biometria\facial_auth\celeba_subset\img_align_celeba\031634.jpg,503,False,0.20114681124687195,304.7408999991603
D:\Bartek\coding\biometria\facial_auth\celeba_subset\img_align_celeba\115475.jpg,9478,True,0.695368766784668,288.41059999831486
D:\Bartek\coding\biometria\facial_auth\celeba_subset\img_align_celeba\141357.jpg,5064,False,-0.01124323159456253,295.97849999845494
D:\Bartek\coding\biometria\facial_auth\celeba_subset\img_align_celeba\041727.jpg,5672,True,0.4368378520011902,293.7013000046136
D:\Bartek\coding\biometria\facial_auth\celeba_subset\img_align_celeba\100700.jpg,1350,False,0.14919841289520264,301.57750000216765
D:\Bartek\coding\biometria\facial_auth\celeba_subset\img_align_celeba\018606.jpg,9910,True,0.2915104925632477,289.6921999999904
D:\Bartek\coding\biometria\facial_auth\celeba_subset\img_align_celeba\063110.jpg,878,True,0.7184132933616638,292.58909999771276
D:\Bartek\coding\biometria\facial_auth\celeba_subset\img_align_celeba\186398.jpg,4150,False,0.03252206742763519,281.6355000031763
D:\Bartek\coding\biometria\facial_auth\celeba_subset\img_align_celeba\053473.jpg,4196,True,0.33231714367866516,307.4771999963559
D:\Bartek\coding\biometria\facial_auth\celeba_subset\img_align_celeba\029876.jpg,5210,True,0.5570149421691895,286.0242999959155
D:\Bartek\coding\biometria\facial_auth\celeba_subset\img_align_celeba\133811.jpg,6277,False,0.1186981275677681,326.8571000007796
D:\Bartek\coding\biometria\facial_auth\celeba_subset\img_align_celeba\093844.jpg,3236,False,0.20623023808002472,284.4712000005529
D:\Bartek\coding\biometria\facial_auth\celeba_subset\img_align_celeba\075064.jpg,1167,False,0.0707278698682785,287.0067999974708
D:\Bartek\coding\biometria\facial_auth\celeba_subset\img_align_celeba\155033.jpg,5591,False,0.07045253366231918,298.26540000067325
D:\Bartek\coding\biometria\facial_auth\celeba_subset\img_align_celeba\094027.jpg,310,False,0.03783717378973961,308.51540000003297
D:\Bartek\coding\biometria\facial_auth\celeba_subset\img_align_celeba\186501.jpg,5575,True,0.678130030632019,290.12089999741875
D:\Bartek\coding\biometria\facial_auth\celeba_subset\img_align_celeba\202384.jpg,6528,True,0.5587168335914612,301.09720000473317
D:\Bartek\coding\biometria\facial_auth\celeba_subset\img_align_celeba\147024.jpg,2835,False,0.31873881816864014,450.1551999928779
D:\Bartek\coding\biometria\facial_auth\celeba_subset\img_align_celeba\049246.jpg,6719,True,0.52562016248703,297.18110000249
D:\Bartek\coding\biometria\facial_auth\celeba_subset\img_align_celeba\124544.jpg,6195,False,0.03680099546909332,282.87899999850197
D:\Bartek\coding\biometria\facial_auth\celeba_subset\img_align_celeba\163625.jpg,5591,False,0.13208216428756714,291.2295999994967
D:\Bartek\coding\biometria\facial_auth\celeba_subset\img_align_celeba\178458.jpg,1154,True,0.5510607361793518,296.6503999996348
D:\Bartek\coding\biometria\facial_auth\celeba_subset\img_align_celeba\097813.jpg,9093,True,0.3291628062725067,296.03320000023814
D:\Bartek\coding\biometria\facial_auth\celeba_subset\img_align_celeba\024172.jpg,8091,True,0.5713852643966675,287.2187000029953
D:\Bartek\coding\biometria\facial_auth\celeba_subset\img_align_celeba\109257.jpg,8748,False,0.15211716294288635,310.8195999957388
D:\Bartek\coding\biometria\facial_auth\celeba_subset\img_align_celeba\038149.jpg,7253,True,0.42680642008781433,294.6120999986306
D:\Bartek\coding\biometria\facial_auth\celeba_subset\img_align_celeba\070348.jpg,5656,True,0.3662078082561493,280.5979999975534
D:\Bartek\coding\biometria\facial_auth\celeba_subset\img_align_celeba\172889.jpg,205,False,-0.08047442138195038,289.1313000000082
D:\Bartek\coding\biometria\facial_auth\celeba_subset\img_align_celeba\110491.jpg,6972,False,-0.06949716061353683,292.449000000488
D:\Bartek\coding\biometria\facial_auth\celeba_subset\img_align_celeba\102985.jpg,9828,False,0.020216187462210655,290.4616000014357
D:\Bartek\coding\biometria\facial_auth\celeba_subset\img_align_celeba\150009.jpg,6086,True,0.1216101199388504,287.02139999950305
D:\Bartek\coding\biometria\facial_auth\celeba_subset\img_align_celeba\116504.jpg,3336,True,0.34243661165237427,291.2219999998342
D:\Bartek\coding\biometria\facial_auth\celeba_subset\img_align_celeba\125510.jpg,8834,True,0.7100797891616821,288.1042000008165
D:\Bartek\coding\biometria\facial_auth\celeba_subset\img_align_celeba\124713.jpg,3336,True,0.5146409273147583,292.9567999963183
D:\Bartek\coding\biometria\facial_auth\celeba_subset\img_align_celeba\032767.jpg,878,False,-0.040932826697826385,284.44670000317274
D:\Bartek\coding\biometria\facial_auth\celeba_subset\img_align_celeba\104733.jpg,644,True,0.567851722240448,281.154800002696
D:\Bartek\coding\biometria\facial_auth\celeba_subset\img_align_celeba\003447.jpg,8748,True,0.6862184405326843,286.65929999988293
D:\Bartek\coding\biometria\facial_auth\celeba_subset\img_align_celeba\104676.jpg,9093,True,0.4554252028465271,283.50619999400806
D:\Bartek\coding\biometria\facial_auth\celeba_subset\img_align_celeba\118731.jpg,9478,False,0.072135791182518,299.47339999489486
D:\Bartek\coding\biometria\facial_auth\celeba_subset\img_align_celeba\180828.jpg,3877,True,0.49696576595306396,287.437899998622
D:\Bartek\coding\biometria\facial_auth\celeba_subset\img_align_celeba\124713.jpg,3236,False,0.04908984154462814,287.6280000054976
D:\Bartek\coding\biometria\facial_auth\celeba_subset\img_align_celeba\018389.jpg,4659,True,0.3648279309272766,287.87450000527315
D:\Bartek\coding\biometria\facial_auth\celeba_subset\img_align_celeba\079133.jpg,5872,False,0.15815521776676178,290.1568000015686
D:\Bartek\coding\biometria\facial_auth\celeba_subset\img_align_celeba\055782.jpg,4936,True,0.09177451580762863,286.579100000381
D:\Bartek\coding\biometria\facial_auth\celeba_subset\img_align_celeba\037955.jpg,6170,False,0.1808590292930603,285.0430999969831
D:\Bartek\coding\biometria\facial_auth\celeba_subset\img_align_celeba\185013.jpg,5238,False,0.03206895664334297,285.1754999937839
D:\Bartek\coding\biometria\facial_auth\celeba_subset\img_align_celeba\177019.jpg,4069,True,0.5958897471427917,284.4436999948812
D:\Bartek\coding\biometria\facial_auth\celeba_subset\img_align_celeba\100798.jpg,8936,False,0.15922075510025024,291.8950000021141
D:\Bartek\coding\biometria\facial_auth\celeba_subset\img_align_celeba\150129.jpg,6086,True,0.4928075969219208,279.58789999684086
D:\Bartek\coding\biometria\facial_auth\celeba_subset\img_align_celeba\167286.jpg,878,False,0.1941826492547989,285.92870000284165
D:\Bartek\coding\biometria\facial_auth\celeba_subset\img_align_celeba\141146.jpg,913,False,0.24146410822868347,290.09369999403134
D:\Bartek\coding\biometria\facial_auth\celeba_subset\img_align_celeba\064387.jpg,7422,True,0.6063696146011353,360.50519999844255
D:\Bartek\coding\biometria\facial_auth\celeba_subset\img_align_celeba\160891.jpg,310,True,0.41646215319633484,316.0049999933108
D:\Bartek\coding\biometria\facial_auth\celeba_subset\img_align_celeba\078965.jpg,1128,False,0.09522683918476105,308.4187999993446
D:\Bartek\coding\biometria\facial_auth\celeba_subset\img_align_celeba\038186.jpg,310,True,0.3759917616844177,280.0571999978274
D:\Bartek\coding\biometria\facial_auth\celeba_subset\img_align_celeba\142954.jpg,9688,False,0.026113472878932953,291.02259999490343
D:\Bartek\coding\biometria\facial_auth\celeba_subset\img_align_celeba\039238.jpg,2926,False,0.10063768923282623,425.63300000620075
D:\Bartek\coding\biometria\facial_auth\celeba_subset\img_align_celeba\091053.jpg,8415,False,0.19703751802444458,372.3203999979887
D:\Bartek\coding\biometria\facial_auth\celeba_subset\img_align_celeba\017442.jpg,7338,True,0.4763887822628021,305.3024000037112
D:\Bartek\coding\biometria\facial_auth\celeba_subset\img_align_celeba\117487.jpg,6719,True,0.5155558586120605,301.82529999729013
D:\Bartek\coding\biometria\facial_auth\celeba_subset\img_align_celeba\028498.jpg,5591,False,0.06700875610113144,307.58090000017546
D:\Bartek\coding\biometria\facial_auth\celeba_subset\img_align_celeba\125367.jpg,5747,False,0.07052790373563766,316.71080000523943
D:\Bartek\coding\biometria\facial_auth\celeba_subset\img_align_celeba\090612.jpg,494,True,0.2651088237762451,292.14979999960633
D:\Bartek\coding\biometria\facial_auth\celeba_subset\img_align_celeba\147630.jpg,3655,False,0.23439374566078186,309.97190000198316
D:\Bartek\coding\biometria\facial_auth\celeba_subset\img_align_celeba\122365.jpg,6233,True,0.39175504446029663,351.9617999991169
D:\Bartek\coding\biometria\facial_auth\celeba_subset\img_align_celeba\182420.jpg,7338,False,0.2936681807041168,314.3467999980203
D:\Bartek\coding\biometria\facial_auth\celeba_subset\img_align_celeba\113557.jpg,7103,False,-0.02811049111187458,318.6971999966772
D:\Bartek\coding\biometria\facial_auth\celeba_subset\img_align_celeba\038491.jpg,4929,True,0.39267611503601074,286.79600000032224
D:\Bartek\coding\biometria\facial_auth\celeba_subset\img_align_celeba\157752.jpg,7088,False,0.0341259203851223,384.18280000041705
D:\Bartek\coding\biometria\facial_auth\celeba_subset\img_align_celeba\037435.jpg,8027,False,0.17978547513484955,341.6453000027104
D:\Bartek\coding\biometria\facial_auth\celeba_subset\img_align_celeba\037397.jpg,6528,False,0.25815561413764954,338.7342999994871
D:\Bartek\coding\biometria\facial_auth\celeba_subset\img_align_celeba\051915.jpg,6972,True,0.622473418712616,340.43910000036703
D:\Bartek\coding\biometria\facial_auth\celeba_subset\img_align_celeba\086063.jpg,5437,True,0.8434649705886841,503.13650000316557
D:\Bartek\coding\biometria\facial_auth\celeba_subset\img_align_celeba\062077.jpg,5922,False,0.039813484996557236,293.17519999312935
D:\Bartek\coding\biometria\facial_auth\celeba_subset\img_align_celeba\084744.jpg,5656,True,0.3771798610687256,290.2883999995538
D:\Bartek\coding\biometria\facial_auth\celeba_subset\img_align_celeba\129124.jpg,9688,True,0.7213204503059387,316.64350000210106
D:\Bartek\coding\biometria\facial_auth\celeba_subset\img_align_celeba\117103.jpg,975,True,0.38446924090385437,333.0285999982152
D:\Bartek\coding\biometria\facial_auth\celeba_subset\img_align_celeba\196183.jpg,8027,False,0.11942224949598312,320.23150000168243
D:\Bartek\coding\biometria\facial_auth\celeba_subset\img_align_celeba\083304.jpg,898,False,0.22267529368400574,364.03290000453126
D:\Bartek\coding\biometria\facial_auth\celeba_subset\img_align_celeba\095668.jpg,9910,False,0.24502328038215637,262.5977999996394
D:\Bartek\coding\biometria\facial_auth\celeba_subset\img_align_celeba\069494.jpg,7422,True,0.5376361608505249,303.972599998815
D:\Bartek\coding\biometria\facial_auth\celeba_subset\img_align_celeba\131627.jpg,7524,True,0.39324426651000977,343.55130000039935
D:\Bartek\coding\biometria\facial_auth\celeba_subset\img_align_celeba\166107.jpg,6233,False,0.1560920923948288,318.018400001165
D:\Bartek\coding\biometria\facial_auth\celeba_subset\img_align_celeba\059504.jpg,9939,False,0.1835242360830307,371.7386999996961
D:\Bartek\coding\biometria\facial_auth\celeba_subset\img_align_celeba\065829.jpg,3200,False,0.16624870896339417,311.0216999994009
D:\Bartek\coding\biometria\facial_auth\celeba_subset\img_align_celeba\091053.jpg,9093,True,0.6000254154205322,319.49270000040997
D:\Bartek\coding\biometria\facial_auth\celeba_subset\img_align_celeba\066888.jpg,5656,True,0.40260049700737,348.88179999688873
D:\Bartek\coding\biometria\facial_auth\celeba_subset\img_align_celeba\089454.jpg,8,True,0.7796152830123901,343.04699999484
D:\Bartek\coding\biometria\facial_auth\celeba_subset\img_align_celeba\195695.jpg,8936,True,0.4873848855495453,286.25089999695774
D:\Bartek\coding\biometria\facial_auth\celeba_subset\img_align_celeba\126122.jpg,7422,True,0.4813370108604431,285.25209999497747
D:\Bartek\coding\biometria\facial_auth\celeba_subset\img_align_celeba\169052.jpg,9144,False,0.029842449352145195,288.1065999972634
D:\Bartek\coding\biometria\facial_auth\celeba_subset\img_align_celeba\182479.jpg,2177,True,0.6195932030677795,285.04509999766015
D:\Bartek\coding\biometria\facial_auth\celeba_subset\img_align_celeba\160891.jpg,4936,False,0.17640694975852966,289.59730000497075
D:\Bartek\coding\biometria\facial_auth\celeba_subset\img_align_celeba\201786.jpg,1147,False,0.10693728178739548,305.4631999984849
D:\Bartek\coding\biometria\facial_auth\celeba_subset\img_align_celeba\015885.jpg,5922,True,0.6470324397087097,315.46939999680035
D:\Bartek\coding\biometria\facial_auth\celeba_subset\img_align_celeba\017190.jpg,1435,False,0.004714906681329012,305.24229999718955
D:\Bartek\coding\biometria\facial_auth\celeba_subset\img_align_celeba\054674.jpg,5238,True,0.898196280002594,286.7444000003161
D:\Bartek\coding\biometria\facial_auth\celeba_subset\img_align_celeba\094081.jpg,5672,True,0.5306780934333801,280.48300000227755
D:\Bartek\coding\biometria\facial_auth\celeba_subset\img_align_celeba\145865.jpg,494,True,0.4528842270374298,288.6837999976706
D:\Bartek\coding\biometria\facial_auth\celeba_subset\img_align_celeba\063991.jpg,2926,False,0.16099382936954498,288.1134000053862
D:\Bartek\coding\biometria\facial_auth\celeba_subset\img_align_celeba\038818.jpg,6195,False,0.1426498293876648,302.07769999833545
D:\Bartek\coding\biometria\facial_auth\celeba_subset\img_align_celeba\022580.jpg,494,True,0.5418416261672974,275.0993000008748
D:\Bartek\coding\biometria\facial_auth\celeba_subset\img_align_celeba\004467.jpg,6136,True,0.45092129707336426,282.86130000196863
D:\Bartek\coding\biometria\facial_auth\celeba_subset\img_align_celeba\126389.jpg,8415,False,0.19309763610363007,314.8141999990912
D:\Bartek\coding\biometria\facial_auth\celeba_subset\img_align_celeba\070725.jpg,6277,False,0.2885010242462158,297.9951000015717
D:\Bartek\coding\biometria\facial_auth\celeba_subset\img_align_celeba\069083.jpg,4196,True,0.24972166121006012,297.6587000011932
D:\Bartek\coding\biometria\facial_auth\celeba_subset\img_align_celeba\015741.jpg,6456,False,0.024762121960520744,300.8040999993682
D:\Bartek\coding\biometria\facial_auth\celeba_subset\img_align_celeba\072575.jpg,5922,False,0.18213696777820587,285.6155999979819
D:\Bartek\coding\biometria\facial_auth\celeba_subset\img_align_celeba\161411.jpg,5099,False,0.07941614091396332,284.1391000038129
D:\Bartek\coding\biometria\facial_auth\celeba_subset\img_align_celeba\085986.jpg,1147,True,0.4131242036819458,286.36399999959394
D:\Bartek\coding\biometria\facial_auth\celeba_subset\img_align_celeba\159630.jpg,9478,True,0.5070086121559143,287.8622999996878
D:\Bartek\coding\biometria\facial_auth\celeba_subset\img_align_celeba\194003.jpg,5872,True,0.3381251394748688,287.50120000040624
D:\Bartek\coding\biometria\facial_auth\celeba_subset\img_align_celeba\082719.jpg,2926,True,0.33168524503707886,285.449900002277
D:\Bartek\coding\biometria\facial_auth\celeba_subset\img_align_celeba\170013.jpg,1154,True,0.7069196105003357,282.15459999773884
D:\Bartek\coding\biometria\facial_auth\celeba_subset\img_align_celeba\023461.jpg,8091,False,0.10152570903301239,286.28459999890765
D:\Bartek\coding\biometria\facial_auth\celeba_subset\img_align_celeba\182171.jpg,5591,False,0.1516716033220291,290.352800002438
D:\Bartek\coding\biometria\facial_auth\celeba_subset\img_align_celeba\134427.jpg,5099,False,0.10494071990251541,290.6966999944416
D:\Bartek\coding\biometria\facial_auth\celeba_subset\img_align_celeba\188916.jpg,7088,True,0.3744986057281494,303.1890999991447
D:\Bartek\coding\biometria\facial_auth\celeba_subset\img_align_celeba\052594.jpg,1435,True,0.5486189126968384,282.2749999977532
D:\Bartek\coding\biometria\facial_auth\celeba_subset\img_align_celeba\004284.jpg,7222,False,0.024916954338550568,293.05549999844516
D:\Bartek\coding\biometria\facial_auth\celeba_subset\img_align_celeba\180965.jpg,503,False,0.3502897322177887,296.52380000334233
D:\Bartek\coding\biometria\facial_auth\celeba_subset\img_align_celeba\182107.jpg,6456,False,-0.010226384736597538,289.89369999908376
D:\Bartek\coding\biometria\facial_auth\celeba_subset\img_align_celeba\090930.jpg,8748,True,0.607323408126831,282.48529999837046
D:\Bartek\coding\biometria\facial_auth\celeba_subset\img_align_celeba\010520.jpg,4659,False,0.06516122072935104,279.64640000573127
D:\Bartek\coding\biometria\facial_auth\celeba_subset\img_align_celeba\154323.jpg,5246,False,0.14056703448295593,279.55049999582116
D:\Bartek\coding\biometria\facial_auth\celeba_subset\img_align_celeba\172819.jpg,1350,True,0.47421762347221375,287.58790000574663
D:\Bartek\coding\biometria\facial_auth\celeba_subset\img_align_celeba\072328.jpg,7103,False,0.0663570836186409,284.16719999950146
D:\Bartek\coding\biometria\facial_auth\celeba_subset\img_align_celeba\199806.jpg,8415,True,0.7241145968437195,279.80810000008205
D:\Bartek\coding\biometria\facial_auth\celeba_subset\img_align_celeba\192155.jpg,3236,False,0.1974145472049713,287.1954000002006
D:\Bartek\coding\biometria\facial_auth\celeba_subset\img_align_celeba\032692.jpg,4870,True,0.326553612947464,293.028799998865
D:\Bartek\coding\biometria\facial_auth\celeba_subset\img_align_celeba\074843.jpg,1435,False,0.07363935559988022,288.0927000005613
D:\Bartek\coding\biometria\facial_auth\celeba_subset\img_align_celeba\115061.jpg,5780,True,0.6301088333129883,287.48500000074273
D:\Bartek\coding\biometria\facial_auth\celeba_subset\img_align_celeba\163987.jpg,5437,False,-0.018891772255301476,286.0263000038685
D:\Bartek\coding\biometria\facial_auth\celeba_subset\img_align_celeba\180979.jpg,190,True,0.300344318151474,283.3991999941645
D:\Bartek\coding\biometria\facial_auth\celeba_subset\img_align_celeba\037104.jpg,8027,False,0.138938769698143,291.46749999927124
D:\Bartek\coding\biometria\facial_auth\celeba_subset\img_align_celeba\190733.jpg,9632,True,0.5039708018302917,286.03319999820087
D:\Bartek\coding\biometria\facial_auth\celeba_subset\img_align_celeba\057422.jpg,9093,False,0.16109375655651093,279.1912999964552
D:\Bartek\coding\biometria\facial_auth\celeba_subset\img_align_celeba\118331.jpg,4968,True,0.5179738998413086,290.54960000212304
D:\Bartek\coding\biometria\facial_auth\celeba_subset\img_align_celeba\159470.jpg,6983,False,0.2361220419406891,283.3131000006688
D:\Bartek\coding\biometria\facial_auth\celeba_subset\img_align_celeba\120993.jpg,3336,True,0.5724858045578003,287.283199999365
D:\Bartek\coding\biometria\facial_auth\celeba_subset\img_align_celeba\083540.jpg,7222,False,0.12332390248775482,287.56269999576034
D:\Bartek\coding\biometria\facial_auth\celeba_subset\img_align_celeba\029190.jpg,6456,True,0.4473766088485718,288.1762999968487
D:\Bartek\coding\biometria\facial_auth\celeba_subset\img_align_celeba\065389.jpg,5747,True,0.38828974962234497,285.9134000027552
D:\Bartek\coding\biometria\facial_auth\celeba_subset\img_align_celeba\175087.jpg,190,True,0.6621980667114258,271.46129999891855
D:\Bartek\coding\biometria\facial_auth\celeba_subset\img_align_celeba\055093.jpg,3336,True,0.5471234321594238,272.96470000146655
D:\Bartek\coding\biometria\facial_auth\celeba_subset\img_align_celeba\108246.jpg,3877,False,0.006604661233723164,283.8335999986157
D:\Bartek\coding\biometria\facial_auth\celeba_subset\img_align_celeba\048242.jpg,5127,True,0.4921330213546753,284.8411000013584
D:\Bartek\coding\biometria\facial_auth\celeba_subset\img_align_celeba\122699.jpg,8908,True,0.3124478757381439,280.61300000263145
D:\Bartek\coding\biometria\facial_auth\celeba_subset\img_align_celeba\146179.jpg,5791,False,0.24179886281490326,275.1594000001205
D:\Bartek\coding\biometria\facial_auth\celeba_subset\img_align_celeba\184512.jpg,6368,False,0.1870519369840622,287.5465000033728
D:\Bartek\coding\biometria\facial_auth\celeba_subset\img_align_celeba\149652.jpg,6722,True,0.8812336921691895,284.4263000006322
D:\Bartek\coding\biometria\facial_auth\celeba_subset\img_align_celeba\091053.jpg,8971,False,0.057860858738422394,284.8599000062677
D:\Bartek\coding\biometria\facial_auth\celeba_subset\img_align_celeba\164316.jpg,5872,False,0.1122516617178917,309.4675000029383
D:\Bartek\coding\biometria\facial_auth\celeba_subset\img_align_celeba\194523.jpg,5872,False,0.11205874383449554,280.82350000477163
D:\Bartek\coding\biometria\facial_auth\celeba_subset\img_align_celeba\105095.jpg,5190,False,0.11927659064531326,285.78700000070967
D:\Bartek\coding\biometria\facial_auth\celeba_subset\img_align_celeba\130436.jpg,7524,True,0.31833183765411377,292.143999999098
D:\Bartek\coding\biometria\facial_auth\celeba_subset\img_align_celeba\122428.jpg,5672,True,0.4557042717933655,291.0953000027803
D:\Bartek\coding\biometria\facial_auth\celeba_subset\img_align_celeba\105095.jpg,9144,True,0.5332396626472473,278.3906000040588
D:\Bartek\coding\biometria\facial_auth\celeba_subset\img_align_celeba\083359.jpg,9478,True,0.4670123755931854,218.53149999515153
D:\Bartek\coding\biometria\facial_auth\celeba_subset\img_align_celeba\001045.jpg,913,False,0.10918529331684113,277.43529999861494
D:\Bartek\coding\biometria\facial_auth\celeba_subset\img_align_celeba\014683.jpg,6277,False,0.1358320415019989,290.4915999970399
D:\Bartek\coding\biometria\facial_auth\celeba_subset\img_align_celeba\089449.jpg,7338,True,0.25280189514160156,289.39350000291597
D:\Bartek\coding\biometria\facial_auth\celeba_subset\img_align_celeba\101068.jpg,9688,False,-0.03737141937017441,287.57270000642166
D:\Bartek\coding\biometria\facial_auth\celeba_subset\img_align_celeba\160546.jpg,8936,False,0.0678960382938385,291.4074000000255
D:\Bartek\coding\biometria\facial_auth\celeba_subset\img_align_celeba\172058.jpg,503,False,0.18766529858112335,288.0178999985219
D:\Bartek\coding\biometria\facial_auth\celeba_subset\img_align_celeba\007272.jpg,6719,False,-0.05744366720318794,291.16570000041975
D:\Bartek\coding\biometria\facial_auth\celeba_subset\img_align_celeba\014548.jpg,6456,True,0.49658212065696716,293.63240000384394
D:\Bartek\coding\biometria\facial_auth\celeba_subset\img_align_celeba\008465.jpg,9000,True,0.5597689151763916,302.1952000053716
D:\Bartek\coding\biometria\facial_auth\celeba_subset\img_align_celeba\131248.jpg,9000,True,0.7584241628646851,287.2669999997015
D:\Bartek\coding\biometria\facial_auth\celeba_subset\img_align_celeba\051468.jpg,913,False,0.04235382005572319,289.59739999845624
D:\Bartek\coding\biometria\facial_auth\celeba_subset\img_align_celeba\124443.jpg,1104,False,0.12052097171545029,292.49340000387747
D:\Bartek\coding\biometria\facial_auth\celeba_subset\img_align_celeba\199392.jpg,5872,False,-0.0388844795525074,295.23829999379814
D:\Bartek\coding\biometria\facial_auth\celeba_subset\img_align_celeba\069292.jpg,5099,True,0.541151225566864,286.70920000149636
D:\Bartek\coding\biometria\facial_auth\celeba_subset\img_align_celeba\198720.jpg,9910,False,0.02053890936076641,302.9462000049534
D:\Bartek\coding\biometria\facial_auth\celeba_subset\img_align_celeba\118467.jpg,2926,False,0.10879766941070557,283.43479999603005
D:\Bartek\coding\biometria\facial_auth\celeba_subset\img_align_celeba\126389.jpg,7338,False,0.21318502724170685,291.10299999592826
D:\Bartek\coding\biometria\facial_auth\celeba_subset\img_align_celeba\114735.jpg,4936,False,0.148397296667099,288.5028000018792
D:\Bartek\coding\biometria\facial_auth\celeba_subset\img_align_celeba\081934.jpg,5922,True,0.5104395747184753,283.8770999951521
D:\Bartek\coding\biometria\facial_auth\celeba_subset\img_align_celeba\013854.jpg,494,True,0.33625277876853943,290.95190000225557
D:\Bartek\coding\biometria\facial_auth\celeba_subset\img_align_celeba\198511.jpg,9300,False,0.126154825091362,294.4340000030934
D:\Bartek\coding\biometria\facial_auth\celeba_subset\img_align_celeba\158640.jpg,975,True,0.4810969829559326,289.5783999993
D:\Bartek\coding\biometria\facial_auth\celeba_subset\img_align_celeba\202359.jpg,898,False,0.04612487554550171,286.191899998812
D:\Bartek\coding\biometria\facial_auth\celeba_subset\img_align_celeba\094591.jpg,5648,True,0.8156065344810486,282.29989999817917
D:\Bartek\coding\biometria\facial_auth\celeba_subset\img_align_celeba\181731.jpg,6972,False,0.10851620137691498,282.23199999774806
D:\Bartek\coding\biometria\facial_auth\celeba_subset\img_align_celeba\173413.jpg,9688,False,0.05511237680912018,280.9295999977621
D:\Bartek\coding\biometria\facial_auth\celeba_subset\img_align_celeba\001857.jpg,503,True,0.37050625681877136,287.05930000433
D:\Bartek\coding\biometria\facial_auth\celeba_subset\img_align_celeba\011102.jpg,6722,False,0.39364203810691833,285.8651999995345
D:\Bartek\coding\biometria\facial_auth\celeba_subset\img_align_celeba\192878.jpg,8936,True,0.5319961309432983,322.3303999984637
D:\Bartek\coding\biometria\facial_auth\celeba_subset\img_align_celeba\200834.jpg,9688,False,-0.011228054761886597,288.9839999988908
D:\Bartek\coding\biometria\facial_auth\celeba_subset\img_align_celeba\090993.jpg,4936,True,0.701911985874176,290.88190000038594
D:\Bartek\coding\biometria\facial_auth\celeba_subset\img_align_celeba\078884.jpg,7338,False,0.007221496198326349,291.4470000032452
D:\Bartek\coding\biometria\facial_auth\celeba_subset\img_align_celeba\062797.jpg,5534,True,0.5231954455375671,279.27530000306433
D:\Bartek\coding\biometria\facial_auth\celeba_subset\img_align_celeba\116833.jpg,7524,True,0.3155742287635803,283.40539999771863
D:\Bartek\coding\biometria\facial_auth\celeba_subset\img_align_celeba\057388.jpg,2835,True,0.5013218522071838,287.47329999896465
D:\Bartek\coding\biometria\facial_auth\celeba_subset\img_align_celeba\062447.jpg,9688,True,0.6842244863510132,285.6818000000203
D:\Bartek\coding\biometria\facial_auth\celeba_subset\img_align_celeba\094081.jpg,6086,False,0.06591556966304779,287.7418999996735
D:\Bartek\coding\biometria\facial_auth\celeba_subset\img_align_celeba\137959.jpg,8908,True,0.15699179470539093,290.6574999942677
D:\Bartek\coding\biometria\facial_auth\celeba_subset\img_align_celeba\016144.jpg,5672,True,0.5045853853225708,287.9945000022417
D:\Bartek\coding\biometria\facial_auth\celeba_subset\img_align_celeba\069035.jpg,9093,False,0.2549172639846802,285.31199999997625
D:\Bartek\coding\biometria\facial_auth\celeba_subset\img_align_celeba\128252.jpg,7103,False,0.14954932034015656,289.5812999995542
D:\Bartek\coding\biometria\facial_auth\celeba_subset\img_align_celeba\065517.jpg,3655,False,0.1254945993423462,287.82589999900665
D:\Bartek\coding\biometria\facial_auth\celeba_subset\img_align_celeba\085060.jpg,9000,True,0.7589159607887268,287.39759999734815
D:\Bartek\coding\biometria\facial_auth\celeba_subset\img_align_celeba\023654.jpg,7253,False,0.13730524480342865,301.334499999939
D:\Bartek\coding\biometria\facial_auth\celeba_subset\img_align_celeba\057333.jpg,9632,False,0.1509256809949875,288.5831000021426
D:\Bartek\coding\biometria\facial_auth\celeba_subset\img_align_celeba\196183.jpg,6528,True,0.6087263822555542,299.99909999605734
D:\Bartek\coding\biometria\facial_auth\celeba_subset\img_align_celeba\141269.jpg,5672,True,0.5173236131668091,290.9550999975181
D:\Bartek\coding\biometria\facial_auth\celeba_subset\img_align_celeba\063286.jpg,3877,False,0.2289775311946869,291.29870000178926
D:\Bartek\coding\biometria\facial_auth\celeba_subset\img_align_celeba\045573.jpg,1120,False,0.04660302773118019,288.96789999998873
D:\Bartek\coding\biometria\facial_auth\celeba_subset\img_align_celeba\033851.jpg,655,True,0.40320757031440735,287.0310999933281
D:\Bartek\coding\biometria\facial_auth\celeba_subset\img_align_celeba\029876.jpg,4150,False,0.2116609513759613,288.36840000440134
D:\Bartek\coding\biometria\facial_auth\celeba_subset\img_align_celeba\030626.jpg,5210,True,0.21481303870677948,291.02989999955753
D:\Bartek\coding\biometria\facial_auth\celeba_subset\img_align_celeba\049895.jpg,6277,False,0.07143781334161758,295.0554999988526
D:\Bartek\coding\biometria\facial_auth\celeba_subset\img_align_celeba\063877.jpg,5747,True,0.5067555904388428,287.96569999394706
D:\Bartek\coding\biometria\facial_auth\celeba_subset\img_align_celeba\179356.jpg,1350,True,0.6104366779327393,296.17400000279304
D:\Bartek\coding\biometria\facial_auth\celeba_subset\img_align_celeba\141864.jpg,9000,True,0.5922487378120422,292.1433999945293
D:\Bartek\coding\biometria\facial_auth\celeba_subset\img_align_celeba\169599.jpg,9828,False,0.08096068352460861,277.0329999984824
D:\Bartek\coding\biometria\facial_auth\celeba_subset\img_align_celeba\194347.jpg,9489,True,0.6903566718101501,285.57520000322256
D:\Bartek\coding\biometria\facial_auth\celeba_subset\img_align_celeba\058047.jpg,3877,False,0.15745092928409576,285.28080000251066
D:\Bartek\coding\biometria\facial_auth\celeba_subset\img_align_celeba\011578.jpg,8,True,0.38806867599487305,287.86699999909615
D:\Bartek\coding\biometria\facial_auth\celeba_subset\img_align_celeba\083313.jpg,1128,True,0.6037529706954956,280.062400001043
D:\Bartek\coding\biometria\facial_auth\celeba_subset\img_align_celeba\037315.jpg,6170,False,0.13894349336624146,285.69509999942966
D:\Bartek\coding\biometria\facial_auth\celeba_subset\img_align_celeba\004411.jpg,6972,False,0.008976266719400883,290.0346000024001
D:\Bartek\coding\biometria\facial_auth\celeba_subset\img_align_celeba\091878.jpg,5672,True,0.4195312559604645,312.0576000001165
D:\Bartek\coding\biometria\facial_auth\celeba_subset\img_align_celeba\082401.jpg,4196,False,0.20887477695941925,278.11020000081044
D:\Bartek\coding\biometria\facial_auth\celeba_subset\img_align_celeba\115959.jpg,6136,False,0.16660022735595703,290.4718999998295
D:\Bartek\coding\biometria\facial_auth\celeba_subset\img_align_celeba\016253.jpg,655,False,0.12213951349258423,286.38620000128867
D:\Bartek\coding\biometria\facial_auth\celeba_subset\img_align_celeba\124101.jpg,4150,False,0.14824776351451874,278.0590000038501
D:\Bartek\coding\biometria\facial_auth\celeba_subset\img_align_celeba\085275.jpg,7253,False,0.0735962986946106,286.7454000006546
D:\Bartek\coding\biometria\facial_auth\celeba_subset\img_align_celeba\081934.jpg,1147,False,0.2079446017742157,288.7944999965839
D:\Bartek\coding\biometria\facial_auth\celeba_subset\img_align_celeba\112600.jpg,6136,False,0.11941386014223099,291.1085000014282
D:\Bartek\coding\biometria\facial_auth\celeba_subset\img_align_celeba\166301.jpg,913,False,0.12026125937700272,289.1200999947614
D:\Bartek\coding\biometria\facial_auth\celeba_subset\img_align_celeba\111193.jpg,4150,False,0.188456729054451,283.0969000060577
D:\Bartek\coding\biometria\facial_auth\celeba_subset\img_align_celeba\014739.jpg,9828,False,-0.031899623572826385,289.8896999977296
D:\Bartek\coding\biometria\facial_auth\celeba_subset\img_align_celeba\049242.jpg,6456,False,0.2537395656108856,285.03769999952056
D:\Bartek\coding\biometria\facial_auth\celeba_subset\img_align_celeba\142682.jpg,4870,False,0.03587432578206062,296.7627000034554
D:\Bartek\coding\biometria\facial_auth\celeba_subset\img_align_celeba\021895.jpg,9688,True,0.6393810510635376,289.48490000038873
D:\Bartek\coding\biometria\facial_auth\celeba_subset\img_align_celeba\006482.jpg,5672,True,0.48917144536972046,280.0589000034961
D:\Bartek\coding\biometria\facial_auth\celeba_subset\img_align_celeba\159596.jpg,9144,True,0.49406635761260986,287.47789999761153
D:\Bartek\coding\biometria\facial_auth\celeba_subset\img_align_celeba\008925.jpg,6368,True,0.5723269581794739,288.2801000014297
D:\Bartek\coding\biometria\facial_auth\celeba_subset\img_align_celeba\123488.jpg,6722,True,0.5240817070007324,292.20940000232076
D:\Bartek\coding\biometria\facial_auth\celeba_subset\img_align_celeba\069075.jpg,310,False,0.04463578015565872,295.2064000055543
D:\Bartek\coding\biometria\facial_auth\celeba_subset\img_align_celeba\144958.jpg,7422,True,0.5879167318344116,293.04039999988163
D:\Bartek\coding\biometria\facial_auth\celeba_subset\img_align_celeba\007433.jpg,5922,True,0.499208003282547,288.49259999697097
D:\Bartek\coding\biometria\facial_auth\celeba_subset\img_align_celeba\083112.jpg,7524,False,0.08109693229198456,279.34950000053504
D:\Bartek\coding\biometria\facial_auth\celeba_subset\img_align_celeba\129287.jpg,5190,False,0.24961256980895996,283.7878999998793
D:\Bartek\coding\biometria\facial_auth\celeba_subset\img_align_celeba\148189.jpg,975,False,0.09660521149635315,293.1756000034511
D:\Bartek\coding\biometria\facial_auth\celeba_subset\img_align_celeba\169295.jpg,1350,True,0.7400332689285278,293.036300005042
D:\Bartek\coding\biometria\facial_auth\celeba_subset\img_align_celeba\119102.jpg,3236,False,-0.030349217355251312,286.1759000006714
D:\Bartek\coding\biometria\facial_auth\celeba_subset\img_align_celeba\188529.jpg,5033,False,0.02753540500998497,287.97409999970114
D:\Bartek\coding\biometria\facial_auth\celeba_subset\img_align_celeba\002275.jpg,1128,False,-0.092955082654953,288.4306999985711
D:\Bartek\coding\biometria\facial_auth\celeba_subset\img_align_celeba\179687.jpg,1350,True,0.5919170379638672,289.23740000027465
D:\Bartek\coding\biometria\facial_auth\celeba_subset\img_align_celeba\112785.jpg,4196,True,0.5542575716972351,288.62929999741027
D:\Bartek\coding\biometria\facial_auth\celeba_subset\img_align_celeba\005730.jpg,4150,True,0.8168994188308716,287.8555999996024
D:\Bartek\coding\biometria\facial_auth\celeba_subset\img_align_celeba\044294.jpg,5246,True,0.4397815465927124,307.1247999978368
D:\Bartek\coding\biometria\facial_auth\celeba_subset\img_align_celeba\057416.jpg,6136,True,0.5439918041229248,291.6426000010688
D:\Bartek\coding\biometria\facial_auth\celeba_subset\img_align_celeba\170990.jpg,1120,True,0.740104615688324,284.98550000222167
D:\Bartek\coding\biometria\facial_auth\celeba_subset\img_align_celeba\023935.jpg,9000,False,0.12126336246728897,290.10070000367705
D:\Bartek\coding\biometria\facial_auth\celeba_subset\img_align_celeba\182576.jpg,1149,False,-0.01571943797171116,294.26650000095833
D:\Bartek\coding\biometria\facial_auth\celeba_subset\img_align_celeba\133189.jpg,4185,False,0.14046093821525574,285.58089999569347
D:\Bartek\coding\biometria\facial_auth\celeba_subset\img_align_celeba\178155.jpg,5246,False,0.2559027671813965,287.9352000018116
D:\Bartek\coding\biometria\facial_auth\celeba_subset\img_align_celeba\151313.jpg,5656,True,0.09199240803718567,286.3825000022189
D:\Bartek\coding\biometria\facial_auth\celeba_subset\img_align_celeba\048242.jpg,6233,False,0.21314263343811035,286.6379999977653
D:\Bartek\coding\biometria\facial_auth\celeba_subset\img_align_celeba\088448.jpg,5246,False,0.1468946486711502,289.8579000029713
D:\Bartek\coding\biometria\facial_auth\celeba_subset\img_align_celeba\187748.jpg,6195,True,0.2369789183139801,278.6828999960562
D:\Bartek\coding\biometria\facial_auth\celeba_subset\img_align_celeba\025911.jpg,5437,False,0.11143596470355988,281.4423999952851
D:\Bartek\coding\biometria\facial_auth\celeba_subset\img_align_celeba\097453.jpg,4870,True,0.4378405213356018,286.6658999992069
D:\Bartek\coding\biometria\facial_auth\celeba_subset\img_align_celeba\091765.jpg,7338,True,0.3902285397052765,300.34449999948265
D:\Bartek\coding\biometria\facial_auth\celeba_subset\img_align_celeba\134101.jpg,9939,False,0.03809570521116257,278.5574000008637
D:\Bartek\coding\biometria\facial_auth\celeba_subset\img_align_celeba\016418.jpg,5064,True,0.8243253231048584,282.5414999970235
D:\Bartek\coding\biometria\facial_auth\celeba_subset\img_align_celeba\200125.jpg,5099,False,0.00032689052750356495,291.5126000007149
D:\Bartek\coding\biometria\facial_auth\celeba_subset\img_align_celeba\192254.jpg,5575,True,0.7282696962356567,274.8420999996597
D:\Bartek\coding\biometria\facial_auth\celeba_subset\img_align_celeba\154548.jpg,9144,True,0.641591489315033,275.5595999988145
D:\Bartek\coding\biometria\facial_auth\celeba_subset\img_align_celeba\012914.jpg,4659,False,0.15081854164600372,283.3399000010104
D:\Bartek\coding\biometria\facial_auth\celeba_subset\img_align_celeba\156692.jpg,5064,False,0.16553980112075806,285.6697000024724
D:\Bartek\coding\biometria\facial_auth\celeba_subset\img_align_celeba\089925.jpg,9489,False,0.15762737393379211,289.3703999943682
D:\Bartek\coding\biometria\facial_auth\celeba_subset\img_align_celeba\095668.jpg,5033,False,0.18934237957000732,218.68679999897722
D:\Bartek\coding\biometria\facial_auth\celeba_subset\img_align_celeba\168189.jpg,4185,True,0.5886840224266052,282.8885999988415
D:\Bartek\coding\biometria\facial_auth\celeba_subset\img_align_celeba\044004.jpg,4968,False,0.02685263380408287,286.37139999773353
D:\Bartek\coding\biometria\facial_auth\celeba_subset\img_align_celeba\199478.jpg,6719,False,-0.017053382471203804,288.9387000032002
D:\Bartek\coding\biometria\facial_auth\celeba_subset\img_align_celeba\068359.jpg,5246,True,0.417763352394104,297.5901999961934
D:\Bartek\coding\biometria\facial_auth\celeba_subset\img_align_celeba\055608.jpg,6170,True,0.887425422668457,287.36290000233566
D:\Bartek\coding\biometria\facial_auth\celeba_subset\img_align_celeba\065520.jpg,3336,False,0.09670765697956085,297.4489000043832
D:\Bartek\coding\biometria\facial_auth\celeba_subset\img_align_celeba\019485.jpg,2814,True,0.45070594549179077,277.78119999857154
D:\Bartek\coding\biometria\facial_auth\celeba_subset\img_align_celeba\148905.jpg,5656,True,0.3050141930580139,287.7857999992557
D:\Bartek\coding\biometria\facial_auth\celeba_subset\img_align_celeba\137251.jpg,5791,False,0.12254925072193146,288.42850000364706
D:\Bartek\coding\biometria\facial_auth\celeba_subset\img_align_celeba\169730.jpg,205,True,0.28256097435951233,288.3155000017723
D:\Bartek\coding\biometria\facial_auth\celeba_subset\img_align_celeba\112261.jpg,9144,True,0.6078566312789917,327.0990000019083
D:\Bartek\coding\biometria\facial_auth\celeba_subset\img_align_celeba\031727.jpg,7103,False,0.05547184869647026,282.3548000014853
D:\Bartek\coding\biometria\facial_auth\celeba_subset\img_align_celeba\089449.jpg,644,False,-0.009892408736050129,273.8000000026659
D:\Bartek\coding\biometria\facial_auth\celeba_subset\img_align_celeba\020395.jpg,494,False,0.22378812730312347,288.7765000050422
D:\Bartek\coding\biometria\facial_auth\celeba_subset\img_align_celeba\023315.jpg,9688,True,0.8830397725105286,287.0123999964562
D:\Bartek\coding\biometria\facial_auth\celeba_subset\img_align_celeba\014721.jpg,8091,True,0.17202375829219818,292.5413000048138
D:\Bartek\coding\biometria\facial_auth\celeba_subset\img_align_celeba\193173.jpg,8415,True,0.7808306813240051,302.1087000015541
D:\Bartek\coding\biometria\facial_auth\celeba_subset\img_align_celeba\031168.jpg,9478,False,0.015495287254452705,290.42779999872437
D:\Bartek\coding\biometria\facial_auth\celeba_subset\img_align_celeba\104550.jpg,5127,False,0.10348892211914062,286.16560000227764
D:\Bartek\coding\biometria\facial_auth\celeba_subset\img_align_celeba\029772.jpg,7222,True,0.502805769443512,286.9000000064261
D:\Bartek\coding\biometria\facial_auth\celeba_subset\img_align_celeba\148258.jpg,8834,False,0.005919359624385834,287.73289999662666
D:\Bartek\coding\biometria\facial_auth\celeba_subset\img_align_celeba\121054.jpg,1147,True,0.5615626573562622,283.8103000030969
D:\Bartek\coding\biometria\facial_auth\celeba_subset\img_align_celeba\031649.jpg,7253,False,0.34513726830482483,287.21719999884954
D:\Bartek\coding\biometria\facial_auth\celeba_subset\img_align_celeba\091739.jpg,5246,True,0.6502095460891724,290.2235000001383
D:\Bartek\coding\biometria\facial_auth\celeba_subset\img_align_celeba\068099.jpg,5648,True,0.4034114181995392,292.64559999865014
D:\Bartek\coding\biometria\facial_auth\celeba_subset\img_align_celeba\171634.jpg,5656,False,0.05319014936685562,292.3551999992924
D:\Bartek\coding\biometria\facial_auth\celeba_subset\img_align_celeba\172138.jpg,190,True,0.6389787197113037,287.2004999953788
D:\Bartek\coding\biometria\facial_auth\celeba_subset\img_align_celeba\027938.jpg,1147,False,0.2127794772386551,283.4121999985655
D:\Bartek\coding\biometria\facial_auth\celeba_subset\img_align_celeba\030348.jpg,9300,True,0.3964850902557373,290.3052999972715
D:\Bartek\coding\biometria\facial_auth\celeba_subset\img_align_celeba\083498.jpg,8834,False,0.01302884891629219,286.5562999941176
D:\Bartek\coding\biometria\facial_auth\celeba_subset\img_align_celeba\087429.jpg,2177,False,0.23336292803287506,284.1855000006035
D:\Bartek\coding\biometria\facial_auth\celeba_subset\img_align_celeba\004411.jpg,2814,True,0.39964327216148376,279.54309999768157
D:\Bartek\coding\biometria\facial_auth\celeba_subset\img_align_celeba\187227.jpg,898,False,0.04449859634041786,292.00390000187326
D:\Bartek\coding\biometria\facial_auth\celeba_subset\img_align_celeba\070955.jpg,5238,True,0.6332798600196838,293.40780000347877
D:\Bartek\coding\biometria\facial_auth\celeba_subset\img_align_celeba\082558.jpg,6170,True,0.8411908745765686,271.47760000661947
D:\Bartek\coding\biometria\facial_auth\celeba_subset\img_align_celeba\085395.jpg,3877,False,0.049162570387125015,270.5599000037182
D:\Bartek\coding\biometria\facial_auth\celeba_subset\img_align_celeba\084744.jpg,2926,False,0.21821735799312592,270.9220999968238
D:\Bartek\coding\biometria\facial_auth\celeba_subset\img_align_celeba\198441.jpg,5190,False,0.1513202041387558,279.9559999984922
D:\Bartek\coding\biometria\facial_auth\celeba_subset\img_align_celeba\200225.jpg,5791,True,0.3647608757019043,282.3595000008936
D:\Bartek\coding\biometria\facial_auth\celeba_subset\img_align_celeba\025789.jpg,8,True,0.5704704523086548,271.28069999889703
D:\Bartek\coding\biometria\facial_auth\celeba_subset\img_align_celeba\184888.jpg,9478,False,0.017480256035923958,278.5474999982398
D:\Bartek\coding\biometria\facial_auth\celeba_subset\img_align_celeba\052459.jpg,8834,False,0.2366664558649063,317.1197999981814
D:\Bartek\coding\biometria\facial_auth\celeba_subset\img_align_celeba\135443.jpg,1435,False,0.01390472985804081,303.4831999975722
D:\Bartek\coding\biometria\facial_auth\celeba_subset\img_align_celeba\058817.jpg,644,True,0.5566658973693848,297.47779999888735
D:\Bartek\coding\biometria\facial_auth\celeba_subset\img_align_celeba\020235.jpg,3200,False,0.24141591787338257,302.2415000014007
D:\Bartek\coding\biometria\facial_auth\celeba_subset\img_align_celeba\153541.jpg,494,False,0.2868382930755615,280.1668999964022
D:\Bartek\coding\biometria\facial_auth\celeba_subset\img_align_celeba\171205.jpg,4150,False,0.04595659673213959,293.9173999984632
D:\Bartek\coding\biometria\facial_auth\celeba_subset\img_align_celeba\023763.jpg,4185,False,0.061203327029943466,287.35130000131903
D:\Bartek\coding\biometria\facial_auth\celeba_subset\img_align_celeba\170461.jpg,205,False,0.14293748140335083,282.24090000003343
D:\Bartek\coding\biometria\facial_auth\celeba_subset\img_align_celeba\026443.jpg,8748,False,-0.11173635721206665,281.88870000303723
D:\Bartek\coding\biometria\facial_auth\celeba_subset\img_align_celeba\021281.jpg,5033,False,0.031658075749874115,283.5544000045047
D:\Bartek\coding\biometria\facial_auth\celeba_subset\img_align_celeba\156480.jpg,7422,True,0.8304249048233032,309.1950000016368
D:\Bartek\coding\biometria\facial_auth\celeba_subset\img_align_celeba\132118.jpg,5872,False,0.1857004016637802,280.69820000382606
D:\Bartek\coding\biometria\facial_auth\celeba_subset\img_align_celeba\090441.jpg,5210,True,0.699073314666748,291.811900002358
D:\Bartek\coding\biometria\facial_auth\celeba_subset\img_align_celeba\107478.jpg,6170,False,0.10279175639152527,285.9126999974251
D:\Bartek\coding\biometria\facial_auth\celeba_subset\img_align_celeba\164441.jpg,190,False,-0.02328645810484886,286.4084000029834
D:\Bartek\coding\biometria\facial_auth\celeba_subset\img_align_celeba\019851.jpg,4069,False,0.07534067332744598,286.1775000055786
D:\Bartek\coding\biometria\facial_auth\celeba_subset\img_align_celeba\074119.jpg,5656,False,0.2038695216178894,290.48319999856176
D:\Bartek\coding\biometria\facial_auth\celeba_subset\img_align_celeba\065105.jpg,9910,False,0.09713054448366165,286.5432999969926
D:\Bartek\coding\biometria\facial_auth\celeba_subset\img_align_celeba\095455.jpg,4185,False,0.10229653120040894,285.3726000030292
D:\Bartek\coding\biometria\facial_auth\celeba_subset\img_align_celeba\036598.jpg,8834,True,0.5180148482322693,290.7712000014726
D:\Bartek\coding\biometria\facial_auth\celeba_subset\img_align_celeba\087125.jpg,6456,True,0.5650345683097839,287.62409999762895
D:\Bartek\coding\biometria\facial_auth\celeba_subset\img_align_celeba\045807.jpg,9534,True,0.4463045001029968,283.9677000010852
D:\Bartek\coding\biometria\facial_auth\celeba_subset\img_align_celeba\059788.jpg,8971,True,0.6393460631370544,218.16349999426166
D:\Bartek\coding\biometria\facial_auth\celeba_subset\img_align_celeba\110608.jpg,3336,False,0.1561623513698578,273.70869999867864
D:\Bartek\coding\biometria\facial_auth\celeba_subset\img_align_celeba\024519.jpg,4659,False,0.10168459266424179,283.5642000063672
D:\Bartek\coding\biometria\facial_auth\celeba_subset\img_align_celeba\171590.jpg,5238,False,0.06280989199876785,287.60740000143414
D:\Bartek\coding\biometria\facial_auth\celeba_subset\img_align_celeba\066995.jpg,6136,False,0.16006657481193542,283.2927999988897
D:\Bartek\coding\biometria\facial_auth\celeba_subset\img_align_celeba\176338.jpg,3200,True,0.582176923751831,288.707699997758
D:\Bartek\coding\biometria\facial_auth\celeba_subset\img_align_celeba\139782.jpg,6170,False,0.11587051302194595,283.5329000008642
D:\Bartek\coding\biometria\facial_auth\celeba_subset\img_align_celeba\063997.jpg,6233,True,0.4839743375778198,279.52989999903366
D:\Bartek\coding\biometria\facial_auth\celeba_subset\img_align_celeba\180809.jpg,1167,False,0.08309485763311386,288.1185000005644
D:\Bartek\coding\biometria\facial_auth\celeba_subset\img_align_celeba\050666.jpg,5922,True,0.672947108745575,290.01290000451263
D:\Bartek\coding\biometria\facial_auth\celeba_subset\img_align_celeba\162843.jpg,4870,False,0.032300837337970734,285.9526000029291
D:\Bartek\coding\biometria\facial_auth\celeba_subset\img_align_celeba\172109.jpg,5534,False,0.09908290952444077,288.7503000019933
D:\Bartek\coding\biometria\facial_auth\celeba_subset\img_align_celeba\005338.jpg,5872,False,0.17950092256069183,288.52719999849796
D:\Bartek\coding\biometria\facial_auth\celeba_subset\img_align_celeba\011090.jpg,8091,True,0.6330180168151855,289.7953000065172
D:\Bartek\coding\biometria\facial_auth\celeba_subset\img_align_celeba\160727.jpg,190,False,0.18436908721923828,289.7570999994059
D:\Bartek\coding\biometria\facial_auth\celeba_subset\img_align_celeba\172285.jpg,4069,False,0.2513692378997803,291.4662999974098
D:\Bartek\coding\biometria\facial_auth\celeba_subset\img_align_celeba\048985.jpg,3200,False,0.16070328652858734,283.67500000604196
D:\Bartek\coding\biometria\facial_auth\celeba_subset\img_align_celeba\161310.jpg,6806,True,0.7880441546440125,287.5293999968562
D:\Bartek\coding\biometria\facial_auth\celeba_subset\img_align_celeba\051799.jpg,8,True,0.810246467590332,291.03089999989606
D:\Bartek\coding\biometria\facial_auth\celeba_subset\img_align_celeba\006124.jpg,6368,True,0.42063549160957336,294.1218999985722
D:\Bartek\coding\biometria\facial_auth\celeba_subset\img_align_celeba\069191.jpg,7338,False,0.10902868211269379,298.5337000063737
D:\Bartek\coding\biometria\facial_auth\celeba_subset\img_align_celeba\041126.jpg,310,False,0.020200660452246666,218.36869999970077
D:\Bartek\coding\biometria\facial_auth\celeba_subset\img_align_celeba\153094.jpg,5747,True,0.48751088976860046,282.47550000378396
D:\Bartek\coding\biometria\facial_auth\celeba_subset\img_align_celeba\099640.jpg,6136,False,0.054463017731904984,306.21550000068964
D:\Bartek\coding\biometria\facial_auth\celeba_subset\img_align_celeba\187081.jpg,8936,True,0.3861162066459656,277.78330000001006
D:\Bartek\coding\biometria\facial_auth\celeba_subset\img_align_celeba\033057.jpg,898,True,0.23760730028152466,284.4336999987718
D:\Bartek\coding\biometria\facial_auth\celeba_subset\img_align_celeba\183302.jpg,8027,True,0.5216473937034607,284.02469999855384
D:\Bartek\coding\biometria\facial_auth\celeba_subset\img_align_celeba\182729.jpg,190,False,0.11749471724033356,287.9130000001169
D:\Bartek\coding\biometria\facial_auth\celeba_subset\img_align_celeba\101217.jpg,898,True,0.36581113934516907,287.5631999995676
D:\Bartek\coding\biometria\facial_auth\celeba_subset\img_align_celeba\093844.jpg,6277,True,0.3639219105243683,285.2740999951493
D:\Bartek\coding\biometria\facial_auth\celeba_subset\img_align_celeba\100751.jpg,7088,False,0.07344118505716324,284.1811000034795
D:\Bartek\coding\biometria\facial_auth\celeba_subset\img_align_celeba\017353.jpg,9910,False,0.028696145862340927,285.4501000037999
D:\Bartek\coding\biometria\facial_auth\celeba_subset\img_align_celeba\145074.jpg,8748,True,0.390807181596756,296.0317000033683
D:\Bartek\coding\biometria\facial_auth\celeba_subset\img_align_celeba\082707.jpg,5064,True,0.8317860960960388,288.4684999953606
D:\Bartek\coding\biometria\facial_auth\celeba_subset\img_align_celeba\038089.jpg,5648,True,0.3462105989456177,282.7804000044125
D:\Bartek\coding\biometria\facial_auth\celeba_subset\img_align_celeba\058039.jpg,9910,True,0.2746747136116028,284.5357999976841
D:\Bartek\coding\biometria\facial_auth\celeba_subset\img_align_celeba\153772.jpg,1435,True,0.566222071647644,291.04519999964396
D:\Bartek\coding\biometria\facial_auth\celeba_subset\img_align_celeba\176879.jpg,3877,True,0.637580931186676,286.83599999931175
D:\Bartek\coding\biometria\facial_auth\celeba_subset\img_align_celeba\006131.jpg,898,True,0.24625098705291748,290.23589999997057
D:\Bartek\coding\biometria\facial_auth\celeba_subset\img_align_celeba\000864.jpg,6456,False,0.14964307844638824,285.3608000004897
D:\Bartek\coding\biometria\facial_auth\celeba_subset\img_align_celeba\046845.jpg,6233,True,0.32267433404922485,291.30589999840595
D:\Bartek\coding\biometria\facial_auth\celeba_subset\img_align_celeba\171054.jpg,913,True,0.6621795892715454,291.35820000374224
D:\Bartek\coding\biometria\facial_auth\celeba_subset\img_align_celeba\192254.jpg,2835,False,0.2840139865875244,286.11099999397993
D:\Bartek\coding\biometria\facial_auth\celeba_subset\img_align_celeba\127806.jpg,644,False,0.34956344962120056,295.22879999422
D:\Bartek\coding\biometria\facial_auth\celeba_subset\img_align_celeba\099135.jpg,6806,False,-0.10557203739881516,287.8149000025587
D:\Bartek\coding\biometria\facial_auth\celeba_subset\img_align_celeba\149391.jpg,655,True,0.585377037525177,280.4189999951632
D:\Bartek\coding\biometria\facial_auth\celeba_subset\img_align_celeba\139400.jpg,6806,False,0.07657982409000397,285.13059999386314
D:\Bartek\coding\biometria\facial_auth\celeba_subset\img_align_celeba\046372.jpg,1128,True,0.6357059478759766,287.8049999999348
D:\Bartek\coding\biometria\facial_auth\celeba_subset\img_align_celeba\192811.jpg,8,False,0.03576899692416191,286.2262999988161
D:\Bartek\coding\biometria\facial_auth\celeba_subset\img_align_celeba\013073.jpg,6806,False,0.18223640322685242,283.72919999674195
D:\Bartek\coding\biometria\facial_auth\celeba_subset\img_align_celeba\052863.jpg,1167,True,0.5122072100639343,282.9400999980862
D:\Bartek\coding\biometria\facial_auth\celeba_subset\img_align_celeba\035751.jpg,9828,False,0.13318505883216858,278.6177999951178
D:\Bartek\coding\biometria\facial_auth\celeba_subset\img_align_celeba\140244.jpg,1435,True,0.535978376865387,283.5618000026443
D:\Bartek\coding\biometria\facial_auth\celeba_subset\img_align_celeba\166195.jpg,913,True,0.8696619868278503,296.0882999977912
D:\Bartek\coding\biometria\facial_auth\celeba_subset\img_align_celeba\077673.jpg,8,False,0.19123141467571259,285.4077000010875
D:\Bartek\coding\biometria\facial_auth\celeba_subset\img_align_celeba\078512.jpg,4870,True,0.32040226459503174,292.7153999989969
D:\Bartek\coding\biometria\facial_auth\celeba_subset\img_align_celeba\095572.jpg,1120,False,0.08484167605638504,283.5501000008662
D:\Bartek\coding\biometria\facial_auth\celeba_subset\img_align_celeba\184801.jpg,8936,True,0.4678214192390442,283.76700000080746
D:\Bartek\coding\biometria\facial_auth\celeba_subset\img_align_celeba\160546.jpg,5064,True,0.866712749004364,298.3359999998356
D:\Bartek\coding\biometria\facial_auth\celeba_subset\img_align_celeba\002751.jpg,8971,True,0.6351641416549683,276.76249999785796
D:\Bartek\coding\biometria\facial_auth\celeba_subset\img_align_celeba\043140.jpg,655,False,0.27178746461868286,280.1363000035053
D:\Bartek\coding\biometria\facial_auth\celeba_subset\img_align_celeba\026133.jpg,1149,True,0.6084533333778381,291.6289999993751
D:\Bartek\coding\biometria\facial_auth\celeba_subset\img_align_celeba\054118.jpg,5922,True,0.5988220572471619,288.68460000376217
D:\Bartek\coding\biometria\facial_auth\celeba_subset\img_align_celeba\124443.jpg,1435,True,0.5573117136955261,285.0910000051954
D:\Bartek\coding\biometria\facial_auth\celeba_subset\img_align_celeba\075552.jpg,6972,False,0.030819574370980263,289.84549999586307
D:\Bartek\coding\biometria\facial_auth\celeba_subset\img_align_celeba\076427.jpg,9939,False,0.012482823804020882,286.16970000439323
D:\Bartek\coding\biometria\facial_auth\celeba_subset\img_align_celeba\067479.jpg,5648,True,0.5188694000244141,283.6520999990171
D:\Bartek\coding\biometria\facial_auth\celeba_subset\img_align_celeba\178976.jpg,913,True,0.8422081470489502,286.2937000027159
D:\Bartek\coding\biometria\facial_auth\celeba_subset\img_align_celeba\024370.jpg,1104,True,0.6077641248703003,281.98669999983395
D:\Bartek\coding\biometria\facial_auth\celeba_subset\img_align_celeba\200563.jpg,8834,False,0.11441726982593536,291.02090000378666
D:\Bartek\coding\biometria\facial_auth\celeba_subset\img_align_celeba\146030.jpg,2814,False,0.17071585357189178,287.95020000688965
D:\Bartek\coding\biometria\facial_auth\celeba_subset\img_align_celeba\023186.jpg,7524,False,0.06703782826662064,290.7318999932613
D:\Bartek\coding\biometria\facial_auth\celeba_subset\img_align_celeba\130958.jpg,5747,True,0.43501710891723633,288.37689999636495
D:\Bartek\coding\biometria\facial_auth\celeba_subset\img_align_celeba\023249.jpg,4936,False,0.015070016495883465,283.72229999513365
D:\Bartek\coding\biometria\facial_auth\celeba_subset\img_align_celeba\110048.jpg,9688,True,0.513704240322113,292.0702000046731
D:\Bartek\coding\biometria\facial_auth\celeba_subset\img_align_celeba\049305.jpg,6277,False,0.13003985583782196,291.0935000036261
D:\Bartek\coding\biometria\facial_auth\celeba_subset\img_align_celeba\042542.jpg,2814,True,0.5660607814788818,299.65319999610074
D:\Bartek\coding\biometria\facial_auth\celeba_subset\img_align_celeba\179162.jpg,5648,False,0.15244846045970917,290.8508999971673
D:\Bartek\coding\biometria\facial_auth\celeba_subset\img_align_celeba\097846.jpg,4150,False,0.2684604823589325,289.4402000019909
D:\Bartek\coding\biometria\facial_auth\celeba_subset\img_align_celeba\091878.jpg,1435,False,0.10890495032072067,284.80320000380743
D:\Bartek\coding\biometria\facial_auth\celeba_subset\img_align_celeba\058274.jpg,310,False,0.1866765171289444,286.9812999997521
D:\Bartek\coding\biometria\facial_auth\celeba_subset\img_align_celeba\031415.jpg,1120,False,-0.052326079457998276,292.07409999798983
D:\Bartek\coding\biometria\facial_auth\celeba_subset\img_align_celeba\155073.jpg,7524,True,0.2635405361652374,289.731999997457
D:\Bartek\coding\biometria\facial_auth\celeba_subset\img_align_celeba\013652.jpg,4659,True,0.3910354971885681,286.29689999797847
D:\Bartek\coding\biometria\facial_auth\celeba_subset\img_align_celeba\034059.jpg,5437,True,0.47372716665267944,286.36009999900125
D:\Bartek\coding\biometria\facial_auth\celeba_subset\img_align_celeba\021793.jpg,6806,True,0.8101494312286377,287.2525000057067
D:\Bartek\coding\biometria\facial_auth\celeba_subset\img_align_celeba\142235.jpg,5780,True,0.5699235200881958,290.09310000401456
D:\Bartek\coding\biometria\facial_auth\celeba_subset\img_align_celeba\082251.jpg,6136,True,0.15271857380867004,281.4843999949517
D:\Bartek\coding\biometria\facial_auth\celeba_subset\img_align_celeba\074854.jpg,5591,False,0.10401543229818344,288.7680999992881
D:\Bartek\coding\biometria\facial_auth\celeba_subset\img_align_celeba\047067.jpg,1128,True,0.7502481937408447,298.0435999998008
D:\Bartek\coding\biometria\facial_auth\celeba_subset\img_align_celeba\153541.jpg,7222,True,0.6185377836227417,286.1459999985527
D:\Bartek\coding\biometria\facial_auth\celeba_subset\img_align_celeba\023207.jpg,7524,True,0.10466112196445465,301.35039999731816
D:\Bartek\coding\biometria\facial_auth\celeba_subset\img_align_celeba\173283.jpg,3877,True,0.6853815317153931,286.29860000364715
D:\Bartek\coding\biometria\facial_auth\celeba_subset\img_align_celeba\010594.jpg,494,False,0.09400634467601776,306.813900002453
D:\Bartek\coding\biometria\facial_auth\celeba_subset\img_align_celeba\012100.jpg,5591,False,0.07607106119394302,279.6262999981991
D:\Bartek\coding\biometria\facial_auth\celeba_subset\img_align_celeba\015328.jpg,8908,True,0.3694985806941986,287.3044000007212
D:\Bartek\coding\biometria\facial_auth\celeba_subset\img_align_celeba\019851.jpg,4870,True,0.372591108083725,285.5051000005915
D:\Bartek\coding\biometria\facial_auth\celeba_subset\img_align_celeba\193087.jpg,5872,True,0.4034937918186188,289.3400000029942
D:\Bartek\coding\biometria\facial_auth\celeba_subset\img_align_celeba\128252.jpg,2926,True,0.4553964138031006,285.97910000098636
D:\Bartek\coding\biometria\facial_auth\celeba_subset\img_align_celeba\018679.jpg,9144,False,0.10885543376207352,287.57020000193734
D:\Bartek\coding\biometria\facial_auth\celeba_subset\img_align_celeba\015730.jpg,5238,True,0.7572847008705139,281.43310000450583
D:\Bartek\coding\biometria\facial_auth\celeba_subset\img_align_celeba\087539.jpg,4659,True,0.24687260389328003,292.7685999966343
D:\Bartek\coding\biometria\facial_auth\celeba_subset\img_align_celeba\128307.jpg,6972,False,0.0357804000377655,291.0120000015013
D:\Bartek\coding\biometria\facial_auth\celeba_subset\img_align_celeba\029286.jpg,8971,True,0.7730119824409485,279.01720000227215
D:\Bartek\coding\biometria\facial_auth\celeba_subset\img_align_celeba\054188.jpg,7524,False,0.03000216744840145,279.88249999907566
D:\Bartek\coding\biometria\facial_auth\celeba_subset\img_align_celeba\092361.jpg,6972,False,0.18895187973976135,285.40549999888754
D:\Bartek\coding\biometria\facial_auth\celeba_subset\img_align_celeba\020799.jpg,9910,True,0.797203004360199,288.8927000021795
D:\Bartek\coding\biometria\facial_auth\celeba_subset\img_align_celeba\177132.jpg,3877,True,0.7266435623168945,283.7937000003876
D:\Bartek\coding\biometria\facial_auth\celeba_subset\img_align_celeba\192811.jpg,5575,True,0.5871497988700867,285.476999997627
D:\Bartek\coding\biometria\facial_auth\celeba_subset\img_align_celeba\172834.jpg,3236,True,0.3485850393772125,288.0929999955697
D:\Bartek\coding\biometria\facial_auth\celeba_subset\img_align_celeba\010150.jpg,2926,False,0.18174594640731812,289.30079999554437
D:\Bartek\coding\biometria\facial_auth\celeba_subset\img_align_celeba\162906.jpg,7524,False,0.0005133301019668579,294.4562999982736
D:\Bartek\coding\biometria\facial_auth\celeba_subset\img_align_celeba\187307.jpg,8415,True,0.6482751369476318,288.27520000049844
D:\Bartek\coding\biometria\facial_auth\celeba_subset\img_align_celeba\003447.jpg,1147,False,0.19561044871807098,285.91420000157086
D:\Bartek\coding\biometria\facial_auth\celeba_subset\img_align_celeba\170529.jpg,6233,False,0.19540655612945557,280.1060999991023
D:\Bartek\coding\biometria\facial_auth\celeba_subset\img_align_celeba\106760.jpg,5672,True,0.5173400044441223,285.4905999993207
D:\Bartek\coding\biometria\facial_auth\celeba_subset\img_align_celeba\182107.jpg,205,True,0.20676860213279724,287.4649000004865
D:\Bartek\coding\biometria\facial_auth\celeba_subset\img_align_celeba\084744.jpg,9632,False,0.07332160323858261,279.50749999581603
D:\Bartek\coding\biometria\facial_auth\celeba_subset\img_align_celeba\030912.jpg,3336,True,0.38951772451400757,302.53690000245115
D:\Bartek\coding\biometria\facial_auth\celeba_subset\img_align_celeba\147024.jpg,9939,False,-0.03328236564993858,295.52110000076937
D:\Bartek\coding\biometria\facial_auth\celeba_subset\img_align_celeba\122455.jpg,6719,True,0.48142045736312866,297.3906999977771
D:\Bartek\coding\biometria\facial_auth\celeba_subset\img_align_celeba\019114.jpg,6722,True,0.27046525478363037,286.81589999905555
D:\Bartek\coding\biometria\facial_auth\celeba_subset\img_align_celeba\090995.jpg,1149,True,0.49966156482696533,288.7394999997923
D:\Bartek\coding\biometria\facial_auth\celeba_subset\img_align_celeba\160752.jpg,6719,True,0.47228944301605225,297.1985999975004
D:\Bartek\coding\biometria\facial_auth\celeba_subset\img_align_celeba\065390.jpg,878,False,0.1107577234506607,290.4197000025306
D:\Bartek\coding\biometria\facial_auth\celeba_subset\img_align_celeba\039201.jpg,9688,True,0.734519898891449,285.9577999988687
D:\Bartek\coding\biometria\facial_auth\celeba_subset\img_align_celeba\046422.jpg,6719,False,-0.1960941106081009,284.7500999996555
D:\Bartek\coding\biometria\facial_auth\celeba_subset\img_align_celeba\000583.jpg,1128,False,0.04962097853422165,288.9147000023513
D:\Bartek\coding\biometria\facial_auth\celeba_subset\img_align_celeba\006338.jpg,5656,True,0.3486073613166809,312.24220000149217
D:\Bartek\coding\biometria\facial_auth\celeba_subset\img_align_celeba\006139.jpg,898,True,0.5819664597511292,274.38989999791374
D:\Bartek\coding\biometria\facial_auth\celeba_subset\img_align_celeba\083540.jpg,5064,False,0.10887494683265686,283.4048000004259
D:\Bartek\coding\biometria\facial_auth\celeba_subset\img_align_celeba\128999.jpg,5656,True,0.3961949348449707,280.9265999967465
D:\Bartek\coding\biometria\facial_auth\celeba_subset\img_align_celeba\072328.jpg,7222,True,0.5770794749259949,278.4694000001764
D:\Bartek\coding\biometria\facial_auth\celeba_subset\img_align_celeba\005586.jpg,1128,True,0.8690494298934937,286.87490000447724
D:\Bartek\coding\biometria\facial_auth\celeba_subset\img_align_celeba\133811.jpg,5127,True,0.39133375883102417,287.94039999775123
D:\Bartek\coding\biometria\facial_auth\celeba_subset\img_align_celeba\172516.jpg,1120,True,0.509297788143158,290.0160999997752
D:\Bartek\coding\biometria\facial_auth\celeba_subset\img_align_celeba\111988.jpg,5648,False,0.026625584810972214,289.10320000431966
D:\Bartek\coding\biometria\facial_auth\celeba_subset\img_align_celeba\003148.jpg,1147,True,0.45227426290512085,287.19270000146935
D:\Bartek\coding\biometria\facial_auth\celeba_subset\img_align_celeba\061753.jpg,9534,False,0.047906070947647095,282.7887999956147
D:\Bartek\coding\biometria\facial_auth\celeba_subset\img_align_celeba\105561.jpg,5210,True,0.6237374544143677,282.5827999986359
D:\Bartek\coding\biometria\facial_auth\celeba_subset\img_align_celeba\179704.jpg,913,False,-0.003005936974659562,281.1578999971971
D:\Bartek\coding\biometria\facial_auth\celeba_subset\img_align_celeba\044524.jpg,9144,True,0.6583539843559265,280.21450000233017
D:\Bartek\coding\biometria\facial_auth\celeba_subset\img_align_celeba\044236.jpg,5534,False,0.0026510453317314386,286.3322999983211
D:\Bartek\coding\biometria\facial_auth\celeba_subset\img_align_celeba\140263.jpg,7253,False,0.09115947782993317,286.7556999990484
D:\Bartek\coding\biometria\facial_auth\celeba_subset\img_align_celeba\024413.jpg,7524,True,0.2892879545688629,283.83169999870006
D:\Bartek\coding\biometria\facial_auth\celeba_subset\img_align_celeba\101316.jpg,6233,True,0.44112521409988403,277.4996000007377
D:\Bartek\coding\biometria\facial_auth\celeba_subset\img_align_celeba\171618.jpg,503,False,0.0008592401281930506,294.13470000145026
D:\Bartek\coding\biometria\facial_auth\celeba_subset\img_align_celeba\063596.jpg,5246,True,0.33862996101379395,284.0818999975454
D:\Bartek\coding\biometria\facial_auth\celeba_subset\img_align_celeba\081174.jpg,5437,True,0.6856284737586975,289.0814999991562
D:\Bartek\coding\biometria\facial_auth\celeba_subset\img_align_celeba\177140.jpg,9300,False,0.11928730458021164,287.51349999947706
D:\Bartek\coding\biometria\facial_auth\celeba_subset\img_align_celeba\042113.jpg,6456,True,0.5140436887741089,279.8315999971237
D:\Bartek\coding\biometria\facial_auth\celeba_subset\img_align_celeba\153457.jpg,1435,False,0.13077110052108765,293.633300003421
D:\Bartek\coding\biometria\facial_auth\celeba_subset\img_align_celeba\170751.jpg,1154,True,0.5236151218414307,289.3003999997745
D:\Bartek\coding\biometria\facial_auth\celeba_subset\img_align_celeba\191786.jpg,8936,True,0.3340713679790497,285.6425999998464
D:\Bartek\coding\biometria\facial_auth\celeba_subset\img_align_celeba\045831.jpg,9688,False,0.11544951796531677,281.7555000001448
D:\Bartek\coding\biometria\facial_auth\celeba_subset\img_align_celeba\102898.jpg,9300,False,0.005140107590705156,288.632099996903
D:\Bartek\coding\biometria\facial_auth\celeba_subset\img_align_celeba\086426.jpg,494,False,0.10724492371082306,286.43929999816464
D:\Bartek\coding\biometria\facial_auth\celeba_subset\img_align_celeba\137068.jpg,6722,False,0.17770826816558838,286.9055000046501
D:\Bartek\coding\biometria\facial_auth\celeba_subset\img_align_celeba\100773.jpg,8,True,0.7404007315635681,295.1723000005586
D:\Bartek\coding\biometria\facial_auth\celeba_subset\img_align_celeba\011578.jpg,4870,False,0.14481419324874878,281.7893999963417
D:\Bartek\coding\biometria\facial_auth\celeba_subset\img_align_celeba\014731.jpg,2814,True,0.5728799104690552,287.4286000005668
D:\Bartek\coding\biometria\facial_auth\celeba_subset\img_align_celeba\186776.jpg,5033,True,0.28635314106941223,287.38090000115335
D:\Bartek\coding\biometria\facial_auth\celeba_subset\img_align_celeba\085986.jpg,6136,False,0.12225110083818436,289.6485000019311
D:\Bartek\coding\biometria\facial_auth\celeba_subset\img_align_celeba\023457.jpg,4659,True,0.3469367027282715,319.6096000028774
D:\Bartek\coding\biometria\facial_auth\celeba_subset\img_align_celeba\125662.jpg,6195,False,0.19805200397968292,283.499799996207
D:\Bartek\coding\biometria\facial_auth\celeba_subset\img_align_celeba\154712.jpg,5190,True,0.37923118472099304,290.09550000046147
D:\Bartek\coding\biometria\facial_auth\celeba_subset\img_align_celeba\147926.jpg,7524,True,0.2910287082195282,284.6958999944036
D:\Bartek\coding\biometria\facial_auth\celeba_subset\img_align_celeba\021862.jpg,7222,True,0.7959226369857788,277.90490000188584
D:\Bartek\coding\biometria\facial_auth\celeba_subset\img_align_celeba\106560.jpg,1128,True,0.7892642021179199,288.19230000226526
D:\Bartek\coding\biometria\facial_auth\celeba_subset\img_align_celeba\082290.jpg,655,False,0.17141026258468628,289.5710999946459
D:\Bartek\coding\biometria\facial_auth\celeba_subset\img_align_celeba\150378.jpg,9478,False,0.07886119931936264,284.88979999383446
D:\Bartek\coding\biometria\facial_auth\celeba_subset\img_align_celeba\063078.jpg,7524,False,0.11146349459886551,291.4364000025671
D:\Bartek\coding\biometria\facial_auth\celeba_subset\img_align_celeba\033445.jpg,975,False,0.03737957775592804,283.87060000386555
D:\Bartek\coding\biometria\facial_auth\celeba_subset\img_align_celeba\018389.jpg,3655,False,0.0799306184053421,291.29130000364967
D:\Bartek\coding\biometria\facial_auth\celeba_subset\img_align_celeba\072580.jpg,6368,True,0.5145127177238464,284.7442999991472
D:\Bartek\coding\biometria\facial_auth\celeba_subset\img_align_celeba\145575.jpg,7088,False,0.14511030912399292,287.66530000575585
D:\Bartek\coding\biometria\facial_auth\celeba_subset\img_align_celeba\112838.jpg,2926,False,0.1202220544219017,291.1632999966969
D:\Bartek\coding\biometria\facial_auth\celeba_subset\img_align_celeba\177293.jpg,4968,False,0.10262062400579453,289.9994000035804
D:\Bartek\coding\biometria\facial_auth\celeba_subset\img_align_celeba\038978.jpg,8971,True,0.6582923531532288,296.3863000040874
D:\Bartek\coding\biometria\facial_auth\celeba_subset\img_align_celeba\188620.jpg,5575,False,-0.05669556185603142,284.0342000054079
D:\Bartek\coding\biometria\facial_auth\celeba_subset\img_align_celeba\015843.jpg,6233,False,0.09430746734142303,278.57240000594174
D:\Bartek\coding\biometria\facial_auth\celeba_subset\img_align_celeba\026766.jpg,2814,True,0.6036701798439026,274.76369999931194
D:\Bartek\coding\biometria\facial_auth\celeba_subset\img_align_celeba\021154.jpg,7222,False,0.15115344524383545,276.8445999972755
D:\Bartek\coding\biometria\facial_auth\celeba_subset\img_align_celeba\055840.jpg,655,True,0.6315109729766846,277.0278999960283
D:\Bartek\coding\biometria\facial_auth\celeba_subset\img_align_celeba\010853.jpg,4936,False,0.18613389134407043,300.3030000036233
D:\Bartek\coding\biometria\facial_auth\celeba_subset\img_align_celeba\063417.jpg,898,True,0.3690268397331238,303.89909999939846
D:\Bartek\coding\biometria\facial_auth\celeba_subset\img_align_celeba\018766.jpg,4936,False,0.19817504286766052,296.1989999967045
D:\Bartek\coding\biometria\facial_auth\celeba_subset\img_align_celeba\108168.jpg,6277,False,0.050266701728105545,293.29470000084257
D:\Bartek\coding\biometria\facial_auth\celeba_subset\img_align_celeba\144801.jpg,5190,True,0.36354127526283264,279.25620000314666
D:\Bartek\coding\biometria\facial_auth\celeba_subset\img_align_celeba\171618.jpg,494,False,0.009108386002480984,284.0132000055746
D:\Bartek\coding\biometria\facial_auth\celeba_subset\img_align_celeba\021862.jpg,8834,False,0.11756780743598938,287.13989999960177
D:\Bartek\coding\biometria\facial_auth\celeba_subset\img_align_celeba\191153.jpg,9632,True,0.5842863917350769,282.57749999465887
D:\Bartek\coding\biometria\facial_auth\celeba_subset\img_align_celeba\076427.jpg,655,True,0.6488448977470398,285.7413999954588
D:\Bartek\coding\biometria\facial_auth\celeba_subset\img_align_celeba\185888.jpg,1167,False,0.08139942586421967,290.67509999731556
D:\Bartek\coding\biometria\facial_auth\celeba_subset\img_align_celeba\169002.jpg,3877,True,0.48748335242271423,291.1534000013489
D:\Bartek\coding\biometria\facial_auth\celeba_subset\img_align_celeba\060466.jpg,9688,True,0.7132718563079834,283.72440000384813
D:\Bartek\coding\biometria\facial_auth\celeba_subset\img_align_celeba\154788.jpg,9828,False,0.03530766814947128,292.2192000041832
D:\Bartek\coding\biometria\facial_auth\celeba_subset\img_align_celeba\018679.jpg,4196,False,0.20702746510505676,280.09999999630963
D:\Bartek\coding\biometria\facial_auth\celeba_subset\img_align_celeba\125549.jpg,4196,False,0.14878158271312714,313.47949999326374
D:\Bartek\coding\biometria\facial_auth\celeba_subset\img_align_celeba\174745.jpg,3877,True,0.5309164524078369,275.4512999963481
D:\Bartek\coding\biometria\facial_auth\celeba_subset\img_align_celeba\130240.jpg,9144,False,0.0747428834438324,280.78500000265194
D:\Bartek\coding\biometria\facial_auth\celeba_subset\img_align_celeba\015843.jpg,5190,True,0.5453401803970337,282.76489999552723
D:\Bartek\coding\biometria\facial_auth\celeba_subset\img_align_celeba\106981.jpg,8748,False,0.10226805508136749,286.6135000003851
D:\Bartek\coding\biometria\facial_auth\celeba_subset\img_align_celeba\067365.jpg,4870,False,0.0037998761981725693,287.1235999991768
D:\Bartek\coding\biometria\facial_auth\celeba_subset\img_align_celeba\010898.jpg,4870,True,0.43971171975135803,290.75680000096327
D:\Bartek\coding\biometria\facial_auth\celeba_subset\img_align_celeba\166589.jpg,4185,True,0.6673568487167358,289.6989000000758
D:\Bartek\coding\biometria\facial_auth\celeba_subset\img_align_celeba\030334.jpg,9093,True,0.5678346753120422,295.8677999995416
D:\Bartek\coding\biometria\facial_auth\celeba_subset\img_align_celeba\143996.jpg,2926,True,0.3788851201534271,288.6776000013924
D:\Bartek\coding\biometria\facial_auth\celeba_subset\img_align_celeba\001642.jpg,644,True,0.3421284854412079,286.23429999424843
D:\Bartek\coding\biometria\facial_auth\celeba_subset\img_align_celeba\077030.jpg,9939,True,0.7582318782806396,284.106500002963
D:\Bartek\coding\biometria\facial_auth\celeba_subset\img_align_celeba\172022.jpg,5780,False,0.1301146149635315,280.8748999959789
D:\Bartek\coding\biometria\facial_auth\celeba_subset\img_align_celeba\190458.jpg,6528,False,0.15265464782714844,285.7928999947035
D:\Bartek\coding\biometria\facial_auth\celeba_subset\img_align_celeba\153415.jpg,3336,True,0.5101959705352783,286.3539000027231
D:\Bartek\coding\biometria\facial_auth\celeba_subset\img_align_celeba\167917.jpg,2177,True,0.2468034029006958,292.1037999985856
D:\Bartek\coding\biometria\facial_auth\celeba_subset\img_align_celeba\114750.jpg,9144,False,0.16838489472866058,291.1177999994834
D:\Bartek\coding\biometria\facial_auth\celeba_subset\img_align_celeba\186800.jpg,5672,False,0.0386199876666069,299.0972000043257
D:\Bartek\coding\biometria\facial_auth\celeba_subset\img_align_celeba\124331.jpg,5575,False,-0.02733226679265499,288.16449999430915
D:\Bartek\coding\biometria\facial_auth\celeba_subset\img_align_celeba\101221.jpg,7524,True,0.30903545022010803,283.5815999933402
D:\Bartek\coding\biometria\facial_auth\celeba_subset\img_align_celeba\079133.jpg,5672,True,0.5410097241401672,278.4867999944254
D:\Bartek\coding\biometria\facial_auth\celeba_subset\img_align_celeba\141225.jpg,9828,False,0.045410942286252975,284.7429999965243
D:\Bartek\coding\biometria\facial_auth\celeba_subset\img_align_celeba\014680.jpg,7088,False,0.04032701626420021,283.5503000023891
D:\Bartek\coding\biometria\facial_auth\celeba_subset\img_align_celeba\077342.jpg,1147,True,0.36703962087631226,291.21609999856446
D:\Bartek\coding\biometria\facial_auth\celeba_subset\img_align_celeba\027075.jpg,2814,False,0.14276966452598572,223.92540000146255
D:\Bartek\coding\biometria\facial_auth\celeba_subset\img_align_celeba\130819.jpg,5210,True,0.7399560809135437,282.3368999961531
D:\Bartek\coding\biometria\facial_auth\celeba_subset\img_align_celeba\049695.jpg,205,False,-0.09132183343172073,284.04500000033295
D:\Bartek\coding\biometria\facial_auth\celeba_subset\img_align_celeba\172889.jpg,8091,False,0.19509746134281158,290.767100006633
D:\Bartek\coding\biometria\facial_auth\celeba_subset\img_align_celeba\017795.jpg,9828,True,0.6181874871253967,285.6960999997682
D:\Bartek\coding\biometria\facial_auth\celeba_subset\img_align_celeba\029274.jpg,1435,False,0.09445593506097794,289.5972999976948
D:\Bartek\coding\biometria\facial_auth\celeba_subset\img_align_celeba\146179.jpg,9828,True,0.626096785068512,285.2335999996285
D:\Bartek\coding\biometria\facial_auth\celeba_subset\img_align_celeba\119763.jpg,5238,True,0.5613330006599426,285.9709999975166
D:\Bartek\coding\biometria\facial_auth\celeba_subset\img_align_celeba\033057.jpg,7253,False,0.028515804558992386,289.7936000008485
D:\Bartek\coding\biometria\facial_auth\celeba_subset\img_align_celeba\069862.jpg,4185,False,0.17914658784866333,279.6180000004824
D:\Bartek\coding\biometria\facial_auth\celeba_subset\img_align_celeba\002751.jpg,8936,False,0.15360668301582336,287.7022000029683
D:\Bartek\coding\biometria\facial_auth\celeba_subset\img_align_celeba\009777.jpg,8908,False,0.11825019121170044,304.2587000018102
D:\Bartek\coding\biometria\facial_auth\celeba_subset\img_align_celeba\085897.jpg,2814,True,0.5350311398506165,274.97490000678226
D:\Bartek\coding\biometria\facial_auth\celeba_subset\img_align_celeba\179771.jpg,1154,True,0.5525403022766113,281.5575999993598
D:\Bartek\coding\biometria\facial_auth\celeba_subset\img_align_celeba\113515.jpg,6136,True,0.4528135657310486,291.1404999977094
D:\Bartek\coding\biometria\facial_auth\celeba_subset\img_align_celeba\064925.jpg,8908,True,0.9366388916969299,293.1609000006574
D:\Bartek\coding\biometria\facial_auth\celeba_subset\img_align_celeba\196161.jpg,205,False,0.09567905962467194,291.80810000252677
D:\Bartek\coding\biometria\facial_auth\celeba_subset\img_align_celeba\113515.jpg,7338,False,0.0744364783167839,292.4549000017578
D:\Bartek\coding\biometria\facial_auth\celeba_subset\img_align_celeba\172109.jpg,4069,False,0.057568129152059555,287.24300000612857
D:\Bartek\coding\biometria\facial_auth\celeba_subset\img_align_celeba\098865.jpg,9144,False,0.1228538230061531,290.46350000135135
D:\Bartek\coding\biometria\facial_auth\celeba_subset\img_align_celeba\150830.jpg,1104,False,0.05436115339398384,285.709499999939
D:\Bartek\coding\biometria\facial_auth\celeba_subset\img_align_celeba\193551.jpg,8415,True,0.704903244972229,282.17420000146376
D:\Bartek\coding\biometria\facial_auth\celeba_subset\img_align_celeba\060656.jpg,5238,False,0.19335447251796722,297.1408999947016
D:\Bartek\coding\biometria\facial_auth\celeba_subset\img_align_celeba\189663.jpg,6456,False,0.0968380719423294,285.64429999823915
D:\Bartek\coding\biometria\facial_auth\celeba_subset\img_align_celeba\151637.jpg,6719,True,0.3353319466114044,295.15320000064094
D:\Bartek\coding\biometria\facial_auth\celeba_subset\img_align_celeba\070850.jpg,9478,True,0.3193930983543396,288.37360000034096
D:\Bartek\coding\biometria\facial_auth\celeba_subset\img_align_celeba\097036.jpg,655,True,0.6454867720603943,287.9407000000356
D:\Bartek\coding\biometria\facial_auth\celeba_subset\img_align_celeba\146542.jpg,9144,True,0.39558640122413635,301.53599999903236
D:\Bartek\coding\biometria\facial_auth\celeba_subset\img_align_celeba\079338.jpg,5210,True,0.6778912544250488,282.9265000036685
D:\Bartek\coding\biometria\facial_auth\celeba_subset\img_align_celeba\178705.jpg,310,False,0.0743672326207161,282.4060999992071
D:\Bartek\coding\biometria\facial_auth\celeba_subset\img_align_celeba\016762.jpg,4150,True,0.6171247363090515,275.98560000478756
D:\Bartek\coding\biometria\facial_auth\celeba_subset\img_align_celeba\054840.jpg,7422,True,0.329102486371994,266.78890000039246
D:\Bartek\coding\biometria\facial_auth\celeba_subset\img_align_celeba\113960.jpg,6719,True,0.5220814347267151,282.0441000003484
D:\Bartek\coding\biometria\facial_auth\celeba_subset\img_align_celeba\050399.jpg,6806,False,-0.032781559973955154,284.31790000468027
D:\Bartek\coding\biometria\facial_auth\celeba_subset\img_align_celeba\110048.jpg,5656,False,0.034627657383680344,288.45300000102725
D:\Bartek\coding\biometria\facial_auth\celeba_subset\img_align_celeba\118124.jpg,5747,True,0.4177350699901581,290.1185999944573
D:\Bartek\coding\biometria\facial_auth\celeba_subset\img_align_celeba\004215.jpg,4150,True,0.732147216796875,285.83660000003874
D:\Bartek\coding\biometria\facial_auth\celeba_subset\img_align_celeba\033658.jpg,7253,False,0.15721364319324493,285.70720000425354
D:\Bartek\coding\biometria\facial_auth\celeba_subset\img_align_celeba\084053.jpg,9939,True,0.6153436899185181,279.940100001113
D:\Bartek\coding\biometria\facial_auth\celeba_subset\img_align_celeba\128455.jpg,7422,True,0.4588785767555237,280.0728000001982
D:\Bartek\coding\biometria\facial_auth\celeba_subset\img_align_celeba\152797.jpg,644,True,0.5356736779212952,282.5364000018453
D:\Bartek\coding\biometria\facial_auth\celeba_subset\img_align_celeba\140263.jpg,4150,False,0.13718728721141815,286.49440000299364
D:\Bartek\coding\biometria\facial_auth\celeba_subset\img_align_celeba\098865.jpg,1167,True,0.47793862223625183,289.91400000086287
D:\Bartek\coding\biometria\facial_auth\celeba_subset\img_align_celeba\192855.jpg,1350,False,0.2568711042404175,282.9474999962258
D:\Bartek\coding\biometria\facial_auth\celeba_subset\img_align_celeba\102898.jpg,6719,True,0.5703306198120117,285.28730000107316
D:\Bartek\coding\biometria\facial_auth\celeba_subset\img_align_celeba\174539.jpg,6528,False,0.15923409163951874,287.1212999962154
D:\Bartek\coding\biometria\facial_auth\celeba_subset\img_align_celeba\056998.jpg,975,False,0.029296448454260826,295.3484999961802
D:\Bartek\coding\biometria\facial_auth\celeba_subset\img_align_celeba\095459.jpg,7422,True,0.2655652165412903,285.12269999919226
D:\Bartek\coding\biometria\facial_auth\celeba_subset\img_align_celeba\163126.jpg,4069,True,0.5155789852142334,898.9287000003969
D:\Bartek\coding\biometria\facial_auth\celeba_subset\img_align_celeba\005251.jpg,6806,False,0.08381012827157974,282.15380000619916
D:\Bartek\coding\biometria\facial_auth\celeba_subset\img_align_celeba\022303.jpg,9489,False,0.09088700264692307,285.0068000043393
D:\Bartek\coding\biometria\facial_auth\celeba_subset\img_align_celeba\061448.jpg,9300,False,0.07801724225282669,289.40069999953266
D:\Bartek\coding\biometria\facial_auth\celeba_subset\img_align_celeba\092526.jpg,6368,True,0.5256081819534302,297.6402999993297
D:\Bartek\coding\biometria\facial_auth\celeba_subset\img_align_celeba\020512.jpg,5064,True,0.8613507747650146,296.7907999991439
D:\Bartek\coding\biometria\facial_auth\celeba_subset\img_align_celeba\109027.jpg,5534,False,0.09783309698104858,287.66889999678824
D:\Bartek\coding\biometria\facial_auth\celeba_subset\img_align_celeba\054383.jpg,975,True,0.47591879963874817,291.5726999999606
D:\Bartek\coding\biometria\facial_auth\celeba_subset\img_align_celeba\199806.jpg,503,False,-0.04589227959513664,286.87880000506993
D:\Bartek\coding\biometria\facial_auth\celeba_subset\img_align_celeba\012303.jpg,1435,True,0.5558163523674011,285.2664999954868
D:\Bartek\coding\biometria\facial_auth\celeba_subset\img_align_celeba\003609.jpg,2835,True,0.20638546347618103,288.2790000003297
D:\Bartek\coding\biometria\facial_auth\celeba_subset\img_align_celeba\057492.jpg,1128,True,0.5034215450286865,283.51950000069337
D:\Bartek\coding\biometria\facial_auth\celeba_subset\img_align_celeba\168867.jpg,1350,True,0.607758641242981,292.9288000013912
D:\Bartek\coding\biometria\facial_auth\celeba_subset\img_align_celeba\001602.jpg,9489,False,0.07555925846099854,291.6096999979345
D:\Bartek\coding\biometria\facial_auth\celeba_subset\img_align_celeba\186776.jpg,6456,False,0.3713863492012024,285.97240000090096
D:\Bartek\coding\biometria\facial_auth\celeba_subset\img_align_celeba\031985.jpg,6136,True,0.3934539556503296,291.7312000063248
D:\Bartek\coding\biometria\facial_auth\celeba_subset\img_align_celeba\108269.jpg,3336,True,0.569861650466919,294.0018000008422
D:\Bartek\coding\biometria\facial_auth\celeba_subset\img_align_celeba\044047.jpg,6086,True,0.685653805732727,305.3451999949175
D:\Bartek\coding\biometria\facial_auth\celeba_subset\img_align_celeba\001618.jpg,7338,True,0.4935586154460907,286.5077999958885
D:\Bartek\coding\biometria\facial_auth\celeba_subset\img_align_celeba\100683.jpg,6983,True,0.43572017550468445,290.40250000252854
D:\Bartek\coding\biometria\facial_auth\celeba_subset\img_align_celeba\038553.jpg,655,True,0.5770791172981262,286.0969000030309
D:\Bartek\coding\biometria\facial_auth\celeba_subset\img_align_celeba\003398.jpg,4196,True,0.43143317103385925,292.9048000005423
D:\Bartek\coding\biometria\facial_auth\celeba_subset\img_align_celeba\121078.jpg,4968,False,0.049500640481710434,305.8487000016612
D:\Bartek\coding\biometria\facial_auth\celeba_subset\img_align_celeba\013652.jpg,655,False,0.17921702563762665,294.1101999967941
D:\Bartek\coding\biometria\facial_auth\celeba_subset\img_align_celeba\054024.jpg,2835,False,0.1804257035255432,286.4644000001135
D:\Bartek\coding\biometria\facial_auth\celeba_subset\img_align_celeba\071046.jpg,655,False,0.057957254350185394,291.5718000003835
D:\Bartek\coding\biometria\facial_auth\celeba_subset\img_align_celeba\130933.jpg,5064,False,-0.02142510749399662,287.1067000014591
D:\Bartek\coding\biometria\facial_auth\celeba_subset\img_align_celeba\054514.jpg,9688,True,0.43560028076171875,284.9172999995062
D:\Bartek\coding\biometria\facial_auth\celeba_subset\img_align_celeba\066888.jpg,4659,False,0.37192800641059875,278.5061999966274
D:\Bartek\coding\biometria\facial_auth\celeba_subset\img_align_celeba\180593.jpg,7524,False,0.08085978776216507,288.5593000028166
D:\Bartek\coding\biometria\facial_auth\celeba_subset\img_align_celeba\009101.jpg,310,True,0.29905250668525696,292.06049999629613
D:\Bartek\coding\biometria\facial_auth\celeba_subset\img_align_celeba\070670.jpg,8834,True,0.675980806350708,315.5700999996043
D:\Bartek\coding\biometria\facial_auth\celeba_subset\img_align_celeba\098436.jpg,4185,False,0.20657268166542053,280.18840000004275
D:\Bartek\coding\biometria\facial_auth\celeba_subset\img_align_celeba\004645.jpg,5190,False,0.06906275451183319,293.4663000050932
D:\Bartek\coding\biometria\facial_auth\celeba_subset\img_align_celeba\105194.jpg,1149,False,-0.06725739687681198,287.0444000000134
D:\Bartek\coding\biometria\facial_auth\celeba_subset\img_align_celeba\119445.jpg,898,True,0.4232586622238159,287.4990999989677
D:\Bartek\coding\biometria\facial_auth\celeba_subset\img_align_celeba\115122.jpg,5780,False,0.10985611379146576,286.04600000107894
D:\Bartek\coding\biometria\facial_auth\celeba_subset\img_align_celeba\168123.jpg,6528,False,0.026607520878314972,281.3148999994155
D:\Bartek\coding\biometria\facial_auth\celeba_subset\img_align_celeba\074680.jpg,5747,True,0.4630090892314911,288.5366000045906
D:\Bartek\coding\biometria\facial_auth\celeba_subset\img_align_celeba\116522.jpg,1149,False,0.10336274653673172,282.11390000069514
D:\Bartek\coding\biometria\facial_auth\celeba_subset\img_align_celeba\093793.jpg,7338,True,0.6302456855773926,286.8042000045534
D:\Bartek\coding\biometria\facial_auth\celeba_subset\img_align_celeba\110509.jpg,8834,True,0.5756741166114807,287.2466000044369
D:\Bartek\coding\biometria\facial_auth\celeba_subset\img_align_celeba\099344.jpg,5534,True,0.39744189381599426,292.2938999981852
D:\Bartek\coding\biometria\facial_auth\celeba_subset\img_align_celeba\182354.jpg,1120,True,0.7985016107559204,293.8341999979457
D:\Bartek\coding\biometria\facial_auth\celeba_subset\img_align_celeba\149321.jpg,4069,False,0.05917634069919586,274.05730000464246
D:\Bartek\coding\biometria\facial_auth\celeba_subset\img_align_celeba\044525.jpg,7338,True,0.48295003175735474,280.14709999843035
D:\Bartek\coding\biometria\facial_auth\celeba_subset\img_align_celeba\071856.jpg,5127,False,0.11299107223749161,289.8215000022901
D:\Bartek\coding\biometria\facial_auth\celeba_subset\img_align_celeba\177990.jpg,975,False,0.048349592834711075,295.81730000063544
D:\Bartek\coding\biometria\facial_auth\celeba_subset\img_align_celeba\178090.jpg,9534,False,0.10704091191291809,294.28180000104476
D:\Bartek\coding\biometria\facial_auth\celeba_subset\img_align_celeba\180264.jpg,5099,False,0.03267629072070122,290.88519999640994
D:\Bartek\coding\biometria\facial_auth\celeba_subset\img_align_celeba\078302.jpg,5672,True,0.5356084704399109,290.0385000029928
D:\Bartek\coding\biometria\facial_auth\celeba_subset\img_align_celeba\056698.jpg,644,False,0.20765180885791779,289.73080000287155
D:\Bartek\coding\biometria\facial_auth\celeba_subset\img_align_celeba\161289.jpg,1120,False,-0.035288359969854355,289.2446000041673
D:\Bartek\coding\biometria\facial_auth\celeba_subset\img_align_celeba\174563.jpg,205,True,0.33364346623420715,293.1984000024386
D:\Bartek\coding\biometria\facial_auth\celeba_subset\img_align_celeba\069480.jpg,9534,True,0.39407578110694885,294.78860000381246
D:\Bartek\coding\biometria\facial_auth\celeba_subset\img_align_celeba\169910.jpg,8936,False,-0.007743764203041792,291.862799997034
D:\Bartek\coding\biometria\facial_auth\celeba_subset\img_align_celeba\097124.jpg,1128,True,0.5527043342590332,286.79399999964517
D:\Bartek\coding\biometria\facial_auth\celeba_subset\img_align_celeba\153415.jpg,878,False,0.20349490642547607,291.2383000002592
D:\Bartek\coding\biometria\facial_auth\celeba_subset\img_align_celeba\056862.jpg,6719,True,0.5845845341682434,287.49059999972815
D:\Bartek\coding\biometria\facial_auth\celeba_subset\img_align_celeba\167535.jpg,4968,False,0.04118938371539116,287.88640000129817
D:\Bartek\coding\biometria\facial_auth\celeba_subset\img_align_celeba\164600.jpg,3200,True,0.5961898565292358,288.2247000015923
D:\Bartek\coding\biometria\facial_auth\celeba_subset\img_align_celeba\109867.jpg,1120,False,0.0020560119301080704,294.2354999977397
D:\Bartek\coding\biometria\facial_auth\celeba_subset\img_align_celeba\136572.jpg,6277,False,0.08083904534578323,285.66960000171093
D:\Bartek\coding\biometria\facial_auth\celeba_subset\img_align_celeba\180965.jpg,2177,True,0.8150174021720886,301.64760000479873
D:\Bartek\coding\biometria\facial_auth\celeba_subset\img_align_celeba\109867.jpg,6719,False,0.0021922430023550987,292.04680000111694
D:\Bartek\coding\biometria\facial_auth\celeba_subset\img_align_celeba\201629.jpg,5780,False,0.21905851364135742,283.70079999876907
D:\Bartek\coding\biometria\facial_auth\celeba_subset\img_align_celeba\071290.jpg,9144,True,0.7821797728538513,291.18369999923743
D:\Bartek\coding\biometria\facial_auth\celeba_subset\img_align_celeba\069805.jpg,9910,True,0.4628455936908722,286.11049999744864
D:\Bartek\coding\biometria\facial_auth\celeba_subset\img_align_celeba\192855.jpg,4870,False,0.08441801369190216,283.16840000479715
D:\Bartek\coding\biometria\facial_auth\celeba_subset\img_align_celeba\022155.jpg,5791,False,0.23606643080711365,285.11579999758396
D:\Bartek\coding\biometria\facial_auth\celeba_subset\img_align_celeba\146780.jpg,6086,False,0.27827468514442444,296.7544000057387
D:\Bartek\coding\biometria\facial_auth\celeba_subset\img_align_celeba\099135.jpg,9939,False,0.020916424691677094,291.5754999994533
D:\Bartek\coding\biometria\facial_auth\celeba_subset\img_align_celeba\093329.jpg,4659,True,0.3990533947944641,293.6845000003814
D:\Bartek\coding\biometria\facial_auth\celeba_subset\img_align_celeba\005130.jpg,4150,True,0.6224200129508972,288.4310000008554
D:\Bartek\coding\biometria\facial_auth\celeba_subset\img_align_celeba\148189.jpg,503,True,0.426235556602478,290.6360999986646
D:\Bartek\coding\biometria\facial_auth\celeba_subset\img_align_celeba\037269.jpg,7103,True,0.235524520277977,289.45940000267
D:\Bartek\coding\biometria\facial_auth\celeba_subset\img_align_celeba\018405.jpg,1154,False,0.020481029525399208,298.42729999654694
D:\Bartek\coding\biometria\facial_auth\celeba_subset\img_align_celeba\128274.jpg,205,False,0.11287578195333481,279.70320000167703
D:\Bartek\coding\biometria\facial_auth\celeba_subset\img_align_celeba\200757.jpg,5872,True,0.4797488749027252,281.93470000405796
D:\Bartek\coding\biometria\facial_auth\celeba_subset\img_align_celeba\069706.jpg,503,True,0.3242653012275696,291.2629999991623
D:\Bartek\coding\biometria\facial_auth\celeba_subset\img_align_celeba\117001.jpg,9534,False,-0.0031633491162210703,284.43569999944884
D:\Bartek\coding\biometria\facial_auth\celeba_subset\img_align_celeba\064925.jpg,5437,False,0.13553136587142944,302.26549999497365
D:\Bartek\coding\biometria\facial_auth\celeba_subset\img_align_celeba\159596.jpg,1120,False,0.01975366473197937,294.32440000528004
D:\Bartek\coding\biometria\facial_auth\celeba_subset\img_align_celeba\159585.jpg,2926,False,0.09065794199705124,296.00200000277255
D:\Bartek\coding\biometria\facial_auth\celeba_subset\img_align_celeba\153217.jpg,5534,True,0.5084555745124817,286.85930000210647
D:\Bartek\coding\biometria\facial_auth\celeba_subset\img_align_celeba\195678.jpg,8936,True,0.6186940670013428,292.8448999955435
D:\Bartek\coding\biometria\facial_auth\celeba_subset\img_align_celeba\020290.jpg,5648,True,0.7529726624488831,282.63419999711914
D:\Bartek\coding\biometria\facial_auth\celeba_subset\img_align_celeba\201206.jpg,644,False,0.007337606977671385,289.2675999974017
D:\Bartek\coding\biometria\facial_auth\celeba_subset\img_align_celeba\101217.jpg,7222,False,0.18359696865081787,283.9211000027717
D:\Bartek\coding\biometria\facial_auth\celeba_subset\img_align_celeba\015889.jpg,190,False,-0.011253824457526207,290.0597999978345
D:\Bartek\coding\biometria\facial_auth\celeba_subset\img_align_celeba\065413.jpg,898,True,0.38261139392852783,286.75339999608696
D:\Bartek\coding\biometria\facial_auth\celeba_subset\img_align_celeba\099056.jpg,5437,False,0.12188449501991272,288.23150000243913
D:\Bartek\coding\biometria\facial_auth\celeba_subset\img_align_celeba\124912.jpg,6719,True,0.4662848711013794,282.5726000010036
D:\Bartek\coding\biometria\facial_auth\celeba_subset\img_align_celeba\177990.jpg,205,True,0.5878942608833313,290.08410000096774
D:\Bartek\coding\biometria\facial_auth\celeba_subset\img_align_celeba\165167.jpg,9534,False,0.04232766851782799,284.5949999973527
D:\Bartek\coding\biometria\facial_auth\celeba_subset\img_align_celeba\034507.jpg,6456,True,0.5980142951011658,285.52029999991646
D:\Bartek\coding\biometria\facial_auth\celeba_subset\img_align_celeba\153967.jpg,5246,False,0.101715087890625,290.7338999939384
D:\Bartek\coding\biometria\facial_auth\celeba_subset\img_align_celeba\171737.jpg,205,True,0.541052520275116,218.39590000308817
D:\Bartek\coding\biometria\facial_auth\celeba_subset\img_align_celeba\060656.jpg,6233,False,0.017475152388215065,281.3550999999279
D:\Bartek\coding\biometria\facial_auth\celeba_subset\img_align_celeba\198564.jpg,310,False,0.08933926373720169,284.568399998534
D:\Bartek\coding\biometria\facial_auth\celeba_subset\img_align_celeba\088962.jpg,494,True,0.5589529275894165,297.3721000016667
D:\Bartek\coding\biometria\facial_auth\celeba_subset\img_align_celeba\174180.jpg,6528,False,0.04858044534921646,313.4282999963034
D:\Bartek\coding\biometria\facial_auth\celeba_subset\img_align_celeba\043140.jpg,5672,True,0.4711929261684418,281.75390000251355
D:\Bartek\coding\biometria\facial_auth\celeba_subset\img_align_celeba\069191.jpg,310,True,0.2509806156158447,291.86009999830276
D:\Bartek\coding\biometria\facial_auth\celeba_subset\img_align_celeba\041628.jpg,878,False,-0.020445020869374275,288.1606000009924
D:\Bartek\coding\biometria\facial_auth\celeba_subset\img_align_celeba\198561.jpg,8936,True,0.4307331144809723,288.71479999361327
D:\Bartek\coding\biometria\facial_auth\celeba_subset\img_align_celeba\192424.jpg,644,False,0.10766687989234924,295.23779999726685
D:\Bartek\coding\biometria\facial_auth\celeba_subset\img_align_celeba\028061.jpg,6983,False,0.0015541203320026398,290.13689999555936
D:\Bartek\coding\biometria\facial_auth\celeba_subset\img_align_celeba\059504.jpg,8748,True,0.5199485421180725,285.21789999649627
D:\Bartek\coding\biometria\facial_auth\celeba_subset\img_align_celeba\021059.jpg,5064,True,0.9000858068466187,286.1159999956726
D:\Bartek\coding\biometria\facial_auth\celeba_subset\img_align_celeba\061852.jpg,8,True,0.4396952986717224,287.35730000335025
D:\Bartek\coding\biometria\facial_auth\celeba_subset\img_align_celeba\162676.jpg,7222,True,0.45388349890708923,286.217900000338
D:\Bartek\coding\biometria\facial_auth\celeba_subset\img_align_celeba\158640.jpg,644,False,-0.026739949360489845,287.8911000007065
D:\Bartek\coding\biometria\facial_auth\celeba_subset\img_align_celeba\134907.jpg,8,True,0.6106083989143372,293.92279999592574
D:\Bartek\coding\biometria\facial_auth\celeba_subset\img_align_celeba\140153.jpg,6086,True,0.5465108752250671,290.5477000022074
D:\Bartek\coding\biometria\facial_auth\celeba_subset\img_align_celeba\167499.jpg,3236,True,0.5586913228034973,287.81429999799
D:\Bartek\coding\biometria\facial_auth\celeba_subset\img_align_celeba\169673.jpg,1120,True,0.4778151512145996,281.00950000225566
D:\Bartek\coding\biometria\facial_auth\celeba_subset\img_align_celeba\132722.jpg,5238,True,0.6569932699203491,275.7419000045047
D:\Bartek\coding\biometria\facial_auth\celeba_subset\img_align_celeba\053746.jpg,8936,False,0.16702647507190704,315.21609999617795
D:\Bartek\coding\biometria\facial_auth\celeba_subset\img_align_celeba\051819.jpg,310,False,0.025733748450875282,297.6204000005964
D:\Bartek\coding\biometria\facial_auth\celeba_subset\img_align_celeba\109402.jpg,310,False,0.05650647357106209,293.7119999987772
D:\Bartek\coding\biometria\facial_auth\celeba_subset\img_align_celeba\178308.jpg,8834,False,0.19873982667922974,294.15110000263667
D:\Bartek\coding\biometria\facial_auth\celeba_subset\img_align_celeba\158327.jpg,4929,False,-0.05664213001728058,287.5715000045602
D:\Bartek\coding\biometria\facial_auth\celeba_subset\img_align_celeba\154078.jpg,4929,True,0.6460191607475281,290.81639999640174
D:\Bartek\coding\biometria\facial_auth\celeba_subset\img_align_celeba\016253.jpg,4185,False,-0.014241006225347519,283.21410000353353
D:\Bartek\coding\biometria\facial_auth\celeba_subset\img_align_celeba\092216.jpg,655,False,0.1874397099018097,295.6845999942743
D:\Bartek\coding\biometria\facial_auth\celeba_subset\img_align_celeba\016880.jpg,9828,False,0.13379840552806854,286.51660000468837
D:\Bartek\coding\biometria\facial_auth\celeba_subset\img_align_celeba\198206.jpg,6195,True,0.456125408411026,280.63059999840334
D:\Bartek\coding\biometria\facial_auth\celeba_subset\img_align_celeba\069653.jpg,5648,False,0.22061097621917725,287.4535000009928
D:\Bartek\coding\biometria\facial_auth\celeba_subset\img_align_celeba\146030.jpg,7524,True,0.38239142298698425,285.5331000027945
D:\Bartek\coding\biometria\facial_auth\celeba_subset\img_align_celeba\131881.jpg,7422,True,0.23031224310398102,291.3039999984903
D:\Bartek\coding\biometria\facial_auth\celeba_subset\img_align_celeba\009822.jpg,8027,False,0.0705004632472992,287.20569999859435
D:\Bartek\coding\biometria\facial_auth\celeba_subset\img_align_celeba\004928.jpg,6719,True,0.3695862293243408,287.63960000651423
D:\Bartek\coding\biometria\facial_auth\celeba_subset\img_align_celeba\042311.jpg,6277,False,0.03359449282288551,281.6993999949773
D:\Bartek\coding\biometria\facial_auth\celeba_subset\img_align_celeba\202260.jpg,6195,True,0.3899533450603485,290.0773000001209
D:\Bartek\coding\biometria\facial_auth\celeba_subset\img_align_celeba\030286.jpg,1350,False,0.07519810646772385,299.9354999992647
D:\Bartek\coding\biometria\facial_auth\celeba_subset\img_align_celeba\195011.jpg,8936,True,0.5105192065238953,289.5040999937919
D:\Bartek\coding\biometria\facial_auth\celeba_subset\img_align_celeba\030170.jpg,5099,True,0.7798268795013428,287.1374000023934
D:\Bartek\coding\biometria\facial_auth\celeba_subset\img_align_celeba\059788.jpg,2926,False,0.025431765243411064,217.7780999991228
D:\Bartek\coding\biometria\facial_auth\celeba_subset\img_align_celeba\128933.jpg,975,True,0.7646073698997498,285.19260000030044
D:\Bartek\coding\biometria\facial_auth\celeba_subset\img_align_celeba\012893.jpg,9000,False,0.20139800012111664,288.20680000353605
D:\Bartek\coding\biometria\facial_auth\celeba_subset\img_align_celeba\144524.jpg,8908,True,0.31252536177635193,285.1899000015692
D:\Bartek\coding\biometria\facial_auth\celeba_subset\img_align_celeba\134101.jpg,1149,False,0.13839100301265717,273.55309999984456
D:\Bartek\coding\biometria\facial_auth\celeba_subset\img_align_celeba\014275.jpg,8971,True,0.6054250001907349,278.57520000543445
D:\Bartek\coding\biometria\facial_auth\celeba_subset\img_align_celeba\195333.jpg,5575,True,0.6244627237319946,284.58889999456005
D:\Bartek\coding\biometria\facial_auth\celeba_subset\img_align_celeba\009592.jpg,1104,False,0.19083689153194427,285.10880000249017
D:\Bartek\coding\biometria\facial_auth\celeba_subset\img_align_celeba\065690.jpg,5127,False,0.19202856719493866,292.8285000016331
D:\Bartek\coding\biometria\facial_auth\celeba_subset\img_align_celeba\173304.jpg,1120,True,0.6475729942321777,295.54719999578083
D:\Bartek\coding\biometria\facial_auth\celeba_subset\img_align_celeba\069041.jpg,5780,True,0.7113031148910522,287.5475999971968
D:\Bartek\coding\biometria\facial_auth\celeba_subset\img_align_celeba\024009.jpg,5648,False,0.1942102611064911,285.83330000401475
D:\Bartek\coding\biometria\facial_auth\celeba_subset\img_align_celeba\150378.jpg,5246,True,0.3061632215976715,282.5340999988839
D:\Bartek\coding\biometria\facial_auth\celeba_subset\img_align_celeba\084392.jpg,6195,False,0.1987689882516861,295.5244999975548
D:\Bartek\coding\biometria\facial_auth\celeba_subset\img_align_celeba\178123.jpg,190,True,0.6766371130943298,295.1612000033492
D:\Bartek\coding\biometria\facial_auth\celeba_subset\img_align_celeba\052863.jpg,8415,False,0.31163129210472107,283.48389999882784
D:\Bartek\coding\biometria\facial_auth\celeba_subset\img_align_celeba\069373.jpg,5064,True,0.8877573609352112,291.06590000446886
D:\Bartek\coding\biometria\facial_auth\celeba_subset\img_align_celeba\059009.jpg,5437,False,0.03572283685207367,282.8010000012
D:\Bartek\coding\biometria\facial_auth\celeba_subset\img_align_celeba\142682.jpg,9828,True,0.6891352534294128,287.77509999781614
D:\Bartek\coding\biometria\facial_auth\celeba_subset\img_align_celeba\101124.jpg,6136,False,0.07235874980688095,287.35150000284193
D:\Bartek\coding\biometria\facial_auth\celeba_subset\img_align_celeba\056698.jpg,6368,True,0.5783608555793762,289.11669999797596
D:\Bartek\coding\biometria\facial_auth\celeba_subset\img_align_celeba\089925.jpg,6806,True,0.7159910798072815,289.3377000000328
D:\Bartek\coding\biometria\facial_auth\celeba_subset\img_align_celeba\012362.jpg,4929,False,0.03689933940768242,292.0603000020492
D:\Bartek\coding\biometria\facial_auth\celeba_subset\img_align_celeba\093443.jpg,913,False,-0.13630598783493042,294.0018000008422
D:\Bartek\coding\biometria\facial_auth\celeba_subset\img_align_celeba\143380.jpg,655,True,0.4938667118549347,288.189600003534
D:\Bartek\coding\biometria\facial_auth\celeba_subset\img_align_celeba\006332.jpg,1435,False,0.2507775127887726,290.5331000001752
D:\Bartek\coding\biometria\facial_auth\celeba_subset\img_align_celeba\087804.jpg,1350,False,0.14919134974479675,289.3019000039203
D:\Bartek\coding\biometria\facial_auth\celeba_subset\img_align_celeba\121211.jpg,9910,True,0.7958657145500183,289.8826000018744
D:\Bartek\coding\biometria\facial_auth\celeba_subset\img_align_celeba\150171.jpg,5033,False,0.09625724703073502,282.7581999954418
D:\Bartek\coding\biometria\facial_auth\celeba_subset\img_align_celeba\181475.jpg,5656,False,0.12230084091424942,291.8095999993966
D:\Bartek\coding\biometria\facial_auth\celeba_subset\img_align_celeba\138286.jpg,1149,True,0.5730292201042175,282.413799999631
D:\Bartek\coding\biometria\facial_auth\celeba_subset\img_align_celeba\030286.jpg,3336,True,0.42990705370903015,287.0671999990009
D:\Bartek\coding\biometria\facial_auth\celeba_subset\img_align_celeba\139337.jpg,6722,False,0.04797324538230896,285.50130000076024
D:\Bartek\coding\biometria\facial_auth\celeba_subset\img_align_celeba\195021.jpg,5591,False,0.03927040100097656,293.8625000024331
D:\Bartek\coding\biometria\facial_auth\celeba_subset\img_align_celeba\169910.jpg,8,False,0.0713789314031601,284.14770000381395
D:\Bartek\coding\biometria\facial_auth\celeba_subset\img_align_celeba\004215.jpg,1120,False,0.01754770427942276,287.1104000005289
D:\Bartek\coding\biometria\facial_auth\celeba_subset\img_align_celeba\132722.jpg,8091,False,0.06441526114940643,279.50029999919934
D:\Bartek\coding\biometria\facial_auth\celeba_subset\img_align_celeba\134714.jpg,503,True,0.4971652626991272,284.21899999375455
D:\Bartek\coding\biometria\facial_auth\celeba_subset\img_align_celeba\129187.jpg,6233,False,-0.043419647961854935,283.2176999945659
D:\Bartek\coding\biometria\facial_auth\celeba_subset\img_align_celeba\138209.jpg,503,True,0.41950979828834534,289.71249999449356
D:\Bartek\coding\biometria\facial_auth\celeba_subset\img_align_celeba\155860.jpg,4936,True,0.6236882209777832,283.63379999791505
D:\Bartek\coding\biometria\facial_auth\celeba_subset\img_align_celeba\030458.jpg,5534,True,0.6657764911651611,282.9688999991049
D:\Bartek\coding\biometria\facial_auth\celeba_subset\img_align_celeba\046770.jpg,6983,False,0.030186021700501442,291.3894999946933
D:\Bartek\coding\biometria\facial_auth\celeba_subset\img_align_celeba\117212.jpg,5127,True,0.4274154305458069,283.3448000019416
D:\Bartek\coding\biometria\facial_auth\celeba_subset\img_align_celeba\101552.jpg,5534,True,0.7848460674285889,284.66260000277543
D:\Bartek\coding\biometria\facial_auth\celeba_subset\img_align_celeba\075674.jpg,5922,False,0.14589320123195648,280.0567000012961
D:\Bartek\coding\biometria\facial_auth\celeba_subset\img_align_celeba\121387.jpg,975,False,0.08013951033353806,287.94630000629695
D:\Bartek\coding\biometria\facial_auth\celeba_subset\img_align_celeba\128970.jpg,6233,False,-0.008660540916025639,283.76099999877624
D:\Bartek\coding\biometria\facial_auth\celeba_subset\img_align_celeba\153457.jpg,1149,True,0.5656784176826477,286.6245999975945
D:\Bartek\coding\biometria\facial_auth\celeba_subset\img_align_celeba\019558.jpg,5238,True,0.6970238089561462,287.3254000005545
D:\Bartek\coding\biometria\facial_auth\celeba_subset\img_align_celeba\145574.jpg,1435,True,0.5370910167694092,292.1870000063791
D:\Bartek\coding\biometria\facial_auth\celeba_subset\img_align_celeba\178846.jpg,1120,True,0.5546273589134216,294.0805999969598
D:\Bartek\coding\biometria\facial_auth\celeba_subset\img_align_celeba\187783.jpg,5033,True,0.5922279357910156,286.2941999992472
D:\Bartek\coding\biometria\facial_auth\celeba_subset\img_align_celeba\195866.jpg,8936,True,0.5265392661094666,286.54610000376124
D:\Bartek\coding\biometria\facial_auth\celeba_subset\img_align_celeba\100299.jpg,9939,False,0.06917974352836609,289.52399999980116
D:\Bartek\coding\biometria\facial_auth\celeba_subset\img_align_celeba\161328.jpg,9910,False,0.05366319417953491,290.5825000052573
D:\Bartek\coding\biometria\facial_auth\celeba_subset\img_align_celeba\141357.jpg,6170,True,0.8850864768028259,288.37059999932535
D:\Bartek\coding\biometria\facial_auth\celeba_subset\img_align_celeba\192491.jpg,8091,False,0.1289064586162567,277.1920000013779
D:\Bartek\coding\biometria\facial_auth\celeba_subset\img_align_celeba\032432.jpg,5534,True,0.5396836996078491,283.61750000476604
D:\Bartek\coding\biometria\facial_auth\celeba_subset\img_align_celeba\156692.jpg,975,False,0.14438682794570923,287.20899999461835
D:\Bartek\coding\biometria\facial_auth\celeba_subset\img_align_celeba\174539.jpg,205,True,0.605750322341919,290.2795000045444
D:\Bartek\coding\biometria\facial_auth\celeba_subset\img_align_celeba\121113.jpg,494,True,0.41752955317497253,285.6729999984964
D:\Bartek\coding\biometria\facial_auth\celeba_subset\img_align_celeba\151435.jpg,8908,False,0.20403404533863068,290.04770000028657
D:\Bartek\coding\biometria\facial_auth\celeba_subset\img_align_celeba\055840.jpg,8971,False,0.31851842999458313,280.1149000006262
D:\Bartek\coding\biometria\facial_auth\celeba_subset\img_align_celeba\052459.jpg,4659,True,0.12189202010631561,277.9965000008815
D:\Bartek\coding\biometria\facial_auth\celeba_subset\img_align_celeba\190153.jpg,878,False,0.1840989589691162,283.62619999825256
D:\Bartek\coding\biometria\facial_auth\celeba_subset\img_align_celeba\010564.jpg,5747,True,0.4475933313369751,287.75889999815263
D:\Bartek\coding\biometria\facial_auth\celeba_subset\img_align_celeba\104393.jpg,9093,True,0.535283088684082,294.8478999969666
D:\Bartek\coding\biometria\facial_auth\celeba_subset\img_align_celeba\003841.jpg,6972,False,0.02759690023958683,303.7867000020924
D:\Bartek\coding\biometria\facial_auth\celeba_subset\img_align_celeba\156231.jpg,4968,False,0.055963534861803055,292.8930999987642
D:\Bartek\coding\biometria\facial_auth\celeba_subset\img_align_celeba\035886.jpg,6086,False,0.018128519877791405,293.86549999617273
D:\Bartek\coding\biometria\facial_auth\celeba_subset\img_align_celeba\159097.jpg,5437,False,0.02712995558977127,288.72709999996005
D:\Bartek\coding\biometria\facial_auth\celeba_subset\img_align_celeba\057788.jpg,6136,True,0.5045127868652344,286.87499999796273
D:\Bartek\coding\biometria\facial_auth\celeba_subset\img_align_celeba\104914.jpg,7222,True,0.3546499013900757,285.69789999892237
D:\Bartek\coding\biometria\facial_auth\celeba_subset\img_align_celeba\175087.jpg,5922,False,0.031393371522426605,281.5208000029088
D:\Bartek\coding\biometria\facial_auth\celeba_subset\img_align_celeba\084744.jpg,9300,False,0.32582491636276245,281.8648000029498
D:\Bartek\coding\biometria\facial_auth\celeba_subset\img_align_celeba\133149.jpg,5099,True,0.6423333287239075,287.35620000225026
D:\Bartek\coding\biometria\facial_auth\celeba_subset\img_align_celeba\133189.jpg,1149,True,0.6071614623069763,287.09640000306536
D:\Bartek\coding\biometria\facial_auth\celeba_subset\img_align_celeba\191698.jpg,9489,True,0.7141762375831604,282.8466000064509
D:\Bartek\coding\biometria\facial_auth\celeba_subset\img_align_celeba\020512.jpg,3336,False,0.11354575306177139,277.9177999982494
D:\Bartek\coding\biometria\facial_auth\celeba_subset\img_align_celeba\030348.jpg,2177,False,0.11943817883729935,285.2937000061502
D:\Bartek\coding\biometria\facial_auth\celeba_subset\img_align_celeba\156886.jpg,8748,True,0.5667930245399475,279.4255999979214
D:\Bartek\coding\biometria\facial_auth\celeba_subset\img_align_celeba\011517.jpg,9300,False,0.108929343521595,280.2358999979333
D:\Bartek\coding\biometria\facial_auth\celeba_subset\img_align_celeba\177414.jpg,3877,True,0.9266023635864258,280.12480000325013
D:\Bartek\coding\biometria\facial_auth\celeba_subset\img_align_celeba\099087.jpg,7103,True,0.4351767599582672,282.95670000079554
D:\Bartek\coding\biometria\facial_auth\celeba_subset\img_align_celeba\141027.jpg,8971,False,0.15565818548202515,287.1898000012152
D:\Bartek\coding\biometria\facial_auth\celeba_subset\img_align_celeba\108020.jpg,4150,False,0.015875106677412987,290.51800000161165
D:\Bartek\coding\biometria\facial_auth\celeba_subset\img_align_celeba\155073.jpg,4870,False,0.1725558489561081,277.68920000380604
D:\Bartek\coding\biometria\facial_auth\celeba_subset\img_align_celeba\082401.jpg,494,True,0.24109043180942535,282.03660000144737
D:\Bartek\coding\biometria\facial_auth\celeba_subset\img_align_celeba\104252.jpg,9910,True,0.12419471889734268,289.26760000467766
D:\Bartek\coding\biometria\facial_auth\celeba_subset\img_align_celeba\052841.jpg,6368,True,0.6482147574424744,293.13200000615325
D:\Bartek\coding\biometria\facial_auth\celeba_subset\img_align_celeba\107402.jpg,1435,True,0.6287569403648376,292.51030000159517
D:\Bartek\coding\biometria\facial_auth\celeba_subset\img_align_celeba\041283.jpg,8,True,0.8976736664772034,288.48999999900116
D:\Bartek\coding\biometria\facial_auth\celeba_subset\img_align_celeba\122428.jpg,4150,False,0.22048458456993103,283.99740000168094
D:\Bartek\coding\biometria\facial_auth\celeba_subset\img_align_celeba\157665.jpg,6368,True,0.3912348747253418,290.3839000064181
D:\Bartek\coding\biometria\facial_auth\celeba_subset\img_align_celeba\006338.jpg,1128,False,0.062280092388391495,280.72989999782294
D:\Bartek\coding\biometria\facial_auth\celeba_subset\img_align_celeba\185566.jpg,8936,True,0.504033625125885,286.90410000126576
D:\Bartek\coding\biometria\facial_auth\celeba_subset\img_align_celeba\067663.jpg,9910,True,0.2699173092842102,291.5413999944576
D:\Bartek\coding\biometria\facial_auth\celeba_subset\img_align_celeba\077214.jpg,6170,True,0.891054630279541,286.5721000052872
D:\Bartek\coding\biometria\facial_auth\celeba_subset\img_align_celeba\171574.jpg,5656,False,0.2382342517375946,289.9812999967253
D:\Bartek\coding\biometria\facial_auth\celeba_subset\img_align_celeba\054118.jpg,2177,False,0.05995114520192146,283.27920000447193
D:\Bartek\coding\biometria\facial_auth\celeba_subset\img_align_celeba\012588.jpg,5127,True,0.5096117854118347,284.16090000246186
D:\Bartek\coding\biometria\facial_auth\celeba_subset\img_align_celeba\032582.jpg,8908,True,0.4623280465602875,290.6901000023936
D:\Bartek\coding\biometria\facial_auth\celeba_subset\img_align_celeba\164392.jpg,3236,True,0.6785192489624023,303.0949999956647
D:\Bartek\coding\biometria\facial_auth\celeba_subset\img_align_celeba\159979.jpg,5922,False,0.16719281673431396,283.83559999929275
D:\Bartek\coding\biometria\facial_auth\celeba_subset\img_align_celeba\136883.jpg,6722,True,0.18720632791519165,285.36719999829074
D:\Bartek\coding\biometria\facial_auth\celeba_subset\img_align_celeba\114750.jpg,9828,False,0.06177056208252907,283.26190000370843
D:\Bartek\coding\biometria\facial_auth\celeba_subset\img_align_celeba\173283.jpg,6722,False,0.2328556627035141,287.08650000044145
D:\Bartek\coding\biometria\facial_auth\celeba_subset\img_align_celeba\077673.jpg,5064,False,-0.19580495357513428,283.3210000026156
D:\Bartek\coding\biometria\facial_auth\celeba_subset\img_align_celeba\069653.jpg,1147,True,0.5234519839286804,287.5579000028665
D:\Bartek\coding\biometria\facial_auth\celeba_subset\img_align_celeba\039217.jpg,6170,True,0.7414652705192566,286.75700000167126
D:\Bartek\coding\biometria\facial_auth\celeba_subset\img_align_celeba\062940.jpg,5534,False,-0.02506163716316223,286.61490000376943
D:\Bartek\coding\biometria\facial_auth\celeba_subset\img_align_celeba\170747.jpg,3200,True,0.6641507744789124,286.6433999952278
D:\Bartek\coding\biometria\facial_auth\celeba_subset\img_align_celeba\081748.jpg,4185,False,0.1180567741394043,288.58410000248114
D:\Bartek\coding\biometria\facial_auth\celeba_subset\img_align_celeba\014470.jpg,6722,False,-0.020528962835669518,290.67639999993844
D:\Bartek\coding\biometria\facial_auth\celeba_subset\img_align_celeba\105561.jpg,975,False,0.10710364580154419,286.250299999665
D:\Bartek\coding\biometria\facial_auth\celeba_subset\img_align_celeba\018606.jpg,5127,False,0.00015752948820590973,287.2425999958068
D:\Bartek\coding\biometria\facial_auth\celeba_subset\img_align_celeba\141952.jpg,6456,True,0.47555291652679443,293.05549999844516
D:\Bartek\coding\biometria\facial_auth\celeba_subset\img_align_celeba\141225.jpg,9478,False,0.07707147300243378,288.09999999793945
D:\Bartek\coding\biometria\facial_auth\celeba_subset\img_align_celeba\092052.jpg,878,True,0.5523771047592163,288.5569999998552
D:\Bartek\coding\biometria\facial_auth\celeba_subset\img_align_celeba\112314.jpg,5064,False,0.1108541488647461,283.95009999803733
D:\Bartek\coding\biometria\facial_auth\celeba_subset\img_align_celeba\170259.jpg,5672,False,0.030941329896450043,278.8557999956538
D:\Bartek\coding\biometria\facial_auth\celeba_subset\img_align_celeba\123880.jpg,8027,False,0.03542120009660721,287.200999999186
D:\Bartek\coding\biometria\facial_auth\celeba_subset\img_align_celeba\023186.jpg,1147,False,0.03741874173283577,284.76619999855757
D:\Bartek\coding\biometria\facial_auth\celeba_subset\img_align_celeba\184999.jpg,7088,True,0.24573303759098053,292.01919999468373
D:\Bartek\coding\biometria\facial_auth\celeba_subset\img_align_celeba\073199.jpg,6528,False,0.11051242053508759,285.1345999952173
D:\Bartek\coding\biometria\facial_auth\celeba_subset\img_align_celeba\074302.jpg,898,False,0.23890580236911774,291.5770000035991
D:\Bartek\coding\biometria\facial_auth\celeba_subset\img_align_celeba\167917.jpg,898,False,0.10898219794034958,292.22789999766974
D:\Bartek\coding\biometria\facial_auth\celeba_subset\img_align_celeba\135443.jpg,5064,True,0.763339102268219,286.7448000033619
D:\Bartek\coding\biometria\facial_auth\celeba_subset\img_align_celeba\118421.jpg,4196,False,0.08411379903554916,287.88080000231275
D:\Bartek\coding\biometria\facial_auth\celeba_subset\img_align_celeba\020810.jpg,3336,True,0.5811704397201538,288.6796000020695
D:\Bartek\coding\biometria\facial_auth\celeba_subset\img_align_celeba\057479.jpg,5238,True,0.24142692983150482,291.15830000228016
D:\Bartek\coding\biometria\facial_auth\celeba_subset\img_align_celeba\190793.jpg,2926,False,0.2231864482164383,286.8875999993179
D:\Bartek\coding\biometria\facial_auth\celeba_subset\img_align_celeba\179162.jpg,205,True,0.24662521481513977,291.7585000031977
D:\Bartek\coding\biometria\facial_auth\celeba_subset\img_align_celeba\000131.jpg,7222,True,0.3758939504623413,289.6989000000758
D:\Bartek\coding\biometria\facial_auth\celeba_subset\img_align_celeba\046864.jpg,1435,True,0.6113771796226501,288.9828999977908
D:\Bartek\coding\biometria\facial_auth\celeba_subset\img_align_celeba\000160.jpg,1435,True,0.5419315695762634,288.4124999982305
D:\Bartek\coding\biometria\facial_auth\celeba_subset\img_align_celeba\194523.jpg,8415,True,0.6264801621437073,293.8796000016737
D:\Bartek\coding\biometria\facial_auth\celeba_subset\img_align_celeba\101583.jpg,5648,False,-0.0011411625891923904,294.32660000020405
D:\Bartek\coding\biometria\facial_auth\celeba_subset\img_align_celeba\037613.jpg,1435,False,-0.001912138657644391,283.62899999774527
D:\Bartek\coding\biometria\facial_auth\celeba_subset\img_align_celeba\062077.jpg,8971,False,0.06320938467979431,221.37930000462802
D:\Bartek\coding\biometria\facial_auth\celeba_subset\img_align_celeba\014101.jpg,9534,True,0.44834664463996887,263.52529999712715
D:\Bartek\coding\biometria\facial_auth\celeba_subset\img_align_celeba\046864.jpg,8,False,-0.006117178592830896,279.6719999969355
D:\Bartek\coding\biometria\facial_auth\celeba_subset\img_align_celeba\091484.jpg,9300,True,0.34653207659721375,285.0056000024779
D:\Bartek\coding\biometria\facial_auth\celeba_subset\img_align_celeba\166478.jpg,190,True,0.5592774152755737,286.99780000169994
