image_path,claimed_identity,is_genuine,occlusion_type,robust,score,latency_ms
D:\Bartek\coding\biometria\facial_auth\celeba_subset\img_align_celeba\124544.jpg,4659,True,mask,False,0.06561971455812454,2535.8301000014762
D:\Bartek\coding\biometria\facial_auth\celeba_subset\img_align_celeba\124544.jpg,4659,True,mask,True,0.13917014002799988,14718.594900004973
D:\Bartek\coding\biometria\facial_auth\celeba_subset\img_align_celeba\151648.jpg,5238,True,glasses,False,0.4653090834617615,292.39699999743607
D:\Bartek\coding\biometria\facial_auth\celeba_subset\img_align_celeba\151648.jpg,5238,True,glasses,True,0.4653090834617615,291.7957000026945
D:\Bartek\coding\biometria\facial_auth\celeba_subset\img_align_celeba\160546.jpg,5064,True,mask,False,0.03943488374352455,288.05799999827286
D:\Bartek\coding\biometria\facial_auth\celeba_subset\img_align_celeba\160546.jpg,5064,True,mask,True,0.0403677336871624,284.44560000207275
D:\Bartek\coding\biometria\facial_auth\celeba_subset\img_align_celeba\056698.jpg,6368,True,glasses,False,0.4953814148902893,291.17820000101347
D:\Bartek\coding\biometria\facial_auth\celeba_subset\img_align_celeba\056698.jpg,6368,True,glasses,True,0.4953814148902893,292.9052999970736
D:\Bartek\coding\biometria\facial_auth\celeba_subset\img_align_celeba\189663.jpg,8936,True,mask,False,0.12493354082107544,292.4942000026931
D:\Bartek\coding\biometria\facial_auth\celeba_subset\img_align_celeba\189663.jpg,8936,True,mask,True,0.12733696401119232,288.31959999661194
D:\Bartek\coding\biometria\facial_auth\celeba_subset\img_align_celeba\190218.jpg,8415,True,glasses,False,0.09328418970108032,292.2831000032602
D:\Bartek\coding\biometria\facial_auth\celeba_subset\img_align_celeba\190218.jpg,8415,True,glasses,True,0.09328418970108032,291.0942999951658
D:\Bartek\coding\biometria\facial_auth\celeba_subset\img_align_celeba\172516.jpg,1120,True,mask,False,0.003467183792963624,297.93380000046454
D:\Bartek\coding\biometria\facial_auth\celeba_subset\img_align_celeba\172516.jpg,1120,True,mask,True,0.06834308058023453,11406.311200000346
D:\Bartek\coding\biometria\facial_auth\celeba_subset\img_align_celeba\177578.jpg,190,True,glasses,False,0.5246251821517944,278.182599999127
D:\Bartek\coding\biometria\facial_auth\celeba_subset\img_align_celeba\177578.jpg,190,True,glasses,True,0.5246251821517944,284.3055999983335
D:\Bartek\coding\biometria\facial_auth\celeba_subset\img_align_celeba\048199.jpg,8091,True,mask,False,0.07561873644590378,284.6748000010848
D:\Bartek\coding\biometria\facial_auth\celeba_subset\img_align_celeba\048199.jpg,8091,True,mask,True,0.09039781242609024,11758.627999995952
D:\Bartek\coding\biometria\facial_auth\celeba_subset\img_align_celeba\178570.jpg,190,True,glasses,False,0.4929336905479431,287.0331000012811
D:\Bartek\coding\biometria\facial_auth\celeba_subset\img_align_celeba\178570.jpg,190,True,glasses,True,0.4929336905479431,288.6293999981717
D:\Bartek\coding\biometria\facial_auth\celeba_subset\img_align_celeba\038978.jpg,8971,True,mask,False,0.06933793425559998,292.75849999976344
D:\Bartek\coding\biometria\facial_auth\celeba_subset\img_align_celeba\038978.jpg,8971,True,mask,True,0.05222121626138687,11247.623600000225
D:\Bartek\coding\biometria\facial_auth\celeba_subset\img_align_celeba\132299.jpg,2814,True,glasses,False,0.5511937141418457,290.1560999962385
D:\Bartek\coding\biometria\facial_auth\celeba_subset\img_align_celeba\132299.jpg,2814,True,glasses,True,0.5511937141418457,291.3793999978225
D:\Bartek\coding\biometria\facial_auth\celeba_subset\img_align_celeba\116516.jpg,9910,True,mask,False,0.9480175971984863,284.506700001657
D:\Bartek\coding\biometria\facial_auth\celeba_subset\img_align_celeba\116516.jpg,9910,True,mask,True,0.973227858543396,11212.917199998628
D:\Bartek\coding\biometria\facial_auth\celeba_subset\img_align_celeba\194818.jpg,8027,True,glasses,False,0.4813387393951416,291.12110000278335
D:\Bartek\coding\biometria\facial_auth\celeba_subset\img_align_celeba\194818.jpg,8027,True,glasses,True,0.4813387393951416,291.7416999989655
D:\Bartek\coding\biometria\facial_auth\celeba_subset\img_align_celeba\076593.jpg,9910,True,mask,False,0.936020016670227,282.25799999927403
D:\Bartek\coding\biometria\facial_auth\celeba_subset\img_align_celeba\076593.jpg,9910,True,mask,True,0.9358591437339783,11280.943999998271
D:\Bartek\coding\biometria\facial_auth\celeba_subset\img_align_celeba\152306.jpg,975,True,glasses,False,0.6154348254203796,289.30269999546
D:\Bartek\coding\biometria\facial_auth\celeba_subset\img_align_celeba\152306.jpg,975,True,glasses,True,0.6154348254203796,289.0804000053322
D:\Bartek\coding\biometria\facial_auth\celeba_subset\img_align_celeba\161075.jpg,9000,True,mask,False,0.03301786258816719,288.5744000013801
D:\Bartek\coding\biometria\facial_auth\celeba_subset\img_align_celeba\161075.jpg,9000,True,mask,True,0.037324994802474976,11296.436700002232
D:\Bartek\coding\biometria\facial_auth\celeba_subset\img_align_celeba\060447.jpg,5672,True,glasses,False,0.4173358678817749,296.85820000304375
D:\Bartek\coding\biometria\facial_auth\celeba_subset\img_align_celeba\060447.jpg,5672,True,glasses,True,0.4173358678817749,298.24789999838686
D:\Bartek\coding\biometria\facial_auth\celeba_subset\img_align_celeba\020395.jpg,8834,True,mask,False,0.03765057027339935,284.7879999972065
D:\Bartek\coding\biometria\facial_auth\celeba_subset\img_align_celeba\020395.jpg,8834,True,mask,True,0.03650691360235214,11556.741699998383
D:\Bartek\coding\biometria\facial_auth\celeba_subset\img_align_celeba\035571.jpg,6170,True,glasses,False,0.5017818212509155,291.04849999566795
D:\Bartek\coding\biometria\facial_auth\celeba_subset\img_align_celeba\035571.jpg,6170,True,glasses,True,0.5017818212509155,287.45570000319276
D:\Bartek\coding\biometria\facial_auth\celeba_subset\img_align_celeba\192581.jpg,8027,True,mask,False,0.07484962791204453,295.01600000367034
D:\Bartek\coding\biometria\facial_auth\celeba_subset\img_align_celeba\192581.jpg,8027,True,mask,True,0.08066462725400925,11289.05289999966
D:\Bartek\coding\biometria\facial_auth\celeba_subset\img_align_celeba\095778.jpg,5246,True,glasses,False,0.32187148928642273,284.85570000339067
D:\Bartek\coding\biometria\facial_auth\celeba_subset\img_align_celeba\095778.jpg,5246,True,glasses,True,0.32187148928642273,294.2213999995147
D:\Bartek\coding\biometria\facial_auth\celeba_subset\img_align_celeba\097991.jpg,7338,True,mask,False,0.18515349924564362,297.9524999973364
D:\Bartek\coding\biometria\facial_auth\celeba_subset\img_align_celeba\097991.jpg,7338,True,mask,True,0.17224687337875366,11246.99690000125
D:\Bartek\coding\biometria\facial_auth\celeba_subset\img_align_celeba\071290.jpg,9144,True,glasses,False,0.7213861346244812,291.5410999994492
D:\Bartek\coding\biometria\facial_auth\celeba_subset\img_align_celeba\071290.jpg,9144,True,glasses,True,0.7213861346244812,284.4210000039311
D:\Bartek\coding\biometria\facial_auth\celeba_subset\img_align_celeba\121054.jpg,1147,True,mask,False,0.05826311931014061,288.1751000022632
D:\Bartek\coding\biometria\facial_auth\celeba_subset\img_align_celeba\121054.jpg,1147,True,mask,True,0.09564536809921265,11291.144099996018
D:\Bartek\coding\biometria\facial_auth\celeba_subset\img_align_celeba\086205.jpg,898,True,glasses,False,0.4959971010684967,287.31259999767644
D:\Bartek\coding\biometria\facial_auth\celeba_subset\img_align_celeba\086205.jpg,898,True,glasses,True,0.4959971010684967,289.380499998515
D:\Bartek\coding\biometria\facial_auth\celeba_subset\img_align_celeba\057467.jpg,5190,True,mask,False,0.04011794924736023,286.00100000039674
D:\Bartek\coding\biometria\facial_auth\celeba_subset\img_align_celeba\057467.jpg,5190,True,mask,True,0.038681238889694214,11213.617699999304
D:\Bartek\coding\biometria\facial_auth\celeba_subset\img_align_celeba\112838.jpg,8834,True,glasses,False,0.18109551072120667,290.0264999989304
D:\Bartek\coding\biometria\facial_auth\celeba_subset\img_align_celeba\112838.jpg,8834,True,glasses,True,0.18109551072120667,290.98879999946803
D:\Bartek\coding\biometria\facial_auth\celeba_subset\img_align_celeba\060980.jpg,6086,True,mask,False,0.12220559269189835,306.4645000049495
D:\Bartek\coding\biometria\facial_auth\celeba_subset\img_align_celeba\060980.jpg,6086,True,mask,True,0.12075553089380264,11856.641600003059
D:\Bartek\coding\biometria\facial_auth\celeba_subset\img_align_celeba\154628.jpg,5064,True,glasses,False,0.8993163108825684,274.1743000005954
D:\Bartek\coding\biometria\facial_auth\celeba_subset\img_align_celeba\154628.jpg,5064,True,glasses,True,0.8993163108825684,281.4505000060308
D:\Bartek\coding\biometria\facial_auth\celeba_subset\img_align_celeba\009263.jpg,6719,True,mask,False,0.07874639332294464,295.1505000019097
D:\Bartek\coding\biometria\facial_auth\celeba_subset\img_align_celeba\009263.jpg,6719,True,mask,True,0.13512754440307617,11318.046100001084
D:\Bartek\coding\biometria\facial_auth\celeba_subset\img_align_celeba\198456.jpg,5872,True,glasses,False,0.31948572397232056,280.5097000018577
D:\Bartek\coding\biometria\facial_auth\celeba_subset\img_align_celeba\198456.jpg,5872,True,glasses,True,0.31948572397232056,278.9976999993087
D:\Bartek\coding\biometria\facial_auth\celeba_subset\img_align_celeba\058232.jpg,6456,True,mask,False,0.35030093789100647,278.12669999548234
D:\Bartek\coding\biometria\facial_auth\celeba_subset\img_align_celeba\058232.jpg,6456,True,mask,True,0.3491117060184479,282.5401000009151
D:\Bartek\coding\biometria\facial_auth\celeba_subset\img_align_celeba\160727.jpg,6136,True,glasses,False,0.317012220621109,285.68100000120467
D:\Bartek\coding\biometria\facial_auth\celeba_subset\img_align_celeba\160727.jpg,6136,True,glasses,True,0.317012220621109,298.2862999997451
D:\Bartek\coding\biometria\facial_auth\celeba_subset\img_align_celeba\198511.jpg,8027,True,mask,False,0.06578298658132553,284.76709999813465
D:\Bartek\coding\biometria\facial_auth\celeba_subset\img_align_celeba\198511.jpg,8027,True,mask,True,0.09789840131998062,11215.980499997386
D:\Bartek\coding\biometria\facial_auth\celeba_subset\img_align_celeba\178532.jpg,1350,True,glasses,False,0.6578637957572937,281.7916000058176
D:\Bartek\coding\biometria\facial_auth\celeba_subset\img_align_celeba\178532.jpg,1350,True,glasses,True,0.6578637957572937,290.31290000420995
D:\Bartek\coding\biometria\facial_auth\celeba_subset\img_align_celeba\002042.jpg,878,True,mask,False,0.03511263430118561,281.96139999636216
D:\Bartek\coding\biometria\facial_auth\celeba_subset\img_align_celeba\002042.jpg,878,True,mask,True,0.02918434888124466,11202.198099999805
D:\Bartek\coding\biometria\facial_auth\celeba_subset\img_align_celeba\114750.jpg,6277,True,glasses,False,0.26119548082351685,279.22859999671346
D:\Bartek\coding\biometria\facial_auth\celeba_subset\img_align_celeba\114750.jpg,6277,True,glasses,True,0.26119548082351685,280.1486999960616
D:\Bartek\coding\biometria\facial_auth\celeba_subset\img_align_celeba\193112.jpg,8415,True,mask,False,0.05106024071574211,292.9145000016433
D:\Bartek\coding\biometria\facial_auth\celeba_subset\img_align_celeba\193112.jpg,8415,True,mask,True,0.22814102470874786,11559.172499997658
D:\Bartek\coding\biometria\facial_auth\celeba_subset\img_align_celeba\044294.jpg,5246,True,glasses,False,0.36435210704803467,315.76489999861224
D:\Bartek\coding\biometria\facial_auth\celeba_subset\img_align_celeba\044294.jpg,5246,True,glasses,True,0.36435210704803467,303.0021000013221
D:\Bartek\coding\biometria\facial_auth\celeba_subset\img_align_celeba\138587.jpg,7338,True,mask,False,0.17951145768165588,317.098999999871
D:\Bartek\coding\biometria\facial_auth\celeba_subset\img_align_celeba\138587.jpg,7338,True,mask,True,0.1798449009656906,11395.777899997483
D:\Bartek\coding\biometria\facial_auth\celeba_subset\img_align_celeba\056998.jpg,6136,True,glasses,False,0.22243066132068634,284.34980000020005
D:\Bartek\coding\biometria\facial_auth\celeba_subset\img_align_celeba\056998.jpg,6136,True,glasses,True,0.22243066132068634,294.9895999990986
D:\Bartek\coding\biometria\facial_auth\celeba_subset\img_align_celeba\061232.jpg,503,True,mask,False,0.348327100276947,300.9959000046365
D:\Bartek\coding\biometria\facial_auth\celeba_subset\img_align_celeba\061232.jpg,503,True,mask,True,0.346076637506485,11428.076899996086
D:\Bartek\coding\biometria\facial_auth\celeba_subset\img_align_celeba\145253.jpg,5127,True,glasses,False,0.4904552102088928,328.1760000027134
D:\Bartek\coding\biometria\facial_auth\celeba_subset\img_align_celeba\145253.jpg,5127,True,glasses,True,0.4904552102088928,278.25229999871226
D:\Bartek\coding\biometria\facial_auth\celeba_subset\img_align_celeba\012403.jpg,2926,True,mask,False,0.04099693149328232,266.29010000033304
D:\Bartek\coding\biometria\facial_auth\celeba_subset\img_align_celeba\012403.jpg,2926,True,mask,True,0.03356146067380905,280.8653999964008
D:\Bartek\coding\biometria\facial_auth\celeba_subset\img_align_celeba\111403.jpg,9144,True,glasses,False,0.6229122281074524,285.31289999955334
D:\Bartek\coding\biometria\facial_auth\celeba_subset\img_align_celeba\111403.jpg,9144,True,glasses,True,0.6229122281074524,285.8371999973315
D:\Bartek\coding\biometria\facial_auth\celeba_subset\img_align_celeba\101217.jpg,898,True,mask,False,0.31127414107322693,280.06259999528993
D:\Bartek\coding\biometria\facial_auth\celeba_subset\img_align_celeba\101217.jpg,898,True,mask,True,0.30844318866729736,11333.214999998745
D:\Bartek\coding\biometria\facial_auth\celeba_subset\img_align_celeba\074610.jpg,975,True,glasses,False,0.287726491689682,287.6872999986517
D:\Bartek\coding\biometria\facial_auth\celeba_subset\img_align_celeba\074610.jpg,975,True,glasses,True,0.287726491689682,300.16149999573827
D:\Bartek\coding\biometria\facial_auth\celeba_subset\img_align_celeba\144524.jpg,8908,True,mask,False,0.9276720285415649,281.1455999981263
D:\Bartek\coding\biometria\facial_auth\celeba_subset\img_align_celeba\144524.jpg,8908,True,mask,True,0.9281428456306458,11291.324899997562
D:\Bartek\coding\biometria\facial_auth\celeba_subset\img_align_celeba\139400.jpg,2926,True,glasses,False,0.217863067984581,286.0335000004852
D:\Bartek\coding\biometria\facial_auth\celeba_subset\img_align_celeba\139400.jpg,2926,True,glasses,True,0.217863067984581,283.0905000009807
D:\Bartek\coding\biometria\facial_auth\celeba_subset\img_align_celeba\178718.jpg,190,True,mask,False,0.10886424034833908,293.7367999984417
D:\Bartek\coding\biometria\facial_auth\celeba_subset\img_align_celeba\178718.jpg,190,True,mask,True,0.11776112765073776,11607.21690000355
D:\Bartek\coding\biometria\facial_auth\celeba_subset\img_align_celeba\094081.jpg,5672,True,glasses,False,0.45157766342163086,281.67019999818876
D:\Bartek\coding\biometria\facial_auth\celeba_subset\img_align_celeba\094081.jpg,5672,True,glasses,True,0.45157766342163086,294.48869999760063
D:\Bartek\coding\biometria\facial_auth\celeba_subset\img_align_celeba\089925.jpg,6806,True,mask,False,0.010195603594183922,297.6079000000027
D:\Bartek\coding\biometria\facial_auth\celeba_subset\img_align_celeba\089925.jpg,6806,True,mask,True,0.024316372349858284,11235.690599998634
D:\Bartek\coding\biometria\facial_auth\celeba_subset\img_align_celeba\172977.jpg,3236,True,glasses,False,0.5141512155532837,282.18800000468036
D:\Bartek\coding\biometria\facial_auth\celeba_subset\img_align_celeba\172977.jpg,3236,True,glasses,True,0.5141512155532837,280.9412999995402
D:\Bartek\coding\biometria\facial_auth\celeba_subset\img_align_celeba\143777.jpg,1147,True,mask,False,0.0942940041422844,289.1832999957842
D:\Bartek\coding\biometria\facial_auth\celeba_subset\img_align_celeba\143777.jpg,1147,True,mask,True,0.09658493846654892,11206.816799996886
D:\Bartek\coding\biometria\facial_auth\celeba_subset\img_align_celeba\124912.jpg,6719,True,glasses,False,0.5311590433120728,281.6834000041126
D:\Bartek\coding\biometria\facial_auth\celeba_subset\img_align_celeba\124912.jpg,6719,True,glasses,True,0.5311590433120728,279.4503999975859
D:\Bartek\coding\biometria\facial_auth\celeba_subset\img_align_celeba\165167.jpg,1154,True,mask,False,0.11147908121347427,282.06860000500455
D:\Bartek\coding\biometria\facial_auth\celeba_subset\img_align_celeba\165167.jpg,1154,True,mask,True,0.12563438713550568,11286.858600004052
D:\Bartek\coding\biometria\facial_auth\celeba_subset\img_align_celeba\010150.jpg,8834,True,glasses,False,0.5923730134963989,279.14030000101775
D:\Bartek\coding\biometria\facial_auth\celeba_subset\img_align_celeba\010150.jpg,8834,True,glasses,True,0.5923730134963989,287.3085999963223
D:\Bartek\coding\biometria\facial_auth\celeba_subset\img_align_celeba\112995.jpg,5190,True,mask,False,0.05143605172634125,280.3550999960862
D:\Bartek\coding\biometria\facial_auth\celeba_subset\img_align_celeba\112995.jpg,5190,True,mask,True,0.05144878476858139,11303.10759999702
D:\Bartek\coding\biometria\facial_auth\celeba_subset\img_align_celeba\193319.jpg,6195,True,glasses,False,0.35480841994285583,284.6644000019296
D:\Bartek\coding\biometria\facial_auth\celeba_subset\img_align_celeba\193319.jpg,6195,True,glasses,True,0.35480841994285583,285.5254999958561
D:\Bartek\coding\biometria\facial_auth\celeba_subset\img_align_celeba\037955.jpg,3336,True,mask,False,0.04915563017129898,293.47259999485686
D:\Bartek\coding\biometria\facial_auth\celeba_subset\img_align_celeba\037955.jpg,3336,True,mask,True,0.08544785529375076,11711.49859999423
D:\Bartek\coding\biometria\facial_auth\celeba_subset\img_align_celeba\009101.jpg,310,True,glasses,False,0.29388532042503357,282.21920000214595
D:\Bartek\coding\biometria\facial_auth\celeba_subset\img_align_celeba\009101.jpg,310,True,glasses,True,0.29388532042503357,279.9462000039057
D:\Bartek\coding\biometria\facial_auth\celeba_subset\img_align_celeba\089198.jpg,7253,True,mask,False,0.12950298190116882,300.084100003005
D:\Bartek\coding\biometria\facial_auth\celeba_subset\img_align_celeba\089198.jpg,7253,True,mask,True,0.14655442535877228,11266.744399996242
D:\Bartek\coding\biometria\facial_auth\celeba_subset\img_align_celeba\038250.jpg,5190,True,glasses,False,0.4709329605102539,291.47769999690354
D:\Bartek\coding\biometria\facial_auth\celeba_subset\img_align_celeba\038250.jpg,5190,True,glasses,True,0.4709329605102539,285.98280000005616
D:\Bartek\coding\biometria\facial_auth\celeba_subset\img_align_celeba\137424.jpg,4150,True,mask,False,0.017669979482889175,287.7387999978964
D:\Bartek\coding\biometria\facial_auth\celeba_subset\img_align_celeba\137424.jpg,4150,True,mask,True,0.017395978793501854,11199.55040000059
D:\Bartek\coding\biometria\facial_auth\celeba_subset\img_align_celeba\169673.jpg,1120,True,glasses,False,0.36026203632354736,283.51009999460075
D:\Bartek\coding\biometria\facial_auth\celeba_subset\img_align_celeba\169673.jpg,1120,True,glasses,True,0.36026203632354736,298.13149999972666
D:\Bartek\coding\biometria\facial_auth\celeba_subset\img_align_celeba\146146.jpg,9910,True,mask,False,0.96811443567276,290.8657000007224
D:\Bartek\coding\biometria\facial_auth\celeba_subset\img_align_celeba\146146.jpg,9910,True,mask,True,0.9702014923095703,11329.632900000433
D:\Bartek\coding\biometria\facial_auth\celeba_subset\img_align_celeba\072850.jpg,7222,True,glasses,False,0.45486488938331604,283.59479999926407
D:\Bartek\coding\biometria\facial_auth\celeba_subset\img_align_celeba\072850.jpg,7222,True,glasses,True,0.45486488938331604,284.817200001271
D:\Bartek\coding\biometria\facial_auth\celeba_subset\img_align_celeba\031610.jpg,310,True,mask,False,0.3436909317970276,285.60450000077253
D:\Bartek\coding\biometria\facial_auth\celeba_subset\img_align_celeba\031610.jpg,310,True,mask,True,0.3419252038002014,11298.414999997476
D:\Bartek\coding\biometria\facial_auth\celeba_subset\img_align_celeba\027075.jpg,8834,True,glasses,False,0.36771807074546814,890.5558999977075
D:\Bartek\coding\biometria\facial_auth\celeba_subset\img_align_celeba\027075.jpg,8834,True,glasses,True,0.36771807074546814,212.46789999713656
D:\Bartek\coding\biometria\facial_auth\celeba_subset\img_align_celeba\004003.jpg,9939,True,mask,False,0.009659882634878159,266.09800000005635
D:\Bartek\coding\biometria\facial_auth\celeba_subset\img_align_celeba\004003.jpg,9939,True,mask,True,0.09794507175683975,11859.99460000312
D:\Bartek\coding\biometria\facial_auth\celeba_subset\img_align_celeba\079338.jpg,5210,True,glasses,False,0.5077282786369324,281.6763999944669
D:\Bartek\coding\biometria\facial_auth\celeba_subset\img_align_celeba\079338.jpg,5210,True,glasses,True,0.5077282786369324,280.3404000005685
D:\Bartek\coding\biometria\facial_auth\celeba_subset\img_align_celeba\031415.jpg,5648,True,mask,False,0.03301483392715454,297.41590000048745
D:\Bartek\coding\biometria\facial_auth\celeba_subset\img_align_celeba\031415.jpg,5648,True,mask,True,0.032695043832063675,11246.94140000065
D:\Bartek\coding\biometria\facial_auth\celeba_subset\img_align_celeba\014632.jpg,6368,True,glasses,False,0.4050148129463196,286.91039999830537
D:\Bartek\coding\biometria\facial_auth\celeba_subset\img_align_celeba\014632.jpg,6368,True,glasses,True,0.4050148129463196,281.203500002448
D:\Bartek\coding\biometria\facial_auth\celeba_subset\img_align_celeba\124443.jpg,1435,True,mask,False,0.03838926926255226,285.67219999968074
D:\Bartek\coding\biometria\facial_auth\celeba_subset\img_align_celeba\124443.jpg,1435,True,mask,True,0.055173635482788086,11344.265300002007
D:\Bartek\coding\biometria\facial_auth\celeba_subset\img_align_celeba\022492.jpg,4929,True,glasses,False,0.5642377734184265,279.99070000078063
D:\Bartek\coding\biometria\facial_auth\celeba_subset\img_align_celeba\022492.jpg,4929,True,glasses,True,0.5642377734184265,285.2463000017451
D:\Bartek\coding\biometria\facial_auth\celeba_subset\img_align_celeba\171590.jpg,1350,True,mask,False,0.04440219700336456,288.12440000183415
D:\Bartek\coding\biometria\facial_auth\celeba_subset\img_align_celeba\171590.jpg,1350,True,mask,True,0.040054623037576675,290.35779999685474
D:\Bartek\coding\biometria\facial_auth\celeba_subset\img_align_celeba\198391.jpg,5575,True,glasses,False,0.33143094182014465,330.63119999860646
D:\Bartek\coding\biometria\facial_auth\celeba_subset\img_align_celeba\198391.jpg,5575,True,glasses,True,0.33143094182014465,287.77439999976195
D:\Bartek\coding\biometria\facial_auth\celeba_subset\img_align_celeba\128737.jpg,8748,True,mask,False,0.0813983678817749,285.8873000004678
D:\Bartek\coding\biometria\facial_auth\celeba_subset\img_align_celeba\128737.jpg,8748,True,mask,True,0.2511979937553406,11198.482500003593
D:\Bartek\coding\biometria\facial_auth\celeba_subset\img_align_celeba\133189.jpg,1149,True,glasses,False,0.6129021644592285,279.9849000002723
D:\Bartek\coding\biometria\facial_auth\celeba_subset\img_align_celeba\133189.jpg,1149,True,glasses,True,0.6129021644592285,300.1224000036018
D:\Bartek\coding\biometria\facial_auth\celeba_subset\img_align_celeba\082719.jpg,2926,True,mask,False,0.026926685124635696,293.40660000161733
D:\Bartek\coding\biometria\facial_auth\celeba_subset\img_align_celeba\082719.jpg,2926,True,mask,True,0.13432621955871582,279.76490000583
D:\Bartek\coding\biometria\facial_auth\celeba_subset\img_align_celeba\037113.jpg,975,True,glasses,False,0.5048984289169312,282.6578000021982
D:\Bartek\coding\biometria\facial_auth\celeba_subset\img_align_celeba\037113.jpg,975,True,glasses,True,0.5048984289169312,293.2626999972854
D:\Bartek\coding\biometria\facial_auth\celeba_subset\img_align_celeba\187075.jpg,7088,True,mask,False,0.0441618338227272,297.00320000119973
D:\Bartek\coding\biometria\facial_auth\celeba_subset\img_align_celeba\187075.jpg,7088,True,mask,True,0.06060246378183365,11392.614600001252
D:\Bartek\coding\biometria\facial_auth\celeba_subset\img_align_celeba\049882.jpg,4936,True,glasses,False,0.4600951373577118,280.8236999990186
D:\Bartek\coding\biometria\facial_auth\celeba_subset\img_align_celeba\049882.jpg,4936,True,glasses,True,0.4600951373577118,285.61749999789754
D:\Bartek\coding\biometria\facial_auth\celeba_subset\img_align_celeba\084744.jpg,5656,True,mask,False,0.21246007084846497,284.87460000178544
D:\Bartek\coding\biometria\facial_auth\celeba_subset\img_align_celeba\084744.jpg,5656,True,mask,True,0.2616901099681854,290.93380000267643
D:\Bartek\coding\biometria\facial_auth\celeba_subset\img_align_celeba\058879.jpg,5747,True,glasses,False,0.35291892290115356,287.9864999995334
D:\Bartek\coding\biometria\facial_auth\celeba_subset\img_align_celeba\058879.jpg,5747,True,glasses,True,0.35291892290115356,289.6376999997301
D:\Bartek\coding\biometria\facial_auth\celeba_subset\img_align_celeba\065390.jpg,2926,True,mask,False,0.024211827665567398,288.26590000244323
D:\Bartek\coding\biometria\facial_auth\celeba_subset\img_align_celeba\065390.jpg,2926,True,mask,True,0.024449041113257408,11478.089900003397
D:\Bartek\coding\biometria\facial_auth\celeba_subset\img_align_celeba\146298.jpg,7253,True,glasses,False,0.43826231360435486,282.1327999990899
D:\Bartek\coding\biometria\facial_auth\celeba_subset\img_align_celeba\146298.jpg,7253,True,glasses,True,0.43826231360435486,289.96779999579303
D:\Bartek\coding\biometria\facial_auth\celeba_subset\img_align_celeba\012187.jpg,5780,True,mask,False,0.22448210418224335,279.09440000075847
D:\Bartek\coding\biometria\facial_auth\celeba_subset\img_align_celeba\012187.jpg,5780,True,mask,True,0.22449080646038055,11224.102799998946
D:\Bartek\coding\biometria\facial_auth\celeba_subset\img_align_celeba\114933.jpg,5922,True,glasses,False,0.485591322183609,277.3365000030026
D:\Bartek\coding\biometria\facial_auth\celeba_subset\img_align_celeba\114933.jpg,5922,True,glasses,True,0.485591322183609,279.35710000019753
D:\Bartek\coding\biometria\facial_auth\celeba_subset\img_align_celeba\192491.jpg,5033,True,mask,False,0.0613347552716732,215.00830000150017
D:\Bartek\coding\biometria\facial_auth\celeba_subset\img_align_celeba\192491.jpg,5033,True,mask,True,0.08598902076482773,278.15520000149263
D:\Bartek\coding\biometria\facial_auth\celeba_subset\img_align_celeba\186501.jpg,5575,True,glasses,False,0.5590250492095947,284.98949999629986
D:\Bartek\coding\biometria\facial_auth\celeba_subset\img_align_celeba\186501.jpg,5575,True,glasses,True,0.5590250492095947,287.0178000011947
D:\Bartek\coding\biometria\facial_auth\celeba_subset\img_align_celeba\180972.jpg,1154,True,mask,False,0.11240905523300171,285.73960000358056
D:\Bartek\coding\biometria\facial_auth\celeba_subset\img_align_celeba\180972.jpg,1154,True,mask,True,0.10044500231742859,279.72540000337176
D:\Bartek\coding\biometria\facial_auth\celeba_subset\img_align_celeba\024009.jpg,1167,True,glasses,False,0.4522790312767029,282.70940000220435
D:\Bartek\coding\biometria\facial_auth\celeba_subset\img_align_celeba\024009.jpg,1167,True,glasses,True,0.4522790312767029,285.3744999956689
D:\Bartek\coding\biometria\facial_auth\celeba_subset\img_align_celeba\063991.jpg,1104,True,mask,False,-0.00897398591041565,295.1297999970848
D:\Bartek\coding\biometria\facial_auth\celeba_subset\img_align_celeba\063991.jpg,1104,True,mask,True,-0.010471472516655922,11331.340400000045
D:\Bartek\coding\biometria\facial_auth\celeba_subset\img_align_celeba\192926.jpg,6195,True,glasses,False,0.38115257024765015,280.6239999990794
D:\Bartek\coding\biometria\facial_auth\celeba_subset\img_align_celeba\192926.jpg,6195,True,glasses,True,0.38115257024765015,290.40600000007544
D:\Bartek\coding\biometria\facial_auth\celeba_subset\img_align_celeba\185126.jpg,9489,True,mask,False,0.0916624367237091,301.71460000565276
D:\Bartek\coding\biometria\facial_auth\celeba_subset\img_align_celeba\185126.jpg,9489,True,mask,True,0.11708105355501175,11284.662799997022
D:\Bartek\coding\biometria\facial_auth\celeba_subset\img_align_celeba\148073.jpg,5238,True,glasses,False,0.545590341091156,282.4380000020028
D:\Bartek\coding\biometria\facial_auth\celeba_subset\img_align_celeba\148073.jpg,5238,True,glasses,True,0.545590341091156,280.52620000380557
D:\Bartek\coding\biometria\facial_auth\celeba_subset\img_align_celeba\186040.jpg,5791,True,mask,False,0.03057662397623062,283.55939999892144
D:\Bartek\coding\biometria\facial_auth\celeba_subset\img_align_celeba\186040.jpg,5791,True,mask,True,0.13027054071426392,11757.346400001552
D:\Bartek\coding\biometria\facial_auth\celeba_subset\img_align_celeba\170565.jpg,4069,True,glasses,False,0.42245906591415405,297.99240000284044
D:\Bartek\coding\biometria\facial_auth\celeba_subset\img_align_celeba\170565.jpg,4069,True,glasses,True,0.42245906591415405,302.15790000511333
D:\Bartek\coding\biometria\facial_auth\celeba_subset\img_align_celeba\092339.jpg,7524,True,mask,False,0.9753773808479309,305.21329999464797
D:\Bartek\coding\biometria\facial_auth\celeba_subset\img_align_celeba\092339.jpg,7524,True,mask,True,0.9648211598396301,11221.80389999994
D:\Bartek\coding\biometria\facial_auth\celeba_subset\img_align_celeba\023140.jpg,6806,True,glasses,False,0.6438208222389221,288.2443999988027
D:\Bartek\coding\biometria\facial_auth\celeba_subset\img_align_celeba\023140.jpg,6806,True,glasses,True,0.6438208222389221,290.1553999981843
D:\Bartek\coding\biometria\facial_auth\celeba_subset\img_align_celeba\069862.jpg,5656,True,mask,False,0.1153307631611824,289.98999999748776
D:\Bartek\coding\biometria\facial_auth\celeba_subset\img_align_celeba\069862.jpg,5656,True,mask,True,0.15140284597873688,281.66930000588764
D:\Bartek\coding\biometria\facial_auth\celeba_subset\img_align_celeba\154399.jpg,4150,True,glasses,False,0.4075852334499359,286.55609999987064
D:\Bartek\coding\biometria\facial_auth\celeba_subset\img_align_celeba\154399.jpg,4150,True,glasses,True,0.4075852334499359,290.0724999999511
D:\Bartek\coding\biometria\facial_auth\celeba_subset\img_align_celeba\058703.jpg,1167,True,mask,False,0.08792778849601746,292.03259999485454
D:\Bartek\coding\biometria\facial_auth\celeba_subset\img_align_celeba\058703.jpg,1167,True,mask,True,0.1151430755853653,11226.266300000134
D:\Bartek\coding\biometria\facial_auth\celeba_subset\img_align_celeba\010279.jpg,2926,True,glasses,False,0.33031678199768066,279.0772999942419
D:\Bartek\coding\biometria\facial_auth\celeba_subset\img_align_celeba\010279.jpg,2926,True,glasses,True,0.33031678199768066,285.2167000019108
D:\Bartek\coding\biometria\facial_auth\celeba_subset\img_align_celeba\171618.jpg,205,True,mask,False,0.02004322223365307,273.4645000018645
D:\Bartek\coding\biometria\facial_auth\celeba_subset\img_align_celeba\171618.jpg,205,True,mask,True,0.020918535068631172,11273.405700005242
D:\Bartek\coding\biometria\facial_auth\celeba_subset\img_align_celeba\063417.jpg,898,True,glasses,False,0.25756627321243286,289.1735000011977
D:\Bartek\coding\biometria\facial_auth\celeba_subset\img_align_celeba\063417.jpg,898,True,glasses,True,0.25756627321243286,285.81970000232104
D:\Bartek\coding\biometria\facial_auth\celeba_subset\img_align_celeba\081170.jpg,4870,True,mask,False,0.14433139562606812,293.77430000022287
D:\Bartek\coding\biometria\facial_auth\celeba_subset\img_align_celeba\081170.jpg,4870,True,mask,True,0.19405050575733185,11526.401499999338
D:\Bartek\coding\biometria\facial_auth\celeba_subset\img_align_celeba\029203.jpg,8834,True,glasses,False,0.581091582775116,277.2532000017236
D:\Bartek\coding\biometria\facial_auth\celeba_subset\img_align_celeba\029203.jpg,8834,True,glasses,True,0.581091582775116,278.3393999998225
D:\Bartek\coding\biometria\facial_auth\celeba_subset\img_align_celeba\131627.jpg,7524,True,mask,False,0.9773022532463074,280.59639999992214
D:\Bartek\coding\biometria\facial_auth\celeba_subset\img_align_celeba\131627.jpg,7524,True,mask,True,0.9774697422981262,11674.605899999733
D:\Bartek\coding\biometria\facial_auth\celeba_subset\img_align_celeba\153967.jpg,4968,True,glasses,False,0.37488821148872375,280.6149000025471
D:\Bartek\coding\biometria\facial_auth\celeba_subset\img_align_celeba\153967.jpg,4968,True,glasses,True,0.37488821148872375,290.1324999984354
D:\Bartek\coding\biometria\facial_auth\celeba_subset\img_align_celeba\117487.jpg,6719,True,mask,False,0.06209385395050049,286.02669999963837
D:\Bartek\coding\biometria\facial_auth\celeba_subset\img_align_celeba\117487.jpg,6719,True,mask,True,0.1622508466243744,11329.613100002462
D:\Bartek\coding\biometria\facial_auth\celeba_subset\img_align_celeba\197465.jpg,6528,True,glasses,False,0.4137060344219208,280.89059999911115
D:\Bartek\coding\biometria\facial_auth\celeba_subset\img_align_celeba\197465.jpg,6528,True,glasses,True,0.4137060344219208,276.10439999989467
D:\Bartek\coding\biometria\facial_auth\celeba_subset\img_align_celeba\133811.jpg,5127,True,mask,False,0.0069121443666517735,283.2041000001482
D:\Bartek\coding\biometria\facial_auth\celeba_subset\img_align_celeba\133811.jpg,5127,True,mask,True,0.0645163282752037,271.2907000022824
D:\Bartek\coding\biometria\facial_auth\celeba_subset\img_align_celeba\112151.jpg,5210,True,glasses,False,0.5860827565193176,298.4280999953626
D:\Bartek\coding\biometria\facial_auth\celeba_subset\img_align_celeba\112151.jpg,5210,True,glasses,True,0.5860827565193176,292.3455999989528
D:\Bartek\coding\biometria\facial_auth\celeba_subset\img_align_celeba\109870.jpg,6086,True,mask,False,0.11228695511817932,292.7588000020478
D:\Bartek\coding\biometria\facial_auth\celeba_subset\img_align_celeba\109870.jpg,6086,True,mask,True,0.11264458298683167,11475.896000003559
D:\Bartek\coding\biometria\facial_auth\celeba_subset\img_align_celeba\025306.jpg,9093,True,glasses,False,0.5819723606109619,271.21760000591166
D:\Bartek\coding\biometria\facial_auth\celeba_subset\img_align_celeba\025306.jpg,9093,True,glasses,True,0.5819723606109619,281.0116999971797
D:\Bartek\coding\biometria\facial_auth\celeba_subset\img_align_celeba\107402.jpg,1435,True,mask,False,0.015887023881077766,279.4704999978421
D:\Bartek\coding\biometria\facial_auth\celeba_subset\img_align_celeba\107402.jpg,1435,True,mask,True,0.07080373913049698,11317.211800000223
D:\Bartek\coding\biometria\facial_auth\celeba_subset\img_align_celeba\141269.jpg,5672,True,glasses,False,0.34209105372428894,281.99039999890374
D:\Bartek\coding\biometria\facial_auth\celeba_subset\img_align_celeba\141269.jpg,5672,True,glasses,True,0.34209105372428894,288.5972000003676
D:\Bartek\coding\biometria\facial_auth\celeba_subset\img_align_celeba\069389.jpg,6719,True,mask,False,0.07699067145586014,281.8995000052382
D:\Bartek\coding\biometria\facial_auth\celeba_subset\img_align_celeba\069389.jpg,6719,True,mask,True,0.11103487014770508,11252.1928999995
D:\Bartek\coding\biometria\facial_auth\celeba_subset\img_align_celeba\084043.jpg,5246,True,glasses,False,0.3254658281803131,285.6487999961246
D:\Bartek\coding\biometria\facial_auth\celeba_subset\img_align_celeba\084043.jpg,5246,True,glasses,True,0.3254658281803131,285.1098999963142
D:\Bartek\coding\biometria\facial_auth\celeba_subset\img_align_celeba\107263.jpg,1435,True,mask,False,0.02709515020251274,285.45909999957075
D:\Bartek\coding\biometria\facial_auth\celeba_subset\img_align_celeba\107263.jpg,1435,True,mask,True,0.04599007964134216,11539.302199998929
D:\Bartek\coding\biometria\facial_auth\celeba_subset\img_align_celeba\190537.jpg,8415,True,glasses,False,0.35363349318504333,281.89130000100704
D:\Bartek\coding\biometria\facial_auth\celeba_subset\img_align_celeba\190537.jpg,8415,True,glasses,True,0.35363349318504333,288.2421999966027
D:\Bartek\coding\biometria\facial_auth\celeba_subset\img_align_celeba\005556.jpg,5780,True,mask,False,0.21699245274066925,282.21019999909913
D:\Bartek\coding\biometria\facial_auth\celeba_subset\img_align_celeba\005556.jpg,5780,True,mask,True,0.23622466623783112,11511.065899998357
D:\Bartek\coding\biometria\facial_auth\celeba_subset\img_align_celeba\165501.jpg,4069,True,glasses,False,0.08564385771751404,287.8318000002764
D:\Bartek\coding\biometria\facial_auth\celeba_subset\img_align_celeba\165501.jpg,4069,True,glasses,True,0.08564385771751404,288.4974000044167
D:\Bartek\coding\biometria\facial_auth\celeba_subset\img_align_celeba\015667.jpg,4936,True,mask,False,0.03589899092912674,289.2578000028152
D:\Bartek\coding\biometria\facial_auth\celeba_subset\img_align_celeba\015667.jpg,4936,True,mask,True,0.09981489181518555,11374.833200003195
D:\Bartek\coding\biometria\facial_auth\celeba_subset\img_align_celeba\172022.jpg,913,True,glasses,False,0.6428229808807373,283.8075000036042
D:\Bartek\coding\biometria\facial_auth\celeba_subset\img_align_celeba\172022.jpg,913,True,glasses,True,0.6428229808807373,291.6322000019136
D:\Bartek\coding\biometria\facial_auth\celeba_subset\img_align_celeba\052146.jpg,1149,True,mask,False,0.04389024153351784,299.1634000063641
D:\Bartek\coding\biometria\facial_auth\celeba_subset\img_align_celeba\052146.jpg,1149,True,mask,True,0.21319030225276947,11357.234199997038
D:\Bartek\coding\biometria\facial_auth\celeba_subset\img_align_celeba\113730.jpg,4150,True,glasses,False,0.5096904635429382,278.88309999980265
D:\Bartek\coding\biometria\facial_auth\celeba_subset\img_align_celeba\113730.jpg,4150,True,glasses,True,0.5096904635429382,278.2720999966841
D:\Bartek\coding\biometria\facial_auth\celeba_subset\img_align_celeba\202565.jpg,5791,True,mask,False,0.04461798071861267,283.5077999989153
D:\Bartek\coding\biometria\facial_auth\celeba_subset\img_align_celeba\202565.jpg,5791,True,mask,True,0.043974023312330246,11623.131200001808
D:\Bartek\coding\biometria\facial_auth\celeba_subset\img_align_celeba\138210.jpg,9144,True,glasses,False,0.4002102315425873,282.4680999983684
D:\Bartek\coding\biometria\facial_auth\celeba_subset\img_align_celeba\138210.jpg,9144,True,glasses,True,0.4002102315425873,284.0351999984705
D:\Bartek\coding\biometria\facial_auth\celeba_subset\img_align_celeba\093472.jpg,7103,True,mask,False,0.067842997610569,285.73570000298787
D:\Bartek\coding\biometria\facial_auth\celeba_subset\img_align_celeba\093472.jpg,7103,True,mask,True,0.01825876720249653,11678.353499999503
D:\Bartek\coding\biometria\facial_auth\celeba_subset\img_align_celeba\138482.jpg,5437,True,glasses,False,0.4622405171394348,283.30280000227503
D:\Bartek\coding\biometria\facial_auth\celeba_subset\img_align_celeba\138482.jpg,5437,True,glasses,True,0.4622405171394348,282.7145000046585
D:\Bartek\coding\biometria\facial_auth\celeba_subset\img_align_celeba\082558.jpg,6170,True,mask,False,0.017003314569592476,278.43579999898793
D:\Bartek\coding\biometria\facial_auth\celeba_subset\img_align_celeba\082558.jpg,6170,True,mask,True,0.05651199445128441,11290.537299995776
D:\Bartek\coding\biometria\facial_auth\celeba_subset\img_align_celeba\174168.jpg,1154,True,glasses,False,0.32053789496421814,278.84130000165896
D:\Bartek\coding\biometria\facial_auth\celeba_subset\img_align_celeba\174168.jpg,1154,True,glasses,True,0.32053789496421814,283.1311999980244
D:\Bartek\coding\biometria\facial_auth\celeba_subset\img_align_celeba\191153.jpg,9632,True,mask,False,0.058790162205696106,281.79870000167284
D:\Bartek\coding\biometria\facial_auth\celeba_subset\img_align_celeba\191153.jpg,9632,True,mask,True,0.073097363114357,11325.878399999056
D:\Bartek\coding\biometria\facial_auth\celeba_subset\img_align_celeba\161328.jpg,1149,True,glasses,False,0.652258574962616,302.540599994245
D:\Bartek\coding\biometria\facial_auth\celeba_subset\img_align_celeba\161328.jpg,1149,True,glasses,True,0.652258574962616,286.2380000005942
D:\Bartek\coding\biometria\facial_auth\celeba_subset\img_align_celeba\012362.jpg,494,True,mask,False,0.1373685747385025,294.52670000318903
D:\Bartek\coding\biometria\facial_auth\celeba_subset\img_align_celeba\012362.jpg,494,True,mask,True,0.17876069247722626,289.19190000306116
D:\Bartek\coding\biometria\facial_auth\celeba_subset\img_align_celeba\135764.jpg,8091,True,glasses,False,0.6906284689903259,289.09120000025723
D:\Bartek\coding\biometria\facial_auth\celeba_subset\img_align_celeba\135764.jpg,8091,True,glasses,True,0.6906284689903259,287.6643999989028
D:\Bartek\coding\biometria\facial_auth\celeba_subset\img_align_celeba\022731.jpg,8908,True,mask,False,0.9239155054092407,271.63170000130776
D:\Bartek\coding\biometria\facial_auth\celeba_subset\img_align_celeba\022731.jpg,8908,True,mask,True,0.9245167374610901,11331.703100004233
D:\Bartek\coding\biometria\facial_auth\celeba_subset\img_align_celeba\131259.jpg,5064,True,glasses,False,0.9307715892791748,286.8305000010878
D:\Bartek\coding\biometria\facial_auth\celeba_subset\img_align_celeba\131259.jpg,5064,True,glasses,True,0.9307715892791748,285.16880000097444
D:\Bartek\coding\biometria\facial_auth\celeba_subset\img_align_celeba\107368.jpg,5127,True,mask,False,0.03033600188791752,279.57400000013877
D:\Bartek\coding\biometria\facial_auth\celeba_subset\img_align_celeba\107368.jpg,5127,True,mask,True,0.026673898100852966,11259.735399995407
D:\Bartek\coding\biometria\facial_auth\celeba_subset\img_align_celeba\005506.jpg,5534,True,glasses,False,0.3716195225715637,291.99789999984205
D:\Bartek\coding\biometria\facial_auth\celeba_subset\img_align_celeba\005506.jpg,5534,True,glasses,True,0.3716195225715637,286.9848999980604
D:\Bartek\coding\biometria\facial_auth\celeba_subset\img_align_celeba\029464.jpg,6170,True,mask,False,0.06847049295902252,292.60210000211373
D:\Bartek\coding\biometria\facial_auth\celeba_subset\img_align_celeba\029464.jpg,6170,True,mask,True,0.09083382040262222,291.4189000002807
D:\Bartek\coding\biometria\facial_auth\celeba_subset\img_align_celeba\006575.jpg,5780,True,glasses,False,0.3697868287563324,288.6426999975811
D:\Bartek\coding\biometria\facial_auth\celeba_subset\img_align_celeba\006575.jpg,5780,True,glasses,True,0.3697868287563324,287.582899996778
D:\Bartek\coding\biometria\facial_auth\celeba_subset\img_align_celeba\194364.jpg,6528,True,mask,False,0.5342950820922852,274.2262999963714
D:\Bartek\coding\biometria\facial_auth\celeba_subset\img_align_celeba\194364.jpg,6528,True,mask,True,0.5924646258354187,11613.221699997666
D:\Bartek\coding\biometria\facial_auth\celeba_subset\img_align_celeba\003308.jpg,7253,True,glasses,False,0.5428144931793213,275.34279999963474
D:\Bartek\coding\biometria\facial_auth\celeba_subset\img_align_celeba\003308.jpg,7253,True,glasses,True,0.5428144931793213,286.3528000016231
D:\Bartek\coding\biometria\facial_auth\celeba_subset\img_align_celeba\100648.jpg,5780,True,mask,False,0.25199517607688904,279.5798000006471
D:\Bartek\coding\biometria\facial_auth\celeba_subset\img_align_celeba\100648.jpg,5780,True,mask,True,0.2503361999988556,284.2975000021397
D:\Bartek\coding\biometria\facial_auth\celeba_subset\img_align_celeba\106201.jpg,5190,True,glasses,False,0.4716630280017853,292.3875000051339
D:\Bartek\coding\biometria\facial_auth\celeba_subset\img_align_celeba\106201.jpg,5190,True,glasses,True,0.4716630280017853,281.93430000101216
D:\Bartek\coding\biometria\facial_auth\celeba_subset\img_align_celeba\128970.jpg,2835,True,mask,False,0.08948864787817001,267.58739999786485
D:\Bartek\coding\biometria\facial_auth\celeba_subset\img_align_celeba\128970.jpg,2835,True,mask,True,0.1466762125492096,11316.676599999482
D:\Bartek\coding\biometria\facial_auth\celeba_subset\img_align_celeba\166378.jpg,1120,True,glasses,False,0.3962167203426361,293.948200000159
D:\Bartek\coding\biometria\facial_auth\celeba_subset\img_align_celeba\166378.jpg,1120,True,glasses,True,0.3962167203426361,287.5430999993114
D:\Bartek\coding\biometria\facial_auth\celeba_subset\img_align_celeba\070471.jpg,8908,True,mask,False,0.9019535183906555,283.58920000027865
D:\Bartek\coding\biometria\facial_auth\celeba_subset\img_align_celeba\070471.jpg,8908,True,mask,True,0.9070045948028564,11619.316099997377
D:\Bartek\coding\biometria\facial_auth\celeba_subset\img_align_celeba\110491.jpg,5238,True,glasses,False,0.6186327338218689,308.39040000137175
D:\Bartek\coding\biometria\facial_auth\celeba_subset\img_align_celeba\110491.jpg,5238,True,glasses,True,0.6186327338218689,308.38519999815617
D:\Bartek\coding\biometria\facial_auth\celeba_subset\img_align_celeba\143267.jpg,5656,True,mask,False,0.17083793878555298,301.8080999972881
D:\Bartek\coding\biometria\facial_auth\celeba_subset\img_align_celeba\143267.jpg,5656,True,mask,True,0.15335561335086823,280.88669999851845
D:\Bartek\coding\biometria\facial_auth\celeba_subset\img_align_celeba\149787.jpg,494,True,glasses,False,0.263450026512146,285.3000000031898
D:\Bartek\coding\biometria\facial_auth\celeba_subset\img_align_celeba\149787.jpg,494,True,glasses,True,0.263450026512146,307.7848999964772
D:\Bartek\coding\biometria\facial_auth\celeba_subset\img_align_celeba\114735.jpg,8971,True,mask,False,0.04625259339809418,289.3506999971578
D:\Bartek\coding\biometria\facial_auth\celeba_subset\img_align_celeba\114735.jpg,8971,True,mask,True,0.04175473004579544,11470.069599999988
D:\Bartek\coding\biometria\facial_auth\celeba_subset\img_align_celeba\150671.jpg,5127,True,glasses,False,0.26555776596069336,289.0017000027001
D:\Bartek\coding\biometria\facial_auth\celeba_subset\img_align_celeba\150671.jpg,5127,True,glasses,True,0.26555776596069336,299.2152000006172
D:\Bartek\coding\biometria\facial_auth\celeba_subset\img_align_celeba\046422.jpg,6277,True,mask,False,0.03877732530236244,293.41009999916423
D:\Bartek\coding\biometria\facial_auth\celeba_subset\img_align_celeba\046422.jpg,6277,True,mask,True,0.05987095087766647,11868.341400004283
D:\Bartek\coding\biometria\facial_auth\celeba_subset\img_align_celeba\196293.jpg,8027,True,glasses,False,0.5517246127128601,279.60819999861997
D:\Bartek\coding\biometria\facial_auth\celeba_subset\img_align_celeba\196293.jpg,8027,True,glasses,True,0.5517246127128601,284.04979999322677
D:\Bartek\coding\biometria\facial_auth\celeba_subset\img_align_celeba\198052.jpg,6195,True,mask,False,0.4854471981525421,320.6841999999597
D:\Bartek\coding\biometria\facial_auth\celeba_subset\img_align_celeba\198052.jpg,6195,True,mask,True,0.4922598600387573,11403.97700000176
D:\Bartek\coding\biometria\facial_auth\celeba_subset\img_align_celeba\164441.jpg,3200,True,glasses,False,0.4026080369949341,279.6087000024272
D:\Bartek\coding\biometria\facial_auth\celeba_subset\img_align_celeba\164441.jpg,3200,True,glasses,True,0.4026080369949341,286.58249999716645
D:\Bartek\coding\biometria\facial_auth\celeba_subset\img_align_celeba\133993.jpg,1128,True,mask,False,0.03545380383729935,289.83660000085365
D:\Bartek\coding\biometria\facial_auth\celeba_subset\img_align_celeba\133993.jpg,1128,True,mask,True,0.050266776233911514,11460.699499999464
D:\Bartek\coding\biometria\facial_auth\celeba_subset\img_align_celeba\068717.jpg,9144,True,glasses,False,0.37681132555007935,281.6420000017388
D:\Bartek\coding\biometria\facial_auth\celeba_subset\img_align_celeba\068717.jpg,9144,True,glasses,True,0.37681132555007935,283.03320000122767
D:\Bartek\coding\biometria\facial_auth\celeba_subset\img_align_celeba\104509.jpg,4936,True,mask,False,0.06255201250314713,292.80199999629986
D:\Bartek\coding\biometria\facial_auth\celeba_subset\img_align_celeba\104509.jpg,4936,True,mask,True,0.14833803474903107,11753.857000003336
D:\Bartek\coding\biometria\facial_auth\celeba_subset\img_align_celeba\147129.jpg,7253,True,glasses,False,0.4781380295753479,282.5051999971038
D:\Bartek\coding\biometria\facial_auth\celeba_subset\img_align_celeba\147129.jpg,7253,True,glasses,True,0.4781380295753479,295.98010000336217
D:\Bartek\coding\biometria\facial_auth\celeba_subset\img_align_celeba\163441.jpg,205,True,mask,False,0.0329817496240139,302.4714999992284
D:\Bartek\coding\biometria\facial_auth\celeba_subset\img_align_celeba\163441.jpg,205,True,mask,True,0.03476180508732796,11622.72149999626
D:\Bartek\coding\biometria\facial_auth\celeba_subset\img_align_celeba\090993.jpg,4936,True,glasses,False,0.43355613946914673,314.2902999970829
D:\Bartek\coding\biometria\facial_auth\celeba_subset\img_align_celeba\090993.jpg,4936,True,glasses,True,0.43355613946914673,308.95730000338517
D:\Bartek\coding\biometria\facial_auth\celeba_subset\img_align_celeba\159948.jpg,7222,True,mask,False,0.2650435268878937,276.271300004737
D:\Bartek\coding\biometria\facial_auth\celeba_subset\img_align_celeba\159948.jpg,7222,True,mask,True,0.23988142609596252,313.3369999995921
D:\Bartek\coding\biometria\facial_auth\celeba_subset\img_align_celeba\119040.jpg,1128,True,glasses,False,0.5473397374153137,286.55979999894043
D:\Bartek\coding\biometria\facial_auth\celeba_subset\img_align_celeba\119040.jpg,1128,True,glasses,True,0.5473397374153137,292.34010000072885
D:\Bartek\coding\biometria\facial_auth\celeba_subset\img_align_celeba\102683.jpg,5127,True,mask,False,0.010000738315284252,294.07789999822853
D:\Bartek\coding\biometria\facial_auth\celeba_subset\img_align_celeba\102683.jpg,5127,True,mask,True,0.14866234362125397,11831.622899997456
D:\Bartek\coding\biometria\facial_auth\celeba_subset\img_align_celeba\163008.jpg,2177,True,glasses,False,0.4871501624584198,290.37139999854844
D:\Bartek\coding\biometria\facial_auth\celeba_subset\img_align_celeba\163008.jpg,2177,True,glasses,True,0.4871501624584198,287.33500000089407
D:\Bartek\coding\biometria\facial_auth\celeba_subset\img_align_celeba\193832.jpg,9632,True,mask,False,0.067192941904068,283.25410000252305
D:\Bartek\coding\biometria\facial_auth\celeba_subset\img_align_celeba\193832.jpg,9632,True,mask,True,0.08536992222070694,286.3197999977274
D:\Bartek\coding\biometria\facial_auth\celeba_subset\img_align_celeba\126122.jpg,7422,True,glasses,False,0.4272301197052002,293.4510999984923
D:\Bartek\coding\biometria\facial_auth\celeba_subset\img_align_celeba\126122.jpg,7422,True,glasses,True,0.4272301197052002,292.72069999569794
D:\Bartek\coding\biometria\facial_auth\celeba_subset\img_align_celeba\195099.jpg,9632,True,mask,False,0.07382803410291672,276.73779999895487
D:\Bartek\coding\biometria\facial_auth\celeba_subset\img_align_celeba\195099.jpg,9632,True,mask,True,0.05408311262726784,11537.215800002741
D:\Bartek\coding\biometria\facial_auth\celeba_subset\img_align_celeba\162821.jpg,3200,True,glasses,False,0.3679841160774231,287.00430000026245
D:\Bartek\coding\biometria\facial_auth\celeba_subset\img_align_celeba\162821.jpg,3200,True,glasses,True,0.3679841160774231,292.82409999723313
D:\Bartek\coding\biometria\facial_auth\celeba_subset\img_align_celeba\149652.jpg,6722,True,mask,False,0.08665242046117783,304.60909999965224
D:\Bartek\coding\biometria\facial_auth\celeba_subset\img_align_celeba\149652.jpg,6722,True,mask,True,0.11837069690227509,11426.117599999998
D:\Bartek\coding\biometria\facial_auth\celeba_subset\img_align_celeba\021609.jpg,6719,True,glasses,False,0.455547571182251,278.0454000021564
D:\Bartek\coding\biometria\facial_auth\celeba_subset\img_align_celeba\021609.jpg,6719,True,glasses,True,0.455547571182251,301.38670000451384
D:\Bartek\coding\biometria\facial_auth\celeba_subset\img_align_celeba\027751.jpg,5780,True,mask,False,0.28359395265579224,300.7919000010588
D:\Bartek\coding\biometria\facial_auth\celeba_subset\img_align_celeba\027751.jpg,5780,True,mask,True,0.2817099988460541,307.07149999943795
D:\Bartek\coding\biometria\facial_auth\celeba_subset\img_align_celeba\133623.jpg,5210,True,glasses,False,0.47848764061927795,291.70460000023013
D:\Bartek\coding\biometria\facial_auth\celeba_subset\img_align_celeba\133623.jpg,5210,True,glasses,True,0.47848764061927795,284.57840000191936
D:\Bartek\coding\biometria\facial_auth\celeba_subset\img_align_celeba\089787.jpg,4929,True,mask,False,0.018666064366698265,278.42790000431705
D:\Bartek\coding\biometria\facial_auth\celeba_subset\img_align_celeba\089787.jpg,4929,True,mask,True,0.01944745145738125,11472.551400001976
D:\Bartek\coding\biometria\facial_auth\celeba_subset\img_align_celeba\118331.jpg,4968,True,glasses,False,0.4588528573513031,295.7461999976658
D:\Bartek\coding\biometria\facial_auth\celeba_subset\img_align_celeba\118331.jpg,4968,True,glasses,True,0.4588528573513031,297.7911999987555
D:\Bartek\coding\biometria\facial_auth\celeba_subset\img_align_celeba\005445.jpg,1435,True,mask,False,0.02115507237613201,291.06809999939287
D:\Bartek\coding\biometria\facial_auth\celeba_subset\img_align_celeba\005445.jpg,1435,True,mask,True,0.03285965695977211,11421.786300001258
D:\Bartek\coding\biometria\facial_auth\celeba_subset\img_align_celeba\149162.jpg,9534,True,glasses,False,0.47155603766441345,285.45329999906244
D:\Bartek\coding\biometria\facial_auth\celeba_subset\img_align_celeba\149162.jpg,9534,True,glasses,True,0.47155603766441345,287.0813000045018
D:\Bartek\coding\biometria\facial_auth\celeba_subset\img_align_celeba\163527.jpg,190,True,mask,False,0.12337986379861832,293.60319999977946
D:\Bartek\coding\biometria\facial_auth\celeba_subset\img_align_celeba\163527.jpg,190,True,mask,True,0.12359608709812164,11478.627299999062
D:\Bartek\coding\biometria\facial_auth\celeba_subset\img_align_celeba\166147.jpg,1154,True,glasses,False,0.38353511691093445,291.05839999829186
D:\Bartek\coding\biometria\facial_auth\celeba_subset\img_align_celeba\166147.jpg,1154,True,glasses,True,0.38353511691093445,296.5792000031797
D:\Bartek\coding\biometria\facial_auth\celeba_subset\img_align_celeba\102379.jpg,655,True,mask,False,0.11527597159147263,293.71610000089277
D:\Bartek\coding\biometria\facial_auth\celeba_subset\img_align_celeba\102379.jpg,655,True,mask,True,0.11434495449066162,11396.161999997275
D:\Bartek\coding\biometria\facial_auth\celeba_subset\img_align_celeba\042542.jpg,2814,True,glasses,False,0.49771973490715027,297.1523000014713
D:\Bartek\coding\biometria\facial_auth\celeba_subset\img_align_celeba\042542.jpg,2814,True,glasses,True,0.49771973490715027,293.92619999998715
D:\Bartek\coding\biometria\facial_auth\celeba_subset\img_align_celeba\069041.jpg,5780,True,mask,False,0.2282729297876358,294.16589999891585
D:\Bartek\coding\biometria\facial_auth\celeba_subset\img_align_celeba\069041.jpg,5780,True,mask,True,0.22418679296970367,311.3634999972419
D:\Bartek\coding\biometria\facial_auth\celeba_subset\img_align_celeba\152797.jpg,644,True,glasses,False,0.2480311095714569,293.23000000294996
D:\Bartek\coding\biometria\facial_auth\celeba_subset\img_align_celeba\152797.jpg,644,True,glasses,True,0.2480311095714569,293.6574000050314
D:\Bartek\coding\biometria\facial_auth\celeba_subset\img_align_celeba\130240.jpg,3655,True,mask,False,0.4629552364349365,305.43739999848185
D:\Bartek\coding\biometria\facial_auth\celeba_subset\img_align_celeba\130240.jpg,3655,True,mask,True,0.478954553604126,11611.241999999038
D:\Bartek\coding\biometria\facial_auth\celeba_subset\img_align_celeba\153894.jpg,8834,True,glasses,False,0.5261467099189758,299.7851000036462
D:\Bartek\coding\biometria\facial_auth\celeba_subset\img_align_celeba\153894.jpg,8834,True,glasses,True,0.5261467099189758,305.7626000008895
D:\Bartek\coding\biometria\facial_auth\celeba_subset\img_align_celeba\032368.jpg,5437,True,mask,False,0.16353833675384521,286.9308000008459
D:\Bartek\coding\biometria\facial_auth\celeba_subset\img_align_celeba\032368.jpg,5437,True,mask,True,0.2005089819431305,11372.77300000278
D:\Bartek\coding\biometria\facial_auth\celeba_subset\img_align_celeba\053473.jpg,4196,True,glasses,False,0.36775925755500793,300.13680000411114
D:\Bartek\coding\biometria\facial_auth\celeba_subset\img_align_celeba\053473.jpg,4196,True,glasses,True,0.327421635389328,308.79389999608975
D:\Bartek\coding\biometria\facial_auth\celeba_subset\img_align_celeba\030789.jpg,1147,True,mask,False,0.07043761759996414,361.8251000007149
D:\Bartek\coding\biometria\facial_auth\celeba_subset\img_align_celeba\030789.jpg,1147,True,mask,True,0.05478709191083908,302.18559999775607
D:\Bartek\coding\biometria\facial_auth\celeba_subset\img_align_celeba\016144.jpg,5672,True,glasses,False,0.3064166009426117,292.56180000083987
D:\Bartek\coding\biometria\facial_auth\celeba_subset\img_align_celeba\016144.jpg,5672,True,glasses,True,0.3064166009426117,289.3614999993588
D:\Bartek\coding\biometria\facial_auth\celeba_subset\img_align_celeba\082838.jpg,5534,True,mask,False,0.07585979998111725,293.1215999997221
D:\Bartek\coding\biometria\facial_auth\celeba_subset\img_align_celeba\082838.jpg,5534,True,mask,True,0.07585979998111725,299.2817000049399
D:\Bartek\coding\biometria\facial_auth\celeba_subset\img_align_celeba\027280.jpg,9939,True,glasses,False,0.5898987650871277,290.4768000007607
D:\Bartek\coding\biometria\facial_auth\celeba_subset\img_align_celeba\027280.jpg,9939,True,glasses,True,0.5898987650871277,293.67709999496583
D:\Bartek\coding\biometria\facial_auth\celeba_subset\img_align_celeba\097910.jpg,9688,True,mask,False,0.03718312457203865,302.98409999522846
D:\Bartek\coding\biometria\facial_auth\celeba_subset\img_align_celeba\097910.jpg,9688,True,mask,True,0.07048942148685455,11818.72669999575
D:\Bartek\coding\biometria\facial_auth\celeba_subset\img_align_celeba\167219.jpg,1154,True,glasses,False,0.2825985252857208,296.0520999986329
D:\Bartek\coding\biometria\facial_auth\celeba_subset\img_align_celeba\167219.jpg,1154,True,glasses,True,0.2825985252857208,285.29970000090543
D:\Bartek\coding\biometria\facial_auth\celeba_subset\img_align_celeba\089454.jpg,8,True,mask,False,0.04332799091935158,295.03549999935785
D:\Bartek\coding\biometria\facial_auth\celeba_subset\img_align_celeba\089454.jpg,8,True,mask,True,0.1483677178621292,11413.301699998556
D:\Bartek\coding\biometria\facial_auth\celeba_subset\img_align_celeba\099865.jpg,7422,True,glasses,False,0.5361031293869019,299.87969999638153
D:\Bartek\coding\biometria\facial_auth\celeba_subset\img_align_celeba\099865.jpg,7422,True,glasses,True,0.5361031293869019,301.43629999656696
D:\Bartek\coding\biometria\facial_auth\celeba_subset\img_align_celeba\178457.jpg,4069,True,mask,False,0.13480742275714874,298.3762999938335
D:\Bartek\coding\biometria\facial_auth\celeba_subset\img_align_celeba\178457.jpg,4069,True,mask,True,0.15059888362884521,285.00999999960186
D:\Bartek\coding\biometria\facial_auth\celeba_subset\img_align_celeba\085348.jpg,7524,True,glasses,False,0.2573889195919037,292.334400000982
D:\Bartek\coding\biometria\facial_auth\celeba_subset\img_align_celeba\085348.jpg,7524,True,glasses,True,0.2573889195919037,291.2785999942571
D:\Bartek\coding\biometria\facial_auth\celeba_subset\img_align_celeba\147024.jpg,3336,True,mask,False,0.07558189332485199,293.57619999791496
D:\Bartek\coding\biometria\facial_auth\celeba_subset\img_align_celeba\147024.jpg,3336,True,mask,True,0.20438449084758759,11382.278299999598
D:\Bartek\coding\biometria\facial_auth\celeba_subset\img_align_celeba\145841.jpg,9910,True,glasses,False,0.2061459869146347,294.7061000013491
D:\Bartek\coding\biometria\facial_auth\celeba_subset\img_align_celeba\145841.jpg,9910,True,glasses,True,0.2061459869146347,289.9838000012096
D:\Bartek\coding\biometria\facial_auth\celeba_subset\img_align_celeba\094138.jpg,644,True,mask,False,0.04807329177856445,308.63590000080876
D:\Bartek\coding\biometria\facial_auth\celeba_subset\img_align_celeba\094138.jpg,644,True,mask,True,0.00830644741654396,11383.104399996228
D:\Bartek\coding\biometria\facial_auth\celeba_subset\img_align_celeba\013470.jpg,8971,True,glasses,False,0.5999437570571899,292.48350000125356
D:\Bartek\coding\biometria\facial_auth\celeba_subset\img_align_celeba\013470.jpg,8971,True,glasses,True,0.5999437570571899,288.6159999980009
D:\Bartek\coding\biometria\facial_auth\celeba_subset\img_align_celeba\147474.jpg,5127,True,mask,False,0.15364134311676025,287.30589999759104
D:\Bartek\coding\biometria\facial_auth\celeba_subset\img_align_celeba\147474.jpg,5127,True,mask,True,0.1521206945180893,295.147699995141
D:\Bartek\coding\biometria\facial_auth\celeba_subset\img_align_celeba\167286.jpg,1154,True,glasses,False,0.3383232653141022,296.73810000531375
D:\Bartek\coding\biometria\facial_auth\celeba_subset\img_align_celeba\167286.jpg,1154,True,glasses,True,0.3383232653141022,291.874700000335
D:\Bartek\coding\biometria\facial_auth\celeba_subset\img_align_celeba\022303.jpg,4150,True,mask,False,0.022099079564213753,305.5508000034024
D:\Bartek\coding\biometria\facial_auth\celeba_subset\img_align_celeba\022303.jpg,4150,True,mask,True,0.1793832629919052,11480.494899995392
D:\Bartek\coding\biometria\facial_auth\celeba_subset\img_align_celeba\179226.jpg,2177,True,glasses,False,0.9253297448158264,304.9126000041724
D:\Bartek\coding\biometria\facial_auth\celeba_subset\img_align_celeba\179226.jpg,2177,True,glasses,True,0.9253297448158264,11741.853499996068
D:\Bartek\coding\biometria\facial_auth\celeba_subset\img_align_celeba\170990.jpg,1120,True,mask,False,-0.022429468110203743,285.73209999740357
D:\Bartek\coding\biometria\facial_auth\celeba_subset\img_align_celeba\170990.jpg,1120,True,mask,True,0.048834580928087234,11415.540299996792
D:\Bartek\coding\biometria\facial_auth\celeba_subset\img_align_celeba\052863.jpg,1167,True,glasses,False,0.37184470891952515,294.8446000009426
D:\Bartek\coding\biometria\facial_auth\celeba_subset\img_align_celeba\052863.jpg,1167,True,glasses,True,0.37184470891952515,293.23879999719793
D:\Bartek\coding\biometria\facial_auth\celeba_subset\img_align_celeba\131804.jpg,5672,True,mask,False,0.08200703561306,299.42550000123447
D:\Bartek\coding\biometria\facial_auth\celeba_subset\img_align_celeba\131804.jpg,5672,True,mask,True,0.08504536747932434,11444.017399997392
D:\Bartek\coding\biometria\facial_auth\celeba_subset\img_align_celeba\012100.jpg,6136,True,glasses,False,0.10184884816408157,293.64219999843044
D:\Bartek\coding\biometria\facial_auth\celeba_subset\img_align_celeba\012100.jpg,6136,True,glasses,True,0.10184884816408157,292.1606999952928
D:\Bartek\coding\biometria\facial_auth\celeba_subset\img_align_celeba\026367.jpg,5747,True,mask,False,0.13437893986701965,293.31010000169044
D:\Bartek\coding\biometria\facial_auth\celeba_subset\img_align_celeba\026367.jpg,5747,True,mask,True,0.13448795676231384,11447.198800000479
D:\Bartek\coding\biometria\facial_auth\celeba_subset\img_align_celeba\099720.jpg,6170,True,glasses,False,0.6807251572608948,287.140400003409
D:\Bartek\coding\biometria\facial_auth\celeba_subset\img_align_celeba\099720.jpg,6170,True,glasses,True,0.6807251572608948,293.14270000031684
D:\Bartek\coding\biometria\facial_auth\celeba_subset\img_align_celeba\129768.jpg,6368,True,mask,False,0.0780230239033699,297.2299999964889
D:\Bartek\coding\biometria\facial_auth\celeba_subset\img_align_celeba\129768.jpg,6368,True,mask,True,0.07385911792516708,11662.564699996437
D:\Bartek\coding\biometria\facial_auth\celeba_subset\img_align_celeba\031902.jpg,4196,True,glasses,False,0.377350389957428,294.253200001549
D:\Bartek\coding\biometria\facial_auth\celeba_subset\img_align_celeba\031902.jpg,4196,True,glasses,True,0.377350389957428,297.63330000423593
D:\Bartek\coding\biometria\facial_auth\celeba_subset\img_align_celeba\170751.jpg,1154,True,mask,False,0.11544103920459747,292.1155999938492
D:\Bartek\coding\biometria\facial_auth\celeba_subset\img_align_celeba\170751.jpg,1154,True,mask,True,0.1170487105846405,287.11549999570707
D:\Bartek\coding\biometria\facial_auth\celeba_subset\img_align_celeba\140081.jpg,5656,True,glasses,False,0.26815536618232727,294.05960000440245
D:\Bartek\coding\biometria\facial_auth\celeba_subset\img_align_celeba\140081.jpg,5656,True,glasses,True,0.26815536618232727,321.41240000055404
D:\Bartek\coding\biometria\facial_auth\celeba_subset\img_align_celeba\118421.jpg,1104,True,mask,False,-0.015413681045174599,291.0695999962627
D:\Bartek\coding\biometria\facial_auth\celeba_subset\img_align_celeba\118421.jpg,1104,True,mask,True,-0.0023473137989640236,11844.435500002874
D:\Bartek\coding\biometria\facial_auth\celeba_subset\img_align_celeba\030334.jpg,9093,True,glasses,False,0.5841038823127747,285.9591000014916
D:\Bartek\coding\biometria\facial_auth\celeba_subset\img_align_celeba\030334.jpg,9093,True,glasses,True,0.5841038823127747,299.6045000036247
D:\Bartek\coding\biometria\facial_auth\celeba_subset\img_align_celeba\177209.jpg,1154,True,mask,False,0.16109049320220947,291.8521999963559
D:\Bartek\coding\biometria\facial_auth\celeba_subset\img_align_celeba\177209.jpg,1154,True,mask,True,0.14549212157726288,299.73880000034114
D:\Bartek\coding\biometria\facial_auth\celeba_subset\img_align_celeba\133042.jpg,8748,True,glasses,False,0.3696812093257904,287.4411000011605
D:\Bartek\coding\biometria\facial_auth\celeba_subset\img_align_celeba\133042.jpg,8748,True,glasses,True,0.3696812093257904,298.7652000010712
D:\Bartek\coding\biometria\facial_auth\celeba_subset\img_align_celeba\091878.jpg,5672,True,mask,False,0.09079066663980484,281.44829999655485
D:\Bartek\coding\biometria\facial_auth\celeba_subset\img_align_celeba\091878.jpg,5672,True,mask,True,0.10374659299850464,11402.634999998554
D:\Bartek\coding\biometria\facial_auth\celeba_subset\img_align_celeba\003910.jpg,6170,True,glasses,False,0.5917168855667114,276.49649999511894
D:\Bartek\coding\biometria\facial_auth\celeba_subset\img_align_celeba\003910.jpg,6170,True,glasses,True,0.5917168855667114,276.14389999507694
D:\Bartek\coding\biometria\facial_auth\celeba_subset\img_align_celeba\095469.jpg,3655,True,mask,False,0.4729931056499481,285.1267999940319
D:\Bartek\coding\biometria\facial_auth\celeba_subset\img_align_celeba\095469.jpg,3655,True,mask,True,0.5136200189590454,11543.28450000321
D:\Bartek\coding\biometria\facial_auth\celeba_subset\img_align_celeba\068359.jpg,5246,True,glasses,False,0.40930360555648804,290.04710000299383
D:\Bartek\coding\biometria\facial_auth\celeba_subset\img_align_celeba\068359.jpg,5246,True,glasses,True,0.40930360555648804,287.0132999960333
D:\Bartek\coding\biometria\facial_auth\celeba_subset\img_align_celeba\097124.jpg,1128,True,mask,False,0.03186073899269104,285.1760000048671
D:\Bartek\coding\biometria\facial_auth\celeba_subset\img_align_celeba\097124.jpg,1128,True,mask,True,0.05746148154139519,11664.777500001946
D:\Bartek\coding\biometria\facial_auth\celeba_subset\img_align_celeba\104393.jpg,9093,True,glasses,False,0.46588557958602905,327.1526000025915
D:\Bartek\coding\biometria\facial_auth\celeba_subset\img_align_celeba\104393.jpg,9093,True,glasses,True,0.46588557958602905,302.0347999990918
D:\Bartek\coding\biometria\facial_auth\celeba_subset\img_align_celeba\104618.jpg,4196,True,mask,False,0.38489753007888794,281.946600000083
D:\Bartek\coding\biometria\facial_auth\celeba_subset\img_align_celeba\104618.jpg,4196,True,mask,True,0.34578973054885864,11714.154900000722
D:\Bartek\coding\biometria\facial_auth\celeba_subset\img_align_celeba\104338.jpg,4936,True,glasses,False,0.3303755223751068,276.23940000194125
D:\Bartek\coding\biometria\facial_auth\celeba_subset\img_align_celeba\104338.jpg,4936,True,glasses,True,0.3303755223751068,278.7769999995362
D:\Bartek\coding\biometria\facial_auth\celeba_subset\img_align_celeba\129344.jpg,1435,True,mask,False,0.01003516186028719,275.1140000036685
D:\Bartek\coding\biometria\facial_auth\celeba_subset\img_align_celeba\129344.jpg,1435,True,mask,True,0.009882776997983456,11448.93669999874
D:\Bartek\coding\biometria\facial_auth\celeba_subset\img_align_celeba\017190.jpg,6368,True,glasses,False,0.2776682674884796,289.1600000002654
D:\Bartek\coding\biometria\facial_auth\celeba_subset\img_align_celeba\017190.jpg,6368,True,glasses,True,0.2776682674884796,293.822600004205
D:\Bartek\coding\biometria\facial_auth\celeba_subset\img_align_celeba\132118.jpg,898,True,mask,False,0.28598785400390625,303.94369999703486
D:\Bartek\coding\biometria\facial_auth\celeba_subset\img_align_celeba\132118.jpg,898,True,mask,True,0.28928494453430176,11415.951199996925
D:\Bartek\coding\biometria\facial_auth\celeba_subset\img_align_celeba\198720.jpg,8415,True,glasses,False,0.31191644072532654,309.6214000033797
D:\Bartek\coding\biometria\facial_auth\celeba_subset\img_align_celeba\198720.jpg,8415,True,glasses,True,0.31191644072532654,308.0183999991277
D:\Bartek\coding\biometria\facial_auth\celeba_subset\img_align_celeba\153541.jpg,7222,True,mask,False,0.15450701117515564,297.8637000051094
D:\Bartek\coding\biometria\facial_auth\celeba_subset\img_align_celeba\153541.jpg,7222,True,mask,True,0.21029381453990936,11611.917299997003
D:\Bartek\coding\biometria\facial_auth\celeba_subset\img_align_celeba\019558.jpg,5238,True,glasses,False,0.5931518077850342,282.83469999587396
D:\Bartek\coding\biometria\facial_auth\celeba_subset\img_align_celeba\019558.jpg,5238,True,glasses,True,0.5931518077850342,291.7121999998926
D:\Bartek\coding\biometria\facial_auth\celeba_subset\img_align_celeba\137068.jpg,6086,True,mask,False,0.09903180599212646,310.0875999953132
D:\Bartek\coding\biometria\facial_auth\celeba_subset\img_align_celeba\137068.jpg,6086,True,mask,True,0.09781022369861603,11344.962799994391
D:\Bartek\coding\biometria\facial_auth\celeba_subset\img_align_celeba\013153.jpg,1435,True,glasses,False,0.3592604994773865,291.0157000005711
D:\Bartek\coding\biometria\facial_auth\celeba_subset\img_align_celeba\013153.jpg,1435,True,glasses,True,0.3592604994773865,295.7600000008824
D:\Bartek\coding\biometria\facial_auth\celeba_subset\img_align_celeba\134414.jpg,8748,True,mask,False,0.077571339905262,307.27359999582404
D:\Bartek\coding\biometria\facial_auth\celeba_subset\img_align_celeba\134414.jpg,8748,True,mask,True,0.10178213566541672,11831.914599999436
D:\Bartek\coding\biometria\facial_auth\celeba_subset\img_align_celeba\154238.jpg,5747,True,glasses,False,0.26507896184921265,289.20759999891743
D:\Bartek\coding\biometria\facial_auth\celeba_subset\img_align_celeba\154238.jpg,5747,True,glasses,True,0.26507896184921265,285.89800000190735
D:\Bartek\coding\biometria\facial_auth\celeba_subset\img_align_celeba\096066.jpg,6806,True,mask,False,0.01444688905030489,285.39900000032503
D:\Bartek\coding\biometria\facial_auth\celeba_subset\img_align_celeba\096066.jpg,6806,True,mask,True,0.07815950363874435,11441.424900003767
D:\Bartek\coding\biometria\facial_auth\celeba_subset\img_align_celeba\092738.jpg,5210,True,glasses,False,0.5779092311859131,299.770500001614
D:\Bartek\coding\biometria\facial_auth\celeba_subset\img_align_celeba\092738.jpg,5210,True,glasses,True,0.5779092311859131,289.87619999679737
D:\Bartek\coding\biometria\facial_auth\celeba_subset\img_align_celeba\018679.jpg,5648,True,mask,False,0.051452841609716415,291.6671999992104
D:\Bartek\coding\biometria\facial_auth\celeba_subset\img_align_celeba\018679.jpg,5648,True,mask,True,0.0489080511033535,11454.824799999187
D:\Bartek\coding\biometria\facial_auth\celeba_subset\img_align_celeba\000639.jpg,7524,True,glasses,False,0.5396104454994202,279.8580000016955
D:\Bartek\coding\biometria\facial_auth\celeba_subset\img_align_celeba\000639.jpg,7524,True,glasses,True,0.5396104454994202,284.38000000460306
D:\Bartek\coding\biometria\facial_auth\celeba_subset\img_align_celeba\006338.jpg,5656,True,mask,False,0.1263517439365387,300.8324999973411
D:\Bartek\coding\biometria\facial_auth\celeba_subset\img_align_celeba\006338.jpg,5656,True,mask,True,0.21714191138744354,11453.84240000567
D:\Bartek\coding\biometria\facial_auth\celeba_subset\img_align_celeba\042311.jpg,5190,True,glasses,False,0.4512658715248108,281.3931999990018
D:\Bartek\coding\biometria\facial_auth\celeba_subset\img_align_celeba\042311.jpg,5190,True,glasses,True,0.4512658715248108,296.12720000295667
D:\Bartek\coding\biometria\facial_auth\celeba_subset\img_align_celeba\104550.jpg,2835,True,mask,False,0.05615933611989021,290.0313999998616
D:\Bartek\coding\biometria\facial_auth\celeba_subset\img_align_celeba\104550.jpg,2835,True,mask,True,0.0894467681646347,11477.332000002207
D:\Bartek\coding\biometria\facial_auth\celeba_subset\img_align_celeba\036270.jpg,7524,True,glasses,False,0.7222546339035034,314.07210000179475
D:\Bartek\coding\biometria\facial_auth\celeba_subset\img_align_celeba\036270.jpg,7524,True,glasses,True,0.7222546339035034,286.70509999938076
D:\Bartek\coding\biometria\facial_auth\celeba_subset\img_align_celeba\012893.jpg,6136,True,mask,False,0.15528430044651031,294.78720000042813
D:\Bartek\coding\biometria\facial_auth\celeba_subset\img_align_celeba\012893.jpg,6136,True,mask,True,0.15482495725154877,292.6344000006793
D:\Bartek\coding\biometria\facial_auth\celeba_subset\img_align_celeba\135948.jpg,5210,True,glasses,False,0.45145758986473083,292.4649999986286
D:\Bartek\coding\biometria\facial_auth\celeba_subset\img_align_celeba\135948.jpg,5210,True,glasses,True,0.45145758986473083,301.36990000028163
D:\Bartek\coding\biometria\facial_auth\celeba_subset\img_align_celeba\187881.jpg,5872,True,mask,False,0.15491662919521332,302.61249999603024
D:\Bartek\coding\biometria\facial_auth\celeba_subset\img_align_celeba\187881.jpg,5872,True,mask,True,0.1548936814069748,11895.428699994227
D:\Bartek\coding\biometria\facial_auth\celeba_subset\img_align_celeba\156401.jpg,8091,True,glasses,False,0.5088950395584106,303.4927999979118
D:\Bartek\coding\biometria\facial_auth\celeba_subset\img_align_celeba\156401.jpg,8091,True,glasses,True,0.5088950395584106,310.0092999957269
D:\Bartek\coding\biometria\facial_auth\celeba_subset\img_align_celeba\049695.jpg,9478,True,mask,False,0.031149156391620636,289.21229999832576
D:\Bartek\coding\biometria\facial_auth\celeba_subset\img_align_celeba\049695.jpg,9478,True,mask,True,0.14702609181404114,11489.037200000894
D:\Bartek\coding\biometria\facial_auth\celeba_subset\img_align_celeba\179698.jpg,4069,True,glasses,False,0.37666624784469604,296.0839000006672
D:\Bartek\coding\biometria\facial_auth\celeba_subset\img_align_celeba\179698.jpg,4069,True,glasses,True,0.37666624784469604,295.9160999962478
D:\Bartek\coding\biometria\facial_auth\celeba_subset\img_align_celeba\035676.jpg,1128,True,mask,False,0.031364426016807556,300.69470000307774
D:\Bartek\coding\biometria\facial_auth\celeba_subset\img_align_celeba\035676.jpg,1128,True,mask,True,0.03239579126238823,11552.737600002729
D:\Bartek\coding\biometria\facial_auth\celeba_subset\img_align_celeba\030396.jpg,7222,True,glasses,False,0.48291656374931335,291.5168999970774
D:\Bartek\coding\biometria\facial_auth\celeba_subset\img_align_celeba\030396.jpg,7222,True,glasses,True,0.48291656374931335,303.6212000006344
D:\Bartek\coding\biometria\facial_auth\celeba_subset\img_align_celeba\152610.jpg,5656,True,mask,False,0.11372919380664825,296.96690000128
D:\Bartek\coding\biometria\facial_auth\celeba_subset\img_align_celeba\152610.jpg,5656,True,mask,True,0.16653847694396973,11371.472200000426
D:\Bartek\coding\biometria\facial_auth\celeba_subset\img_align_celeba\054233.jpg,6983,True,glasses,False,0.30510902404785156,294.5505999960005
D:\Bartek\coding\biometria\facial_auth\celeba_subset\img_align_celeba\054233.jpg,6983,True,glasses,True,0.30510902404785156,293.5236999983317
D:\Bartek\coding\biometria\facial_auth\celeba_subset\img_align_celeba\187054.jpg,5872,True,mask,False,0.17563779652118683,292.9484999986016
D:\Bartek\coding\biometria\facial_auth\celeba_subset\img_align_celeba\187054.jpg,5872,True,mask,True,0.17151202261447906,11383.355300000403
D:\Bartek\coding\biometria\facial_auth\celeba_subset\img_align_celeba\065620.jpg,5190,True,glasses,False,0.3455005884170532,300.3164999972796
D:\Bartek\coding\biometria\facial_auth\celeba_subset\img_align_celeba\065620.jpg,5190,True,glasses,True,0.3455005884170532,296.9258000011905
D:\Bartek\coding\biometria\facial_auth\celeba_subset\img_align_celeba\150189.jpg,5190,True,mask,False,0.046903375536203384,285.7198999990942
D:\Bartek\coding\biometria\facial_auth\celeba_subset\img_align_celeba\150189.jpg,5190,True,mask,True,0.019298763945698738,11686.104200001864
D:\Bartek\coding\biometria\facial_auth\celeba_subset\img_align_celeba\178265.jpg,3200,True,glasses,False,0.36840111017227173,282.89679999579675
D:\Bartek\coding\biometria\facial_auth\celeba_subset\img_align_celeba\178265.jpg,3200,True,glasses,True,0.36840111017227173,287.09879999951227
D:\Bartek\coding\biometria\facial_auth\celeba_subset\img_align_celeba\170747.jpg,3200,True,mask,False,0.4357711970806122,290.5742000002647
D:\Bartek\coding\biometria\facial_auth\celeba_subset\img_align_celeba\170747.jpg,3200,True,mask,True,0.4592435359954834,296.4265000045998
D:\Bartek\coding\biometria\facial_auth\celeba_subset\img_align_celeba\002275.jpg,1104,True,glasses,False,0.39302748441696167,300.9965999954147
D:\Bartek\coding\biometria\facial_auth\celeba_subset\img_align_celeba\002275.jpg,1104,True,glasses,True,0.39302748441696167,293.4322000000975
D:\Bartek\coding\biometria\facial_auth\celeba_subset\img_align_celeba\143181.jpg,9939,True,mask,False,0.01846395619213581,305.98460000328487
D:\Bartek\coding\biometria\facial_auth\celeba_subset\img_align_celeba\143181.jpg,9939,True,mask,True,0.030103448778390884,11381.225799996173
D:\Bartek\coding\biometria\facial_auth\celeba_subset\img_align_celeba\061035.jpg,8748,True,glasses,False,0.2692771255970001,299.45649999717716
D:\Bartek\coding\biometria\facial_auth\celeba_subset\img_align_celeba\061035.jpg,8748,True,glasses,True,0.2692771255970001,285.07750000426313
D:\Bartek\coding\biometria\facial_auth\celeba_subset\img_align_celeba\157213.jpg,6806,True,mask,False,0.006112748757004738,277.30260000680573
D:\Bartek\coding\biometria\facial_auth\celeba_subset\img_align_celeba\157213.jpg,6806,True,mask,True,0.019484277814626694,12140.367600004538
D:\Bartek\coding\biometria\facial_auth\celeba_subset\img_align_celeba\009006.jpg,8971,True,glasses,False,0.5692827105522156,293.3383000054164
D:\Bartek\coding\biometria\facial_auth\celeba_subset\img_align_celeba\009006.jpg,8971,True,glasses,True,0.5692827105522156,272.81850000144914
D:\Bartek\coding\biometria\facial_auth\celeba_subset\img_align_celeba\050239.jpg,503,True,mask,False,0.33946308493614197,279.9763000002713
D:\Bartek\coding\biometria\facial_auth\celeba_subset\img_align_celeba\050239.jpg,503,True,mask,True,0.33942967653274536,12410.724699999264
D:\Bartek\coding\biometria\facial_auth\celeba_subset\img_align_celeba\178155.jpg,3236,True,glasses,False,0.4118605852127075,286.9847000038135
D:\Bartek\coding\biometria\facial_auth\celeba_subset\img_align_celeba\178155.jpg,3236,True,glasses,True,0.4118605852127075,288.143099998706
D:\Bartek\coding\biometria\facial_auth\celeba_subset\img_align_celeba\202260.jpg,6195,True,mask,False,0.4932038486003876,288.89770000387216
D:\Bartek\coding\biometria\facial_auth\celeba_subset\img_align_celeba\202260.jpg,6195,True,mask,True,0.48640939593315125,289.42160000588046
D:\Bartek\coding\biometria\facial_auth\celeba_subset\img_align_celeba\094178.jpg,310,True,glasses,False,0.2602542042732239,284.68789999897126
D:\Bartek\coding\biometria\facial_auth\celeba_subset\img_align_celeba\094178.jpg,310,True,glasses,True,0.2602542042732239,287.6570000007632
D:\Bartek\coding\biometria\facial_auth\celeba_subset\img_align_celeba\042709.jpg,5648,True,mask,False,0.050146594643592834,289.5524999985355
D:\Bartek\coding\biometria\facial_auth\celeba_subset\img_align_celeba\042709.jpg,5648,True,mask,True,0.052601251751184464,13146.497499998077
D:\Bartek\coding\biometria\facial_auth\celeba_subset\img_align_celeba\105348.jpg,4936,True,glasses,False,0.4385839104652405,289.15889999916544
D:\Bartek\coding\biometria\facial_auth\celeba_subset\img_align_celeba\105348.jpg,4936,True,glasses,True,0.4385839104652405,291.2090000027092
D:\Bartek\coding\biometria\facial_auth\celeba_subset\img_align_celeba\006124.jpg,6368,True,mask,False,0.07710738480091095,285.1392000011401
D:\Bartek\coding\biometria\facial_auth\celeba_subset\img_align_celeba\006124.jpg,6368,True,mask,True,0.07721696048974991,11965.22030000051
D:\Bartek\coding\biometria\facial_auth\celeba_subset\img_align_celeba\184440.jpg,8936,True,glasses,False,0.3855489492416382,275.388699999894
D:\Bartek\coding\biometria\facial_auth\celeba_subset\img_align_celeba\184440.jpg,8936,True,glasses,True,0.3855489492416382,276.8623000010848
D:\Bartek\coding\biometria\facial_auth\celeba_subset\img_align_celeba\069035.jpg,7524,True,mask,False,0.9510034918785095,283.22239999397425
D:\Bartek\coding\biometria\facial_auth\celeba_subset\img_align_celeba\069035.jpg,7524,True,mask,True,0.9673026204109192,12531.99339999992
D:\Bartek\coding\biometria\facial_auth\celeba_subset\img_align_celeba\023315.jpg,9688,True,glasses,False,0.8095769882202148,274.8118000017712
D:\Bartek\coding\biometria\facial_auth\celeba_subset\img_align_celeba\023315.jpg,9688,True,glasses,True,0.8095769882202148,273.6579999982496
D:\Bartek\coding\biometria\facial_auth\celeba_subset\img_align_celeba\162245.jpg,4929,True,mask,False,0.0876869261264801,270.2475999976741
D:\Bartek\coding\biometria\facial_auth\celeba_subset\img_align_celeba\162245.jpg,4929,True,mask,True,0.07530880719423294,11688.70109999989
D:\Bartek\coding\biometria\facial_auth\celeba_subset\img_align_celeba\145574.jpg,1435,True,glasses,False,0.3941044509410858,284.0063999974518
D:\Bartek\coding\biometria\facial_auth\celeba_subset\img_align_celeba\145574.jpg,1435,True,glasses,True,0.3941044509410858,292.10540000349283
D:\Bartek\coding\biometria\facial_auth\celeba_subset\img_align_celeba\070084.jpg,9093,True,mask,False,0.15692947804927826,308.0566999997245
D:\Bartek\coding\biometria\facial_auth\celeba_subset\img_align_celeba\070084.jpg,9093,True,mask,True,0.15964730083942413,291.1898999955156
D:\Bartek\coding\biometria\facial_auth\celeba_subset\img_align_celeba\179162.jpg,205,True,glasses,False,0.18559162318706512,293.83470000175294
D:\Bartek\coding\biometria\facial_auth\celeba_subset\img_align_celeba\179162.jpg,205,True,glasses,True,0.18559162318706512,292.7544999984093
D:\Bartek\coding\biometria\facial_auth\celeba_subset\img_align_celeba\010221.jpg,5246,True,mask,False,0.11535438895225525,299.06459999619983
D:\Bartek\coding\biometria\facial_auth\celeba_subset\img_align_celeba\010221.jpg,5246,True,mask,True,0.13103459775447845,11949.490899998636
D:\Bartek\coding\biometria\facial_auth\celeba_subset\img_align_celeba\125970.jpg,4936,True,glasses,False,0.11082939058542252,275.78820000053383
D:\Bartek\coding\biometria\facial_auth\celeba_subset\img_align_celeba\125970.jpg,4936,True,glasses,True,0.11082939058542252,293.7586999978521
D:\Bartek\coding\biometria\facial_auth\celeba_subset\img_align_celeba\152835.jpg,5210,True,mask,False,0.01149061881005764,295.19490000529913
D:\Bartek\coding\biometria\facial_auth\celeba_subset\img_align_celeba\152835.jpg,5210,True,mask,True,0.022685334086418152,288.55169999587815
D:\Bartek\coding\biometria\facial_auth\celeba_subset\img_align_celeba\070955.jpg,5238,True,glasses,False,0.5099348425865173,288.7382999979309
D:\Bartek\coding\biometria\facial_auth\celeba_subset\img_align_celeba\070955.jpg,5238,True,glasses,True,0.5099348425865173,310.7508000030066
D:\Bartek\coding\biometria\facial_auth\celeba_subset\img_align_celeba\056430.jpg,878,True,mask,False,0.023896731436252594,297.6993999982369
D:\Bartek\coding\biometria\facial_auth\celeba_subset\img_align_celeba\056430.jpg,878,True,mask,True,0.01498472597450018,12772.272499998508
D:\Bartek\coding\biometria\facial_auth\celeba_subset\img_align_celeba\122699.jpg,8908,True,glasses,False,0.32408127188682556,293.17620000074385
D:\Bartek\coding\biometria\facial_auth\celeba_subset\img_align_celeba\122699.jpg,8908,True,glasses,True,0.32408127188682556,314.1957999978331
D:\Bartek\coding\biometria\facial_auth\celeba_subset\img_align_celeba\074120.jpg,5747,True,mask,False,0.10956108570098877,280.69249999680324
D:\Bartek\coding\biometria\facial_auth\celeba_subset\img_align_celeba\074120.jpg,5747,True,mask,True,0.19768813252449036,11812.722800001211
D:\Bartek\coding\biometria\facial_auth\celeba_subset\img_align_celeba\162046.jpg,8834,True,glasses,False,0.5231437683105469,281.34769999451237
D:\Bartek\coding\biometria\facial_auth\celeba_subset\img_align_celeba\162046.jpg,8834,True,glasses,True,0.5231437683105469,283.02839999378193
D:\Bartek\coding\biometria\facial_auth\celeba_subset\img_align_celeba\085275.jpg,7338,True,mask,False,0.21087278425693512,296.45390000223415
D:\Bartek\coding\biometria\facial_auth\celeba_subset\img_align_celeba\085275.jpg,7338,True,mask,True,0.1786942481994629,11457.025499999872
D:\Bartek\coding\biometria\facial_auth\celeba_subset\img_align_celeba\117240.jpg,8908,True,glasses,False,0.6455807685852051,290.5882999984897
D:\Bartek\coding\biometria\facial_auth\celeba_subset\img_align_celeba\117240.jpg,8908,True,glasses,True,0.6455807685852051,288.4563999978127
D:\Bartek\coding\biometria\facial_auth\celeba_subset\img_align_celeba\094371.jpg,7524,True,mask,False,0.9750524759292603,286.50809999817284
D:\Bartek\coding\biometria\facial_auth\celeba_subset\img_align_celeba\094371.jpg,7524,True,mask,True,0.9750413298606873,11410.785300002317
D:\Bartek\coding\biometria\facial_auth\celeba_subset\img_align_celeba\124331.jpg,4968,True,glasses,False,0.4408220648765564,285.45309999753954
D:\Bartek\coding\biometria\facial_auth\celeba_subset\img_align_celeba\124331.jpg,4968,True,glasses,True,0.4408220648765564,291.13199999846984
D:\Bartek\coding\biometria\facial_auth\celeba_subset\img_align_celeba\166298.jpg,1350,True,mask,False,-0.01987268775701523,287.32549999404
D:\Bartek\coding\biometria\facial_auth\celeba_subset\img_align_celeba\166298.jpg,1350,True,mask,True,0.03209824115037918,12082.508399995277
D:\Bartek\coding\biometria\facial_auth\celeba_subset\img_align_celeba\002751.jpg,8971,True,glasses,False,0.6112813353538513,278.6110000015469
D:\Bartek\coding\biometria\facial_auth\celeba_subset\img_align_celeba\002751.jpg,8971,True,glasses,True,0.6112813353538513,289.89489999366924
D:\Bartek\coding\biometria\facial_auth\celeba_subset\img_align_celeba\046024.jpg,5127,True,mask,False,0.028221234679222107,291.17499999847496
D:\Bartek\coding\biometria\facial_auth\celeba_subset\img_align_celeba\046024.jpg,5127,True,mask,True,0.0037184362299740314,11501.449800001865
D:\Bartek\coding\biometria\facial_auth\celeba_subset\img_align_celeba\139556.jpg,5648,True,glasses,False,0.3904045522212982,286.7480999993859
D:\Bartek\coding\biometria\facial_auth\celeba_subset\img_align_celeba\139556.jpg,5648,True,glasses,True,0.3904045522212982,283.79190000123344
D:\Bartek\coding\biometria\facial_auth\celeba_subset\img_align_celeba\118467.jpg,5246,True,mask,False,0.10751379281282425,292.3903999981121
D:\Bartek\coding\biometria\facial_auth\celeba_subset\img_align_celeba\118467.jpg,5246,True,mask,True,0.1178402528166771,11534.190600003058
D:\Bartek\coding\biometria\facial_auth\celeba_subset\img_align_celeba\049246.jpg,6719,True,glasses,False,0.6051983833312988,278.43399999983376
D:\Bartek\coding\biometria\facial_auth\celeba_subset\img_align_celeba\049246.jpg,6719,True,glasses,True,0.6051983833312988,290.91350000089733
D:\Bartek\coding\biometria\facial_auth\celeba_subset\img_align_celeba\014081.jpg,6136,True,mask,False,0.12646572291851044,297.9218000036781
D:\Bartek\coding\biometria\facial_auth\celeba_subset\img_align_celeba\014081.jpg,6136,True,mask,True,0.1635867953300476,11521.119899996847
D:\Bartek\coding\biometria\facial_auth\celeba_subset\img_align_celeba\162676.jpg,7222,True,glasses,False,0.4655158221721649,285.29929999785963
D:\Bartek\coding\biometria\facial_auth\celeba_subset\img_align_celeba\162676.jpg,7222,True,glasses,True,0.4655158221721649,296.4328999951249
D:\Bartek\coding\biometria\facial_auth\celeba_subset\img_align_celeba\163625.jpg,4069,True,mask,False,0.25717341899871826,290.13080000004265
D:\Bartek\coding\biometria\facial_auth\celeba_subset\img_align_celeba\163625.jpg,4069,True,mask,True,0.3085731565952301,292.78809999959776
D:\Bartek\coding\biometria\facial_auth\celeba_subset\img_align_celeba\192424.jpg,8027,True,glasses,False,0.6022129058837891,290.3660000010859
D:\Bartek\coding\biometria\facial_auth\celeba_subset\img_align_celeba\192424.jpg,8027,True,glasses,True,0.6022129058837891,312.7905000001192
D:\Bartek\coding\biometria\facial_auth\celeba_subset\img_align_celeba\059289.jpg,1149,True,mask,False,0.05878642573952675,279.8241999989841
D:\Bartek\coding\biometria\facial_auth\celeba_subset\img_align_celeba\059289.jpg,1149,True,mask,True,0.05743737891316414,11644.922299994505
D:\Bartek\coding\biometria\facial_auth\celeba_subset\img_align_celeba\075552.jpg,5437,True,glasses,False,0.6177405714988708,281.7715999990469
D:\Bartek\coding\biometria\facial_auth\celeba_subset\img_align_celeba\075552.jpg,5437,True,glasses,True,0.6177405714988708,275.2920999992057
D:\Bartek\coding\biometria\facial_auth\celeba_subset\img_align_celeba\166803.jpg,3200,True,mask,False,0.5445691347122192,386.49309999891557
D:\Bartek\coding\biometria\facial_auth\celeba_subset\img_align_celeba\166803.jpg,3200,True,mask,True,0.5555323958396912,276.6386000002967
D:\Bartek\coding\biometria\facial_auth\celeba_subset\img_align_celeba\049242.jpg,5780,True,glasses,False,0.22417278587818146,285.5810000037309
D:\Bartek\coding\biometria\facial_auth\celeba_subset\img_align_celeba\049242.jpg,5780,True,glasses,True,0.22417278587818146,291.3062999941758
D:\Bartek\coding\biometria\facial_auth\celeba_subset\img_align_celeba\196161.jpg,8415,True,mask,False,0.09512248635292053,282.6837999964482
D:\Bartek\coding\biometria\facial_auth\celeba_subset\img_align_celeba\196161.jpg,8415,True,mask,True,0.12450923770666122,12107.361900001706
D:\Bartek\coding\biometria\facial_auth\celeba_subset\img_align_celeba\094591.jpg,5648,True,glasses,False,0.712608277797699,280.6105000054231
D:\Bartek\coding\biometria\facial_auth\celeba_subset\img_align_celeba\094591.jpg,5648,True,glasses,True,0.712608277797699,289.16649999882793
D:\Bartek\coding\biometria\facial_auth\celeba_subset\img_align_celeba\110433.jpg,655,True,mask,False,0.09918059408664703,300.5687999975635
D:\Bartek\coding\biometria\facial_auth\celeba_subset\img_align_celeba\110433.jpg,655,True,mask,True,0.11568675935268402,12156.379500003823
D:\Bartek\coding\biometria\facial_auth\celeba_subset\img_align_celeba\125614.jpg,9300,True,glasses,False,0.24958157539367676,291.7033999983687
D:\Bartek\coding\biometria\facial_auth\celeba_subset\img_align_celeba\125614.jpg,9300,True,glasses,True,0.24958157539367676,330.67599999776576
D:\Bartek\coding\biometria\facial_auth\celeba_subset\img_align_celeba\154788.jpg,2814,True,mask,False,0.10849086195230484,321.8501000010292
D:\Bartek\coding\biometria\facial_auth\celeba_subset\img_align_celeba\154788.jpg,2814,True,mask,True,0.11616040766239166,316.3457999980892
D:\Bartek\coding\biometria\facial_auth\celeba_subset\img_align_celeba\070899.jpg,5127,True,glasses,False,0.26442983746528625,294.9542999995174
D:\Bartek\coding\biometria\facial_auth\celeba_subset\img_align_celeba\070899.jpg,5127,True,glasses,True,0.26442983746528625,312.11390000680694
D:\Bartek\coding\biometria\facial_auth\celeba_subset\img_align_celeba\022986.jpg,975,True,mask,False,0.058004170656204224,300.21719999786
D:\Bartek\coding\biometria\facial_auth\celeba_subset\img_align_celeba\022986.jpg,975,True,mask,True,0.05058564245700836,11628.645900003903
D:\Bartek\coding\biometria\facial_auth\celeba_subset\img_align_celeba\077342.jpg,1147,True,glasses,False,0.3903384804725647,290.23679999954766
D:\Bartek\coding\biometria\facial_auth\celeba_subset\img_align_celeba\077342.jpg,1147,True,glasses,True,0.3903384804725647,294.4117000006372
D:\Bartek\coding\biometria\facial_auth\celeba_subset\img_align_celeba\011066.jpg,4929,True,mask,False,0.038838040083646774,286.6498999937903
D:\Bartek\coding\biometria\facial_auth\celeba_subset\img_align_celeba\011066.jpg,4929,True,mask,True,0.06778926402330399,11833.29650000087
D:\Bartek\coding\biometria\facial_auth\celeba_subset\img_align_celeba\168189.jpg,4185,True,glasses,False,0.4766663908958435,287.700799999584
D:\Bartek\coding\biometria\facial_auth\celeba_subset\img_align_celeba\168189.jpg,4185,True,glasses,True,0.4766663908958435,292.636100006348
D:\Bartek\coding\biometria\facial_auth\celeba_subset\img_align_celeba\197391.jpg,5575,True,mask,False,0.13037438690662384,282.1183000050951
D:\Bartek\coding\biometria\facial_auth\celeba_subset\img_align_celeba\197391.jpg,5575,True,mask,True,0.1866079419851303,11401.112699997611
D:\Bartek\coding\biometria\facial_auth\celeba_subset\img_align_celeba\135975.jpg,6983,True,glasses,False,0.4790533483028412,295.3596000006655
D:\Bartek\coding\biometria\facial_auth\celeba_subset\img_align_celeba\135975.jpg,6983,True,glasses,True,0.4790533483028412,276.66129999852274
D:\Bartek\coding\biometria\facial_auth\celeba_subset\img_align_celeba\146473.jpg,898,True,mask,False,0.2932334542274475,270.752900003572
D:\Bartek\coding\biometria\facial_auth\celeba_subset\img_align_celeba\146473.jpg,898,True,mask,True,0.2858119308948517,290.7651000059559
D:\Bartek\coding\biometria\facial_auth\celeba_subset\img_align_celeba\049260.jpg,6722,True,glasses,False,0.2827458083629608,316.80190000042785
D:\Bartek\coding\biometria\facial_auth\celeba_subset\img_align_celeba\049260.jpg,6722,True,glasses,True,0.2827458083629608,292.122400001972
D:\Bartek\coding\biometria\facial_auth\celeba_subset\img_align_celeba\063110.jpg,878,True,mask,False,0.003002837533131242,293.49740000179736
D:\Bartek\coding\biometria\facial_auth\celeba_subset\img_align_celeba\063110.jpg,878,True,mask,True,0.0027762828394770622,11457.613399994443
D:\Bartek\coding\biometria\facial_auth\celeba_subset\img_align_celeba\052841.jpg,6368,True,glasses,False,0.5371089577674866,280.5845999973826
D:\Bartek\coding\biometria\facial_auth\celeba_subset\img_align_celeba\052841.jpg,6368,True,glasses,True,0.5371089577674866,285.94409999641357
D:\Bartek\coding\biometria\facial_auth\celeba_subset\img_align_celeba\046652.jpg,5064,True,mask,False,0.02276459150016308,283.88499999709893
D:\Bartek\coding\biometria\facial_auth\celeba_subset\img_align_celeba\046652.jpg,5064,True,mask,True,0.023306867107748985,11438.93090000347
D:\Bartek\coding\biometria\facial_auth\celeba_subset\img_align_celeba\093329.jpg,4659,True,glasses,False,0.37318623065948486,291.85059999872465
D:\Bartek\coding\biometria\facial_auth\celeba_subset\img_align_celeba\093329.jpg,4659,True,glasses,True,0.37318623065948486,299.16319999756524
D:\Bartek\coding\biometria\facial_auth\celeba_subset\img_align_celeba\150435.jpg,8971,True,mask,False,0.059081971645355225,294.84470000170404
D:\Bartek\coding\biometria\facial_auth\celeba_subset\img_align_celeba\150435.jpg,8971,True,mask,True,0.07789012789726257,11645.501699997112
D:\Bartek\coding\biometria\facial_auth\celeba_subset\img_align_celeba\099127.jpg,8971,True,glasses,False,0.42878052592277527,290.67809999833116
D:\Bartek\coding\biometria\facial_auth\celeba_subset\img_align_celeba\099127.jpg,8971,True,glasses,True,0.42878052592277527,299.7679000036442
D:\Bartek\coding\biometria\facial_auth\celeba_subset\img_align_celeba\030929.jpg,975,True,mask,False,0.12934786081314087,295.1365999979316
D:\Bartek\coding\biometria\facial_auth\celeba_subset\img_align_celeba\030929.jpg,975,True,mask,True,0.10779520124197006,11936.2825000062
D:\Bartek\coding\biometria\facial_auth\celeba_subset\img_align_celeba\016081.jpg,1149,True,glasses,False,0.443477064371109,289.72950000024866
D:\Bartek\coding\biometria\facial_auth\celeba_subset\img_align_celeba\016081.jpg,1149,True,glasses,True,0.443477064371109,279.91820000170264
D:\Bartek\coding\biometria\facial_auth\celeba_subset\img_align_celeba\106485.jpg,9534,True,mask,False,0.2406166046857834,295.13610000140034
D:\Bartek\coding\biometria\facial_auth\celeba_subset\img_align_celeba\106485.jpg,9534,True,mask,True,0.2549983561038971,11689.189899996563
D:\Bartek\coding\biometria\facial_auth\celeba_subset\img_align_celeba\093508.jpg,494,True,glasses,False,0.25471386313438416,285.9135000035167
D:\Bartek\coding\biometria\facial_auth\celeba_subset\img_align_celeba\093508.jpg,494,True,glasses,True,0.25471386313438416,297.6014999949257
D:\Bartek\coding\biometria\facial_auth\celeba_subset\img_align_celeba\033677.jpg,4870,True,mask,False,0.1428663581609726,289.3929999991087
D:\Bartek\coding\biometria\facial_auth\celeba_subset\img_align_celeba\033677.jpg,4870,True,mask,True,0.22298657894134521,11511.966199999733
D:\Bartek\coding\biometria\facial_auth\celeba_subset\img_align_celeba\076427.jpg,655,True,glasses,False,0.47272735834121704,275.69819999916945
D:\Bartek\coding\biometria\facial_auth\celeba_subset\img_align_celeba\076427.jpg,655,True,glasses,True,0.47272735834121704,286.84700000303565
D:\Bartek\coding\biometria\facial_auth\celeba_subset\img_align_celeba\177735.jpg,190,True,mask,False,0.3285278081893921,286.3867000050959
D:\Bartek\coding\biometria\facial_auth\celeba_subset\img_align_celeba\177735.jpg,190,True,mask,True,0.3253779113292694,11536.740600000485
D:\Bartek\coding\biometria\facial_auth\celeba_subset\img_align_celeba\008237.jpg,1104,True,glasses,False,0.15654747188091278,289.94210000382736
D:\Bartek\coding\biometria\facial_auth\celeba_subset\img_align_celeba\008237.jpg,1104,True,glasses,True,0.15654747188091278,275.4322000037064
D:\Bartek\coding\biometria\facial_auth\celeba_subset\img_align_celeba\058274.jpg,5747,True,mask,False,0.10121611505746841,270.2041000011377
D:\Bartek\coding\biometria\facial_auth\celeba_subset\img_align_celeba\058274.jpg,5747,True,mask,True,0.10074429959058762,11861.408600001596
D:\Bartek\coding\biometria\facial_auth\celeba_subset\img_align_celeba\044464.jpg,5672,True,glasses,False,0.39903849363327026,339.18529999937164
D:\Bartek\coding\biometria\facial_auth\celeba_subset\img_align_celeba\044464.jpg,5672,True,glasses,True,0.39903849363327026,419.3181000009645
D:\Bartek\coding\biometria\facial_auth\celeba_subset\img_align_celeba\046770.jpg,4936,True,mask,False,0.11524830758571625,285.4566000023624
D:\Bartek\coding\biometria\facial_auth\celeba_subset\img_align_celeba\046770.jpg,4936,True,mask,True,0.11982610821723938,304.6403999978793
D:\Bartek\coding\biometria\facial_auth\celeba_subset\img_align_celeba\057388.jpg,2835,True,glasses,False,0.45446228981018066,280.9296000050381
D:\Bartek\coding\biometria\facial_auth\celeba_subset\img_align_celeba\057388.jpg,2835,True,glasses,True,0.45446228981018066,285.5295999979717
D:\Bartek\coding\biometria\facial_auth\celeba_subset\img_align_celeba\062077.jpg,6972,True,mask,False,0.050749294459819794,314.33629999810364
D:\Bartek\coding\biometria\facial_auth\celeba_subset\img_align_celeba\062077.jpg,6972,True,mask,True,0.050749294459819794,292.2231999982614
D:\Bartek\coding\biometria\facial_auth\celeba_subset\img_align_celeba\054354.jpg,4929,True,glasses,False,0.3487490117549896,283.3896999945864
D:\Bartek\coding\biometria\facial_auth\celeba_subset\img_align_celeba\054354.jpg,4929,True,glasses,True,0.3487490117549896,296.14569999830564
D:\Bartek\coding\biometria\facial_auth\celeba_subset\img_align_celeba\195021.jpg,7088,True,mask,False,0.061792172491550446,286.92620000219904
D:\Bartek\coding\biometria\facial_auth\celeba_subset\img_align_celeba\195021.jpg,7088,True,mask,True,0.07201571762561798,11604.73820000334
D:\Bartek\coding\biometria\facial_auth\celeba_subset\img_align_celeba\040805.jpg,7524,True,glasses,False,0.20652076601982117,291.1919999969541
D:\Bartek\coding\biometria\facial_auth\celeba_subset\img_align_celeba\040805.jpg,7524,True,glasses,True,0.20652076601982117,289.14820000500185
D:\Bartek\coding\biometria\facial_auth\celeba_subset\img_align_celeba\123442.jpg,6806,True,mask,False,0.014630635268986225,291.2480000013602
D:\Bartek\coding\biometria\facial_auth\celeba_subset\img_align_celeba\123442.jpg,6806,True,mask,True,0.030653757974505424,12110.48799999844
D:\Bartek\coding\biometria\facial_auth\celeba_subset\img_align_celeba\107086.jpg,5672,True,glasses,False,0.3408919870853424,285.8277999985148
D:\Bartek\coding\biometria\facial_auth\celeba_subset\img_align_celeba\107086.jpg,5672,True,glasses,True,0.3408919870853424,292.1323000045959
D:\Bartek\coding\biometria\facial_auth\celeba_subset\img_align_celeba\078965.jpg,8,True,mask,False,0.01984291709959507,278.1357999992906
D:\Bartek\coding\biometria\facial_auth\celeba_subset\img_align_celeba\078965.jpg,8,True,mask,True,0.20329369604587555,11670.07979999471
D:\Bartek\coding\biometria\facial_auth\celeba_subset\img_align_celeba\117458.jpg,7253,True,glasses,False,0.4637475609779358,284.8613000023761
D:\Bartek\coding\biometria\facial_auth\celeba_subset\img_align_celeba\117458.jpg,7253,True,glasses,True,0.4637475609779358,281.9741999992402
D:\Bartek\coding\biometria\facial_auth\celeba_subset\img_align_celeba\022616.jpg,6983,True,mask,False,0.1369582712650299,284.38769999775104
D:\Bartek\coding\biometria\facial_auth\celeba_subset\img_align_celeba\022616.jpg,6983,True,mask,True,0.14228646457195282,13090.439600004174
D:\Bartek\coding\biometria\facial_auth\celeba_subset\img_align_celeba\185013.jpg,5575,True,glasses,False,0.5400949716567993,290.45849999965867
D:\Bartek\coding\biometria\facial_auth\celeba_subset\img_align_celeba\185013.jpg,5575,True,glasses,True,0.5400949716567993,294.13880000356585
D:\Bartek\coding\biometria\facial_auth\celeba_subset\img_align_celeba\173366.jpg,190,True,mask,False,0.1766980141401291,274.61310000217054
D:\Bartek\coding\biometria\facial_auth\celeba_subset\img_align_celeba\173366.jpg,190,True,mask,True,0.17865090072155,11508.302199996251
D:\Bartek\coding\biometria\facial_auth\celeba_subset\img_align_celeba\075195.jpg,1149,True,glasses,False,0.5404980778694153,280.40680000412976
D:\Bartek\coding\biometria\facial_auth\celeba_subset\img_align_celeba\075195.jpg,1149,True,glasses,True,0.5404980778694153,282.46450000006007
D:\Bartek\coding\biometria\facial_auth\celeba_subset\img_align_celeba\071763.jpg,6456,True,mask,False,0.3121718466281891,292.9623000018182
D:\Bartek\coding\biometria\facial_auth\celeba_subset\img_align_celeba\071763.jpg,6456,True,mask,True,0.29902952909469604,11357.348600002297
D:\Bartek\coding\biometria\facial_auth\celeba_subset\img_align_celeba\194071.jpg,8936,True,glasses,False,0.43357351422309875,217.2528000010061
D:\Bartek\coding\biometria\facial_auth\celeba_subset\img_align_celeba\194071.jpg,8936,True,glasses,True,0.43357351422309875,215.21059999940917
D:\Bartek\coding\biometria\facial_auth\celeba_subset\img_align_celeba\166801.jpg,3877,True,mask,False,0.06952179968357086,284.4948999991175
D:\Bartek\coding\biometria\facial_auth\celeba_subset\img_align_celeba\166801.jpg,3877,True,mask,True,0.06100193411111832,280.3429999985383
D:\Bartek\coding\biometria\facial_auth\celeba_subset\img_align_celeba\181379.jpg,3236,True,glasses,False,0.5778366327285767,277.54669999558246
D:\Bartek\coding\biometria\facial_auth\celeba_subset\img_align_celeba\181379.jpg,3236,True,glasses,True,0.5778366327285767,274.89869999408256
D:\Bartek\coding\biometria\facial_auth\celeba_subset\img_align_celeba\051995.jpg,655,True,mask,False,0.09004665166139603,287.3548999996274
D:\Bartek\coding\biometria\facial_auth\celeba_subset\img_align_celeba\051995.jpg,655,True,mask,True,0.09138921648263931,11488.593399997626
D:\Bartek\coding\biometria\facial_auth\celeba_subset\img_align_celeba\023849.jpg,5190,True,glasses,False,0.37252694368362427,284.78940000059083
D:\Bartek\coding\biometria\facial_auth\celeba_subset\img_align_celeba\023849.jpg,5190,True,glasses,True,0.37252694368362427,300.7549999965704
D:\Bartek\coding\biometria\facial_auth\celeba_subset\img_align_celeba\193469.jpg,6528,True,mask,False,0.5516969561576843,280.92520000063814
D:\Bartek\coding\biometria\facial_auth\celeba_subset\img_align_celeba\193469.jpg,6528,True,mask,True,0.5401101112365723,279.16869999899063
D:\Bartek\coding\biometria\facial_auth\celeba_subset\img_align_celeba\176410.jpg,1154,True,glasses,False,0.37453341484069824,282.87169999384787
D:\Bartek\coding\biometria\facial_auth\celeba_subset\img_align_celeba\176410.jpg,1154,True,glasses,True,0.37453341484069824,284.6276999989641
D:\Bartek\coding\biometria\facial_auth\celeba_subset\img_align_celeba\100751.jpg,5747,True,mask,False,0.11443360149860382,289.0804000053322
D:\Bartek\coding\biometria\facial_auth\celeba_subset\img_align_celeba\100751.jpg,5747,True,mask,True,0.19224408268928528,285.24130000005243
D:\Bartek\coding\biometria\facial_auth\celeba_subset\img_align_celeba\096456.jpg,1147,True,glasses,False,0.3643915355205536,281.21200000168756
D:\Bartek\coding\biometria\facial_auth\celeba_subset\img_align_celeba\096456.jpg,1147,True,glasses,True,0.3643915355205536,275.05530000053113
D:\Bartek\coding\biometria\facial_auth\celeba_subset\img_align_celeba\054188.jpg,1149,True,mask,False,0.06566047668457031,281.5483999947901
D:\Bartek\coding\biometria\facial_auth\celeba_subset\img_align_celeba\054188.jpg,1149,True,mask,True,0.0652908906340599,11380.177599996387
D:\Bartek\coding\biometria\facial_auth\celeba_subset\img_align_celeba\161289.jpg,7422,True,glasses,False,0.38165342807769775,276.5679000003729
D:\Bartek\coding\biometria\facial_auth\celeba_subset\img_align_celeba\161289.jpg,7422,True,glasses,True,0.38165342807769775,287.92149999935646
D:\Bartek\coding\biometria\facial_auth\celeba_subset\img_align_celeba\195932.jpg,6528,True,mask,False,0.5529861450195312,282.19439999520546
D:\Bartek\coding\biometria\facial_auth\celeba_subset\img_align_celeba\195932.jpg,6528,True,mask,True,0.5683454871177673,11972.454200003995
D:\Bartek\coding\biometria\facial_auth\celeba_subset\img_align_celeba\193414.jpg,6528,True,glasses,False,0.4614584445953369,280.1679000040167
D:\Bartek\coding\biometria\facial_auth\celeba_subset\img_align_celeba\193414.jpg,6528,True,glasses,True,0.4614584445953369,290.4482999947504
D:\Bartek\coding\biometria\facial_auth\celeba_subset\img_align_celeba\109255.jpg,8748,True,mask,False,0.08703137934207916,291.56459999649087
D:\Bartek\coding\biometria\facial_auth\celeba_subset\img_align_celeba\109255.jpg,8748,True,mask,True,0.11794504523277283,11620.133299998997
D:\Bartek\coding\biometria\facial_auth\celeba_subset\img_align_celeba\027582.jpg,5210,True,glasses,False,0.3427072763442993,279.96559999883175
D:\Bartek\coding\biometria\facial_auth\celeba_subset\img_align_celeba\027582.jpg,5210,True,glasses,True,0.3427072763442993,292.7700000000186
D:\Bartek\coding\biometria\facial_auth\celeba_subset\img_align_celeba\115278.jpg,9144,True,mask,False,0.15936651825904846,278.75330000097165
D:\Bartek\coding\biometria\facial_auth\celeba_subset\img_align_celeba\115278.jpg,9144,True,mask,True,0.17202524840831757,12060.776799997257
D:\Bartek\coding\biometria\facial_auth\celeba_subset\img_align_celeba\086916.jpg,4968,True,glasses,False,0.3203963339328766,287.2590999977547
D:\Bartek\coding\biometria\facial_auth\celeba_subset\img_align_celeba\086916.jpg,4968,True,glasses,True,0.3203963339328766,292.8170999948634
D:\Bartek\coding\biometria\facial_auth\celeba_subset\img_align_celeba\032851.jpg,6806,True,mask,False,0.03371671214699745,292.92359999817563
D:\Bartek\coding\biometria\facial_auth\celeba_subset\img_align_celeba\032851.jpg,6806,True,mask,True,0.139475479722023,11819.396499995491
D:\Bartek\coding\biometria\facial_auth\celeba_subset\img_align_celeba\178976.jpg,913,True,glasses,False,0.771511435508728,278.68580000358634
D:\Bartek\coding\biometria\facial_auth\celeba_subset\img_align_celeba\178976.jpg,913,True,glasses,True,0.771511435508728,285.22330000123475
D:\Bartek\coding\biometria\facial_auth\celeba_subset\img_align_celeba\054024.jpg,975,True,mask,False,0.03048795834183693,297.86150000290945
D:\Bartek\coding\biometria\facial_auth\celeba_subset\img_align_celeba\054024.jpg,975,True,mask,True,0.09328525513410568,11242.6370999965
D:\Bartek\coding\biometria\facial_auth\celeba_subset\img_align_celeba\064123.jpg,9000,True,glasses,False,0.5597569942474365,272.75259999441914
D:\Bartek\coding\biometria\facial_auth\celeba_subset\img_align_celeba\064123.jpg,9000,True,glasses,True,0.5597569942474365,268.0398000011337
D:\Bartek\coding\biometria\facial_auth\celeba_subset\img_align_celeba\021895.jpg,9688,True,mask,False,0.04382183775305748,283.07670000504004
D:\Bartek\coding\biometria\facial_auth\celeba_subset\img_align_celeba\021895.jpg,9688,True,mask,True,0.19118909537792206,11338.305400000536
D:\Bartek\coding\biometria\facial_auth\celeba_subset\img_align_celeba\043484.jpg,9828,True,glasses,False,0.3860742151737213,289.07839999737917
D:\Bartek\coding\biometria\facial_auth\celeba_subset\img_align_celeba\043484.jpg,9828,True,glasses,True,0.3860742151737213,336.7299000019557
D:\Bartek\coding\biometria\facial_auth\celeba_subset\img_align_celeba\062447.jpg,9688,True,mask,False,0.03607398644089699,335.6229999990319
D:\Bartek\coding\biometria\facial_auth\celeba_subset\img_align_celeba\062447.jpg,9688,True,mask,True,0.044000349938869476,11497.53029999556
D:\Bartek\coding\biometria\facial_auth\celeba_subset\img_align_celeba\142408.jpg,2814,True,glasses,False,0.5308829545974731,281.2091999949189
D:\Bartek\coding\biometria\facial_auth\celeba_subset\img_align_celeba\142408.jpg,2814,True,glasses,True,0.5308829545974731,292.0763000001898
D:\Bartek\coding\biometria\facial_auth\celeba_subset\img_align_celeba\062352.jpg,7338,True,mask,False,0.1996777504682541,289.1192000024603
D:\Bartek\coding\biometria\facial_auth\celeba_subset\img_align_celeba\062352.jpg,7338,True,mask,True,0.20409098267555237,11911.092099995585
D:\Bartek\coding\biometria\facial_auth\celeba_subset\img_align_celeba\181762.jpg,3236,True,glasses,False,0.45188939571380615,289.6805999989738
D:\Bartek\coding\biometria\facial_auth\celeba_subset\img_align_celeba\181762.jpg,3236,True,glasses,True,0.45188939571380615,288.3027999996557
D:\Bartek\coding\biometria\facial_auth\celeba_subset\img_align_celeba\202441.jpg,6528,True,mask,False,0.552828848361969,285.8104999977513
D:\Bartek\coding\biometria\facial_auth\celeba_subset\img_align_celeba\202441.jpg,6528,True,mask,True,0.5712918043136597,11295.52859999967
D:\Bartek\coding\biometria\facial_auth\celeba_subset\img_align_celeba\020810.jpg,3336,True,glasses,False,0.5035993456840515,277.84629999950994
D:\Bartek\coding\biometria\facial_auth\celeba_subset\img_align_celeba\020810.jpg,3336,True,glasses,True,0.5035993456840515,286.1966999989818
D:\Bartek\coding\biometria\facial_auth\celeba_subset\img_align_celeba\147926.jpg,7524,True,mask,False,0.9778113961219788,293.25819999939995
D:\Bartek\coding\biometria\facial_auth\celeba_subset\img_align_celeba\147926.jpg,7524,True,mask,True,0.9830683469772339,11283.917500004463
D:\Bartek\coding\biometria\facial_auth\celeba_subset\img_align_celeba\060466.jpg,9688,True,glasses,False,0.6864392757415771,286.05029999744147
D:\Bartek\coding\biometria\facial_auth\celeba_subset\img_align_celeba\060466.jpg,9688,True,glasses,True,0.6864392757415771,284.70199999719625
D:\Bartek\coding\biometria\facial_auth\celeba_subset\img_align_celeba\110373.jpg,9144,True,mask,False,0.16625548899173737,285.4741999981343
D:\Bartek\coding\biometria\facial_auth\celeba_subset\img_align_celeba\110373.jpg,9144,True,mask,True,0.16621077060699463,11270.339599999716
D:\Bartek\coding\biometria\facial_auth\celeba_subset\img_align_celeba\132722.jpg,5238,True,glasses,False,0.5829486846923828,282.03319999738596
D:\Bartek\coding\biometria\facial_auth\celeba_subset\img_align_celeba\132722.jpg,5238,True,glasses,True,0.5829486846923828,299.6571000039694
D:\Bartek\coding\biometria\facial_auth\celeba_subset\img_align_celeba\067365.jpg,6806,True,mask,False,0.02393631637096405,272.7820000000065
D:\Bartek\coding\biometria\facial_auth\celeba_subset\img_align_celeba\067365.jpg,6806,True,mask,True,0.025405850261449814,11425.199600002088
D:\Bartek\coding\biometria\facial_auth\celeba_subset\img_align_celeba\156692.jpg,5648,True,glasses,False,0.5105522871017456,277.9117000027327
D:\Bartek\coding\biometria\facial_auth\celeba_subset\img_align_celeba\156692.jpg,5648,True,glasses,True,0.5105522871017456,283.12500000174623
D:\Bartek\coding\biometria\facial_auth\celeba_subset\img_align_celeba\152600.jpg,5238,True,mask,False,0.021356340497732162,280.1644999999553
D:\Bartek\coding\biometria\facial_auth\celeba_subset\img_align_celeba\152600.jpg,5238,True,mask,True,0.02420072630047798,11784.21459999663
D:\Bartek\coding\biometria\facial_auth\celeba_subset\img_align_celeba\023774.jpg,1104,True,glasses,False,0.36015594005584717,275.1115999999456
D:\Bartek\coding\biometria\facial_auth\celeba_subset\img_align_celeba\023774.jpg,1104,True,glasses,True,0.36015594005584717,281.2210000047344
D:\Bartek\coding\biometria\facial_auth\celeba_subset\img_align_celeba\197605.jpg,6195,True,mask,False,0.48174282908439636,277.5638999955845
D:\Bartek\coding\biometria\facial_auth\celeba_subset\img_align_celeba\197605.jpg,6195,True,mask,True,0.4831616282463074,11355.99579999689
D:\Bartek\coding\biometria\facial_auth\celeba_subset\img_align_celeba\180593.jpg,2177,True,glasses,False,0.5589100122451782,276.65949999936856
D:\Bartek\coding\biometria\facial_auth\celeba_subset\img_align_celeba\180593.jpg,2177,True,glasses,True,0.5589100122451782,284.1251000063494
D:\Bartek\coding\biometria\facial_auth\celeba_subset\img_align_celeba\124216.jpg,8834,True,mask,False,0.050283897668123245,292.0400999937556
D:\Bartek\coding\biometria\facial_auth\celeba_subset\img_align_celeba\124216.jpg,8834,True,mask,True,0.053054094314575195,11548.452100003487
D:\Bartek\coding\biometria\facial_auth\celeba_subset\img_align_celeba\175087.jpg,190,True,glasses,False,0.5347114205360413,281.4308000015444
D:\Bartek\coding\biometria\facial_auth\celeba_subset\img_align_celeba\175087.jpg,190,True,glasses,True,0.5347114205360413,284.00829999736743
D:\Bartek\coding\biometria\facial_auth\celeba_subset\img_align_celeba\033056.jpg,5656,True,mask,False,0.12975019216537476,290.41820000566076
D:\Bartek\coding\biometria\facial_auth\celeba_subset\img_align_celeba\033056.jpg,5656,True,mask,True,0.16253486275672913,11434.212499996647
D:\Bartek\coding\biometria\facial_auth\celeba_subset\img_align_celeba\054383.jpg,975,True,glasses,False,0.44529247283935547,284.7796999994898
D:\Bartek\coding\biometria\facial_auth\celeba_subset\img_align_celeba\054383.jpg,975,True,glasses,True,0.44529247283935547,291.5948000008939
D:\Bartek\coding\biometria\facial_auth\celeba_subset\img_align_celeba\165673.jpg,190,True,mask,False,0.10654991865158081,292.38370000530267
D:\Bartek\coding\biometria\facial_auth\celeba_subset\img_align_celeba\165673.jpg,190,True,mask,True,0.10654991865158081,282.34040000097593
D:\Bartek\coding\biometria\facial_auth\celeba_subset\img_align_celeba\016880.jpg,8091,True,glasses,False,0.5000708103179932,287.13600000628503
D:\Bartek\coding\biometria\facial_auth\celeba_subset\img_align_celeba\016880.jpg,8091,True,glasses,True,0.5000708103179932,287.89580000011483
D:\Bartek\coding\biometria\facial_auth\celeba_subset\img_align_celeba\037867.jpg,8971,True,mask,False,0.048103079199790955,284.2315000016242
D:\Bartek\coding\biometria\facial_auth\celeba_subset\img_align_celeba\037867.jpg,8971,True,mask,True,0.06446143984794617,11431.419599997753
D:\Bartek\coding\biometria\facial_auth\celeba_subset\img_align_celeba\015612.jpg,4196,True,glasses,False,0.29411229491233826,292.6353000002564
D:\Bartek\coding\biometria\facial_auth\celeba_subset\img_align_celeba\015612.jpg,4196,True,glasses,True,0.29411229491233826,319.4906999997329
D:\Bartek\coding\biometria\facial_auth\celeba_subset\img_align_celeba\057152.jpg,2835,True,mask,False,0.06630074977874756,296.32589999528136
D:\Bartek\coding\biometria\facial_auth\celeba_subset\img_align_celeba\057152.jpg,2835,True,mask,True,0.08589580655097961,11339.421899996523
D:\Bartek\coding\biometria\facial_auth\celeba_subset\img_align_celeba\032759.jpg,1149,True,glasses,False,0.5989903807640076,283.4805000020424
D:\Bartek\coding\biometria\facial_auth\celeba_subset\img_align_celeba\032759.jpg,1149,True,glasses,True,0.5989903807640076,287.88490000442835
D:\Bartek\coding\biometria\facial_auth\celeba_subset\img_align_celeba\193087.jpg,5872,True,mask,False,0.14602136611938477,284.47379999852274
D:\Bartek\coding\biometria\facial_auth\celeba_subset\img_align_celeba\193087.jpg,5872,True,mask,True,0.14825275540351868,285.6188000005204
D:\Bartek\coding\biometria\facial_auth\celeba_subset\img_align_celeba\172378.jpg,3236,True,glasses,False,0.4638459384441376,291.8723000038881
D:\Bartek\coding\biometria\facial_auth\celeba_subset\img_align_celeba\172378.jpg,3236,True,glasses,True,0.4638459384441376,289.8230999999214
D:\Bartek\coding\biometria\facial_auth\celeba_subset\img_align_celeba\181539.jpg,1120,True,mask,False,-0.014554407447576523,288.1855000014184
D:\Bartek\coding\biometria\facial_auth\celeba_subset\img_align_celeba\181539.jpg,1120,True,mask,True,0.13545940816402435,11341.97590000258
D:\Bartek\coding\biometria\facial_auth\celeba_subset\img_align_celeba\201525.jpg,5575,True,glasses,False,0.4914951026439667,283.91220000048634
D:\Bartek\coding\biometria\facial_auth\celeba_subset\img_align_celeba\201525.jpg,5575,True,glasses,True,0.4914951026439667,288.6162000067998
D:\Bartek\coding\biometria\facial_auth\celeba_subset\img_align_celeba\156886.jpg,8748,True,mask,False,0.1896878033876419,287.83020000264514
D:\Bartek\coding\biometria\facial_auth\celeba_subset\img_align_celeba\156886.jpg,8748,True,mask,True,0.21682199835777283,290.02939999918453
D:\Bartek\coding\biometria\facial_auth\celeba_subset\img_align_celeba\107827.jpg,655,True,glasses,False,0.47477540373802185,288.9480999947409
D:\Bartek\coding\biometria\facial_auth\celeba_subset\img_align_celeba\107827.jpg,655,True,glasses,True,0.47477540373802185,284.4965999975102
D:\Bartek\coding\biometria\facial_auth\celeba_subset\img_align_celeba\184801.jpg,8936,True,mask,False,0.07457438111305237,285.1089000032516
D:\Bartek\coding\biometria\facial_auth\celeba_subset\img_align_celeba\184801.jpg,8936,True,mask,True,0.090423084795475,11531.176800002868
D:\Bartek\coding\biometria\facial_auth\celeba_subset\img_align_celeba\107040.jpg,2814,True,glasses,False,0.42304301261901855,286.6876999978558
D:\Bartek\coding\biometria\facial_auth\celeba_subset\img_align_celeba\107040.jpg,2814,True,glasses,True,0.42304301261901855,289.7042999975383
D:\Bartek\coding\biometria\facial_auth\celeba_subset\img_align_celeba\025607.jpg,5246,True,mask,False,0.11824198812246323,308.75450000166893
D:\Bartek\coding\biometria\facial_auth\celeba_subset\img_align_celeba\025607.jpg,5246,True,mask,True,0.18971525132656097,293.64190000342205
D:\Bartek\coding\biometria\facial_auth\celeba_subset\img_align_celeba\159979.jpg,1147,True,glasses,False,0.21511662006378174,300.459400001273
D:\Bartek\coding\biometria\facial_auth\celeba_subset\img_align_celeba\159979.jpg,1147,True,glasses,True,0.21511662006378174,294.5356999989599
D:\Bartek\coding\biometria\facial_auth\celeba_subset\img_align_celeba\057419.jpg,1435,True,mask,False,0.03909103944897652,300.8872999998857
D:\Bartek\coding\biometria\facial_auth\celeba_subset\img_align_celeba\057419.jpg,1435,True,mask,True,0.04204738512635231,11396.64780000021
D:\Bartek\coding\biometria\facial_auth\celeba_subset\img_align_celeba\173306.jpg,1120,True,glasses,False,0.3337039649486542,293.30990000016754
D:\Bartek\coding\biometria\facial_auth\celeba_subset\img_align_celeba\173306.jpg,1120,True,glasses,True,0.3337039649486542,281.9935000006808
D:\Bartek\coding\biometria\facial_auth\celeba_subset\img_align_celeba\033721.jpg,2835,True,mask,False,0.052232526242733,359.21890000463463
D:\Bartek\coding\biometria\facial_auth\celeba_subset\img_align_celeba\033721.jpg,2835,True,mask,True,0.05481908470392227,11744.081999997434
D:\Bartek\coding\biometria\facial_auth\celeba_subset\img_align_celeba\079890.jpg,5534,True,glasses,False,0.40342071652412415,280.02489999926183
D:\Bartek\coding\biometria\facial_auth\celeba_subset\img_align_celeba\079890.jpg,5534,True,glasses,True,0.40342071652412415,282.9767000002903
D:\Bartek\coding\biometria\facial_auth\celeba_subset\img_align_celeba\018534.jpg,5210,True,mask,False,0.02126188576221466,272.51840000099037
D:\Bartek\coding\biometria\facial_auth\celeba_subset\img_align_celeba\018534.jpg,5210,True,mask,True,0.020909791812300682,11343.506499993964
D:\Bartek\coding\biometria\facial_auth\celeba_subset\img_align_celeba\017430.jpg,7222,True,glasses,False,0.459840327501297,287.7269999953569
D:\Bartek\coding\biometria\facial_auth\celeba_subset\img_align_celeba\017430.jpg,7222,True,glasses,True,0.459840327501297,291.73110000556335
D:\Bartek\coding\biometria\facial_auth\celeba_subset\img_align_celeba\164392.jpg,3236,True,mask,False,0.14051933586597443,288.35350000008475
D:\Bartek\coding\biometria\facial_auth\celeba_subset\img_align_celeba\164392.jpg,3236,True,mask,True,0.15300598740577698,318.26160000491655
D:\Bartek\coding\biometria\facial_auth\celeba_subset\img_align_celeba\156005.jpg,8091,True,glasses,False,0.4259224534034729,285.79290000197943
D:\Bartek\coding\biometria\facial_auth\celeba_subset\img_align_celeba\156005.jpg,8091,True,glasses,True,0.4259224534034729,277.41640000022016
D:\Bartek\coding\biometria\facial_auth\celeba_subset\img_align_celeba\023186.jpg,7253,True,mask,False,0.2199423611164093,277.28819999902043
D:\Bartek\coding\biometria\facial_auth\celeba_subset\img_align_celeba\023186.jpg,7253,True,mask,True,0.2185794711112976,282.3556000003009
D:\Bartek\coding\biometria\facial_auth\celeba_subset\img_align_celeba\198698.jpg,6528,True,glasses,False,0.45146122574806213,285.3953999947407
D:\Bartek\coding\biometria\facial_auth\celeba_subset\img_align_celeba\198698.jpg,6528,True,glasses,True,0.45146122574806213,279.25739999773214
D:\Bartek\coding\biometria\facial_auth\celeba_subset\img_align_celeba\054688.jpg,5648,True,mask,False,0.03495220094919205,282.28890000173124
D:\Bartek\coding\biometria\facial_auth\celeba_subset\img_align_celeba\054688.jpg,5648,True,mask,True,0.08211172372102737,11365.001300000586
D:\Bartek\coding\biometria\facial_auth\celeba_subset\img_align_celeba\045573.jpg,2926,True,glasses,False,0.24128375947475433,277.2365999990143
D:\Bartek\coding\biometria\facial_auth\celeba_subset\img_align_celeba\045573.jpg,2926,True,glasses,True,0.24128375947475433,285.5834000001778
D:\Bartek\coding\biometria\facial_auth\celeba_subset\img_align_celeba\154454.jpg,8748,True,mask,False,0.08242723345756531,282.05800000432646
D:\Bartek\coding\biometria\facial_auth\celeba_subset\img_align_celeba\154454.jpg,8748,True,mask,True,0.08350545167922974,11411.545000002661
D:\Bartek\coding\biometria\facial_auth\celeba_subset\img_align_celeba\005338.jpg,494,True,glasses,False,0.1254778802394867,300.20380000496516
D:\Bartek\coding\biometria\facial_auth\celeba_subset\img_align_celeba\005338.jpg,494,True,glasses,True,0.1254778802394867,295.60679999849526
D:\Bartek\coding\biometria\facial_auth\celeba_subset\img_align_celeba\102854.jpg,4659,True,mask,False,0.07760705053806305,301.2061999979778
D:\Bartek\coding\biometria\facial_auth\celeba_subset\img_align_celeba\102854.jpg,4659,True,mask,True,0.1068178340792656,11595.112599999993
D:\Bartek\coding\biometria\facial_auth\celeba_subset\img_align_celeba\064795.jpg,8748,True,glasses,False,0.40972229838371277,281.0288999971817
D:\Bartek\coding\biometria\facial_auth\celeba_subset\img_align_celeba\064795.jpg,8748,True,glasses,True,0.40972229838371277,284.2166000045836
D:\Bartek\coding\biometria\facial_auth\celeba_subset\img_align_celeba\082516.jpg,1149,True,mask,False,0.05493161082267761,280.5430000007618
D:\Bartek\coding\biometria\facial_auth\celeba_subset\img_align_celeba\082516.jpg,1149,True,mask,True,0.08962162584066391,11930.275899998378
D:\Bartek\coding\biometria\facial_auth\celeba_subset\img_align_celeba\021785.jpg,5747,True,glasses,False,0.36381852626800537,284.6339000025182
D:\Bartek\coding\biometria\facial_auth\celeba_subset\img_align_celeba\021785.jpg,5747,True,glasses,True,0.36381852626800537,292.09890000493033
D:\Bartek\coding\biometria\facial_auth\celeba_subset\img_align_celeba\043140.jpg,5672,True,mask,False,0.10182137787342072,294.43379999429453
D:\Bartek\coding\biometria\facial_auth\celeba_subset\img_align_celeba\043140.jpg,5672,True,mask,True,0.13922391831874847,11399.33210000163
D:\Bartek\coding\biometria\facial_auth\celeba_subset\img_align_celeba\176879.jpg,3877,True,glasses,False,0.6081370711326599,278.8656000047922
D:\Bartek\coding\biometria\facial_auth\celeba_subset\img_align_celeba\176879.jpg,3877,True,glasses,True,0.6081370711326599,282.89439999934984
D:\Bartek\coding\biometria\facial_auth\celeba_subset\img_align_celeba\180933.jpg,1350,True,mask,False,-0.02044607698917389,290.88490000140155
D:\Bartek\coding\biometria\facial_auth\celeba_subset\img_align_celeba\180933.jpg,1350,True,mask,True,0.029833663254976273,11464.958099997602
D:\Bartek\coding\biometria\facial_auth\celeba_subset\img_align_celeba\101220.jpg,9688,True,glasses,False,0.5147056579589844,276.7237000007299
D:\Bartek\coding\biometria\facial_auth\celeba_subset\img_align_celeba\101220.jpg,9688,True,glasses,True,0.5147056579589844,274.7285000004922
D:\Bartek\coding\biometria\facial_auth\celeba_subset\img_align_celeba\183511.jpg,5872,True,mask,False,0.1303316205739975,274.3711000002804
D:\Bartek\coding\biometria\facial_auth\celeba_subset\img_align_celeba\183511.jpg,5872,True,mask,True,0.14187799394130707,11549.773400001868
D:\Bartek\coding\biometria\facial_auth\celeba_subset\img_align_celeba\090612.jpg,494,True,glasses,False,0.22761724889278412,278.024600003846
D:\Bartek\coding\biometria\facial_auth\celeba_subset\img_align_celeba\090612.jpg,494,True,glasses,True,0.22761724889278412,282.65319999627536
D:\Bartek\coding\biometria\facial_auth\celeba_subset\img_align_celeba\060329.jpg,3655,True,mask,False,0.438578724861145,293.7558999983594
D:\Bartek\coding\biometria\facial_auth\celeba_subset\img_align_celeba\060329.jpg,3655,True,mask,True,0.4913408160209656,285.2720999944722
D:\Bartek\coding\biometria\facial_auth\celeba_subset\img_align_celeba\120993.jpg,3336,True,glasses,False,0.5361442565917969,285.1128999973298
D:\Bartek\coding\biometria\facial_auth\celeba_subset\img_align_celeba\120993.jpg,3336,True,glasses,True,0.5361442565917969,283.28760000295006
D:\Bartek\coding\biometria\facial_auth\celeba_subset\img_align_celeba\177261.jpg,2177,True,mask,False,0.926429808139801,285.71240000019316
D:\Bartek\coding\biometria\facial_auth\celeba_subset\img_align_celeba\177261.jpg,2177,True,mask,True,0.9298994541168213,276.62870000494877
D:\Bartek\coding\biometria\facial_auth\celeba_subset\img_align_celeba\000108.jpg,4929,True,glasses,False,0.5867337584495544,288.6605000021518
D:\Bartek\coding\biometria\facial_auth\celeba_subset\img_align_celeba\000108.jpg,4929,True,glasses,True,0.5867337584495544,280.63079999992624
D:\Bartek\coding\biometria\facial_auth\celeba_subset\img_align_celeba\186233.jpg,6195,True,mask,False,0.4865803122520447,284.91529999882914
D:\Bartek\coding\biometria\facial_auth\celeba_subset\img_align_celeba\186233.jpg,6195,True,mask,True,0.4866235554218292,11678.352599999926
D:\Bartek\coding\biometria\facial_auth\celeba_subset\img_align_celeba\093514.jpg,9939,True,glasses,False,0.6209751963615417,267.52459999988787
D:\Bartek\coding\biometria\facial_auth\celeba_subset\img_align_celeba\093514.jpg,9939,True,glasses,True,0.6209751963615417,281.31190000567585
D:\Bartek\coding\biometria\facial_auth\celeba_subset\img_align_celeba\023249.jpg,9478,True,mask,False,0.039901260286569595,290.82950000156416
D:\Bartek\coding\biometria\facial_auth\celeba_subset\img_align_celeba\023249.jpg,9478,True,mask,True,0.09934140741825104,11294.544399999722
D:\Bartek\coding\biometria\facial_auth\celeba_subset\img_align_celeba\054514.jpg,9688,True,glasses,False,0.4229191243648529,282.49700000014855
D:\Bartek\coding\biometria\facial_auth\celeba_subset\img_align_celeba\054514.jpg,9688,True,glasses,True,0.4229191243648529,294.19140000391053
D:\Bartek\coding\biometria\facial_auth\celeba_subset\img_align_celeba\031168.jpg,8091,True,mask,False,0.07296031713485718,276.5545000002021
D:\Bartek\coding\biometria\facial_auth\celeba_subset\img_align_celeba\031168.jpg,8091,True,mask,True,0.0906950905919075,11297.0021000001
D:\Bartek\coding\biometria\facial_auth\celeba_subset\img_align_celeba\060285.jpg,9939,True,glasses,False,0.5577594041824341,274.98370000103023
D:\Bartek\coding\biometria\facial_auth\celeba_subset\img_align_celeba\060285.jpg,9939,True,glasses,True,0.5577594041824341,280.91040000435896
D:\Bartek\coding\biometria\facial_auth\celeba_subset\img_align_celeba\021862.jpg,7222,True,mask,False,0.3375016152858734,283.4203000020352
D:\Bartek\coding\biometria\facial_auth\celeba_subset\img_align_celeba\021862.jpg,7222,True,mask,True,0.33850541710853577,284.5822999952361
D:\Bartek\coding\biometria\facial_auth\celeba_subset\img_align_celeba\110786.jpg,1104,True,glasses,False,-0.06497420370578766,285.09939999639755
D:\Bartek\coding\biometria\facial_auth\celeba_subset\img_align_celeba\110786.jpg,1104,True,glasses,True,-0.06497420370578766,285.48289999889676
D:\Bartek\coding\biometria\facial_auth\celeba_subset\img_align_celeba\018535.jpg,5656,True,mask,False,0.14919601380825043,295.8700000017416
D:\Bartek\coding\biometria\facial_auth\celeba_subset\img_align_celeba\018535.jpg,5656,True,mask,True,0.267196387052536,11280.424999997194
D:\Bartek\coding\biometria\facial_auth\celeba_subset\img_align_celeba\167772.jpg,4185,True,glasses,False,0.4492937922477722,279.77829999872483
D:\Bartek\coding\biometria\facial_auth\celeba_subset\img_align_celeba\167772.jpg,4185,True,glasses,True,0.4492937922477722,291.54649999691173
D:\Bartek\coding\biometria\facial_auth\celeba_subset\img_align_celeba\198441.jpg,7088,True,mask,False,0.08763308078050613,294.06569999991916
D:\Bartek\coding\biometria\facial_auth\celeba_subset\img_align_celeba\198441.jpg,7088,True,mask,True,0.0911678820848465,11354.566200003319
D:\Bartek\coding\biometria\facial_auth\celeba_subset\img_align_celeba\010564.jpg,5747,True,glasses,False,0.3412734866142273,280.7794000036665
D:\Bartek\coding\biometria\facial_auth\celeba_subset\img_align_celeba\010564.jpg,5747,True,glasses,True,0.3412734866142273,278.41159999661613
D:\Bartek\coding\biometria\facial_auth\celeba_subset\img_align_celeba\193523.jpg,7088,True,mask,False,0.10816804319620132,273.2901999988826
D:\Bartek\coding\biometria\facial_auth\celeba_subset\img_align_celeba\193523.jpg,7088,True,mask,True,0.1196117177605629,281.65870000520954
D:\Bartek\coding\biometria\facial_auth\celeba_subset\img_align_celeba\063825.jpg,1435,True,glasses,False,0.2178121656179428,286.2846999996691
D:\Bartek\coding\biometria\facial_auth\celeba_subset\img_align_celeba\063825.jpg,1435,True,glasses,True,0.2178121656179428,279.2369999951916
D:\Bartek\coding\biometria\facial_auth\celeba_subset\img_align_celeba\115932.jpg,8908,True,mask,False,0.9257330894470215,284.98060000129044
D:\Bartek\coding\biometria\facial_auth\celeba_subset\img_align_celeba\115932.jpg,8908,True,mask,True,0.926243245601654,11894.33629999985
D:\Bartek\coding\biometria\facial_auth\celeba_subset\img_align_celeba\035626.jpg,4968,True,glasses,False,0.6760221123695374,282.14890000526793
D:\Bartek\coding\biometria\facial_auth\celeba_subset\img_align_celeba\035626.jpg,4968,True,glasses,True,0.6760221123695374,286.9312999973772
D:\Bartek\coding\biometria\facial_auth\celeba_subset\img_align_celeba\200563.jpg,9632,True,mask,False,0.06144372746348381,282.1600000024773
D:\Bartek\coding\biometria\facial_auth\celeba_subset\img_align_celeba\200563.jpg,9632,True,mask,True,0.05475142225623131,11298.71980000462
D:\Bartek\coding\biometria\facial_auth\celeba_subset\img_align_celeba\197839.jpg,8936,True,glasses,False,0.5912699699401855,278.95400000124937
D:\Bartek\coding\biometria\facial_auth\celeba_subset\img_align_celeba\197839.jpg,8936,True,glasses,True,0.5912699699401855,293.403000003309
D:\Bartek\coding\biometria\facial_auth\celeba_subset\img_align_celeba\077108.jpg,3655,True,mask,False,0.47719433903694153,301.8945000003441
D:\Bartek\coding\biometria\facial_auth\celeba_subset\img_align_celeba\077108.jpg,3655,True,mask,True,0.5093072652816772,11283.176500000991
D:\Bartek\coding\biometria\facial_auth\celeba_subset\img_align_celeba\090995.jpg,1149,True,glasses,False,0.42443546652793884,276.60979999927804
D:\Bartek\coding\biometria\facial_auth\celeba_subset\img_align_celeba\090995.jpg,1149,True,glasses,True,0.42443546652793884,284.6873000016785
D:\Bartek\coding\biometria\facial_auth\celeba_subset\img_align_celeba\155809.jpg,9828,True,mask,False,0.03262966871261597,280.39690000150586
D:\Bartek\coding\biometria\facial_auth\celeba_subset\img_align_celeba\155809.jpg,9828,True,mask,True,0.11590319871902466,11610.736599999655
D:\Bartek\coding\biometria\facial_auth\celeba_subset\img_align_celeba\172889.jpg,3200,True,glasses,False,0.5608651638031006,285.2153999992879
D:\Bartek\coding\biometria\facial_auth\celeba_subset\img_align_celeba\172889.jpg,3200,True,glasses,True,0.5608651638031006,284.5859999943059
D:\Bartek\coding\biometria\facial_auth\celeba_subset\img_align_celeba\015976.jpg,6136,True,mask,False,0.1266264170408249,287.3027000023285
D:\Bartek\coding\biometria\facial_auth\celeba_subset\img_align_celeba\015976.jpg,6136,True,mask,True,0.12656642496585846,11358.925300002738
D:\Bartek\coding\biometria\facial_auth\celeba_subset\img_align_celeba\011090.jpg,8091,True,glasses,False,0.609110414981842,278.3010999992257
D:\Bartek\coding\biometria\facial_auth\celeba_subset\img_align_celeba\011090.jpg,8091,True,glasses,True,0.609110414981842,277.86209999612765
D:\Bartek\coding\biometria\facial_auth\celeba_subset\img_align_celeba\063286.jpg,4659,True,mask,False,0.12325941771268845,280.75649999664165
D:\Bartek\coding\biometria\facial_auth\celeba_subset\img_align_celeba\063286.jpg,4659,True,mask,True,0.15993961691856384,288.9833000008366
D:\Bartek\coding\biometria\facial_auth\celeba_subset\img_align_celeba\055165.jpg,6806,True,glasses,False,0.6502352952957153,280.17890000046464
D:\Bartek\coding\biometria\facial_auth\celeba_subset\img_align_celeba\055165.jpg,6806,True,glasses,True,0.6502352952957153,283.6357999985921
D:\Bartek\coding\biometria\facial_auth\celeba_subset\img_align_celeba\078825.jpg,9910,True,mask,False,0.9574805498123169,281.1835999964387
D:\Bartek\coding\biometria\facial_auth\celeba_subset\img_align_celeba\078825.jpg,9910,True,mask,True,0.961900532245636,11745.191900001373
D:\Bartek\coding\biometria\facial_auth\celeba_subset\img_align_celeba\117885.jpg,9478,True,glasses,False,0.5358079671859741,279.346399998758
D:\Bartek\coding\biometria\facial_auth\celeba_subset\img_align_celeba\117885.jpg,9478,True,glasses,True,0.5358079671859741,284.7353999968618
D:\Bartek\coding\biometria\facial_auth\celeba_subset\img_align_celeba\183506.jpg,6195,True,mask,False,0.5037176012992859,285.1836999980151
D:\Bartek\coding\biometria\facial_auth\celeba_subset\img_align_celeba\183506.jpg,6195,True,mask,True,0.4964516758918762,273.06700000190176
D:\Bartek\coding\biometria\facial_auth\celeba_subset\img_align_celeba\037104.jpg,1435,True,glasses,False,0.4128834903240204,282.6208999977098
D:\Bartek\coding\biometria\facial_auth\celeba_subset\img_align_celeba\037104.jpg,1435,True,glasses,True,0.4128834903240204,278.03639999910956
D:\Bartek\coding\biometria\facial_auth\celeba_subset\img_align_celeba\024996.jpg,1149,True,mask,False,0.0696052685379982,276.7907000015839
D:\Bartek\coding\biometria\facial_auth\celeba_subset\img_align_celeba\024996.jpg,1149,True,mask,True,0.06982821971178055,11359.092899998359
D:\Bartek\coding\biometria\facial_auth\celeba_subset\img_align_celeba\114349.jpg,1435,True,glasses,False,0.37536752223968506,281.3356999977259
D:\Bartek\coding\biometria\facial_auth\celeba_subset\img_align_celeba\114349.jpg,1435,True,glasses,True,0.37536752223968506,284.3633999946178
D:\Bartek\coding\biometria\facial_auth\celeba_subset\img_align_celeba\022155.jpg,6983,True,mask,False,0.14866679906845093,293.50430000340566
D:\Bartek\coding\biometria\facial_auth\celeba_subset\img_align_celeba\022155.jpg,6983,True,mask,True,0.14834322035312653,11497.019599999476
D:\Bartek\coding\biometria\facial_auth\celeba_subset\img_align_celeba\178367.jpg,2177,True,glasses,False,0.5299230217933655,289.8060000006808
D:\Bartek\coding\biometria\facial_auth\celeba_subset\img_align_celeba\178367.jpg,2177,True,glasses,True,0.5299230217933655,289.9401999966358
D:\Bartek\coding\biometria\facial_auth\celeba_subset\img_align_celeba\103990.jpg,898,True,mask,False,0.30077987909317017,292.0767000032356
D:\Bartek\coding\biometria\facial_auth\celeba_subset\img_align_celeba\103990.jpg,898,True,mask,True,0.2947472631931305,291.4128999982495
D:\Bartek\coding\biometria\facial_auth\celeba_subset\img_align_celeba\139337.jpg,8748,True,glasses,False,0.2663145959377289,291.0727999988012
D:\Bartek\coding\biometria\facial_auth\celeba_subset\img_align_celeba\139337.jpg,8748,True,glasses,True,0.2663145959377289,289.7478000013507
D:\Bartek\coding\biometria\facial_auth\celeba_subset\img_align_celeba\015328.jpg,8908,True,mask,False,0.9096147418022156,299.63979999592993
D:\Bartek\coding\biometria\facial_auth\celeba_subset\img_align_celeba\015328.jpg,8908,True,mask,True,0.9091256856918335,11493.479700002354
D:\Bartek\coding\biometria\facial_auth\celeba_subset\img_align_celeba\152338.jpg,6170,True,glasses,False,0.6334876418113708,283.4491999965394
D:\Bartek\coding\biometria\facial_auth\celeba_subset\img_align_celeba\152338.jpg,6170,True,glasses,True,0.6334876418113708,291.0602999982075
D:\Bartek\coding\biometria\facial_auth\celeba_subset\img_align_celeba\059746.jpg,5127,True,mask,False,0.02734384313225746,285.24750000360655
D:\Bartek\coding\biometria\facial_auth\celeba_subset\img_align_celeba\059746.jpg,5127,True,mask,True,0.01425151340663433,11429.654999999912
D:\Bartek\coding\biometria\facial_auth\celeba_subset\img_align_celeba\192878.jpg,8936,True,glasses,False,0.46293094754219055,294.3650999950478
D:\Bartek\coding\biometria\facial_auth\celeba_subset\img_align_celeba\192878.jpg,8936,True,glasses,True,0.46293094754219055,273.6173000012059
D:\Bartek\coding\biometria\facial_auth\celeba_subset\img_align_celeba\121168.jpg,8091,True,mask,False,0.06053599715232849,297.74709999765037
D:\Bartek\coding\biometria\facial_auth\celeba_subset\img_align_celeba\121168.jpg,8091,True,mask,True,0.06050264462828636,11939.01249999908
D:\Bartek\coding\biometria\facial_auth\celeba_subset\img_align_celeba\025110.jpg,5747,True,glasses,False,0.36172226071357727,273.9700999954948
D:\Bartek\coding\biometria\facial_auth\celeba_subset\img_align_celeba\025110.jpg,5747,True,glasses,True,0.36172226071357727,283.58160000061616
D:\Bartek\coding\biometria\facial_auth\celeba_subset\img_align_celeba\194794.jpg,8415,True,mask,False,0.09670183062553406,283.54870000475785
D:\Bartek\coding\biometria\facial_auth\celeba_subset\img_align_celeba\194794.jpg,8415,True,mask,True,0.11737152189016342,287.73359999468084
D:\Bartek\coding\biometria\facial_auth\celeba_subset\img_align_celeba\158327.jpg,5064,True,glasses,False,0.9164530038833618,277.55880000040634
D:\Bartek\coding\biometria\facial_auth\celeba_subset\img_align_celeba\158327.jpg,5064,True,glasses,True,0.9164530038833618,279.45879999606404
D:\Bartek\coding\biometria\facial_auth\celeba_subset\img_align_celeba\168123.jpg,913,True,mask,False,0.042501162737607956,284.51780000614235
D:\Bartek\coding\biometria\facial_auth\celeba_subset\img_align_celeba\168123.jpg,913,True,mask,True,0.05257705599069595,283.52820000145584
D:\Bartek\coding\biometria\facial_auth\celeba_subset\img_align_celeba\176949.jpg,4185,True,glasses,False,0.4741111695766449,275.7064999968861
D:\Bartek\coding\biometria\facial_auth\celeba_subset\img_align_celeba\176949.jpg,4185,True,glasses,True,0.4741111695766449,282.64710000075866
D:\Bartek\coding\biometria\facial_auth\celeba_subset\img_align_celeba\175000.jpg,190,True,mask,False,0.11609835177659988,275.58049999788636
D:\Bartek\coding\biometria\facial_auth\celeba_subset\img_align_celeba\175000.jpg,190,True,mask,True,0.11677006632089615,11378.641300005256
D:\Bartek\coding\biometria\facial_auth\celeba_subset\img_align_celeba\020799.jpg,9910,True,glasses,False,0.4966910183429718,277.4890000000596
D:\Bartek\coding\biometria\facial_auth\celeba_subset\img_align_celeba\020799.jpg,9910,True,glasses,True,0.4966910183429718,281.27239999594167
D:\Bartek\coding\biometria\facial_auth\celeba_subset\img_align_celeba\029286.jpg,8971,True,mask,False,0.05549963563680649,281.985400004487
D:\Bartek\coding\biometria\facial_auth\celeba_subset\img_align_celeba\029286.jpg,8971,True,mask,True,0.09547263383865356,11286.068099994736
D:\Bartek\coding\biometria\facial_auth\celeba_subset\img_align_celeba\145865.jpg,494,True,glasses,False,0.43047523498535156,294.4244999962393
D:\Bartek\coding\biometria\facial_auth\celeba_subset\img_align_celeba\145865.jpg,494,True,glasses,True,0.43047523498535156,296.6597999984515
D:\Bartek\coding\biometria\facial_auth\celeba_subset\img_align_celeba\154541.jpg,494,True,mask,False,0.1379929780960083,271.0540999978548
D:\Bartek\coding\biometria\facial_auth\celeba_subset\img_align_celeba\154541.jpg,494,True,mask,True,0.13784483075141907,11400.279699999373
D:\Bartek\coding\biometria\facial_auth\celeba_subset\img_align_celeba\153772.jpg,1435,True,glasses,False,0.4895510673522949,278.23260000150185
D:\Bartek\coding\biometria\facial_auth\celeba_subset\img_align_celeba\153772.jpg,1435,True,glasses,True,0.4895510673522949,284.5873999976902
D:\Bartek\coding\biometria\facial_auth\celeba_subset\img_align_celeba\106022.jpg,4968,True,mask,False,0.192336305975914,296.4441000003717
D:\Bartek\coding\biometria\facial_auth\celeba_subset\img_align_celeba\106022.jpg,4968,True,mask,True,0.19284088909626007,11950.005099999544
D:\Bartek\coding\biometria\facial_auth\celeba_subset\img_align_celeba\036023.jpg,4150,True,glasses,False,0.356730580329895,290.5057999960263
D:\Bartek\coding\biometria\facial_auth\celeba_subset\img_align_celeba\036023.jpg,4150,True,glasses,True,0.356730580329895,290.177599999879
D:\Bartek\coding\biometria\facial_auth\celeba_subset\img_align_celeba\117198.jpg,6277,True,mask,False,0.05237142741680145,291.80600000108825
D:\Bartek\coding\biometria\facial_auth\celeba_subset\img_align_celeba\117198.jpg,6277,True,mask,True,0.053398992866277695,11362.221299998055
D:\Bartek\coding\biometria\facial_auth\celeba_subset\img_align_celeba\041921.jpg,644,True,glasses,False,0.4353383183479309,280.883300001733
D:\Bartek\coding\biometria\facial_auth\celeba_subset\img_align_celeba\041921.jpg,644,True,glasses,True,0.4353383183479309,279.99300000374205
D:\Bartek\coding\biometria\facial_auth\celeba_subset\img_align_celeba\167432.jpg,1120,True,mask,False,-0.017402829602360725,275.29750000394415
D:\Bartek\coding\biometria\facial_auth\celeba_subset\img_align_celeba\167432.jpg,1120,True,mask,True,0.058272138237953186,11373.764800002391
D:\Bartek\coding\biometria\facial_auth\celeba_subset\img_align_celeba\078996.jpg,3655,True,glasses,False,0.32759591937065125,280.968799997936
D:\Bartek\coding\biometria\facial_auth\celeba_subset\img_align_celeba\078996.jpg,3655,True,glasses,True,0.32759591937065125,278.77730000182055
D:\Bartek\coding\biometria\facial_auth\celeba_subset\img_align_celeba\074680.jpg,5747,True,mask,False,0.14375275373458862,285.68749999976717
D:\Bartek\coding\biometria\facial_auth\celeba_subset\img_align_celeba\074680.jpg,5747,True,mask,True,0.13442347943782806,11453.627099996083
D:\Bartek\coding\biometria\facial_auth\celeba_subset\img_align_celeba\065389.jpg,5747,True,glasses,False,0.35434862971305847,280.87979999691015
D:\Bartek\coding\biometria\facial_auth\celeba_subset\img_align_celeba\065389.jpg,5747,True,glasses,True,0.35434862971305847,274.9143000037293
D:\Bartek\coding\biometria\facial_auth\celeba_subset\img_align_celeba\038186.jpg,310,True,mask,False,0.35331791639328003,272.55130000412464
D:\Bartek\coding\biometria\facial_auth\celeba_subset\img_align_celeba\038186.jpg,310,True,mask,True,0.3795827329158783,11333.381300006295
D:\Bartek\coding\biometria\facial_auth\celeba_subset\img_align_celeba\052160.jpg,5534,True,glasses,False,0.45241865515708923,281.0950000057346
D:\Bartek\coding\biometria\facial_auth\celeba_subset\img_align_celeba\052160.jpg,5534,True,glasses,True,0.45241865515708923,286.0110000037821
D:\Bartek\coding\biometria\facial_auth\celeba_subset\img_align_celeba\109709.jpg,7524,True,mask,False,0.9740656614303589,292.7549000014551
D:\Bartek\coding\biometria\facial_auth\celeba_subset\img_align_celeba\109709.jpg,7524,True,mask,True,0.9723949432373047,11959.519299998647
D:\Bartek\coding\biometria\facial_auth\celeba_subset\img_align_celeba\104252.jpg,9910,True,glasses,False,0.12613564729690552,280.4757999983849
D:\Bartek\coding\biometria\facial_auth\celeba_subset\img_align_celeba\104252.jpg,9910,True,glasses,True,0.12613564729690552,287.8421999994316
D:\Bartek\coding\biometria\facial_auth\celeba_subset\img_align_celeba\126462.jpg,7253,True,mask,False,0.12049543112516403,286.3902000026428
D:\Bartek\coding\biometria\facial_auth\celeba_subset\img_align_celeba\126462.jpg,7253,True,mask,True,0.1176573783159256,11302.150100003928
D:\Bartek\coding\biometria\facial_auth\celeba_subset\img_align_celeba\046235.jpg,5246,True,glasses,False,0.3433282971382141,281.0976999971899
D:\Bartek\coding\biometria\facial_auth\celeba_subset\img_align_celeba\046235.jpg,5246,True,glasses,True,0.3433282971382141,279.2314000034821
D:\Bartek\coding\biometria\facial_auth\celeba_subset\img_align_celeba\195678.jpg,8936,True,mask,False,0.08967406302690506,284.9984999993467
D:\Bartek\coding\biometria\facial_auth\celeba_subset\img_align_celeba\195678.jpg,8936,True,mask,True,0.1528100073337555,11263.24719999684
D:\Bartek\coding\biometria\facial_auth\celeba_subset\img_align_celeba\029772.jpg,7222,True,glasses,False,0.47178933024406433,287.7844000031473
D:\Bartek\coding\biometria\facial_auth\celeba_subset\img_align_celeba\029772.jpg,7222,True,glasses,True,0.47178933024406433,293.224500004726
D:\Bartek\coding\biometria\facial_auth\celeba_subset\img_align_celeba\113976.jpg,975,True,mask,False,0.050851475447416306,278.98149999964517
D:\Bartek\coding\biometria\facial_auth\celeba_subset\img_align_celeba\113976.jpg,975,True,mask,True,0.1677674651145935,11407.772500002466
D:\Bartek\coding\biometria\facial_auth\celeba_subset\img_align_celeba\152198.jpg,4936,True,glasses,False,0.30321675539016724,277.12179999798536
D:\Bartek\coding\biometria\facial_auth\celeba_subset\img_align_celeba\152198.jpg,4936,True,glasses,True,0.30321675539016724,282.2057000012137
D:\Bartek\coding\biometria\facial_auth\celeba_subset\img_align_celeba\010744.jpg,9688,True,mask,False,0.13649065792560577,286.05509999761125
D:\Bartek\coding\biometria\facial_auth\celeba_subset\img_align_celeba\010744.jpg,9688,True,mask,True,0.12882490456104279,290.26750000048196
D:\Bartek\coding\biometria\facial_auth\celeba_subset\img_align_celeba\173413.jpg,1350,True,glasses,False,0.598237156867981,282.5096999949892
D:\Bartek\coding\biometria\facial_auth\celeba_subset\img_align_celeba\173413.jpg,1350,True,glasses,True,0.598237156867981,284.41559999919264
D:\Bartek\coding\biometria\facial_auth\celeba_subset\img_align_celeba\023792.jpg,7338,True,mask,False,0.1606064736843109,216.42189999693073
D:\Bartek\coding\biometria\facial_auth\celeba_subset\img_align_celeba\023792.jpg,7338,True,mask,True,0.16060660779476166,276.7165000041132
D:\Bartek\coding\biometria\facial_auth\celeba_subset\img_align_celeba\116522.jpg,7524,True,glasses,False,0.49196794629096985,286.87120000540745
D:\Bartek\coding\biometria\facial_auth\celeba_subset\img_align_celeba\116522.jpg,7524,True,glasses,True,0.49196794629096985,297.97799999505514
D:\Bartek\coding\biometria\facial_auth\celeba_subset\img_align_celeba\036792.jpg,7103,True,mask,False,0.0458209365606308,283.0926000024192
D:\Bartek\coding\biometria\facial_auth\celeba_subset\img_align_celeba\036792.jpg,7103,True,mask,True,0.13014282286167145,11324.466400001256
D:\Bartek\coding\biometria\facial_auth\celeba_subset\img_align_celeba\038553.jpg,655,True,glasses,False,0.38861802220344543,274.40699999715434
D:\Bartek\coding\biometria\facial_auth\celeba_subset\img_align_celeba\038553.jpg,655,True,glasses,True,0.38861802220344543,279.3212999968091
D:\Bartek\coding\biometria\facial_auth\celeba_subset\img_align_celeba\104520.jpg,5780,True,mask,False,0.21959717571735382,278.9093000028515
D:\Bartek\coding\biometria\facial_auth\celeba_subset\img_align_celeba\104520.jpg,5780,True,mask,True,0.21519891917705536,11627.914299999247
D:\Bartek\coding\biometria\facial_auth\celeba_subset\img_align_celeba\042145.jpg,4936,True,glasses,False,0.3499529957771301,282.5022999968496
D:\Bartek\coding\biometria\facial_auth\celeba_subset\img_align_celeba\042145.jpg,4936,True,glasses,True,0.3499529957771301,285.47919999982696
D:\Bartek\coding\biometria\facial_auth\celeba_subset\img_align_celeba\141133.jpg,878,True,mask,False,0.03261943534016609,295.6384999997681
D:\Bartek\coding\biometria\facial_auth\celeba_subset\img_align_celeba\141133.jpg,878,True,mask,True,0.0320248007774353,11384.334700000181
D:\Bartek\coding\biometria\facial_auth\celeba_subset\img_align_celeba\047454.jpg,4929,True,glasses,False,0.4301283061504364,286.21029999339953
D:\Bartek\coding\biometria\facial_auth\celeba_subset\img_align_celeba\047454.jpg,4929,True,glasses,True,0.4301283061504364,284.86910000356147
D:\Bartek\coding\biometria\facial_auth\celeba_subset\img_align_celeba\003205.jpg,8091,True,mask,False,0.029592018574476242,283.00969999691006
D:\Bartek\coding\biometria\facial_auth\celeba_subset\img_align_celeba\003205.jpg,8091,True,mask,True,0.21482791006565094,11362.507999998343
D:\Bartek\coding\biometria\facial_auth\celeba_subset\img_align_celeba\065413.jpg,898,True,glasses,False,0.33204537630081177,282.2039000020595
D:\Bartek\coding\biometria\facial_auth\celeba_subset\img_align_celeba\065413.jpg,898,True,glasses,True,0.33204537630081177,286.81759999744827
D:\Bartek\coding\biometria\facial_auth\celeba_subset\img_align_celeba\043004.jpg,7222,True,mask,False,0.3799379765987396,283.47869999561226
D:\Bartek\coding\biometria\facial_auth\celeba_subset\img_align_celeba\043004.jpg,7222,True,mask,True,0.35134637355804443,278.9818000019295
D:\Bartek\coding\biometria\facial_auth\celeba_subset\img_align_celeba\039244.jpg,5591,True,glasses,False,0.2909517288208008,279.9809999996796
D:\Bartek\coding\biometria\facial_auth\celeba_subset\img_align_celeba\039244.jpg,5591,True,glasses,True,0.2909517288208008,305.0323000061326
D:\Bartek\coding\biometria\facial_auth\celeba_subset\img_align_celeba\023382.jpg,7253,True,mask,False,0.13655509054660797,280.4130000004079
D:\Bartek\coding\biometria\facial_auth\celeba_subset\img_align_celeba\023382.jpg,7253,True,mask,True,0.17881347239017487,11325.462600005267
D:\Bartek\coding\biometria\facial_auth\celeba_subset\img_align_celeba\082803.jpg,2814,True,glasses,False,0.32253792881965637,283.31990000151563
D:\Bartek\coding\biometria\facial_auth\celeba_subset\img_align_celeba\082803.jpg,2814,True,glasses,True,0.32253792881965637,289.9405999996816
D:\Bartek\coding\biometria\facial_auth\celeba_subset\img_align_celeba\142682.jpg,9828,True,mask,False,0.03177264705300331,281.6280999977607
D:\Bartek\coding\biometria\facial_auth\celeba_subset\img_align_celeba\142682.jpg,9828,True,mask,True,0.12709440290927887,11316.174100000353
D:\Bartek\coding\biometria\facial_auth\celeba_subset\img_align_celeba\184813.jpg,6528,True,glasses,False,0.3313800096511841,281.4054999980726
D:\Bartek\coding\biometria\facial_auth\celeba_subset\img_align_celeba\184813.jpg,6528,True,glasses,True,0.3313800096511841,287.3089999993681
D:\Bartek\coding\biometria\facial_auth\celeba_subset\img_align_celeba\012588.jpg,5127,True,mask,False,0.023724479600787163,283.77760000148555
D:\Bartek\coding\biometria\facial_auth\celeba_subset\img_align_celeba\012588.jpg,5127,True,mask,True,0.02361138164997101,11780.309300003864
D:\Bartek\coding\biometria\facial_auth\celeba_subset\img_align_celeba\188545.jpg,8027,True,glasses,False,0.5436819195747375,274.95679999992717
D:\Bartek\coding\biometria\facial_auth\celeba_subset\img_align_celeba\188545.jpg,8027,True,glasses,True,0.5436819195747375,282.53419999964535
D:\Bartek\coding\biometria\facial_auth\celeba_subset\img_align_celeba\068806.jpg,5127,True,mask,False,0.044052526354789734,284.40299999783747
D:\Bartek\coding\biometria\facial_auth\celeba_subset\img_align_celeba\068806.jpg,5127,True,mask,True,0.024791842326521873,11307.091599999694
D:\Bartek\coding\biometria\facial_auth\celeba_subset\img_align_celeba\074147.jpg,5648,True,glasses,False,0.5562678575515747,279.74470000481233
D:\Bartek\coding\biometria\facial_auth\celeba_subset\img_align_celeba\074147.jpg,5648,True,glasses,True,0.5562678575515747,290.6873999963864
D:\Bartek\coding\biometria\facial_auth\celeba_subset\img_align_celeba\011578.jpg,8,True,mask,False,0.02605850249528885,276.199899999483
D:\Bartek\coding\biometria\facial_auth\celeba_subset\img_align_celeba\011578.jpg,8,True,mask,True,0.039989229291677475,11301.920199999586
D:\Bartek\coding\biometria\facial_auth\celeba_subset\img_align_celeba\187081.jpg,8936,True,glasses,False,0.3264158368110657,284.89770000305725
D:\Bartek\coding\biometria\facial_auth\celeba_subset\img_align_celeba\187081.jpg,8936,True,glasses,True,0.3264158368110657,283.6858999944525
D:\Bartek\coding\biometria\facial_auth\celeba_subset\img_align_celeba\142442.jpg,1104,True,mask,False,-0.01126134768128395,283.31079999770736
D:\Bartek\coding\biometria\facial_auth\celeba_subset\img_align_celeba\142442.jpg,1104,True,mask,True,-0.028885800391435623,11322.368600005575
D:\Bartek\coding\biometria\facial_auth\celeba_subset\img_align_celeba\078109.jpg,5210,True,glasses,False,0.3135506808757782,285.38050000497606
D:\Bartek\coding\biometria\facial_auth\celeba_subset\img_align_celeba\078109.jpg,5210,True,glasses,True,0.3135506808757782,286.5188999930979
D:\Bartek\coding\biometria\facial_auth\celeba_subset\img_align_celeba\160672.jpg,5190,True,mask,False,0.06530884653329849,274.3521000011242
D:\Bartek\coding\biometria\facial_auth\celeba_subset\img_align_celeba\160672.jpg,5190,True,mask,True,0.06455306708812714,11401.173800004472
D:\Bartek\coding\biometria\facial_auth\celeba_subset\img_align_celeba\128446.jpg,9093,True,glasses,False,0.621313750743866,271.1464999956661
D:\Bartek\coding\biometria\facial_auth\celeba_subset\img_align_celeba\128446.jpg,9093,True,glasses,True,0.621313750743866,279.02760000142734
D:\Bartek\coding\biometria\facial_auth\celeba_subset\img_align_celeba\014101.jpg,9534,True,mask,False,0.22013668715953827,288.1026000031852
D:\Bartek\coding\biometria\facial_auth\celeba_subset\img_align_celeba\014101.jpg,9534,True,mask,True,0.2526111304759979,296.5888999970048
D:\Bartek\coding\biometria\facial_auth\celeba_subset\img_align_celeba\093762.jpg,655,True,glasses,False,0.46092626452445984,298.89209999964805
D:\Bartek\coding\biometria\facial_auth\celeba_subset\img_align_celeba\093762.jpg,655,True,glasses,True,0.46092626452445984,305.77749999793014
D:\Bartek\coding\biometria\facial_auth\celeba_subset\img_align_celeba\090560.jpg,4150,True,mask,False,0.019434621557593346,288.9987000016845
D:\Bartek\coding\biometria\facial_auth\celeba_subset\img_align_celeba\090560.jpg,4150,True,mask,True,0.1593855768442154,276.64240000012796
D:\Bartek\coding\biometria\facial_auth\celeba_subset\img_align_celeba\044047.jpg,6086,True,glasses,False,0.39618372917175293,296.20479999721283
D:\Bartek\coding\biometria\facial_auth\celeba_subset\img_align_celeba\044047.jpg,6086,True,glasses,True,0.39618372917175293,296.444599996903
D:\Bartek\coding\biometria\facial_auth\celeba_subset\img_align_celeba\194700.jpg,9489,True,mask,False,0.11108822375535965,286.5934000001289
D:\Bartek\coding\biometria\facial_auth\celeba_subset\img_align_celeba\194700.jpg,9489,True,mask,True,0.13954360783100128,11331.73550000356
D:\Bartek\coding\biometria\facial_auth\celeba_subset\img_align_celeba\067812.jpg,1167,True,glasses,False,0.3651876449584961,277.8953000015463
D:\Bartek\coding\biometria\facial_auth\celeba_subset\img_align_celeba\067812.jpg,1167,True,glasses,True,0.3651876449584961,279.02850000100443
D:\Bartek\coding\biometria\facial_auth\celeba_subset\img_align_celeba\081107.jpg,8748,True,mask,False,0.08120997250080109,290.7201999987592
D:\Bartek\coding\biometria\facial_auth\celeba_subset\img_align_celeba\081107.jpg,8748,True,mask,True,0.19625172019004822,11266.886299999896
D:\Bartek\coding\biometria\facial_auth\celeba_subset\img_align_celeba\057044.jpg,4929,True,glasses,False,0.5602931380271912,286.4874000006239
D:\Bartek\coding\biometria\facial_auth\celeba_subset\img_align_celeba\057044.jpg,4929,True,glasses,True,0.5602931380271912,293.5023000027286
D:\Bartek\coding\biometria\facial_auth\celeba_subset\img_align_celeba\193194.jpg,6195,True,mask,False,0.48527419567108154,282.1516999974847
D:\Bartek\coding\biometria\facial_auth\celeba_subset\img_align_celeba\193194.jpg,6195,True,mask,True,0.4912749230861664,11410.831100001815
D:\Bartek\coding\biometria\facial_auth\celeba_subset\img_align_celeba\125576.jpg,5099,True,glasses,False,0.646010160446167,277.96139999554725
D:\Bartek\coding\biometria\facial_auth\celeba_subset\img_align_celeba\125576.jpg,5099,True,glasses,True,0.646010160446167,277.98920000350336
D:\Bartek\coding\biometria\facial_auth\celeba_subset\img_align_celeba\198870.jpg,5872,True,mask,False,0.1327231377363205,289.1289000035613
D:\Bartek\coding\biometria\facial_auth\celeba_subset\img_align_celeba\198870.jpg,5872,True,mask,True,0.13690879940986633,11700.16079999914
D:\Bartek\coding\biometria\facial_auth\celeba_subset\img_align_celeba\129316.jpg,9688,True,glasses,False,0.7445588111877441,291.02379999676486
D:\Bartek\coding\biometria\facial_auth\celeba_subset\img_align_celeba\129316.jpg,9688,True,glasses,True,0.7445588111877441,281.665399998019
D:\Bartek\coding\biometria\facial_auth\celeba_subset\img_align_celeba\097080.jpg,9300,True,mask,False,0.25356242060661316,305.81959999835817
D:\Bartek\coding\biometria\facial_auth\celeba_subset\img_align_celeba\097080.jpg,9300,True,mask,True,0.2099340260028839,11632.684800002608
D:\Bartek\coding\biometria\facial_auth\celeba_subset\img_align_celeba\093793.jpg,7338,True,glasses,False,0.48648205399513245,290.31530000065686
D:\Bartek\coding\biometria\facial_auth\celeba_subset\img_align_celeba\093793.jpg,7338,True,glasses,True,0.48648205399513245,286.7755000042962
D:\Bartek\coding\biometria\facial_auth\celeba_subset\img_align_celeba\176111.jpg,1154,True,mask,False,0.11272328346967697,294.43760000140173
D:\Bartek\coding\biometria\facial_auth\celeba_subset\img_align_celeba\176111.jpg,1154,True,mask,True,0.11137393116950989,289.2130999971414
D:\Bartek\coding\biometria\facial_auth\celeba_subset\img_align_celeba\045183.jpg,4196,True,glasses,False,0.04845895990729332,284.3362999992678
D:\Bartek\coding\biometria\facial_auth\celeba_subset\img_align_celeba\045183.jpg,4196,True,glasses,True,0.04845895990729332,296.1918000000878
D:\Bartek\coding\biometria\facial_auth\celeba_subset\img_align_celeba\188408.jpg,8415,True,mask,False,0.16549749672412872,282.1316999979899
D:\Bartek\coding\biometria\facial_auth\celeba_subset\img_align_celeba\188408.jpg,8415,True,mask,True,0.16549749672412872,278.8332000054652
D:\Bartek\coding\biometria\facial_auth\celeba_subset\img_align_celeba\000370.jpg,3655,True,glasses,False,0.40553799271583557,288.1427999964217
D:\Bartek\coding\biometria\facial_auth\celeba_subset\img_align_celeba\000370.jpg,3655,True,glasses,True,0.40553799271583557,286.84560000692727
D:\Bartek\coding\biometria\facial_auth\celeba_subset\img_align_celeba\166195.jpg,913,True,mask,False,0.07066266983747482,282.53890000632964
D:\Bartek\coding\biometria\facial_auth\celeba_subset\img_align_celeba\166195.jpg,913,True,mask,True,0.06869582831859589,286.5396999986842
D:\Bartek\coding\biometria\facial_auth\celeba_subset\img_align_celeba\120668.jpg,5648,True,glasses,False,0.5890936851501465,291.1988000050769
D:\Bartek\coding\biometria\facial_auth\celeba_subset\img_align_celeba\120668.jpg,5648,True,glasses,True,0.5890936851501465,284.0959000022849
D:\Bartek\coding\biometria\facial_auth\celeba_subset\img_align_celeba\081855.jpg,1147,True,mask,False,0.04909845069050789,284.283900000446
D:\Bartek\coding\biometria\facial_auth\celeba_subset\img_align_celeba\081855.jpg,1147,True,mask,True,0.06045469641685486,11359.742799999367
D:\Bartek\coding\biometria\facial_auth\celeba_subset\img_align_celeba\020798.jpg,5534,True,glasses,False,0.4323941767215729,281.3534000015352
D:\Bartek\coding\biometria\facial_auth\celeba_subset\img_align_celeba\020798.jpg,5534,True,glasses,True,0.4323941767215729,283.98749999905704
D:\Bartek\coding\biometria\facial_auth\celeba_subset\img_align_celeba\166253.jpg,3200,True,mask,False,0.5808054804801941,299.94539999461267
D:\Bartek\coding\biometria\facial_auth\celeba_subset\img_align_celeba\166253.jpg,3200,True,mask,True,0.5650386214256287,11346.85239999817
D:\Bartek\coding\biometria\facial_auth\celeba_subset\img_align_celeba\020805.jpg,494,True,glasses,False,0.4568968415260315,288.75410000182455
D:\Bartek\coding\biometria\facial_auth\celeba_subset\img_align_celeba\020805.jpg,494,True,glasses,True,0.4568968415260315,293.8484999976936
D:\Bartek\coding\biometria\facial_auth\celeba_subset\img_align_celeba\095459.jpg,7422,True,mask,False,0.7457147836685181,284.4487999973353
D:\Bartek\coding\biometria\facial_auth\celeba_subset\img_align_celeba\095459.jpg,7422,True,mask,True,0.7420127987861633,11258.613199999672
D:\Bartek\coding\biometria\facial_auth\celeba_subset\img_align_celeba\061551.jpg,2835,True,glasses,False,0.3559214770793915,272.5381999989622
D:\Bartek\coding\biometria\facial_auth\celeba_subset\img_align_celeba\061551.jpg,2835,True,glasses,True,0.3559214770793915,285.07129999343306
D:\Bartek\coding\biometria\facial_auth\celeba_subset\img_align_celeba\093805.jpg,6972,True,mask,False,0.06864122301340103,288.5831000021426
D:\Bartek\coding\biometria\facial_auth\celeba_subset\img_align_celeba\093805.jpg,6972,True,mask,True,0.07633866369724274,280.2968000032706
D:\Bartek\coding\biometria\facial_auth\celeba_subset\img_align_celeba\163393.jpg,3200,True,glasses,False,0.508311927318573,288.8611000016681
D:\Bartek\coding\biometria\facial_auth\celeba_subset\img_align_celeba\163393.jpg,3200,True,glasses,True,0.508311927318573,285.8743000033428
D:\Bartek\coding\biometria\facial_auth\celeba_subset\img_align_celeba\151435.jpg,8834,True,mask,False,0.04240117967128754,375.3073999978369
D:\Bartek\coding\biometria\facial_auth\celeba_subset\img_align_celeba\151435.jpg,8834,True,mask,True,0.04226769506931305,11467.32680000423
D:\Bartek\coding\biometria\facial_auth\celeba_subset\img_align_celeba\125376.jpg,4968,True,glasses,False,0.05738447234034538,292.4732000028598
D:\Bartek\coding\biometria\facial_auth\celeba_subset\img_align_celeba\125376.jpg,4968,True,glasses,True,0.05738447234034538,300.63390000577783
D:\Bartek\coding\biometria\facial_auth\celeba_subset\img_align_celeba\177019.jpg,4069,True,mask,False,0.22335782647132874,300.5823000057717
D:\Bartek\coding\biometria\facial_auth\celeba_subset\img_align_celeba\177019.jpg,4069,True,mask,True,0.1966482251882553,294.71399999602
D:\Bartek\coding\biometria\facial_auth\celeba_subset\img_align_celeba\170461.jpg,4069,True,glasses,False,0.45227736234664917,295.28620000201045
D:\Bartek\coding\biometria\facial_auth\celeba_subset\img_align_celeba\170461.jpg,4069,True,glasses,True,0.45227736234664917,311.155499999586
D:\Bartek\coding\biometria\facial_auth\celeba_subset\img_align_celeba\044525.jpg,7338,True,mask,False,0.1594659686088562,303.4241999994265
D:\Bartek\coding\biometria\facial_auth\celeba_subset\img_align_celeba\044525.jpg,7338,True,mask,True,0.16840864717960358,11583.345500002906
D:\Bartek\coding\biometria\facial_auth\celeba_subset\img_align_celeba\096809.jpg,878,True,glasses,False,0.6572474241256714,281.09309999854304
D:\Bartek\coding\biometria\facial_auth\celeba_subset\img_align_celeba\096809.jpg,878,True,glasses,True,0.6572474241256714,294.9728000021423
D:\Bartek\coding\biometria\facial_auth\celeba_subset\img_align_celeba\182505.jpg,3877,True,mask,False,0.031164884567260742,288.7321000016527
D:\Bartek\coding\biometria\facial_auth\celeba_subset\img_align_celeba\182505.jpg,3877,True,mask,True,0.01048964448273182,11350.974900000438
D:\Bartek\coding\biometria\facial_auth\celeba_subset\img_align_celeba\080188.jpg,8,True,glasses,False,0.6213361620903015,288.5926000017207
D:\Bartek\coding\biometria\facial_auth\celeba_subset\img_align_celeba\080188.jpg,8,True,glasses,True,0.6213361620903015,290.20999999920605
D:\Bartek\coding\biometria\facial_auth\celeba_subset\img_align_celeba\140153.jpg,6086,True,mask,False,0.08947093784809113,295.41230000177165
D:\Bartek\coding\biometria\facial_auth\celeba_subset\img_align_celeba\140153.jpg,6086,True,mask,True,0.11347873508930206,11367.115699998976
D:\Bartek\coding\biometria\facial_auth\celeba_subset\img_align_celeba\086479.jpg,7422,True,glasses,False,0.43426403403282166,303.0806999959168
D:\Bartek\coding\biometria\facial_auth\celeba_subset\img_align_celeba\086479.jpg,7422,True,glasses,True,0.43426403403282166,294.3181000009645
D:\Bartek\coding\biometria\facial_auth\celeba_subset\img_align_celeba\040233.jpg,898,True,mask,False,0.3279012441635132,293.01480000140145
D:\Bartek\coding\biometria\facial_auth\celeba_subset\img_align_celeba\040233.jpg,898,True,mask,True,0.3201606869697571,11416.881800003466
D:\Bartek\coding\biometria\facial_auth\celeba_subset\img_align_celeba\059202.jpg,4150,True,glasses,False,0.6813546419143677,282.52470000006724
D:\Bartek\coding\biometria\facial_auth\celeba_subset\img_align_celeba\059202.jpg,4150,True,glasses,True,0.6813546419143677,293.5836000033305
D:\Bartek\coding\biometria\facial_auth\celeba_subset\img_align_celeba\038926.jpg,655,True,mask,False,0.10235127806663513,289.62749999482185
D:\Bartek\coding\biometria\facial_auth\celeba_subset\img_align_celeba\038926.jpg,655,True,mask,True,0.09723948687314987,11624.764899999718
D:\Bartek\coding\biometria\facial_auth\celeba_subset\img_align_celeba\155073.jpg,7524,True,glasses,False,0.09743606299161911,288.54750000027707
D:\Bartek\coding\biometria\facial_auth\celeba_subset\img_align_celeba\155073.jpg,7524,True,glasses,True,0.09743606299161911,290.3835000033723
D:\Bartek\coding\biometria\facial_auth\celeba_subset\img_align_celeba\121407.jpg,5246,True,mask,False,0.11636408418416977,296.57420000148704
D:\Bartek\coding\biometria\facial_auth\celeba_subset\img_align_celeba\121407.jpg,5246,True,mask,True,0.18249130249023438,11405.503599999065
D:\Bartek\coding\biometria\facial_auth\celeba_subset\img_align_celeba\156249.jpg,8971,True,glasses,False,0.36428678035736084,279.5704000018304
D:\Bartek\coding\biometria\facial_auth\celeba_subset\img_align_celeba\156249.jpg,8971,True,glasses,True,0.36428678035736084,305.262900001253
D:\Bartek\coding\biometria\facial_auth\celeba_subset\img_align_celeba\112169.jpg,1167,True,mask,False,0.0674315094947815,307.0335000011255
D:\Bartek\coding\biometria\facial_auth\celeba_subset\img_align_celeba\112169.jpg,1167,True,mask,True,0.11687850952148438,11456.640800002788
D:\Bartek\coding\biometria\facial_auth\celeba_subset\img_align_celeba\091764.jpg,9688,True,glasses,False,0.7026888728141785,283.3106999969459
D:\Bartek\coding\biometria\facial_auth\celeba_subset\img_align_celeba\091764.jpg,9688,True,glasses,True,0.7026888728141785,287.23680000257445
D:\Bartek\coding\biometria\facial_auth\celeba_subset\img_align_celeba\117103.jpg,975,True,mask,False,0.022582512348890305,301.5455999993719
D:\Bartek\coding\biometria\facial_auth\celeba_subset\img_align_celeba\117103.jpg,975,True,mask,True,0.05508400872349739,11552.392500001588
D:\Bartek\coding\biometria\facial_auth\celeba_subset\img_align_celeba\154413.jpg,4870,True,glasses,False,0.24576106667518616,290.78730000037467
D:\Bartek\coding\biometria\facial_auth\celeba_subset\img_align_celeba\154413.jpg,4870,True,glasses,True,0.24576106667518616,293.1299999982002
D:\Bartek\coding\biometria\facial_auth\celeba_subset\img_align_celeba\037400.jpg,9910,True,mask,False,0.970052182674408,316.21420000010403
D:\Bartek\coding\biometria\facial_auth\celeba_subset\img_align_celeba\037400.jpg,9910,True,mask,True,0.9073169827461243,11647.265800005698
D:\Bartek\coding\biometria\facial_auth\celeba_subset\img_align_celeba\083656.jpg,6719,True,glasses,False,0.5660539865493774,292.68369999772403
D:\Bartek\coding\biometria\facial_auth\celeba_subset\img_align_celeba\083656.jpg,6719,True,glasses,True,0.5660539865493774,292.1197000032407
D:\Bartek\coding\biometria\facial_auth\celeba_subset\img_align_celeba\148912.jpg,6983,True,mask,False,0.13798557221889496,295.5437999989954
D:\Bartek\coding\biometria\facial_auth\celeba_subset\img_align_celeba\148912.jpg,6983,True,mask,True,0.1380859762430191,11589.442199998302
D:\Bartek\coding\biometria\facial_auth\celeba_subset\img_align_celeba\114149.jpg,5591,True,glasses,False,0.4569546580314636,277.7986000000965
D:\Bartek\coding\biometria\facial_auth\celeba_subset\img_align_celeba\114149.jpg,5591,True,glasses,True,0.4569546580314636,283.9906000008341
D:\Bartek\coding\biometria\facial_auth\celeba_subset\img_align_celeba\077146.jpg,644,True,mask,False,0.2055293172597885,294.2918999979156
D:\Bartek\coding\biometria\facial_auth\celeba_subset\img_align_celeba\077146.jpg,644,True,mask,True,0.15568748116493225,288.8243000052171
D:\Bartek\coding\biometria\facial_auth\celeba_subset\img_align_celeba\114529.jpg,7253,True,glasses,False,0.3660906255245209,290.443799996865
D:\Bartek\coding\biometria\facial_auth\celeba_subset\img_align_celeba\114529.jpg,7253,True,glasses,True,0.3660906255245209,294.94429999613203
D:\Bartek\coding\biometria\facial_auth\celeba_subset\img_align_celeba\119057.jpg,8834,True,mask,False,0.044920045882463455,307.24950000148965
D:\Bartek\coding\biometria\facial_auth\celeba_subset\img_align_celeba\119057.jpg,8834,True,mask,True,0.09228763729333878,11428.506599993852
D:\Bartek\coding\biometria\facial_auth\celeba_subset\img_align_celeba\176396.jpg,4069,True,glasses,False,0.5137083530426025,293.37820000364445
D:\Bartek\coding\biometria\facial_auth\celeba_subset\img_align_celeba\176396.jpg,4069,True,glasses,True,0.5137083530426025,291.0591999971075
D:\Bartek\coding\biometria\facial_auth\celeba_subset\img_align_celeba\145712.jpg,644,True,mask,False,0.04839399829506874,301.8979000044055
D:\Bartek\coding\biometria\facial_auth\celeba_subset\img_align_celeba\145712.jpg,644,True,mask,True,0.020061371847987175,11386.449799996626
D:\Bartek\coding\biometria\facial_auth\celeba_subset\img_align_celeba\191940.jpg,6195,True,glasses,False,0.27917107939720154,291.4031999971485
D:\Bartek\coding\biometria\facial_auth\celeba_subset\img_align_celeba\191940.jpg,6195,True,glasses,True,0.27917107939720154,286.6831999999704
D:\Bartek\coding\biometria\facial_auth\celeba_subset\img_align_celeba\175825.jpg,2177,True,mask,False,0.9189313054084778,304.3331000008038
D:\Bartek\coding\biometria\facial_auth\celeba_subset\img_align_celeba\175825.jpg,2177,True,mask,True,0.9197720885276794,11520.11499999935
D:\Bartek\coding\biometria\facial_auth\celeba_subset\img_align_celeba\043362.jpg,8,True,glasses,False,0.45544737577438354,293.0419000040274
D:\Bartek\coding\biometria\facial_auth\celeba_subset\img_align_celeba\043362.jpg,8,True,glasses,True,0.45544737577438354,294.49210000166204
D:\Bartek\coding\biometria\facial_auth\celeba_subset\img_align_celeba\101275.jpg,5190,True,mask,False,0.03677281364798546,305.87499999819556
D:\Bartek\coding\biometria\facial_auth\celeba_subset\img_align_celeba\101275.jpg,5190,True,mask,True,0.04636239632964134,11362.22340000677
D:\Bartek\coding\biometria\facial_auth\celeba_subset\img_align_celeba\199029.jpg,9489,True,glasses,False,0.48366600275039673,289.75740000169026
D:\Bartek\coding\biometria\facial_auth\celeba_subset\img_align_celeba\199029.jpg,9489,True,glasses,True,0.48366600275039673,291.7587000047206
D:\Bartek\coding\biometria\facial_auth\celeba_subset\img_align_celeba\133966.jpg,5238,True,mask,False,0.03019772097468376,296.2086999978055
D:\Bartek\coding\biometria\facial_auth\celeba_subset\img_align_celeba\133966.jpg,5238,True,mask,True,0.02637173980474472,11980.27749999892
D:\Bartek\coding\biometria\facial_auth\celeba_subset\img_align_celeba\181250.jpg,913,True,glasses,False,0.6868950128555298,285.39509999973234
D:\Bartek\coding\biometria\facial_auth\celeba_subset\img_align_celeba\181250.jpg,913,True,glasses,True,0.6868950128555298,291.5971000038553
D:\Bartek\coding\biometria\facial_auth\celeba_subset\img_align_celeba\083995.jpg,2926,True,mask,False,0.01860978454351425,290.96299999946496
D:\Bartek\coding\biometria\facial_auth\celeba_subset\img_align_celeba\083995.jpg,2926,True,mask,True,0.06169435381889343,11478.532799999812
D:\Bartek\coding\biometria\facial_auth\celeba_subset\img_align_celeba\174539.jpg,205,True,glasses,False,0.3403150141239166,292.8444999997737
D:\Bartek\coding\biometria\facial_auth\celeba_subset\img_align_celeba\174539.jpg,205,True,glasses,True,0.3403150141239166,295.7045000002836
D:\Bartek\coding\biometria\facial_auth\celeba_subset\img_align_celeba\087125.jpg,6456,True,mask,False,0.28369057178497314,299.76490000262856
D:\Bartek\coding\biometria\facial_auth\celeba_subset\img_align_celeba\087125.jpg,6456,True,mask,True,0.33132392168045044,295.99449999659555
D:\Bartek\coding\biometria\facial_auth\celeba_subset\img_align_celeba\034354.jpg,8748,True,glasses,False,0.15125687420368195,294.33979999885196
D:\Bartek\coding\biometria\facial_auth\celeba_subset\img_align_celeba\034354.jpg,8748,True,glasses,True,0.15125687420368195,296.9729999967967
D:\Bartek\coding\biometria\facial_auth\celeba_subset\img_align_celeba\134714.jpg,503,True,mask,False,0.34321174025535583,289.02609999931883
D:\Bartek\coding\biometria\facial_auth\celeba_subset\img_align_celeba\134714.jpg,503,True,mask,True,0.3822120428085327,11415.049200004432
D:\Bartek\coding\biometria\facial_auth\celeba_subset\img_align_celeba\168624.jpg,913,True,glasses,False,0.7653381824493408,283.3792000019457
D:\Bartek\coding\biometria\facial_auth\celeba_subset\img_align_celeba\168624.jpg,913,True,glasses,True,0.7653381824493408,289.51409999717725
D:\Bartek\coding\biometria\facial_auth\celeba_subset\img_align_celeba\202056.jpg,6195,True,mask,False,0.4839044213294983,287.6248999964446
D:\Bartek\coding\biometria\facial_auth\celeba_subset\img_align_celeba\202056.jpg,6195,True,mask,True,0.49794137477874756,292.7292000022135
D:\Bartek\coding\biometria\facial_auth\celeba_subset\img_align_celeba\031727.jpg,8748,True,glasses,False,0.41306230425834656,289.00419999990845
D:\Bartek\coding\biometria\facial_auth\celeba_subset\img_align_celeba\031727.jpg,8748,True,glasses,True,0.41306230425834656,291.9376999998349
D:\Bartek\coding\biometria\facial_auth\celeba_subset\img_align_celeba\131034.jpg,310,True,mask,False,0.33376115560531616,288.01840000232914
D:\Bartek\coding\biometria\facial_auth\celeba_subset\img_align_celeba\131034.jpg,310,True,mask,True,0.33376768231391907,11439.154400002735
D:\Bartek\coding\biometria\facial_auth\celeba_subset\img_align_celeba\121279.jpg,8,True,glasses,False,0.18273009359836578,287.5192999999854
D:\Bartek\coding\biometria\facial_auth\celeba_subset\img_align_celeba\121279.jpg,8,True,glasses,True,0.18273009359836578,300.19110000284854
D:\Bartek\coding\biometria\facial_auth\celeba_subset\img_align_celeba\028927.jpg,8971,True,mask,False,0.0506896935403347,292.9904000047827
D:\Bartek\coding\biometria\facial_auth\celeba_subset\img_align_celeba\028927.jpg,8971,True,mask,True,0.07542113214731216,11412.397899999633
D:\Bartek\coding\biometria\facial_auth\celeba_subset\img_align_celeba\069706.jpg,503,True,glasses,False,0.33149248361587524,229.159400005301
D:\Bartek\coding\biometria\facial_auth\celeba_subset\img_align_celeba\069706.jpg,503,True,glasses,True,0.33149248361587524,216.98470000410452
D:\Bartek\coding\biometria\facial_auth\celeba_subset\img_align_celeba\061296.jpg,8748,True,mask,False,0.0865996778011322,295.3431999994791
D:\Bartek\coding\biometria\facial_auth\celeba_subset\img_align_celeba\061296.jpg,8748,True,mask,True,0.16994935274124146,11767.164099997899
D:\Bartek\coding\biometria\facial_auth\celeba_subset\img_align_celeba\078120.jpg,6806,True,glasses,False,0.6319483518600464,292.463099998713
D:\Bartek\coding\biometria\facial_auth\celeba_subset\img_align_celeba\078120.jpg,6806,True,glasses,True,0.6319483518600464,294.4303999975091
D:\Bartek\coding\biometria\facial_auth\celeba_subset\img_align_celeba\150975.jpg,494,True,mask,False,0.12535151839256287,301.4322999952128
D:\Bartek\coding\biometria\facial_auth\celeba_subset\img_align_celeba\150975.jpg,494,True,mask,True,0.12208839505910873,11353.4273999976
D:\Bartek\coding\biometria\facial_auth\celeba_subset\img_align_celeba\006139.jpg,898,True,glasses,False,0.5529965758323669,292.2324000028311
D:\Bartek\coding\biometria\facial_auth\celeba_subset\img_align_celeba\006139.jpg,898,True,glasses,True,0.5529965758323669,293.2587000032072
D:\Bartek\coding\biometria\facial_auth\celeba_subset\img_align_celeba\176990.jpg,913,True,mask,False,-0.0081865843385458,303.16570000286447
D:\Bartek\coding\biometria\facial_auth\celeba_subset\img_align_celeba\176990.jpg,913,True,mask,True,0.13582347333431244,11439.23299999733
D:\Bartek\coding\biometria\facial_auth\celeba_subset\img_align_celeba\004284.jpg,644,True,glasses,False,0.48813438415527344,299.67670000041835
D:\Bartek\coding\biometria\facial_auth\celeba_subset\img_align_celeba\004284.jpg,644,True,glasses,True,0.48813438415527344,298.55179999867687
D:\Bartek\coding\biometria\facial_auth\celeba_subset\img_align_celeba\074823.jpg,7103,True,mask,False,0.042344313114881516,280.600999998569
D:\Bartek\coding\biometria\facial_auth\celeba_subset\img_align_celeba\074823.jpg,7103,True,mask,True,0.05299675464630127,11337.716400004865
D:\Bartek\coding\biometria\facial_auth\celeba_subset\img_align_celeba\019471.jpg,655,True,glasses,False,0.29471343755722046,286.42289999697823
D:\Bartek\coding\biometria\facial_auth\celeba_subset\img_align_celeba\019471.jpg,655,True,glasses,True,0.29471343755722046,289.37869999936083
D:\Bartek\coding\biometria\facial_auth\celeba_subset\img_align_celeba\196286.jpg,8415,True,mask,False,0.19756348431110382,284.6254000032786
D:\Bartek\coding\biometria\facial_auth\celeba_subset\img_align_celeba\196286.jpg,8415,True,mask,True,0.17711645364761353,285.09569999732776
D:\Bartek\coding\biometria\facial_auth\celeba_subset\img_align_celeba\146030.jpg,7524,True,glasses,False,0.16984184086322784,282.9712999955518
D:\Bartek\coding\biometria\facial_auth\celeba_subset\img_align_celeba\146030.jpg,7524,True,glasses,True,0.16984184086322784,298.66040000342764
D:\Bartek\coding\biometria\facial_auth\celeba_subset\img_align_celeba\175982.jpg,2177,True,mask,False,0.9142357110977173,290.90170000563376
D:\Bartek\coding\biometria\facial_auth\celeba_subset\img_align_celeba\175982.jpg,2177,True,mask,True,0.9143456816673279,11681.82749999687
D:\Bartek\coding\biometria\facial_auth\celeba_subset\img_align_celeba\172678.jpg,1120,True,glasses,False,0.4979923963546753,293.0891000069096
D:\Bartek\coding\biometria\facial_auth\celeba_subset\img_align_celeba\172678.jpg,1120,True,glasses,True,0.4979923963546753,302.38890000327956
D:\Bartek\coding\biometria\facial_auth\celeba_subset\img_align_celeba\036303.jpg,5780,True,mask,False,0.23384079337120056,290.0332999997772
D:\Bartek\coding\biometria\facial_auth\celeba_subset\img_align_celeba\036303.jpg,5780,True,mask,True,0.22950492799282074,291.3103000028059
D:\Bartek\coding\biometria\facial_auth\celeba_subset\img_align_celeba\131248.jpg,9000,True,glasses,False,0.5843247771263123,298.00909999903524
D:\Bartek\coding\biometria\facial_auth\celeba_subset\img_align_celeba\131248.jpg,9000,True,glasses,True,0.5843247771263123,305.2583000026061
D:\Bartek\coding\biometria\facial_auth\celeba_subset\img_align_celeba\000332.jpg,9000,True,mask,False,0.03103111870586872,309.0936000007787
D:\Bartek\coding\biometria\facial_auth\celeba_subset\img_align_celeba\000332.jpg,9000,True,mask,True,0.08969081938266754,11350.7249999966
D:\Bartek\coding\biometria\facial_auth\celeba_subset\img_align_celeba\109888.jpg,8908,True,glasses,False,0.28257957100868225,288.37860000203364
D:\Bartek\coding\biometria\facial_auth\celeba_subset\img_align_celeba\109888.jpg,8908,True,glasses,True,0.28257957100868225,286.5061000047717
D:\Bartek\coding\biometria\facial_auth\celeba_subset\img_align_celeba\062940.jpg,7524,True,mask,False,0.9453977942466736,299.97049999656156
D:\Bartek\coding\biometria\facial_auth\celeba_subset\img_align_celeba\062940.jpg,7524,True,mask,True,0.9540685415267944,11364.72369999683
D:\Bartek\coding\biometria\facial_auth\celeba_subset\img_align_celeba\151863.jpg,7222,True,glasses,False,0.3571023941040039,293.03839999920456
D:\Bartek\coding\biometria\facial_auth\celeba_subset\img_align_celeba\151863.jpg,7222,True,glasses,True,0.3571023941040039,299.7830000022077
D:\Bartek\coding\biometria\facial_auth\celeba_subset\img_align_celeba\010688.jpg,1128,True,mask,False,0.02440541237592697,288.463299999421
D:\Bartek\coding\biometria\facial_auth\celeba_subset\img_align_celeba\010688.jpg,1128,True,mask,True,0.07170350104570389,11426.885000000766
D:\Bartek\coding\biometria\facial_auth\celeba_subset\img_align_celeba\083313.jpg,1128,True,glasses,False,0.5894871950149536,289.2299000013736
D:\Bartek\coding\biometria\facial_auth\celeba_subset\img_align_celeba\083313.jpg,1128,True,glasses,True,0.5894871950149536,293.48449999815784
D:\Bartek\coding\biometria\facial_auth\celeba_subset\img_align_celeba\108091.jpg,975,True,mask,False,0.05323145166039467,292.9675999985193
D:\Bartek\coding\biometria\facial_auth\celeba_subset\img_align_celeba\108091.jpg,975,True,mask,True,0.05159275233745575,11427.598200003558
D:\Bartek\coding\biometria\facial_auth\celeba_subset\img_align_celeba\067888.jpg,9828,True,glasses,False,0.5628225207328796,299.4931999928667
D:\Bartek\coding\biometria\facial_auth\celeba_subset\img_align_celeba\067888.jpg,9828,True,glasses,True,0.5628225207328796,300.2953000031994
D:\Bartek\coding\biometria\facial_auth\celeba_subset\img_align_celeba\013854.jpg,494,True,mask,False,0.15616971254348755,288.7182999984361
D:\Bartek\coding\biometria\facial_auth\celeba_subset\img_align_celeba\013854.jpg,494,True,mask,True,0.1315634697675705,11844.06460000173
D:\Bartek\coding\biometria\facial_auth\celeba_subset\img_align_celeba\083409.jpg,975,True,glasses,False,0.5228570103645325,291.1708000028739
D:\Bartek\coding\biometria\facial_auth\celeba_subset\img_align_celeba\083409.jpg,975,True,glasses,True,0.5228570103645325,296.99059999984456
D:\Bartek\coding\biometria\facial_auth\celeba_subset\img_align_celeba\134574.jpg,6136,True,mask,False,0.14582069218158722,298.16890000074636
D:\Bartek\coding\biometria\facial_auth\celeba_subset\img_align_celeba\134574.jpg,6136,True,mask,True,0.1550358235836029,290.15459999936866
D:\Bartek\coding\biometria\facial_auth\celeba_subset\img_align_celeba\139630.jpg,5672,True,glasses,False,0.36138680577278137,300.88030000479193
D:\Bartek\coding\biometria\facial_auth\celeba_subset\img_align_celeba\139630.jpg,5672,True,glasses,True,0.36138680577278137,306.2343999990844
D:\Bartek\coding\biometria\facial_auth\celeba_subset\img_align_celeba\091484.jpg,9300,True,mask,False,0.23587457835674286,301.55999999988126
D:\Bartek\coding\biometria\facial_auth\celeba_subset\img_align_celeba\091484.jpg,9300,True,mask,True,0.20282404124736786,11399.215400000685
D:\Bartek\coding\biometria\facial_auth\celeba_subset\img_align_celeba\099087.jpg,7103,True,glasses,False,0.3440482020378113,289.37800000130665
D:\Bartek\coding\biometria\facial_auth\celeba_subset\img_align_celeba\099087.jpg,7103,True,glasses,True,0.3440482020378113,291.2603999939165
D:\Bartek\coding\biometria\facial_auth\celeba_subset\img_align_celeba\010078.jpg,4870,True,mask,False,0.1706046462059021,296.1970000033034
D:\Bartek\coding\biometria\facial_auth\celeba_subset\img_align_celeba\010078.jpg,4870,True,mask,True,0.2538835406303406,11355.651199999556
D:\Bartek\coding\biometria\facial_auth\celeba_subset\img_align_celeba\197136.jpg,5033,True,glasses,False,0.38080456852912903,296.9733999998425
D:\Bartek\coding\biometria\facial_auth\celeba_subset\img_align_celeba\197136.jpg,5033,True,glasses,True,0.38080456852912903,304.4004999974277
D:\Bartek\coding\biometria\facial_auth\celeba_subset\img_align_celeba\180177.jpg,3236,True,mask,False,0.06886827200651169,289.0673999936553
D:\Bartek\coding\biometria\facial_auth\celeba_subset\img_align_celeba\180177.jpg,3236,True,mask,True,0.0839485377073288,295.15099999844097
D:\Bartek\coding\biometria\facial_auth\celeba_subset\img_align_celeba\089265.jpg,8971,True,glasses,False,0.6114464998245239,298.9476000002469
D:\Bartek\coding\biometria\facial_auth\celeba_subset\img_align_celeba\089265.jpg,8971,True,glasses,True,0.6114464998245239,302.6758999985759
D:\Bartek\coding\biometria\facial_auth\celeba_subset\img_align_celeba\123981.jpg,6170,True,mask,False,0.01793619804084301,304.4378999984474
D:\Bartek\coding\biometria\facial_auth\celeba_subset\img_align_celeba\123981.jpg,6170,True,mask,True,0.11797389388084412,11481.675000002724
D:\Bartek\coding\biometria\facial_auth\celeba_subset\img_align_celeba\161446.jpg,6972,True,glasses,False,0.4645289182662964,294.2323999959626
D:\Bartek\coding\biometria\facial_auth\celeba_subset\img_align_celeba\161446.jpg,6972,True,glasses,True,0.4645289182662964,304.99540000164416
D:\Bartek\coding\biometria\facial_auth\celeba_subset\img_align_celeba\071856.jpg,7338,True,mask,False,0.21128395199775696,294.3717000016477
D:\Bartek\coding\biometria\facial_auth\celeba_subset\img_align_celeba\071856.jpg,7338,True,mask,True,0.22720754146575928,361.9558999998844
D:\Bartek\coding\biometria\facial_auth\celeba_subset\img_align_celeba\126178.jpg,5099,True,glasses,False,0.5883071422576904,293.393300002208
D:\Bartek\coding\biometria\facial_auth\celeba_subset\img_align_celeba\126178.jpg,5099,True,glasses,True,0.5883071422576904,302.96789999556495
D:\Bartek\coding\biometria\facial_auth\celeba_subset\img_align_celeba\016253.jpg,8908,True,mask,False,0.9207391142845154,289.04960000363644
D:\Bartek\coding\biometria\facial_auth\celeba_subset\img_align_celeba\016253.jpg,8908,True,mask,True,0.9225482940673828,11425.63710000104
D:\Bartek\coding\biometria\facial_auth\celeba_subset\img_align_celeba\197797.jpg,9632,True,glasses,False,0.4692392945289612,296.4891000010539
D:\Bartek\coding\biometria\facial_auth\celeba_subset\img_align_celeba\197797.jpg,9632,True,glasses,True,0.4692392945289612,286.792200000491
D:\Bartek\coding\biometria\facial_auth\celeba_subset\img_align_celeba\125367.jpg,975,True,mask,False,0.028567874804139137,287.3879000035231
D:\Bartek\coding\biometria\facial_auth\celeba_subset\img_align_celeba\125367.jpg,975,True,mask,True,0.06476152688264847,11867.800600004557
D:\Bartek\coding\biometria\facial_auth\celeba_subset\img_align_celeba\091053.jpg,9093,True,glasses,False,0.5318093299865723,292.3109999974258
D:\Bartek\coding\biometria\facial_auth\celeba_subset\img_align_celeba\091053.jpg,9093,True,glasses,True,0.5318093299865723,294.34629999741446
D:\Bartek\coding\biometria\facial_auth\celeba_subset\img_align_celeba\195374.jpg,9489,True,mask,False,0.1010676920413971,305.45210000127554
D:\Bartek\coding\biometria\facial_auth\celeba_subset\img_align_celeba\195374.jpg,9489,True,mask,True,0.12717139720916748,11438.433000002988
D:\Bartek\coding\biometria\facial_auth\celeba_subset\img_align_celeba\182576.jpg,205,True,glasses,False,0.43359002470970154,289.9412000042503
D:\Bartek\coding\biometria\facial_auth\celeba_subset\img_align_celeba\182576.jpg,205,True,glasses,True,0.43359002470970154,300.43089999526273
D:\Bartek\coding\biometria\facial_auth\celeba_subset\img_align_celeba\027656.jpg,6277,True,mask,False,0.036065876483917236,284.49369999725604
D:\Bartek\coding\biometria\facial_auth\celeba_subset\img_align_celeba\027656.jpg,6277,True,mask,True,0.10025864094495773,11412.55820000515
D:\Bartek\coding\biometria\facial_auth\celeba_subset\img_align_celeba\068099.jpg,5648,True,glasses,False,0.3638787865638733,289.09700000076555
D:\Bartek\coding\biometria\facial_auth\celeba_subset\img_align_celeba\068099.jpg,5648,True,glasses,True,0.3638787865638733,291.06529999990016
D:\Bartek\coding\biometria\facial_auth\celeba_subset\img_align_celeba\057489.jpg,975,True,mask,False,0.03683562949299812,302.5303000031272
D:\Bartek\coding\biometria\facial_auth\celeba_subset\img_align_celeba\057489.jpg,975,True,mask,True,0.10550598055124283,11390.59460000135
D:\Bartek\coding\biometria\facial_auth\celeba_subset\img_align_celeba\108853.jpg,5210,True,glasses,False,0.5755939483642578,316.06830000237096
D:\Bartek\coding\biometria\facial_auth\celeba_subset\img_align_celeba\108853.jpg,5210,True,glasses,True,0.5755939483642578,303.3787999956985
D:\Bartek\coding\biometria\facial_auth\celeba_subset\img_align_celeba\056306.jpg,5747,True,mask,False,0.1437593698501587,302.4345000012545
D:\Bartek\coding\biometria\facial_auth\celeba_subset\img_align_celeba\056306.jpg,5747,True,mask,True,0.15082164108753204,11361.141000001226
D:\Bartek\coding\biometria\facial_auth\celeba_subset\img_align_celeba\021275.jpg,7103,True,glasses,False,0.4079265594482422,283.9201000024332
D:\Bartek\coding\biometria\facial_auth\celeba_subset\img_align_celeba\021275.jpg,7103,True,glasses,True,0.4079265594482422,280.3362999984529
D:\Bartek\coding\biometria\facial_auth\celeba_subset\img_align_celeba\143193.jpg,9828,True,mask,False,0.022786736488342285,283.91669999837177
D:\Bartek\coding\biometria\facial_auth\celeba_subset\img_align_celeba\143193.jpg,9828,True,mask,True,0.05442969873547554,11515.108200001123
D:\Bartek\coding\biometria\facial_auth\celeba_subset\img_align_celeba\036626.jpg,6719,True,glasses,False,0.5114248991012573,278.977499998291
D:\Bartek\coding\biometria\facial_auth\celeba_subset\img_align_celeba\036626.jpg,6719,True,glasses,True,0.5114248991012573,291.65939999802504
D:\Bartek\coding\biometria\facial_auth\celeba_subset\img_align_celeba\166301.jpg,1350,True,mask,False,-0.02641165629029274,294.10839999763994
D:\Bartek\coding\biometria\facial_auth\celeba_subset\img_align_celeba\166301.jpg,1350,True,mask,True,-0.02221681922674179,11400.072500000533
D:\Bartek\coding\biometria\facial_auth\celeba_subset\img_align_celeba\090441.jpg,5210,True,glasses,False,0.5236588716506958,289.1365000032238
D:\Bartek\coding\biometria\facial_auth\celeba_subset\img_align_celeba\090441.jpg,5210,True,glasses,True,0.5236588716506958,292.6856000049156
D:\Bartek\coding\biometria\facial_auth\celeba_subset\img_align_celeba\188849.jpg,5033,True,mask,False,0.05263952910900116,299.3382999993628
D:\Bartek\coding\biometria\facial_auth\celeba_subset\img_align_celeba\188849.jpg,5033,True,mask,True,0.2224232256412506,11358.21240000223
D:\Bartek\coding\biometria\facial_auth\celeba_subset\img_align_celeba\101021.jpg,878,True,glasses,False,0.4274723529815674,291.1376999982167
D:\Bartek\coding\biometria\facial_auth\celeba_subset\img_align_celeba\101021.jpg,878,True,glasses,True,0.4274723529815674,295.9640999979456
D:\Bartek\coding\biometria\facial_auth\celeba_subset\img_align_celeba\193291.jpg,8936,True,mask,False,0.11407269537448883,298.6278000025777
D:\Bartek\coding\biometria\facial_auth\celeba_subset\img_align_celeba\193291.jpg,8936,True,mask,True,0.11134811490774155,11537.604299999657
D:\Bartek\coding\biometria\facial_auth\celeba_subset\img_align_celeba\058039.jpg,9910,True,glasses,False,0.2546679973602295,288.89080000226386
D:\Bartek\coding\biometria\facial_auth\celeba_subset\img_align_celeba\058039.jpg,9910,True,glasses,True,0.2546679973602295,287.0589000012842
D:\Bartek\coding\biometria\facial_auth\celeba_subset\img_align_celeba\017468.jpg,9828,True,mask,False,0.026812486350536346,279.14919999602716
D:\Bartek\coding\biometria\facial_auth\celeba_subset\img_align_celeba\017468.jpg,9828,True,mask,True,0.07611457258462906,292.86319999664556
D:\Bartek\coding\biometria\facial_auth\celeba_subset\img_align_celeba\048242.jpg,5127,True,glasses,False,0.3657742142677307,293.9085000034538
D:\Bartek\coding\biometria\facial_auth\celeba_subset\img_align_celeba\048242.jpg,5127,True,glasses,True,0.3657742142677307,300.01659999834374
D:\Bartek\coding\biometria\facial_auth\celeba_subset\img_align_celeba\035153.jpg,2926,True,mask,False,0.05360345169901848,291.77200000412995
D:\Bartek\coding\biometria\facial_auth\celeba_subset\img_align_celeba\035153.jpg,2926,True,mask,True,0.05279657617211342,292.9662999958964
D:\Bartek\coding\biometria\facial_auth\celeba_subset\img_align_celeba\201059.jpg,7088,True,glasses,False,0.11690320819616318,292.62829999788664
D:\Bartek\coding\biometria\facial_auth\celeba_subset\img_align_celeba\201059.jpg,7088,True,glasses,True,0.11690320819616318,285.23760000098264
D:\Bartek\coding\biometria\facial_auth\celeba_subset\img_align_celeba\135492.jpg,8971,True,mask,False,0.04958640784025192,292.7849999978207
D:\Bartek\coding\biometria\facial_auth\celeba_subset\img_align_celeba\135492.jpg,8971,True,mask,True,0.12192589044570923,11954.13909999479
D:\Bartek\coding\biometria\facial_auth\celeba_subset\img_align_celeba\180466.jpg,1120,True,glasses,False,0.3304464519023895,294.8333000022103
D:\Bartek\coding\biometria\facial_auth\celeba_subset\img_align_celeba\180466.jpg,1120,True,glasses,True,0.3304464519023895,297.08450000180164
D:\Bartek\coding\biometria\facial_auth\celeba_subset\img_align_celeba\169073.jpg,1154,True,mask,False,0.08687122911214828,300.72040000231937
D:\Bartek\coding\biometria\facial_auth\celeba_subset\img_align_celeba\169073.jpg,1154,True,mask,True,0.08605292439460754,11506.081299994548
D:\Bartek\coding\biometria\facial_auth\celeba_subset\img_align_celeba\005730.jpg,4150,True,glasses,False,0.5686655640602112,293.23160000058124
D:\Bartek\coding\biometria\facial_auth\celeba_subset\img_align_celeba\005730.jpg,4150,True,glasses,True,0.5686655640602112,292.40890000073705
D:\Bartek\coding\biometria\facial_auth\celeba_subset\img_align_celeba\158553.jpg,5922,True,mask,False,0.11917005479335785,289.47510000580223
D:\Bartek\coding\biometria\facial_auth\celeba_subset\img_align_celeba\158553.jpg,5922,True,mask,True,0.12077943235635757,11357.075700005225
D:\Bartek\coding\biometria\facial_auth\celeba_subset\img_align_celeba\132620.jpg,4936,True,glasses,False,0.3818432688713074,294.1595000011148
D:\Bartek\coding\biometria\facial_auth\celeba_subset\img_align_celeba\132620.jpg,4936,True,glasses,True,0.3818432688713074,293.02829999505775
D:\Bartek\coding\biometria\facial_auth\celeba_subset\img_align_celeba\147233.jpg,5534,True,mask,False,0.20529021322727203,292.58000000118045
D:\Bartek\coding\biometria\facial_auth\celeba_subset\img_align_celeba\147233.jpg,5534,True,mask,True,0.2528053820133209,292.2748000055435
D:\Bartek\coding\biometria\facial_auth\celeba_subset\img_align_celeba\048423.jpg,5238,True,glasses,False,0.6242460012435913,290.3206999981194
D:\Bartek\coding\biometria\facial_auth\celeba_subset\img_align_celeba\048423.jpg,5238,True,glasses,True,0.6242460012435913,297.52490000100806
D:\Bartek\coding\biometria\facial_auth\celeba_subset\img_align_celeba\190600.jpg,8415,True,mask,False,0.2123158574104309,286.51520000130404
D:\Bartek\coding\biometria\facial_auth\celeba_subset\img_align_celeba\190600.jpg,8415,True,mask,True,0.13634531199932098,294.37049999978626
D:\Bartek\coding\biometria\facial_auth\celeba_subset\img_align_celeba\163825.jpg,3877,True,glasses,False,0.6493350863456726,298.8257999968482
D:\Bartek\coding\biometria\facial_auth\celeba_subset\img_align_celeba\163825.jpg,3877,True,glasses,True,0.6493350863456726,290.8559999996214
D:\Bartek\coding\biometria\facial_auth\celeba_subset\img_align_celeba\191977.jpg,8936,True,mask,False,0.08358790725469589,306.14390000118874
D:\Bartek\coding\biometria\facial_auth\celeba_subset\img_align_celeba\191977.jpg,8936,True,mask,True,0.13872994482517242,323.47300000401447
D:\Bartek\coding\biometria\facial_auth\celeba_subset\img_align_celeba\030170.jpg,5099,True,glasses,False,0.46292686462402344,308.50540000392357
D:\Bartek\coding\biometria\facial_auth\celeba_subset\img_align_celeba\030170.jpg,5099,True,glasses,True,0.46292686462402344,293.54159999638796
D:\Bartek\coding\biometria\facial_auth\celeba_subset\img_align_celeba\153094.jpg,5747,True,mask,False,0.13283894956111908,299.6229999989737
D:\Bartek\coding\biometria\facial_auth\celeba_subset\img_align_celeba\153094.jpg,5747,True,mask,True,0.20800365507602692,11414.067700003216
D:\Bartek\coding\biometria\facial_auth\celeba_subset\img_align_celeba\000864.jpg,5246,True,glasses,False,0.36696964502334595,295.6678999980795
D:\Bartek\coding\biometria\facial_auth\celeba_subset\img_align_celeba\000864.jpg,5246,True,glasses,True,0.36696964502334595,296.08839999855263
D:\Bartek\coding\biometria\facial_auth\celeba_subset\img_align_celeba\015741.jpg,6170,True,mask,False,0.004174298141151667,294.9596000034944
D:\Bartek\coding\biometria\facial_auth\celeba_subset\img_align_celeba\015741.jpg,6170,True,mask,True,0.07547488063573837,11580.053199999384
D:\Bartek\coding\biometria\facial_auth\celeba_subset\img_align_celeba\166957.jpg,4069,True,glasses,False,0.28390181064605713,288.41770000144606
D:\Bartek\coding\biometria\facial_auth\celeba_subset\img_align_celeba\166957.jpg,4069,True,glasses,True,0.28390181064605713,293.30990000016754
D:\Bartek\coding\biometria\facial_auth\celeba_subset\img_align_celeba\188620.jpg,8027,True,mask,False,0.07295487076044083,286.62590000021737
D:\Bartek\coding\biometria\facial_auth\celeba_subset\img_align_celeba\188620.jpg,8027,True,mask,True,0.09437162429094315,11773.863800000981
D:\Bartek\coding\biometria\facial_auth\celeba_subset\img_align_celeba\090465.jpg,644,True,glasses,False,0.3778287470340729,281.6281000050367
D:\Bartek\coding\biometria\facial_auth\celeba_subset\img_align_celeba\090465.jpg,644,True,glasses,True,0.3778287470340729,291.99070000322536
D:\Bartek\coding\biometria\facial_auth\celeba_subset\img_align_celeba\191647.jpg,9632,True,mask,False,0.06367369741201401,290.05929999402724
D:\Bartek\coding\biometria\facial_auth\celeba_subset\img_align_celeba\191647.jpg,9632,True,mask,True,0.09196093678474426,11374.977999999828
D:\Bartek\coding\biometria\facial_auth\celeba_subset\img_align_celeba\074577.jpg,4936,True,glasses,False,0.3054465651512146,294.3803000016487
D:\Bartek\coding\biometria\facial_auth\celeba_subset\img_align_celeba\074577.jpg,4936,True,glasses,True,0.3054465651512146,299.0782000051695
D:\Bartek\coding\biometria\facial_auth\celeba_subset\img_align_celeba\016528.jpg,1147,True,mask,False,0.030971961095929146,299.5853999964311
D:\Bartek\coding\biometria\facial_auth\celeba_subset\img_align_celeba\016528.jpg,1147,True,mask,True,0.06779741495847702,289.0230999983032
D:\Bartek\coding\biometria\facial_auth\celeba_subset\img_align_celeba\076942.jpg,6983,True,glasses,False,0.5235341191291809,292.8747000041767
D:\Bartek\coding\biometria\facial_auth\celeba_subset\img_align_celeba\076942.jpg,6983,True,glasses,True,0.5235341191291809,287.0604999989155
D:\Bartek\coding\biometria\facial_auth\celeba_subset\img_align_celeba\156288.jpg,494,True,mask,False,0.13703672587871552,311.4724999977625
D:\Bartek\coding\biometria\facial_auth\celeba_subset\img_align_celeba\156288.jpg,494,True,mask,True,0.15845368802547455,11435.62579999707
D:\Bartek\coding\biometria\facial_auth\celeba_subset\img_align_celeba\014548.jpg,6456,True,glasses,False,0.1653805375099182,291.9301000001724
D:\Bartek\coding\biometria\facial_auth\celeba_subset\img_align_celeba\014548.jpg,6456,True,glasses,True,0.1653805375099182,282.2214999978314
D:\Bartek\coding\biometria\facial_auth\celeba_subset\img_align_celeba\202541.jpg,5872,True,mask,False,0.13377821445465088,300.17729999963194
D:\Bartek\coding\biometria\facial_auth\celeba_subset\img_align_celeba\202541.jpg,5872,True,mask,True,0.13374032080173492,11500.263100002485
D:\Bartek\coding\biometria\facial_auth\celeba_subset\img_align_celeba\182074.jpg,1350,True,glasses,False,0.6577849388122559,287.89120000146795
D:\Bartek\coding\biometria\facial_auth\celeba_subset\img_align_celeba\182074.jpg,1350,True,glasses,True,0.6577849388122559,295.6787000002805
D:\Bartek\coding\biometria\facial_auth\celeba_subset\img_align_celeba\179687.jpg,1350,True,mask,False,-0.0028381124138832092,292.62630000448553
D:\Bartek\coding\biometria\facial_auth\celeba_subset\img_align_celeba\179687.jpg,1350,True,mask,True,-0.0031040124595165253,11545.094100001734
D:\Bartek\coding\biometria\facial_auth\celeba_subset\img_align_celeba\005251.jpg,5780,True,glasses,False,0.38134923577308655,305.01209999783896
D:\Bartek\coding\biometria\facial_auth\celeba_subset\img_align_celeba\005251.jpg,5780,True,glasses,True,0.38134923577308655,285.46340000320924
D:\Bartek\coding\biometria\facial_auth\celeba_subset\img_align_celeba\190495.jpg,9632,True,mask,False,0.0479818619787693,303.78899999777786
D:\Bartek\coding\biometria\facial_auth\celeba_subset\img_align_celeba\190495.jpg,9632,True,mask,True,0.06340143084526062,11417.225500001223
D:\Bartek\coding\biometria\facial_auth\celeba_subset\img_align_celeba\178458.jpg,1154,True,glasses,False,0.4215298295021057,289.74960000050487
D:\Bartek\coding\biometria\facial_auth\celeba_subset\img_align_celeba\178458.jpg,1154,True,glasses,True,0.4215298295021057,286.3342999989982
D:\Bartek\coding\biometria\facial_auth\celeba_subset\img_align_celeba\023207.jpg,7524,True,mask,False,0.9654181599617004,299.69010000058915
D:\Bartek\coding\biometria\facial_auth\celeba_subset\img_align_celeba\023207.jpg,7524,True,mask,True,0.9681652784347534,11318.60580000648
D:\Bartek\coding\biometria\facial_auth\celeba_subset\img_align_celeba\168354.jpg,1120,True,glasses,False,0.6335036754608154,295.4747999974643
D:\Bartek\coding\biometria\facial_auth\celeba_subset\img_align_celeba\168354.jpg,1120,True,glasses,True,0.6335036754608154,288.7999000013224
D:\Bartek\coding\biometria\facial_auth\celeba_subset\img_align_celeba\160740.jpg,6806,True,mask,False,0.0071370829828083515,300.8119000005536
D:\Bartek\coding\biometria\facial_auth\celeba_subset\img_align_celeba\160740.jpg,6806,True,mask,True,0.031200246885418892,11504.809999998542
D:\Bartek\coding\biometria\facial_auth\celeba_subset\img_align_celeba\062705.jpg,1128,True,glasses,False,0.6458602547645569,300.3495999946608
D:\Bartek\coding\biometria\facial_auth\celeba_subset\img_align_celeba\062705.jpg,1128,True,glasses,True,0.6458602547645569,310.08769999607466
D:\Bartek\coding\biometria\facial_auth\celeba_subset\img_align_celeba\112263.jpg,6806,True,mask,False,0.00012985244393348694,308.96429999847896
D:\Bartek\coding\biometria\facial_auth\celeba_subset\img_align_celeba\112263.jpg,6806,True,mask,True,0.02622602880001068,11834.323600000062
D:\Bartek\coding\biometria\facial_auth\celeba_subset\img_align_celeba\096216.jpg,4936,True,glasses,False,0.32325977087020874,302.417200000491
D:\Bartek\coding\biometria\facial_auth\celeba_subset\img_align_celeba\096216.jpg,4936,True,glasses,True,0.32325977087020874,288.33730000042124
D:\Bartek\coding\biometria\facial_auth\celeba_subset\img_align_celeba\117212.jpg,5127,True,mask,False,0.04785582423210144,290.568099997472
D:\Bartek\coding\biometria\facial_auth\celeba_subset\img_align_celeba\117212.jpg,5127,True,mask,True,0.06910357624292374,11767.017300000589
D:\Bartek\coding\biometria\facial_auth\celeba_subset\img_align_celeba\122142.jpg,6456,True,glasses,False,0.33715417981147766,299.02850000507897
D:\Bartek\coding\biometria\facial_auth\celeba_subset\img_align_celeba\122142.jpg,6456,True,glasses,True,0.33715417981147766,309.3684999985271
D:\Bartek\coding\biometria\facial_auth\celeba_subset\img_align_celeba\199392.jpg,9489,True,mask,False,0.098973847925663,296.4215000029071
D:\Bartek\coding\biometria\facial_auth\celeba_subset\img_align_celeba\199392.jpg,9489,True,mask,True,0.13540519773960114,11379.883800000243
D:\Bartek\coding\biometria\facial_auth\celeba_subset\img_align_celeba\022580.jpg,494,True,glasses,False,0.4019456207752228,291.72810000454774
D:\Bartek\coding\biometria\facial_auth\celeba_subset\img_align_celeba\022580.jpg,494,True,glasses,True,0.4019456207752228,293.28800000075717
D:\Bartek\coding\biometria\facial_auth\celeba_subset\img_align_celeba\144927.jpg,9910,True,mask,False,0.9033017158508301,298.7706999992952
D:\Bartek\coding\biometria\facial_auth\celeba_subset\img_align_celeba\144927.jpg,9910,True,mask,True,0.8069251775741577,301.0957000005874
D:\Bartek\coding\biometria\facial_auth\celeba_subset\img_align_celeba\201206.jpg,5791,True,glasses,False,0.2741560637950897,293.00579999835463
D:\Bartek\coding\biometria\facial_auth\celeba_subset\img_align_celeba\201206.jpg,5791,True,glasses,True,0.2741560637950897,296.7151000048034
D:\Bartek\coding\biometria\facial_auth\celeba_subset\img_align_celeba\191377.jpg,6528,True,mask,False,0.5652698278427124,304.29949999961536
D:\Bartek\coding\biometria\facial_auth\celeba_subset\img_align_celeba\191377.jpg,6528,True,mask,True,0.584037184715271,11414.071300001524
D:\Bartek\coding\biometria\facial_auth\celeba_subset\img_align_celeba\103329.jpg,8091,True,glasses,False,0.6433703303337097,283.5687999977381
D:\Bartek\coding\biometria\facial_auth\celeba_subset\img_align_celeba\103329.jpg,8091,True,glasses,True,0.6433703303337097,276.97140000236686
D:\Bartek\coding\biometria\facial_auth\celeba_subset\img_align_celeba\164083.jpg,1120,True,mask,False,0.07513364404439926,292.2764000031748
D:\Bartek\coding\biometria\facial_auth\celeba_subset\img_align_celeba\164083.jpg,1120,True,mask,True,0.09346073120832443,292.5997999991523
D:\Bartek\coding\biometria\facial_auth\celeba_subset\img_align_celeba\119763.jpg,5238,True,glasses,False,0.4963476359844208,301.4290000064648
D:\Bartek\coding\biometria\facial_auth\celeba_subset\img_align_celeba\119763.jpg,5238,True,glasses,True,0.4963476359844208,293.7017999938689
D:\Bartek\coding\biometria\facial_auth\celeba_subset\img_align_celeba\109653.jpg,7222,True,mask,False,0.327058881521225,286.8412999960128
D:\Bartek\coding\biometria\facial_auth\celeba_subset\img_align_celeba\109653.jpg,7222,True,mask,True,0.34541264176368713,11457.439499994507
D:\Bartek\coding\biometria\facial_auth\celeba_subset\img_align_celeba\088793.jpg,6456,True,glasses,False,0.3677155077457428,300.05740000342485
D:\Bartek\coding\biometria\facial_auth\celeba_subset\img_align_celeba\088793.jpg,6456,True,glasses,True,0.3677155077457428,296.2018999969587
D:\Bartek\coding\biometria\facial_auth\celeba_subset\img_align_celeba\138132.jpg,7422,True,mask,False,0.7600898146629333,280.8472999968217
D:\Bartek\coding\biometria\facial_auth\celeba_subset\img_align_celeba\138132.jpg,7422,True,mask,True,0.7599548101425171,11355.963000001793
D:\Bartek\coding\biometria\facial_auth\celeba_subset\img_align_celeba\078681.jpg,3336,True,glasses,False,0.5441540479660034,277.96289999969304
D:\Bartek\coding\biometria\facial_auth\celeba_subset\img_align_celeba\078681.jpg,3336,True,glasses,True,0.5441540479660034,293.46559999976307
D:\Bartek\coding\biometria\facial_auth\celeba_subset\img_align_celeba\022495.jpg,5672,True,mask,False,0.08245377242565155,298.560199997155
D:\Bartek\coding\biometria\facial_auth\celeba_subset\img_align_celeba\022495.jpg,5672,True,mask,True,0.14321966469287872,11830.010199999379
D:\Bartek\coding\biometria\facial_auth\celeba_subset\img_align_celeba\186398.jpg,9632,True,glasses,False,0.42501556873321533,289.3624999996973
D:\Bartek\coding\biometria\facial_auth\celeba_subset\img_align_celeba\186398.jpg,9632,True,glasses,True,0.42501556873321533,299.62910000176635
D:\Bartek\coding\biometria\facial_auth\celeba_subset\img_align_celeba\194610.jpg,6195,True,mask,False,0.48712554574012756,286.20009999576723
D:\Bartek\coding\biometria\facial_auth\celeba_subset\img_align_celeba\194610.jpg,6195,True,mask,True,0.4527158737182617,11373.396699993464
D:\Bartek\coding\biometria\facial_auth\celeba_subset\img_align_celeba\130819.jpg,5210,True,glasses,False,0.649154007434845,285.2241000000504
D:\Bartek\coding\biometria\facial_auth\celeba_subset\img_align_celeba\130819.jpg,5210,True,glasses,True,0.649154007434845,295.99090000556316
D:\Bartek\coding\biometria\facial_auth\celeba_subset\img_align_celeba\092350.jpg,6972,True,mask,False,0.05873069167137146,293.8200999997207
D:\Bartek\coding\biometria\facial_auth\celeba_subset\img_align_celeba\092350.jpg,6972,True,mask,True,0.08359935134649277,309.8985999968136
D:\Bartek\coding\biometria\facial_auth\celeba_subset\img_align_celeba\108819.jpg,7222,True,glasses,False,0.26058027148246765,296.9176999977208
D:\Bartek\coding\biometria\facial_auth\celeba_subset\img_align_celeba\108819.jpg,7222,True,glasses,True,0.26058027148246765,295.9409999966738
D:\Bartek\coding\biometria\facial_auth\celeba_subset\img_align_celeba\175289.jpg,205,True,mask,False,0.055884674191474915,284.67729999829317
D:\Bartek\coding\biometria\facial_auth\celeba_subset\img_align_celeba\175289.jpg,205,True,mask,True,0.05350179225206375,11414.993099999265
D:\Bartek\coding\biometria\facial_auth\celeba_subset\img_align_celeba\099000.jpg,8971,True,glasses,False,0.6490204930305481,290.2401999963331
D:\Bartek\coding\biometria\facial_auth\celeba_subset\img_align_celeba\099000.jpg,8971,True,glasses,True,0.6490204930305481,288.226399999985
D:\Bartek\coding\biometria\facial_auth\celeba_subset\img_align_celeba\000384.jpg,310,True,mask,False,0.35339194536209106,309.9352999997791
D:\Bartek\coding\biometria\facial_auth\celeba_subset\img_align_celeba\000384.jpg,310,True,mask,True,0.34594735503196716,11384.388799997396
D:\Bartek\coding\biometria\facial_auth\celeba_subset\img_align_celeba\190792.jpg,6528,True,glasses,False,0.3542461097240448,284.7126999986358
D:\Bartek\coding\biometria\facial_auth\celeba_subset\img_align_celeba\190792.jpg,6528,True,glasses,True,0.3542461097240448,295.6964000040898
D:\Bartek\coding\biometria\facial_auth\celeba_subset\img_align_celeba\142793.jpg,7103,True,mask,False,0.04416767507791519,291.4958999972441
D:\Bartek\coding\biometria\facial_auth\celeba_subset\img_align_celeba\142793.jpg,7103,True,mask,True,0.04454571381211281,11370.448599998781
D:\Bartek\coding\biometria\facial_auth\celeba_subset\img_align_celeba\178090.jpg,1154,True,glasses,False,0.30942225456237793,292.699999998149
D:\Bartek\coding\biometria\facial_auth\celeba_subset\img_align_celeba\178090.jpg,1154,True,glasses,True,0.30942225456237793,295.0647999969078
D:\Bartek\coding\biometria\facial_auth\celeba_subset\img_align_celeba\091529.jpg,6233,True,mask,False,0.22848303616046906,308.9110000000801
D:\Bartek\coding\biometria\facial_auth\celeba_subset\img_align_celeba\091529.jpg,6233,True,mask,True,0.30162814259529114,11736.504599997716
D:\Bartek\coding\biometria\facial_auth\celeba_subset\img_align_celeba\033851.jpg,655,True,glasses,False,0.4045298993587494,288.0446999988635
D:\Bartek\coding\biometria\facial_auth\celeba_subset\img_align_celeba\033851.jpg,655,True,glasses,True,0.4045298993587494,298.8952000014251
D:\Bartek\coding\biometria\facial_auth\celeba_subset\img_align_celeba\188771.jpg,5575,True,mask,False,0.2920377552509308,298.90989999694284
D:\Bartek\coding\biometria\facial_auth\celeba_subset\img_align_celeba\188771.jpg,5575,True,mask,True,0.32169094681739807,297.8092999983346
D:\Bartek\coding\biometria\facial_auth\celeba_subset\img_align_celeba\029478.jpg,6136,True,glasses,False,0.4053214490413666,295.1048000031733
D:\Bartek\coding\biometria\facial_auth\celeba_subset\img_align_celeba\029478.jpg,6136,True,glasses,True,0.4053214490413666,307.12510000012117
D:\Bartek\coding\biometria\facial_auth\celeba_subset\img_align_celeba\158554.jpg,1104,True,mask,False,0.0008783014491200447,289.8246000040672
D:\Bartek\coding\biometria\facial_auth\celeba_subset\img_align_celeba\158554.jpg,1104,True,mask,True,0.007699492387473583,295.1429000022472
D:\Bartek\coding\biometria\facial_auth\celeba_subset\img_align_celeba\150900.jpg,5190,True,glasses,False,0.3987303376197815,302.7058000006946
D:\Bartek\coding\biometria\facial_auth\celeba_subset\img_align_celeba\150900.jpg,5190,True,glasses,True,0.3987303376197815,307.2916999954032
D:\Bartek\coding\biometria\facial_auth\celeba_subset\img_align_celeba\047067.jpg,1128,True,mask,False,0.03787730634212494,277.97300000383984
D:\Bartek\coding\biometria\facial_auth\celeba_subset\img_align_celeba\047067.jpg,1128,True,mask,True,0.06521149724721909,11351.711399998749
D:\Bartek\coding\biometria\facial_auth\celeba_subset\img_align_celeba\161310.jpg,6806,True,glasses,False,0.7032270431518555,290.40150000219
D:\Bartek\coding\biometria\facial_auth\celeba_subset\img_align_celeba\161310.jpg,6806,True,glasses,True,0.7032270431518555,297.65860000043176
D:\Bartek\coding\biometria\facial_auth\celeba_subset\img_align_celeba\105874.jpg,2814,True,mask,False,0.0078899459913373,301.3487999996869
D:\Bartek\coding\biometria\facial_auth\celeba_subset\img_align_celeba\105874.jpg,2814,True,mask,True,0.08923179656267166,11442.576000001281
D:\Bartek\coding\biometria\facial_auth\celeba_subset\img_align_celeba\061279.jpg,4936,True,glasses,False,0.43437477946281433,289.5531000031042
D:\Bartek\coding\biometria\facial_auth\celeba_subset\img_align_celeba\061279.jpg,4936,True,glasses,True,0.43437477946281433,290.4714000032982
D:\Bartek\coding\biometria\facial_auth\celeba_subset\img_align_celeba\055409.jpg,6086,True,mask,False,0.09394171833992004,298.0057000022498
D:\Bartek\coding\biometria\facial_auth\celeba_subset\img_align_celeba\055409.jpg,6086,True,mask,True,0.0939444750547409,11422.632499998144
D:\Bartek\coding\biometria\facial_auth\celeba_subset\img_align_celeba\124343.jpg,9478,True,glasses,False,0.2948732078075409,283.6634999985108
D:\Bartek\coding\biometria\facial_auth\celeba_subset\img_align_celeba\124343.jpg,9478,True,glasses,True,0.2948732078075409,285.75609999825247
D:\Bartek\coding\biometria\facial_auth\celeba_subset\img_align_celeba\037203.jpg,5591,True,mask,False,0.1427169293165207,297.1230999974068
D:\Bartek\coding\biometria\facial_auth\celeba_subset\img_align_celeba\037203.jpg,5591,True,mask,True,0.16022779047489166,11511.048599997594
D:\Bartek\coding\biometria\facial_auth\celeba_subset\img_align_celeba\051090.jpg,878,True,glasses,False,0.5397936701774597,287.2080000015558
D:\Bartek\coding\biometria\facial_auth\celeba_subset\img_align_celeba\051090.jpg,878,True,glasses,True,0.5397936701774597,291.72879999532597
D:\Bartek\coding\biometria\facial_auth\celeba_subset\img_align_celeba\059009.jpg,1167,True,mask,False,0.08604303747415543,290.60300000128336
D:\Bartek\coding\biometria\facial_auth\celeba_subset\img_align_celeba\059009.jpg,1167,True,mask,True,0.14709678292274475,281.91659999720287
D:\Bartek\coding\biometria\facial_auth\celeba_subset\img_align_celeba\015586.jpg,6983,True,glasses,False,0.5451398491859436,289.860700002464
D:\Bartek\coding\biometria\facial_auth\celeba_subset\img_align_celeba\015586.jpg,6983,True,glasses,True,0.5451398491859436,297.5235999983852
D:\Bartek\coding\biometria\facial_auth\celeba_subset\img_align_celeba\109046.jpg,655,True,mask,False,0.09139739722013474,299.80239999713376
D:\Bartek\coding\biometria\facial_auth\celeba_subset\img_align_celeba\109046.jpg,655,True,mask,True,0.10526929050683975,11407.20319999673
D:\Bartek\coding\biometria\facial_auth\celeba_subset\img_align_celeba\115443.jpg,5246,True,glasses,False,0.19087427854537964,292.02169999916805
D:\Bartek\coding\biometria\facial_auth\celeba_subset\img_align_celeba\115443.jpg,5246,True,glasses,True,0.19087427854537964,295.10450000088895
D:\Bartek\coding\biometria\facial_auth\celeba_subset\img_align_celeba\188971.jpg,9632,True,mask,False,0.054622869938611984,297.0407000029809
D:\Bartek\coding\biometria\facial_auth\celeba_subset\img_align_celeba\188971.jpg,9632,True,mask,True,0.13076165318489075,11392.177599998831
D:\Bartek\coding\biometria\facial_auth\celeba_subset\img_align_celeba\117001.jpg,878,True,glasses,False,0.6216019988059998,283.6807000057888
D:\Bartek\coding\biometria\facial_auth\celeba_subset\img_align_celeba\117001.jpg,878,True,glasses,True,0.6216019988059998,296.00570000184234
D:\Bartek\coding\biometria\facial_auth\celeba_subset\img_align_celeba\065194.jpg,7222,True,mask,False,0.39126262068748474,297.9083999962313
D:\Bartek\coding\biometria\facial_auth\celeba_subset\img_align_celeba\065194.jpg,7222,True,mask,True,0.3940500319004059,292.6625999971293
D:\Bartek\coding\biometria\facial_auth\celeba_subset\img_align_celeba\139598.jpg,1128,True,glasses,False,0.32456454634666443,293.0941000013263
D:\Bartek\coding\biometria\facial_auth\celeba_subset\img_align_celeba\139598.jpg,1128,True,glasses,True,0.32456454634666443,291.40860000188695
D:\Bartek\coding\biometria\facial_auth\celeba_subset\img_align_celeba\149072.jpg,4936,True,mask,False,0.07621359080076218,306.0579000011785
D:\Bartek\coding\biometria\facial_auth\celeba_subset\img_align_celeba\149072.jpg,4936,True,mask,True,0.15173915028572083,11426.317499994184
D:\Bartek\coding\biometria\facial_auth\celeba_subset\img_align_celeba\044004.jpg,7422,True,glasses,False,0.44812196493148804,290.40230000100564
D:\Bartek\coding\biometria\facial_auth\celeba_subset\img_align_celeba\044004.jpg,7422,True,glasses,True,0.44812196493148804,301.48510000435635
D:\Bartek\coding\biometria\facial_auth\celeba_subset\img_align_celeba\145575.jpg,1147,True,mask,False,0.05478745698928833,297.5540999977966
D:\Bartek\coding\biometria\facial_auth\celeba_subset\img_align_celeba\145575.jpg,1147,True,mask,True,0.09967423230409622,11449.738899995282
D:\Bartek\coding\biometria\facial_auth\celeba_subset\img_align_celeba\140263.jpg,9093,True,glasses,False,0.4133525788784027,289.59199999371776
D:\Bartek\coding\biometria\facial_auth\celeba_subset\img_align_celeba\140263.jpg,9093,True,glasses,True,0.4133525788784027,302.0701000059489
D:\Bartek\coding\biometria\facial_auth\celeba_subset\img_align_celeba\182831.jpg,6195,True,mask,False,0.4921075403690338,306.02629999339115
D:\Bartek\coding\biometria\facial_auth\celeba_subset\img_align_celeba\182831.jpg,6195,True,mask,True,0.4721844494342804,295.7983000014792
D:\Bartek\coding\biometria\facial_auth\celeba_subset\img_align_celeba\082290.jpg,9910,True,glasses,False,0.7313244342803955,287.13849999621743
D:\Bartek\coding\biometria\facial_auth\celeba_subset\img_align_celeba\082290.jpg,9910,True,glasses,True,0.7313244342803955,294.76399999839487
D:\Bartek\coding\biometria\facial_auth\celeba_subset\img_align_celeba\147898.jpg,6086,True,mask,False,0.08428867906332016,292.88209999504033
D:\Bartek\coding\biometria\facial_auth\celeba_subset\img_align_celeba\147898.jpg,6086,True,mask,True,0.08428331464529037,11846.475999998802
D:\Bartek\coding\biometria\facial_auth\celeba_subset\img_align_celeba\188249.jpg,6195,True,glasses,False,0.35157933831214905,288.75829999742564
D:\Bartek\coding\biometria\facial_auth\celeba_subset\img_align_celeba\188249.jpg,6195,True,glasses,True,0.35157933831214905,300.0659000026644
D:\Bartek\coding\biometria\facial_auth\celeba_subset\img_align_celeba\095572.jpg,5099,True,mask,False,0.01847289502620697,303.54809999698773
D:\Bartek\coding\biometria\facial_auth\celeba_subset\img_align_celeba\095572.jpg,5099,True,mask,True,0.24326351284980774,11544.947900001716
D:\Bartek\coding\biometria\facial_auth\celeba_subset\img_align_celeba\003447.jpg,8748,True,glasses,False,0.531398594379425,289.08270000101766
D:\Bartek\coding\biometria\facial_auth\celeba_subset\img_align_celeba\003447.jpg,8748,True,glasses,True,0.531398594379425,297.1460999979172
D:\Bartek\coding\biometria\facial_auth\celeba_subset\img_align_celeba\004613.jpg,6136,True,mask,False,0.3088221251964569,297.6135000062641
D:\Bartek\coding\biometria\facial_auth\celeba_subset\img_align_celeba\004613.jpg,6136,True,mask,True,0.2771267592906952,11536.82470000058
D:\Bartek\coding\biometria\facial_auth\celeba_subset\img_align_celeba\178846.jpg,1120,True,glasses,False,0.5218310356140137,300.4944999993313
D:\Bartek\coding\biometria\facial_auth\celeba_subset\img_align_celeba\178846.jpg,1120,True,glasses,True,0.5218310356140137,289.8868000047514
D:\Bartek\coding\biometria\facial_auth\celeba_subset\img_align_celeba\186675.jpg,7088,True,mask,False,0.05402114987373352,306.92410000483505
D:\Bartek\coding\biometria\facial_auth\celeba_subset\img_align_celeba\186675.jpg,7088,True,mask,True,0.16792696714401245,11472.800299998198
D:\Bartek\coding\biometria\facial_auth\celeba_subset\img_align_celeba\185034.jpg,9489,True,glasses,False,0.40876540541648865,281.50150000146823
D:\Bartek\coding\biometria\facial_auth\celeba_subset\img_align_celeba\185034.jpg,9489,True,glasses,True,0.40876540541648865,289.85379999357974
D:\Bartek\coding\biometria\facial_auth\celeba_subset\img_align_celeba\164073.jpg,205,True,mask,False,0.039965178817510605,292.35809999954654
D:\Bartek\coding\biometria\facial_auth\celeba_subset\img_align_celeba\164073.jpg,205,True,mask,True,0.040284205228090286,11417.344800000137
D:\Bartek\coding\biometria\facial_auth\celeba_subset\img_align_celeba\085986.jpg,1147,True,glasses,False,0.4199069142341614,286.18419999838807
D:\Bartek\coding\biometria\facial_auth\celeba_subset\img_align_celeba\085986.jpg,1147,True,glasses,True,0.4199069142341614,294.4188999972539
D:\Bartek\coding\biometria\facial_auth\celeba_subset\img_align_celeba\020151.jpg,5210,True,mask,False,0.052640385925769806,295.7094000012148
D:\Bartek\coding\biometria\facial_auth\celeba_subset\img_align_celeba\020151.jpg,5210,True,mask,True,0.08516979217529297,11630.360099996324
D:\Bartek\coding\biometria\facial_auth\celeba_subset\img_align_celeba\102763.jpg,7422,True,glasses,False,0.47807303071022034,283.0413999981829
D:\Bartek\coding\biometria\facial_auth\celeba_subset\img_align_celeba\102763.jpg,7422,True,glasses,True,0.47807303071022034,294.0457000004244
D:\Bartek\coding\biometria\facial_auth\celeba_subset\img_align_celeba\109883.jpg,8834,True,mask,False,0.022936640307307243,305.4991999961203
D:\Bartek\coding\biometria\facial_auth\celeba_subset\img_align_celeba\109883.jpg,8834,True,mask,True,0.02225026860833168,11389.614799998526
D:\Bartek\coding\biometria\facial_auth\celeba_subset\img_align_celeba\171634.jpg,2177,True,glasses,False,0.2317826747894287,285.8842999994522
D:\Bartek\coding\biometria\facial_auth\celeba_subset\img_align_celeba\171634.jpg,2177,True,glasses,True,0.2317826747894287,288.86680000141496
D:\Bartek\coding\biometria\facial_auth\celeba_subset\img_align_celeba\110694.jpg,898,True,mask,False,0.31209370493888855,301.9417999967118
D:\Bartek\coding\biometria\facial_auth\celeba_subset\img_align_celeba\110694.jpg,898,True,mask,True,0.2942681312561035,301.5860000014072
D:\Bartek\coding\biometria\facial_auth\celeba_subset\img_align_celeba\103070.jpg,9000,True,glasses,False,0.5013874173164368,293.7919999967562
D:\Bartek\coding\biometria\facial_auth\celeba_subset\img_align_celeba\103070.jpg,9000,True,glasses,True,0.5013874173164368,304.16390000027604
D:\Bartek\coding\biometria\facial_auth\celeba_subset\img_align_celeba\181243.jpg,1154,True,mask,False,0.10100647807121277,303.1455999953323
D:\Bartek\coding\biometria\facial_auth\celeba_subset\img_align_celeba\181243.jpg,1154,True,mask,True,0.11212757974863052,291.13219999999274
D:\Bartek\coding\biometria\facial_auth\celeba_subset\img_align_celeba\147336.jpg,8971,True,glasses,False,0.6125783920288086,299.0656999972998
D:\Bartek\coding\biometria\facial_auth\celeba_subset\img_align_celeba\147336.jpg,8971,True,glasses,True,0.6125783920288086,304.24479999783216
D:\Bartek\coding\biometria\facial_auth\celeba_subset\img_align_celeba\180339.jpg,3236,True,mask,False,0.011666554026305676,295.3036999970209
D:\Bartek\coding\biometria\facial_auth\celeba_subset\img_align_celeba\180339.jpg,3236,True,mask,True,0.09238899499177933,11387.970600000699
D:\Bartek\coding\biometria\facial_auth\celeba_subset\img_align_celeba\065105.jpg,5672,True,glasses,False,0.5597177147865295,296.16879999957746
D:\Bartek\coding\biometria\facial_auth\celeba_subset\img_align_celeba\065105.jpg,5672,True,glasses,True,0.5597177147865295,293.0573999983608
D:\Bartek\coding\biometria\facial_auth\celeba_subset\img_align_celeba\202359.jpg,6195,True,mask,False,0.48643288016319275,303.20519999804674
D:\Bartek\coding\biometria\facial_auth\celeba_subset\img_align_celeba\202359.jpg,6195,True,mask,True,0.475333034992218,295.4156999985571
D:\Bartek\coding\biometria\facial_auth\celeba_subset\img_align_celeba\060163.jpg,1167,True,glasses,False,0.3902691900730133,290.9068000008119
D:\Bartek\coding\biometria\facial_auth\celeba_subset\img_align_celeba\060163.jpg,1167,True,glasses,True,0.3902691900730133,298.08629999752156
D:\Bartek\coding\biometria\facial_auth\celeba_subset\img_align_celeba\000237.jpg,7524,True,mask,False,0.9684857130050659,301.89099999552127
D:\Bartek\coding\biometria\facial_auth\celeba_subset\img_align_celeba\000237.jpg,7524,True,mask,True,0.9720615744590759,11438.980499995523
D:\Bartek\coding\biometria\facial_auth\celeba_subset\img_align_celeba\199347.jpg,8936,True,glasses,False,0.4491840600967407,293.7614999973448
D:\Bartek\coding\biometria\facial_auth\celeba_subset\img_align_celeba\199347.jpg,8936,True,glasses,True,0.4491840600967407,297.23550000198884
D:\Bartek\coding\biometria\facial_auth\celeba_subset\img_align_celeba\087256.jpg,1128,True,mask,False,0.037508122622966766,292.1788000021479
D:\Bartek\coding\biometria\facial_auth\celeba_subset\img_align_celeba\087256.jpg,1128,True,mask,True,0.037513893097639084,11613.667300000088
D:\Bartek\coding\biometria\facial_auth\celeba_subset\img_align_celeba\140870.jpg,898,True,glasses,False,0.476136714220047,311.37719999969704
D:\Bartek\coding\biometria\facial_auth\celeba_subset\img_align_celeba\140870.jpg,898,True,glasses,True,0.476136714220047,284.6179999978631
D:\Bartek\coding\biometria\facial_auth\celeba_subset\img_align_celeba\067534.jpg,1167,True,mask,False,0.12143103778362274,301.9767000005231
D:\Bartek\coding\biometria\facial_auth\celeba_subset\img_align_celeba\067534.jpg,1167,True,mask,True,0.12460127472877502,289.33430000324734
D:\Bartek\coding\biometria\facial_auth\celeba_subset\img_align_celeba\002541.jpg,2926,True,glasses,False,0.20624469220638275,290.5848000009428
D:\Bartek\coding\biometria\facial_auth\celeba_subset\img_align_celeba\002541.jpg,2926,True,glasses,True,0.20624469220638275,282.239699998172
D:\Bartek\coding\biometria\facial_auth\celeba_subset\img_align_celeba\110424.jpg,2926,True,mask,False,0.027733754366636276,283.50359999603825
D:\Bartek\coding\biometria\facial_auth\celeba_subset\img_align_celeba\110424.jpg,2926,True,mask,True,0.1970352828502655,11647.007899999153
D:\Bartek\coding\biometria\facial_auth\celeba_subset\img_align_celeba\154712.jpg,5190,True,glasses,False,0.5030331611633301,293.3033999943291
D:\Bartek\coding\biometria\facial_auth\celeba_subset\img_align_celeba\154712.jpg,5190,True,glasses,True,0.5030331611633301,340.9287000031327
D:\Bartek\coding\biometria\facial_auth\celeba_subset\img_align_celeba\177293.jpg,913,True,mask,False,-0.003712333971634507,274.30469999671914
D:\Bartek\coding\biometria\facial_auth\celeba_subset\img_align_celeba\177293.jpg,913,True,mask,True,0.05958240106701851,11414.435600003344
D:\Bartek\coding\biometria\facial_auth\celeba_subset\img_align_celeba\018766.jpg,6722,True,glasses,False,0.27433401346206665,298.73509999742964
D:\Bartek\coding\biometria\facial_auth\celeba_subset\img_align_celeba\018766.jpg,6722,True,glasses,True,0.27433401346206665,291.9922000000952
D:\Bartek\coding\biometria\facial_auth\celeba_subset\img_align_celeba\142950.jpg,5099,True,mask,False,0.16745498776435852,292.7787000007811
D:\Bartek\coding\biometria\facial_auth\celeba_subset\img_align_celeba\142950.jpg,5099,True,mask,True,0.15790516138076782,293.57549999986077
D:\Bartek\coding\biometria\facial_auth\celeba_subset\img_align_celeba\014731.jpg,2814,True,glasses,False,0.4945354163646698,297.9616000011447
D:\Bartek\coding\biometria\facial_auth\celeba_subset\img_align_celeba\014731.jpg,2814,True,glasses,True,0.4945354163646698,293.8505999991321
D:\Bartek\coding\biometria\facial_auth\celeba_subset\img_align_celeba\023935.jpg,6170,True,mask,False,0.0037913250271230936,307.91080000199145
D:\Bartek\coding\biometria\facial_auth\celeba_subset\img_align_celeba\023935.jpg,6170,True,mask,True,0.14592814445495605,11474.26540000015
D:\Bartek\coding\biometria\facial_auth\celeba_subset\img_align_celeba\148514.jpg,5064,True,glasses,False,0.88785719871521,299.2865000051097
D:\Bartek\coding\biometria\facial_auth\celeba_subset\img_align_celeba\148514.jpg,5064,True,glasses,True,0.88785719871521,296.53200000029756
D:\Bartek\coding\biometria\facial_auth\celeba_subset\img_align_celeba\002988.jpg,6983,True,mask,False,0.12494780123233795,292.8831999961403
D:\Bartek\coding\biometria\facial_auth\celeba_subset\img_align_celeba\002988.jpg,6983,True,mask,True,0.13459232449531555,298.1657000054838
D:\Bartek\coding\biometria\facial_auth\celeba_subset\img_align_celeba\086573.jpg,494,True,glasses,False,0.13427948951721191,297.1192000040901
D:\Bartek\coding\biometria\facial_auth\celeba_subset\img_align_celeba\086573.jpg,494,True,glasses,True,0.13427948951721191,280.2248000007239
D:\Bartek\coding\biometria\facial_auth\celeba_subset\img_align_celeba\050666.jpg,5922,True,mask,False,0.11336394399404526,290.082400002575
D:\Bartek\coding\biometria\facial_auth\celeba_subset\img_align_celeba\050666.jpg,5922,True,mask,True,0.12242896854877472,11601.34939999989
D:\Bartek\coding\biometria\facial_auth\celeba_subset\img_align_celeba\182926.jpg,8415,True,glasses,False,0.4017392098903656,290.5404999983148
D:\Bartek\coding\biometria\facial_auth\celeba_subset\img_align_celeba\182926.jpg,8415,True,glasses,True,0.4017392098903656,297.30779999954393
D:\Bartek\coding\biometria\facial_auth\celeba_subset\img_align_celeba\001093.jpg,6972,True,mask,False,0.05292249098420143,297.44919999939157
D:\Bartek\coding\biometria\facial_auth\celeba_subset\img_align_celeba\001093.jpg,6972,True,mask,True,0.07435397058725357,11797.940900003596
D:\Bartek\coding\biometria\facial_auth\celeba_subset\img_align_celeba\186425.jpg,5575,True,glasses,False,0.5551486611366272,290.5841000028886
D:\Bartek\coding\biometria\facial_auth\celeba_subset\img_align_celeba\186425.jpg,5575,True,glasses,True,0.5551486611366272,296.4349000030779
D:\Bartek\coding\biometria\facial_auth\celeba_subset\img_align_celeba\070850.jpg,9478,True,mask,False,0.04285890609025955,294.2700000057812
D:\Bartek\coding\biometria\facial_auth\celeba_subset\img_align_celeba\070850.jpg,9478,True,mask,True,0.04839218035340309,11464.35040000506
D:\Bartek\coding\biometria\facial_auth\celeba_subset\img_align_celeba\202449.jpg,6528,True,glasses,False,0.4258171319961548,298.5513000021456
D:\Bartek\coding\biometria\facial_auth\celeba_subset\img_align_celeba\202449.jpg,6528,True,glasses,True,0.4258171319961548,296.8187000005855
D:\Bartek\coding\biometria\facial_auth\celeba_subset\img_align_celeba\014275.jpg,8971,True,mask,False,0.03701517730951309,289.20640000433195
D:\Bartek\coding\biometria\facial_auth\celeba_subset\img_align_celeba\014275.jpg,8971,True,mask,True,0.048158686608076096,11451.271099998849
D:\Bartek\coding\biometria\facial_auth\celeba_subset\img_align_celeba\054118.jpg,5922,True,glasses,False,0.4042227566242218,282.42319999844767
D:\Bartek\coding\biometria\facial_auth\celeba_subset\img_align_celeba\054118.jpg,5922,True,glasses,True,0.4042227566242218,292.99799999716925
D:\Bartek\coding\biometria\facial_auth\celeba_subset\img_align_celeba\076637.jpg,6983,True,mask,False,0.12067705392837524,310.8101000034367
D:\Bartek\coding\biometria\facial_auth\celeba_subset\img_align_celeba\076637.jpg,6983,True,mask,True,0.13422539830207825,290.58980000263546
D:\Bartek\coding\biometria\facial_auth\celeba_subset\img_align_celeba\146780.jpg,9144,True,glasses,False,0.5628315806388855,299.99810000299476
D:\Bartek\coding\biometria\facial_auth\celeba_subset\img_align_celeba\146780.jpg,9144,True,glasses,True,0.5628315806388855,298.41080000187503
D:\Bartek\coding\biometria\facial_auth\celeba_subset\img_align_celeba\005661.jpg,9534,True,mask,False,0.23117288947105408,293.2703000042238
D:\Bartek\coding\biometria\facial_auth\celeba_subset\img_align_celeba\005661.jpg,9534,True,mask,True,0.23316772282123566,287.1666999999434
D:\Bartek\coding\biometria\facial_auth\celeba_subset\img_align_celeba\094177.jpg,8,True,glasses,False,0.6904667019844055,291.1731999993208
D:\Bartek\coding\biometria\facial_auth\celeba_subset\img_align_celeba\094177.jpg,8,True,glasses,True,0.6904667019844055,294.97799999808194
D:\Bartek\coding\biometria\facial_auth\celeba_subset\img_align_celeba\155044.jpg,7524,True,mask,False,0.9736831784248352,302.7312000049278
D:\Bartek\coding\biometria\facial_auth\celeba_subset\img_align_celeba\155044.jpg,7524,True,mask,True,0.8916192054748535,11343.460800002504
D:\Bartek\coding\biometria\facial_auth\celeba_subset\img_align_celeba\119038.jpg,6972,True,glasses,False,0.5256131291389465,298.8019000040367
D:\Bartek\coding\biometria\facial_auth\celeba_subset\img_align_celeba\119038.jpg,6972,True,glasses,True,0.5256131291389465,306.90940000204137
D:\Bartek\coding\biometria\facial_auth\celeba_subset\img_align_celeba\176338.jpg,3200,True,mask,False,0.5540795922279358,290.86480000114534
D:\Bartek\coding\biometria\facial_auth\celeba_subset\img_align_celeba\176338.jpg,3200,True,mask,True,0.5518047213554382,290.9600999992108
D:\Bartek\coding\biometria\facial_auth\celeba_subset\img_align_celeba\011517.jpg,5238,True,glasses,False,0.5151540040969849,296.40659999859054
D:\Bartek\coding\biometria\facial_auth\celeba_subset\img_align_celeba\011517.jpg,5238,True,glasses,True,0.5151540040969849,300.98919999727514
D:\Bartek\coding\biometria\facial_auth\celeba_subset\img_align_celeba\164316.jpg,1120,True,mask,False,-0.014977348037064075,300.2076000047964
D:\Bartek\coding\biometria\facial_auth\celeba_subset\img_align_celeba\164316.jpg,1120,True,mask,True,0.23342858254909515,11400.228600003175
D:\Bartek\coding\biometria\facial_auth\celeba_subset\img_align_celeba\030286.jpg,3336,True,glasses,False,0.13077376782894135,310.7789999994566
D:\Bartek\coding\biometria\facial_auth\celeba_subset\img_align_celeba\030286.jpg,3336,True,glasses,True,0.13077376782894135,315.0988999987021
D:\Bartek\coding\biometria\facial_auth\celeba_subset\img_align_celeba\066186.jpg,878,True,mask,False,0.051509786397218704,317.24170000234153
D:\Bartek\coding\biometria\facial_auth\celeba_subset\img_align_celeba\066186.jpg,878,True,mask,True,0.05231408402323723,11466.580699998303
D:\Bartek\coding\biometria\facial_auth\celeba_subset\img_align_celeba\164640.jpg,2177,True,glasses,False,0.5798082947731018,301.17109999991953
D:\Bartek\coding\biometria\facial_auth\celeba_subset\img_align_celeba\164640.jpg,2177,True,glasses,True,0.5798082947731018,304.99450000206707
D:\Bartek\coding\biometria\facial_auth\celeba_subset\img_align_celeba\049895.jpg,9534,True,mask,False,0.2888065278530121,304.342599993106
D:\Bartek\coding\biometria\facial_auth\celeba_subset\img_align_celeba\049895.jpg,9534,True,mask,True,0.2838156223297119,294.50090000318596
D:\Bartek\coding\biometria\facial_auth\celeba_subset\img_align_celeba\147630.jpg,3336,True,glasses,False,0.4856061339378357,294.26819999935105
D:\Bartek\coding\biometria\facial_auth\celeba_subset\img_align_celeba\147630.jpg,3336,True,glasses,True,0.4856061339378357,297.34860000462504
D:\Bartek\coding\biometria\facial_auth\celeba_subset\img_align_celeba\110929.jpg,6277,True,mask,False,0.04513118043541908,287.92650000104913
D:\Bartek\coding\biometria\facial_auth\celeba_subset\img_align_celeba\110929.jpg,6277,True,mask,True,0.10460971295833588,11387.165899999673
D:\Bartek\coding\biometria\facial_auth\celeba_subset\img_align_celeba\005218.jpg,5656,True,glasses,False,0.29040297865867615,299.10580000432674
D:\Bartek\coding\biometria\facial_auth\celeba_subset\img_align_celeba\005218.jpg,5656,True,glasses,True,0.29040297865867615,298.924700000498
D:\Bartek\coding\biometria\facial_auth\celeba_subset\img_align_celeba\166795.jpg,1154,True,mask,False,0.09842265397310257,299.39050000393763
D:\Bartek\coding\biometria\facial_auth\celeba_subset\img_align_celeba\166795.jpg,1154,True,mask,True,0.09870468080043793,292.78640000120504
D:\Bartek\coding\biometria\facial_auth\celeba_subset\img_align_celeba\077333.jpg,7422,True,glasses,False,0.4412502348423004,293.4252999984892
D:\Bartek\coding\biometria\facial_auth\celeba_subset\img_align_celeba\077333.jpg,7422,True,glasses,True,0.4412502348423004,292.82100000273203
D:\Bartek\coding\biometria\facial_auth\celeba_subset\img_align_celeba\065047.jpg,9910,True,mask,False,0.970349907875061,303.6528999946313
D:\Bartek\coding\biometria\facial_auth\celeba_subset\img_align_celeba\065047.jpg,9910,True,mask,True,0.9776569604873657,11384.546900000714
D:\Bartek\coding\biometria\facial_auth\celeba_subset\img_align_celeba\013229.jpg,5210,True,glasses,False,0.3347167670726776,298.2908000049065
D:\Bartek\coding\biometria\facial_auth\celeba_subset\img_align_celeba\013229.jpg,5210,True,glasses,True,0.3347167670726776,297.5817999977153
D:\Bartek\coding\biometria\facial_auth\celeba_subset\img_align_celeba\082707.jpg,5064,True,mask,False,0.032171767204999924,291.18369999923743
D:\Bartek\coding\biometria\facial_auth\celeba_subset\img_align_celeba\082707.jpg,5064,True,mask,True,0.03208144009113312,11385.410299997602
D:\Bartek\coding\biometria\facial_auth\celeba_subset\img_align_celeba\042893.jpg,503,True,glasses,False,0.15285824239253998,300.9634999980335
D:\Bartek\coding\biometria\facial_auth\celeba_subset\img_align_celeba\042893.jpg,503,True,glasses,True,0.15285824239253998,298.3823000031407
D:\Bartek\coding\biometria\facial_auth\celeba_subset\img_align_celeba\190913.jpg,9489,True,mask,False,0.09659439325332642,303.219800000079
D:\Bartek\coding\biometria\facial_auth\celeba_subset\img_align_celeba\190913.jpg,9489,True,mask,True,0.12855060398578644,12031.508400003077
D:\Bartek\coding\biometria\facial_auth\celeba_subset\img_align_celeba\055347.jpg,5534,True,glasses,False,0.38881394267082214,291.9127999994089
D:\Bartek\coding\biometria\facial_auth\celeba_subset\img_align_celeba\055347.jpg,5534,True,glasses,True,0.38881394267082214,297.5067000006675
D:\Bartek\coding\biometria\facial_auth\celeba_subset\img_align_celeba\077030.jpg,9939,True,mask,False,0.02407677471637726,285.1403000022401
D:\Bartek\coding\biometria\facial_auth\celeba_subset\img_align_celeba\077030.jpg,9939,True,mask,True,0.030812686309218407,11411.612500000047
D:\Bartek\coding\biometria\facial_auth\celeba_subset\img_align_celeba\039024.jpg,7338,True,glasses,False,0.4539593756198883,222.63260000181617
D:\Bartek\coding\biometria\facial_auth\celeba_subset\img_align_celeba\039024.jpg,7338,True,glasses,True,0.4539593756198883,219.99160000268603
D:\Bartek\coding\biometria\facial_auth\celeba_subset\img_align_celeba\192855.jpg,8415,True,mask,False,0.1783459633588791,289.54520000115735
D:\Bartek\coding\biometria\facial_auth\celeba_subset\img_align_celeba\192855.jpg,8415,True,mask,True,0.24638399481773376,11412.385700001323
D:\Bartek\coding\biometria\facial_auth\celeba_subset\img_align_celeba\165772.jpg,3877,True,glasses,False,0.49944135546684265,291.6841999976896
D:\Bartek\coding\biometria\facial_auth\celeba_subset\img_align_celeba\165772.jpg,3877,True,glasses,True,0.49944135546684265,282.21969999867724
D:\Bartek\coding\biometria\facial_auth\celeba_subset\img_align_celeba\141146.jpg,3336,True,mask,False,0.04687540978193283,290.436100003717
D:\Bartek\coding\biometria\facial_auth\celeba_subset\img_align_celeba\141146.jpg,3336,True,mask,True,0.04708216339349747,11385.289099998772
D:\Bartek\coding\biometria\facial_auth\celeba_subset\img_align_celeba\169910.jpg,1120,True,glasses,False,0.8365996479988098,298.8289999993867
D:\Bartek\coding\biometria\facial_auth\celeba_subset\img_align_celeba\169910.jpg,1120,True,glasses,True,0.8365996479988098,498.602599996957
D:\Bartek\coding\biometria\facial_auth\celeba_subset\img_align_celeba\000583.jpg,898,True,mask,False,0.29223692417144775,339.2810000004829
D:\Bartek\coding\biometria\facial_auth\celeba_subset\img_align_celeba\000583.jpg,898,True,mask,True,0.29021406173706055,11427.758099998755
D:\Bartek\coding\biometria\facial_auth\celeba_subset\img_align_celeba\128933.jpg,975,True,glasses,False,0.6779967546463013,293.0223000003025
D:\Bartek\coding\biometria\facial_auth\celeba_subset\img_align_celeba\128933.jpg,975,True,glasses,True,0.6779967546463013,284.8094000000856
D:\Bartek\coding\biometria\facial_auth\celeba_subset\img_align_celeba\020512.jpg,5064,True,mask,False,0.04258882254362106,304.132600002049
D:\Bartek\coding\biometria\facial_auth\celeba_subset\img_align_celeba\020512.jpg,5064,True,mask,True,0.053332146257162094,294.17979999561794
D:\Bartek\coding\biometria\facial_auth\celeba_subset\img_align_celeba\163987.jpg,3236,True,glasses,False,0.5135012269020081,299.7410999960266
D:\Bartek\coding\biometria\facial_auth\celeba_subset\img_align_celeba\163987.jpg,3236,True,glasses,True,0.5135012269020081,286.4897000035853
D:\Bartek\coding\biometria\facial_auth\celeba_subset\img_align_celeba\056555.jpg,5648,True,mask,False,0.055012721568346024,290.7524000038393
D:\Bartek\coding\biometria\facial_auth\celeba_subset\img_align_celeba\056555.jpg,5648,True,mask,True,0.08686275035142899,11817.927300005977
D:\Bartek\coding\biometria\facial_auth\celeba_subset\img_align_celeba\191105.jpg,8027,True,glasses,False,0.5648666024208069,290.0528999962262
D:\Bartek\coding\biometria\facial_auth\celeba_subset\img_align_celeba\191105.jpg,8027,True,glasses,True,0.5648666024208069,291.0288000057335
D:\Bartek\coding\biometria\facial_auth\celeba_subset\img_align_celeba\112275.jpg,5127,True,mask,False,0.018766772001981735,289.10370000085095
D:\Bartek\coding\biometria\facial_auth\celeba_subset\img_align_celeba\112275.jpg,5127,True,mask,True,0.1563652902841568,11358.780299997306
D:\Bartek\coding\biometria\facial_auth\celeba_subset\img_align_celeba\059002.jpg,2814,True,glasses,False,0.49787136912345886,286.58960000029765
D:\Bartek\coding\biometria\facial_auth\celeba_subset\img_align_celeba\059002.jpg,2814,True,glasses,True,0.49787136912345886,302.41310000565136
D:\Bartek\coding\biometria\facial_auth\celeba_subset\img_align_celeba\136235.jpg,2926,True,mask,False,0.024311471730470657,292.2393999979249
D:\Bartek\coding\biometria\facial_auth\celeba_subset\img_align_celeba\136235.jpg,2926,True,mask,True,0.07263151556253433,11357.471699993766
D:\Bartek\coding\biometria\facial_auth\celeba_subset\img_align_celeba\077673.jpg,655,True,glasses,False,0.47477540373802185,297.4242999989656
D:\Bartek\coding\biometria\facial_auth\celeba_subset\img_align_celeba\077673.jpg,655,True,glasses,True,0.47477540373802185,302.460400002019
D:\Bartek\coding\biometria\facial_auth\celeba_subset\img_align_celeba\014916.jpg,8971,True,mask,False,0.035630594938993454,300.88599999726284
D:\Bartek\coding\biometria\facial_auth\celeba_subset\img_align_celeba\014916.jpg,8971,True,mask,True,0.046269405633211136,11395.497100005741
D:\Bartek\coding\biometria\facial_auth\celeba_subset\img_align_celeba\005130.jpg,4150,True,glasses,False,0.5074371695518494,288.74819999327883
D:\Bartek\coding\biometria\facial_auth\celeba_subset\img_align_celeba\005130.jpg,4150,True,glasses,True,0.5074371695518494,300.57769999984885
D:\Bartek\coding\biometria\facial_auth\celeba_subset\img_align_celeba\109533.jpg,1128,True,mask,False,0.04307268559932709,294.3352000002051
D:\Bartek\coding\biometria\facial_auth\celeba_subset\img_align_celeba\109533.jpg,1128,True,mask,True,0.04298712685704231,11536.065899999812
D:\Bartek\coding\biometria\facial_auth\celeba_subset\img_align_celeba\121078.jpg,8091,True,glasses,False,0.5742261409759521,301.0518000010052
D:\Bartek\coding\biometria\facial_auth\celeba_subset\img_align_celeba\121078.jpg,8091,True,glasses,True,0.5742261409759521,303.9980999965337
D:\Bartek\coding\biometria\facial_auth\celeba_subset\img_align_celeba\105108.jpg,3655,True,mask,False,0.4908178746700287,295.9073999954853
D:\Bartek\coding\biometria\facial_auth\celeba_subset\img_align_celeba\105108.jpg,3655,True,mask,True,0.47047892212867737,11652.207200000703
D:\Bartek\coding\biometria\facial_auth\celeba_subset\img_align_celeba\093998.jpg,4936,True,glasses,False,0.11885935068130493,288.2638000010047
D:\Bartek\coding\biometria\facial_auth\celeba_subset\img_align_celeba\093998.jpg,4936,True,glasses,True,0.11885935068130493,287.5357000011718
D:\Bartek\coding\biometria\facial_auth\celeba_subset\img_align_celeba\115061.jpg,5780,True,mask,False,0.22667109966278076,301.98949999612523
D:\Bartek\coding\biometria\facial_auth\celeba_subset\img_align_celeba\115061.jpg,5780,True,mask,True,0.19523930549621582,11456.770400000096
D:\Bartek\coding\biometria\facial_auth\celeba_subset\img_align_celeba\114858.jpg,1147,True,glasses,False,0.5359904766082764,286.3993999999366
D:\Bartek\coding\biometria\facial_auth\celeba_subset\img_align_celeba\114858.jpg,1147,True,glasses,True,0.5359904766082764,294.52569999557454
D:\Bartek\coding\biometria\facial_auth\celeba_subset\img_align_celeba\055646.jpg,5246,True,mask,False,0.15396712720394135,301.4569000006304
D:\Bartek\coding\biometria\facial_auth\celeba_subset\img_align_celeba\055646.jpg,5246,True,mask,True,0.1459207832813263,295.6405000004452
D:\Bartek\coding\biometria\facial_auth\celeba_subset\img_align_celeba\161219.jpg,3336,True,glasses,False,0.6144081354141235,303.11149999761255
D:\Bartek\coding\biometria\facial_auth\celeba_subset\img_align_celeba\161219.jpg,3336,True,glasses,True,0.6144081354141235,300.42089999915333
D:\Bartek\coding\biometria\facial_auth\celeba_subset\img_align_celeba\078881.jpg,5747,True,mask,False,0.14252625405788422,303.59080000198446
D:\Bartek\coding\biometria\facial_auth\celeba_subset\img_align_celeba\078881.jpg,5747,True,mask,True,0.23111863434314728,292.4730000013369
D:\Bartek\coding\biometria\facial_auth\celeba_subset\img_align_celeba\090425.jpg,5922,True,glasses,False,0.4654717445373535,291.18690000177594
D:\Bartek\coding\biometria\facial_auth\celeba_subset\img_align_celeba\090425.jpg,5922,True,glasses,True,0.4654717445373535,298.9280999972834
D:\Bartek\coding\biometria\facial_auth\celeba_subset\img_align_celeba\162840.jpg,4185,True,mask,False,0.10147695243358612,283.7459000002127
D:\Bartek\coding\biometria\facial_auth\celeba_subset\img_align_celeba\162840.jpg,4185,True,mask,True,0.11635517328977585,11473.289100002148
D:\Bartek\coding\biometria\facial_auth\celeba_subset\img_align_celeba\068482.jpg,1167,True,glasses,False,0.6263181567192078,288.8142000010703
D:\Bartek\coding\biometria\facial_auth\celeba_subset\img_align_celeba\068482.jpg,1167,True,glasses,True,0.6263181567192078,292.89730000164127
D:\Bartek\coding\biometria\facial_auth\celeba_subset\img_align_celeba\128252.jpg,2926,True,mask,False,0.023990243673324585,303.54219999571797
D:\Bartek\coding\biometria\facial_auth\celeba_subset\img_align_celeba\128252.jpg,2926,True,mask,True,0.13094662129878998,11470.956800003478
D:\Bartek\coding\biometria\facial_auth\celeba_subset\img_align_celeba\050610.jpg,3336,True,glasses,False,0.4711441397666931,296.67670000344515
D:\Bartek\coding\biometria\facial_auth\celeba_subset\img_align_celeba\050610.jpg,3336,True,glasses,True,0.4711441397666931,299.8468000005232
D:\Bartek\coding\biometria\facial_auth\celeba_subset\img_align_celeba\037315.jpg,5747,True,mask,False,0.10704042762517929,289.4495000000461
D:\Bartek\coding\biometria\facial_auth\celeba_subset\img_align_celeba\037315.jpg,5747,True,mask,True,0.10854557156562805,11579.466299997875
D:\Bartek\coding\biometria\facial_auth\celeba_subset\img_align_celeba\038062.jpg,5780,True,glasses,False,0.4509146809577942,304.36249999911524
D:\Bartek\coding\biometria\facial_auth\celeba_subset\img_align_celeba\038062.jpg,5780,True,glasses,True,0.4509146809577942,292.44300000573276
D:\Bartek\coding\biometria\facial_auth\celeba_subset\img_align_celeba\137687.jpg,5238,True,mask,False,0.0699174627661705,290.7460999995237
D:\Bartek\coding\biometria\facial_auth\celeba_subset\img_align_celeba\137687.jpg,5238,True,mask,True,0.0759522020816803,11406.535999994958
D:\Bartek\coding\biometria\facial_auth\celeba_subset\img_align_celeba\031878.jpg,5246,True,glasses,False,0.2274990677833557,296.17639999923995
D:\Bartek\coding\biometria\facial_auth\celeba_subset\img_align_celeba\031878.jpg,5246,True,glasses,True,0.2274990677833557,293.6418000026606
D:\Bartek\coding\biometria\facial_auth\celeba_subset\img_align_celeba\014470.jpg,644,True,mask,False,0.044455911964178085,292.2143999967375
D:\Bartek\coding\biometria\facial_auth\celeba_subset\img_align_celeba\014470.jpg,644,True,mask,True,0.050332289189100266,288.7560000017402
D:\Bartek\coding\biometria\facial_auth\celeba_subset\img_align_celeba\138018.jpg,9093,True,glasses,False,0.2649427354335785,304.3330000000424
D:\Bartek\coding\biometria\facial_auth\celeba_subset\img_align_celeba\138018.jpg,9093,True,glasses,True,0.2649427354335785,304.71140000008745
D:\Bartek\coding\biometria\facial_auth\celeba_subset\img_align_celeba\022861.jpg,5127,True,mask,False,0.019146179780364037,310.4710999978124
D:\Bartek\coding\biometria\facial_auth\celeba_subset\img_align_celeba\022861.jpg,5127,True,mask,True,0.1709745079278946,299.9941000016406
D:\Bartek\coding\biometria\facial_auth\celeba_subset\img_align_celeba\149391.jpg,655,True,glasses,False,0.46092626452445984,295.08130000613164
D:\Bartek\coding\biometria\facial_auth\celeba_subset\img_align_celeba\149391.jpg,655,True,glasses,True,0.46092626452445984,295.08329999953276
D:\Bartek\coding\biometria\facial_auth\celeba_subset\img_align_celeba\124309.jpg,8834,True,mask,False,0.03455422446131706,311.4401999991969
D:\Bartek\coding\biometria\facial_auth\celeba_subset\img_align_celeba\124309.jpg,8834,True,mask,True,0.01833430677652359,11378.357599998708
D:\Bartek\coding\biometria\facial_auth\celeba_subset\img_align_celeba\002196.jpg,5747,True,glasses,False,0.34977471828460693,286.9963999983156
D:\Bartek\coding\biometria\facial_auth\celeba_subset\img_align_celeba\002196.jpg,5747,True,glasses,True,0.34977471828460693,294.3883999978425
D:\Bartek\coding\biometria\facial_auth\celeba_subset\img_align_celeba\124713.jpg,3336,True,mask,False,0.13998912274837494,294.660899999144
D:\Bartek\coding\biometria\facial_auth\celeba_subset\img_align_celeba\124713.jpg,3336,True,mask,True,0.149672731757164,294.448900000134
D:\Bartek\coding\biometria\facial_auth\celeba_subset\img_align_celeba\078441.jpg,5437,True,glasses,False,0.34327661991119385,296.671600000991
D:\Bartek\coding\biometria\facial_auth\celeba_subset\img_align_celeba\078441.jpg,5437,True,glasses,True,0.34327661991119385,296.0174999971059
D:\Bartek\coding\biometria\facial_auth\celeba_subset\img_align_celeba\021490.jpg,4936,True,mask,False,0.07205040752887726,299.55429999972694
D:\Bartek\coding\biometria\facial_auth\celeba_subset\img_align_celeba\021490.jpg,4936,True,mask,True,0.12099534273147583,292.17030000290833
D:\Bartek\coding\biometria\facial_auth\celeba_subset\img_align_celeba\097846.jpg,5656,True,glasses,False,0.3412703275680542,293.52420000213897
D:\Bartek\coding\biometria\facial_auth\celeba_subset\img_align_celeba\097846.jpg,5656,True,glasses,True,0.3412703275680542,291.61329999624286
D:\Bartek\coding\biometria\facial_auth\celeba_subset\img_align_celeba\098203.jpg,4196,True,mask,False,0.3789138197898865,298.4407000039937
D:\Bartek\coding\biometria\facial_auth\celeba_subset\img_align_celeba\098203.jpg,4196,True,mask,True,0.4095730185508728,11376.457300000766
D:\Bartek\coding\biometria\facial_auth\celeba_subset\img_align_celeba\051281.jpg,5190,True,glasses,False,0.47120440006256104,291.73359999549575
D:\Bartek\coding\biometria\facial_auth\celeba_subset\img_align_celeba\051281.jpg,5190,True,glasses,True,0.47120440006256104,295.17630000191275
D:\Bartek\coding\biometria\facial_auth\celeba_subset\img_align_celeba\069292.jpg,5099,True,mask,False,0.0776270255446434,288.08289999869885
D:\Bartek\coding\biometria\facial_auth\celeba_subset\img_align_celeba\069292.jpg,5099,True,mask,True,0.22498053312301636,11543.634499998007
D:\Bartek\coding\biometria\facial_auth\celeba_subset\img_align_celeba\034973.jpg,5064,True,glasses,False,0.8971505761146545,287.5639999983832
D:\Bartek\coding\biometria\facial_auth\celeba_subset\img_align_celeba\034973.jpg,5064,True,glasses,True,0.8971505761146545,291.4740999985952
D:\Bartek\coding\biometria\facial_auth\celeba_subset\img_align_celeba\000387.jpg,5127,True,mask,False,0.09715632349252701,301.34080000425456
D:\Bartek\coding\biometria\facial_auth\celeba_subset\img_align_celeba\000387.jpg,5127,True,mask,True,0.09740866720676422,293.8420999998925
D:\Bartek\coding\biometria\facial_auth\celeba_subset\img_align_celeba\157455.jpg,4870,True,glasses,False,0.20512902736663818,308.95080000482267
D:\Bartek\coding\biometria\facial_auth\celeba_subset\img_align_celeba\157455.jpg,4870,True,glasses,True,0.20512902736663818,300.6846999996924
D:\Bartek\coding\biometria\facial_auth\celeba_subset\img_align_celeba\194377.jpg,8936,True,mask,False,0.08564475923776627,305.9025999973528
D:\Bartek\coding\biometria\facial_auth\celeba_subset\img_align_celeba\194377.jpg,8936,True,mask,True,0.12727275490760803,11919.75359999924
D:\Bartek\coding\biometria\facial_auth\celeba_subset\img_align_celeba\182552.jpg,1154,True,glasses,False,0.3892567455768585,288.4711000006064
D:\Bartek\coding\biometria\facial_auth\celeba_subset\img_align_celeba\182552.jpg,1154,True,glasses,True,0.3892567455768585,287.3312000010628
D:\Bartek\coding\biometria\facial_auth\celeba_subset\img_align_celeba\182479.jpg,2177,True,mask,False,0.9157543182373047,280.3970000022673
D:\Bartek\coding\biometria\facial_auth\celeba_subset\img_align_celeba\182479.jpg,2177,True,mask,True,0.9237173795700073,11383.257499997853
D:\Bartek\coding\biometria\facial_auth\celeba_subset\img_align_celeba\147303.jpg,5922,True,glasses,False,0.672649621963501,294.29910000180826
D:\Bartek\coding\biometria\facial_auth\celeba_subset\img_align_celeba\147303.jpg,5922,True,glasses,True,0.672649621963501,303.0730000027688
D:\Bartek\coding\biometria\facial_auth\celeba_subset\img_align_celeba\129287.jpg,5246,True,mask,False,0.10716499388217926,310.67179999809014
D:\Bartek\coding\biometria\facial_auth\celeba_subset\img_align_celeba\129287.jpg,5246,True,mask,True,0.14487893879413605,11586.64940000017
D:\Bartek\coding\biometria\facial_auth\celeba_subset\img_align_celeba\003609.jpg,2835,True,glasses,False,0.23896080255508423,334.4357000023592
D:\Bartek\coding\biometria\facial_auth\celeba_subset\img_align_celeba\003609.jpg,2835,True,glasses,True,0.23896080255508423,327.2359000038705
D:\Bartek\coding\biometria\facial_auth\celeba_subset\img_align_celeba\197630.jpg,7088,True,mask,False,0.08829877525568008,318.8905999995768
D:\Bartek\coding\biometria\facial_auth\celeba_subset\img_align_celeba\197630.jpg,7088,True,mask,True,0.10677504539489746,291.24940000474453
D:\Bartek\coding\biometria\facial_auth\celeba_subset\img_align_celeba\179069.jpg,1154,True,glasses,False,0.440154105424881,351.7143999997643
D:\Bartek\coding\biometria\facial_auth\celeba_subset\img_align_celeba\179069.jpg,1154,True,glasses,True,0.440154105424881,371.36849999660626
D:\Bartek\coding\biometria\facial_auth\celeba_subset\img_align_celeba\115924.jpg,655,True,mask,False,0.07703881710767746,325.2210999999079
D:\Bartek\coding\biometria\facial_auth\celeba_subset\img_align_celeba\115924.jpg,655,True,mask,True,0.12325703352689743,11873.469199999818
D:\Bartek\coding\biometria\facial_auth\celeba_subset\img_align_celeba\112183.jpg,9144,True,glasses,False,0.5910997986793518,296.41950000223005
D:\Bartek\coding\biometria\facial_auth\celeba_subset\img_align_celeba\112183.jpg,9144,True,glasses,True,0.5910997986793518,293.24470000574365
D:\Bartek\coding\biometria\facial_auth\celeba_subset\img_align_celeba\157665.jpg,6368,True,mask,False,0.06777376681566238,314.1150000010384
D:\Bartek\coding\biometria\facial_auth\celeba_subset\img_align_celeba\157665.jpg,6368,True,mask,True,0.12589915096759796,11825.972300001013
D:\Bartek\coding\biometria\facial_auth\celeba_subset\img_align_celeba\055909.jpg,5922,True,glasses,False,0.14534619450569153,292.98969999945257
D:\Bartek\coding\biometria\facial_auth\celeba_subset\img_align_celeba\055909.jpg,5922,True,glasses,True,0.14534619450569153,298.3769999991637
D:\Bartek\coding\biometria\facial_auth\celeba_subset\img_align_celeba\155643.jpg,310,True,mask,False,0.33652204275131226,297.7744000017992
D:\Bartek\coding\biometria\facial_auth\celeba_subset\img_align_celeba\155643.jpg,310,True,mask,True,0.3306526839733124,11397.826499996881
D:\Bartek\coding\biometria\facial_auth\celeba_subset\img_align_celeba\188565.jpg,6195,True,glasses,False,0.29953402280807495,290.6007999990834
D:\Bartek\coding\biometria\facial_auth\celeba_subset\img_align_celeba\188565.jpg,6195,True,glasses,True,0.29953402280807495,296.4998999959789
D:\Bartek\coding\biometria\facial_auth\celeba_subset\img_align_celeba\064925.jpg,8908,True,mask,False,0.9148669838905334,284.44470000249567
D:\Bartek\coding\biometria\facial_auth\celeba_subset\img_align_celeba\064925.jpg,8908,True,mask,True,0.9146800637245178,11571.431800002756
D:\Bartek\coding\biometria\facial_auth\celeba_subset\img_align_celeba\159309.jpg,9828,True,glasses,False,0.6467562913894653,297.31960000208346
D:\Bartek\coding\biometria\facial_auth\celeba_subset\img_align_celeba\159309.jpg,9828,True,glasses,True,0.6467562913894653,305.9322000044631
D:\Bartek\coding\biometria\facial_auth\celeba_subset\img_align_celeba\069075.jpg,5780,True,mask,False,0.22684748470783234,308.9841999972123
D:\Bartek\coding\biometria\facial_auth\celeba_subset\img_align_celeba\069075.jpg,5780,True,mask,True,0.2082497477531433,11614.902999994229
D:\Bartek\coding\biometria\facial_auth\celeba_subset\img_align_celeba\014674.jpg,1435,True,glasses,False,0.42730435729026794,284.3009999996866
D:\Bartek\coding\biometria\facial_auth\celeba_subset\img_align_celeba\014674.jpg,1435,True,glasses,True,0.42730435729026794,290.26709999743616
D:\Bartek\coding\biometria\facial_auth\celeba_subset\img_align_celeba\005710.jpg,7422,True,mask,False,0.75586998462677,291.1801000009291
D:\Bartek\coding\biometria\facial_auth\celeba_subset\img_align_celeba\005710.jpg,7422,True,mask,True,0.794313371181488,11598.29819999868
D:\Bartek\coding\biometria\facial_auth\celeba_subset\img_align_celeba\153217.jpg,5534,True,glasses,False,0.21056893467903137,289.2253000027267
D:\Bartek\coding\biometria\facial_auth\celeba_subset\img_align_celeba\153217.jpg,5534,True,glasses,True,0.21056893467903137,294.22980000526877
D:\Bartek\coding\biometria\facial_auth\celeba_subset\img_align_celeba\100683.jpg,6983,True,mask,False,0.15363618731498718,294.2003999996814
D:\Bartek\coding\biometria\facial_auth\celeba_subset\img_align_celeba\100683.jpg,6983,True,mask,True,0.15763713419437408,290.66810000222176
D:\Bartek\coding\biometria\facial_auth\celeba_subset\img_align_celeba\063318.jpg,878,True,glasses,False,0.5754653811454773,297.93400000198744
D:\Bartek\coding\biometria\facial_auth\celeba_subset\img_align_celeba\063318.jpg,878,True,glasses,True,0.5754653811454773,296.93630000110716
D:\Bartek\coding\biometria\facial_auth\celeba_subset\img_align_celeba\008183.jpg,5672,True,mask,False,0.08354503661394119,292.8496999957133
D:\Bartek\coding\biometria\facial_auth\celeba_subset\img_align_celeba\008183.jpg,5672,True,mask,True,0.08365016430616379,11953.43569999386
D:\Bartek\coding\biometria\facial_auth\celeba_subset\img_align_celeba\076103.jpg,6368,True,glasses,False,0.6431041955947876,290.4846999954316
D:\Bartek\coding\biometria\facial_auth\celeba_subset\img_align_celeba\076103.jpg,6368,True,glasses,True,0.6431041955947876,297.92640000232495
D:\Bartek\coding\biometria\facial_auth\celeba_subset\img_align_celeba\161323.jpg,9478,True,mask,False,0.09415015578269958,290.8282999997027
D:\Bartek\coding\biometria\facial_auth\celeba_subset\img_align_celeba\161323.jpg,9478,True,mask,True,0.09233096987009048,293.39810000237776
D:\Bartek\coding\biometria\facial_auth\celeba_subset\img_align_celeba\060656.jpg,6368,True,glasses,False,0.4869050085544586,301.3414000015473
D:\Bartek\coding\biometria\facial_auth\celeba_subset\img_align_celeba\060656.jpg,6368,True,glasses,True,0.4869050085544586,310.8751999970991
D:\Bartek\coding\biometria\facial_auth\celeba_subset\img_align_celeba\012679.jpg,9939,True,mask,False,0.0020495664793998003,288.1402999992133
D:\Bartek\coding\biometria\facial_auth\celeba_subset\img_align_celeba\012679.jpg,9939,True,mask,True,0.001657465472817421,11356.647399996291
D:\Bartek\coding\biometria\facial_auth\celeba_subset\img_align_celeba\039766.jpg,4659,True,glasses,False,0.20614144206047058,289.58480000437703
D:\Bartek\coding\biometria\facial_auth\celeba_subset\img_align_celeba\039766.jpg,4659,True,glasses,True,0.20614144206047058,294.7654000017792
D:\Bartek\coding\biometria\facial_auth\celeba_subset\img_align_celeba\031781.jpg,8834,True,mask,False,0.0397891141474247,291.0267999977805
D:\Bartek\coding\biometria\facial_auth\celeba_subset\img_align_celeba\031781.jpg,8834,True,mask,True,0.10809862613677979,11355.933499995444
D:\Bartek\coding\biometria\facial_auth\celeba_subset\img_align_celeba\200261.jpg,7088,True,glasses,False,0.36093229055404663,292.8094000017154
D:\Bartek\coding\biometria\facial_auth\celeba_subset\img_align_celeba\200261.jpg,7088,True,glasses,True,0.36093229055404663,287.2847999969963
D:\Bartek\coding\biometria\facial_auth\celeba_subset\img_align_celeba\075064.jpg,6368,True,mask,False,0.08442682772874832,288.0740999971749
D:\Bartek\coding\biometria\facial_auth\celeba_subset\img_align_celeba\075064.jpg,6368,True,mask,True,0.09677963703870773,11424.694900000759
D:\Bartek\coding\biometria\facial_auth\celeba_subset\img_align_celeba\042637.jpg,9000,True,glasses,False,0.5369563102722168,295.92300000513205
D:\Bartek\coding\biometria\facial_auth\celeba_subset\img_align_celeba\042637.jpg,9000,True,glasses,True,0.5369563102722168,295.9956000049715
D:\Bartek\coding\biometria\facial_auth\celeba_subset\img_align_celeba\158681.jpg,6806,True,mask,False,0.017220918089151382,305.8469999959925
D:\Bartek\coding\biometria\facial_auth\celeba_subset\img_align_celeba\158681.jpg,6806,True,mask,True,0.07758962363004684,11451.519099995494
D:\Bartek\coding\biometria\facial_auth\celeba_subset\img_align_celeba\031144.jpg,6368,True,glasses,False,0.329872190952301,287.8017000039108
D:\Bartek\coding\biometria\facial_auth\celeba_subset\img_align_celeba\031144.jpg,6368,True,glasses,True,0.329872190952301,285.7969000033336
D:\Bartek\coding\biometria\facial_auth\celeba_subset\img_align_celeba\040216.jpg,6719,True,mask,False,0.04366886615753174,291.0109000004013
D:\Bartek\coding\biometria\facial_auth\celeba_subset\img_align_celeba\040216.jpg,6719,True,mask,True,0.037063803523778915,299.2147999975714
D:\Bartek\coding\biometria\facial_auth\celeba_subset\img_align_celeba\087429.jpg,1128,True,glasses,False,0.2794698476791382,301.0338000021875
D:\Bartek\coding\biometria\facial_auth\celeba_subset\img_align_celeba\087429.jpg,1128,True,glasses,True,0.2794698476791382,309.4628999970155
D:\Bartek\coding\biometria\facial_auth\celeba_subset\img_align_celeba\022418.jpg,5922,True,mask,False,0.09329640120267868,298.20059999474324
D:\Bartek\coding\biometria\facial_auth\celeba_subset\img_align_celeba\022418.jpg,5922,True,mask,True,0.10413059592247009,286.474200001976
D:\Bartek\coding\biometria\facial_auth\celeba_subset\img_align_celeba\046887.jpg,4936,True,glasses,False,0.5089842677116394,295.04799999995157
D:\Bartek\coding\biometria\facial_auth\celeba_subset\img_align_celeba\046887.jpg,4936,True,glasses,True,0.5089842677116394,291.5643000014825
D:\Bartek\coding\biometria\facial_auth\celeba_subset\img_align_celeba\159657.jpg,8091,True,mask,False,0.08437414467334747,295.4382000025362
D:\Bartek\coding\biometria\facial_auth\celeba_subset\img_align_celeba\159657.jpg,8091,True,mask,True,0.10569433122873306,11785.569500003476
D:\Bartek\coding\biometria\facial_auth\celeba_subset\img_align_celeba\122455.jpg,6719,True,glasses,False,0.5681659579277039,285.60299999662675
D:\Bartek\coding\biometria\facial_auth\celeba_subset\img_align_celeba\122455.jpg,6719,True,glasses,True,0.5681659579277039,291.2422999943374
D:\Bartek\coding\biometria\facial_auth\celeba_subset\img_align_celeba\106996.jpg,5922,True,mask,False,0.1234370693564415,296.4148999963072
D:\Bartek\coding\biometria\facial_auth\celeba_subset\img_align_celeba\106996.jpg,5922,True,mask,True,0.12517014145851135,11462.96030000667
D:\Bartek\coding\biometria\facial_auth\celeba_subset\img_align_celeba\045831.jpg,5780,True,glasses,False,0.30283594131469727,286.685099999886
D:\Bartek\coding\biometria\facial_auth\celeba_subset\img_align_celeba\045831.jpg,5780,True,glasses,True,0.30283594131469727,288.6226000046008
D:\Bartek\coding\biometria\facial_auth\celeba_subset\img_align_celeba\097036.jpg,655,True,mask,False,0.06950999796390533,290.9345000007306
D:\Bartek\coding\biometria\facial_auth\celeba_subset\img_align_celeba\097036.jpg,655,True,mask,True,0.14921776950359344,11493.348700001661
D:\Bartek\coding\biometria\facial_auth\celeba_subset\img_align_celeba\005877.jpg,6983,True,glasses,False,0.5055984258651733,274.80949999880977
D:\Bartek\coding\biometria\facial_auth\celeba_subset\img_align_celeba\005877.jpg,6983,True,glasses,True,0.5055984258651733,285.88570000283653
D:\Bartek\coding\biometria\facial_auth\celeba_subset\img_align_celeba\180796.jpg,190,True,mask,False,0.12306182086467743,288.82030000386294
D:\Bartek\coding\biometria\facial_auth\celeba_subset\img_align_celeba\180796.jpg,190,True,mask,True,0.13111285865306854,11419.372500000463
D:\Bartek\coding\biometria\facial_auth\celeba_subset\img_align_celeba\149629.jpg,9478,True,glasses,False,0.5474834442138672,293.1581000011647
D:\Bartek\coding\biometria\facial_auth\celeba_subset\img_align_celeba\149629.jpg,9478,True,glasses,True,0.5474834442138672,293.286200001603
D:\Bartek\coding\biometria\facial_auth\celeba_subset\img_align_celeba\140244.jpg,1435,True,mask,False,0.03162343427538872,295.88930000318214
D:\Bartek\coding\biometria\facial_auth\celeba_subset\img_align_celeba\140244.jpg,1435,True,mask,True,0.032597269862890244,11335.201000001689
D:\Bartek\coding\biometria\facial_auth\celeba_subset\img_align_celeba\166661.jpg,2177,True,glasses,False,0.34023210406303406,293.28800000075717
D:\Bartek\coding\biometria\facial_auth\celeba_subset\img_align_celeba\166661.jpg,2177,True,glasses,True,0.34023210406303406,300.68849999952363
D:\Bartek\coding\biometria\facial_auth\celeba_subset\img_align_celeba\152377.jpg,2926,True,mask,False,0.06565270572900772,286.19109999999637
D:\Bartek\coding\biometria\facial_auth\celeba_subset\img_align_celeba\152377.jpg,2926,True,mask,True,0.03582373633980751,295.4420999958529
D:\Bartek\coding\biometria\facial_auth\celeba_subset\img_align_celeba\089449.jpg,7338,True,glasses,False,0.44497111439704895,317.5296999979764
D:\Bartek\coding\biometria\facial_auth\celeba_subset\img_align_celeba\089449.jpg,7338,True,glasses,True,0.44497111439704895,301.3979000024847
D:\Bartek\coding\biometria\facial_auth\celeba_subset\img_align_celeba\170149.jpg,205,True,mask,False,0.1382247656583786,293.19219999888446
D:\Bartek\coding\biometria\facial_auth\celeba_subset\img_align_celeba\170149.jpg,205,True,mask,True,0.12761849164962769,292.9149999981746
D:\Bartek\coding\biometria\facial_auth\celeba_subset\img_align_celeba\038746.jpg,9144,True,glasses,False,0.47686395049095154,288.9065999988816
D:\Bartek\coding\biometria\facial_auth\celeba_subset\img_align_celeba\038746.jpg,9144,True,glasses,True,0.47686395049095154,295.1572000019951
D:\Bartek\coding\biometria\facial_auth\celeba_subset\img_align_celeba\171847.jpg,3236,True,mask,False,0.018768219277262688,291.9573999970453
D:\Bartek\coding\biometria\facial_auth\celeba_subset\img_align_celeba\171847.jpg,3236,True,mask,True,0.029853802174329758,11464.787400000205
D:\Bartek\coding\biometria\facial_auth\celeba_subset\img_align_celeba\149974.jpg,5672,True,glasses,False,0.34893476963043213,292.25210000004154
D:\Bartek\coding\biometria\facial_auth\celeba_subset\img_align_celeba\149974.jpg,5672,True,glasses,True,0.34893476963043213,291.4498000027379
D:\Bartek\coding\biometria\facial_auth\celeba_subset\img_align_celeba\056843.jpg,6806,True,mask,False,0.006252909544855356,292.19279999961145
D:\Bartek\coding\biometria\facial_auth\celeba_subset\img_align_celeba\056843.jpg,6806,True,mask,True,0.03113618679344654,11389.008999998623
D:\Bartek\coding\biometria\facial_auth\celeba_subset\img_align_celeba\032432.jpg,5534,True,glasses,False,0.4440995752811432,290.28480000124546
D:\Bartek\coding\biometria\facial_auth\celeba_subset\img_align_celeba\032432.jpg,5534,True,glasses,True,0.4440995752811432,292.37869999633403
D:\Bartek\coding\biometria\facial_auth\celeba_subset\img_align_celeba\080672.jpg,2926,True,mask,False,0.02304324507713318,302.5698999990709
D:\Bartek\coding\biometria\facial_auth\celeba_subset\img_align_celeba\080672.jpg,2926,True,mask,True,0.06485579907894135,11514.983900000516
D:\Bartek\coding\biometria\facial_auth\celeba_subset\img_align_celeba\076768.jpg,3336,True,glasses,False,0.471221387386322,304.6639000021969
D:\Bartek\coding\biometria\facial_auth\celeba_subset\img_align_celeba\076768.jpg,3336,True,glasses,True,0.471221387386322,296.18460000347113
D:\Bartek\coding\biometria\facial_auth\celeba_subset\img_align_celeba\069653.jpg,1147,True,mask,False,0.0542604960501194,307.6017999992473
D:\Bartek\coding\biometria\facial_auth\celeba_subset\img_align_celeba\069653.jpg,1147,True,mask,True,0.09191225469112396,11417.810699997062
D:\Bartek\coding\biometria\facial_auth\celeba_subset\img_align_celeba\113960.jpg,6719,True,glasses,False,0.5731476545333862,283.37910000118427
D:\Bartek\coding\biometria\facial_auth\celeba_subset\img_align_celeba\113960.jpg,6719,True,glasses,True,0.5731476545333862,293.6189999963972
D:\Bartek\coding\biometria\facial_auth\celeba_subset\img_align_celeba\021793.jpg,6806,True,mask,False,0.027348758652806282,283.72010000020964
D:\Bartek\coding\biometria\facial_auth\celeba_subset\img_align_celeba\021793.jpg,6806,True,mask,True,0.062324732542037964,11766.098400003102
D:\Bartek\coding\biometria\facial_auth\celeba_subset\img_align_celeba\124559.jpg,9828,True,glasses,False,0.5782714486122131,286.9314999989001
D:\Bartek\coding\biometria\facial_auth\celeba_subset\img_align_celeba\124559.jpg,9828,True,glasses,True,0.5782714486122131,294.3124999947031
D:\Bartek\coding\biometria\facial_auth\celeba_subset\img_align_celeba\011102.jpg,6170,True,mask,False,0.15620683133602142,292.3828000057256
D:\Bartek\coding\biometria\facial_auth\celeba_subset\img_align_celeba\011102.jpg,6170,True,mask,True,0.14998476207256317,287.41009999794187
D:\Bartek\coding\biometria\facial_auth\celeba_subset\img_align_celeba\192811.jpg,5575,True,glasses,False,0.47927147150039673,296.749599998293
D:\Bartek\coding\biometria\facial_auth\celeba_subset\img_align_celeba\192811.jpg,5575,True,glasses,True,0.47927147150039673,296.32929999934277
D:\Bartek\coding\biometria\facial_auth\celeba_subset\img_align_celeba\162283.jpg,9478,True,mask,False,0.041016463190317154,298.78479999752017
D:\Bartek\coding\biometria\facial_auth\celeba_subset\img_align_celeba\162283.jpg,9478,True,mask,True,0.1383715718984604,279.75590000278316
D:\Bartek\coding\biometria\facial_auth\celeba_subset\img_align_celeba\098549.jpg,8,True,glasses,False,0.5942747592926025,286.20280000177445
D:\Bartek\coding\biometria\facial_auth\celeba_subset\img_align_celeba\098549.jpg,8,True,glasses,True,0.5942747592926025,296.036700005061
D:\Bartek\coding\biometria\facial_auth\celeba_subset\img_align_celeba\043031.jpg,4150,True,mask,False,0.009979610331356525,297.4861999973655
D:\Bartek\coding\biometria\facial_auth\celeba_subset\img_align_celeba\043031.jpg,4150,True,mask,True,0.07187692075967789,11371.68269999529
D:\Bartek\coding\biometria\facial_auth\celeba_subset\img_align_celeba\095455.jpg,1104,True,glasses,False,0.5783296227455139,294.48560000309953
D:\Bartek\coding\biometria\facial_auth\celeba_subset\img_align_celeba\095455.jpg,1104,True,glasses,True,0.5783296227455139,295.13119999319315
D:\Bartek\coding\biometria\facial_auth\celeba_subset\img_align_celeba\179737.jpg,1120,True,mask,False,-0.02104748599231243,312.8160999985994
D:\Bartek\coding\biometria\facial_auth\celeba_subset\img_align_celeba\179737.jpg,1120,True,mask,True,0.05156509205698967,11587.866500005475
D:\Bartek\coding\biometria\facial_auth\celeba_subset\img_align_celeba\171612.jpg,3236,True,glasses,False,0.4128072261810303,292.5552000015159
D:\Bartek\coding\biometria\facial_auth\celeba_subset\img_align_celeba\171612.jpg,3236,True,glasses,True,0.4128072261810303,296.1395000020275
D:\Bartek\coding\biometria\facial_auth\celeba_subset\img_align_celeba\020817.jpg,4968,True,mask,False,0.20404432713985443,295.0591999979224
D:\Bartek\coding\biometria\facial_auth\celeba_subset\img_align_celeba\020817.jpg,4968,True,mask,True,0.19859114289283752,11452.392200000759
D:\Bartek\coding\biometria\facial_auth\celeba_subset\img_align_celeba\088722.jpg,5127,True,glasses,False,0.5631831884384155,296.8397000004188
D:\Bartek\coding\biometria\facial_auth\celeba_subset\img_align_celeba\088722.jpg,5127,True,glasses,True,0.5631831884384155,311.3710000034189
D:\Bartek\coding\biometria\facial_auth\celeba_subset\img_align_celeba\041441.jpg,5127,True,mask,False,0.031466808170080185,287.83900000416907
D:\Bartek\coding\biometria\facial_auth\celeba_subset\img_align_celeba\041441.jpg,5127,True,mask,True,0.03440435975790024,11462.390400003642
D:\Bartek\coding\biometria\facial_auth\celeba_subset\img_align_celeba\189949.jpg,8415,True,glasses,False,0.4950726330280304,289.7767000031308
D:\Bartek\coding\biometria\facial_auth\celeba_subset\img_align_celeba\189949.jpg,8415,True,glasses,True,0.4950726330280304,296.068199997535
D:\Bartek\coding\biometria\facial_auth\celeba_subset\img_align_celeba\006482.jpg,5672,True,mask,False,0.09357377886772156,293.45910000120057
D:\Bartek\coding\biometria\facial_auth\celeba_subset\img_align_celeba\006482.jpg,5672,True,mask,True,0.13331538438796997,292.2852999981842
D:\Bartek\coding\biometria\facial_auth\celeba_subset\img_align_celeba\006332.jpg,8748,True,glasses,False,0.3090793192386627,296.0021999970195
D:\Bartek\coding\biometria\facial_auth\celeba_subset\img_align_celeba\006332.jpg,8748,True,glasses,True,0.3090793192386627,341.5783000018564
D:\Bartek\coding\biometria\facial_auth\celeba_subset\img_align_celeba\185332.jpg,6528,True,mask,False,0.5333887338638306,290.1812999989488
D:\Bartek\coding\biometria\facial_auth\celeba_subset\img_align_celeba\185332.jpg,6528,True,mask,True,0.38076919317245483,12088.81349999865
D:\Bartek\coding\biometria\facial_auth\celeba_subset\img_align_celeba\110608.jpg,8834,True,glasses,False,0.4248577952384949,308.1910999972024
D:\Bartek\coding\biometria\facial_auth\celeba_subset\img_align_celeba\110608.jpg,8834,True,glasses,True,0.4248577952384949,286.0674999974435
D:\Bartek\coding\biometria\facial_auth\celeba_subset\img_align_celeba\081934.jpg,5922,True,mask,False,0.10865139216184616,290.9367000029306
D:\Bartek\coding\biometria\facial_auth\celeba_subset\img_align_celeba\081934.jpg,5922,True,mask,True,0.12808291614055634,11454.389799997443
D:\Bartek\coding\biometria\facial_auth\celeba_subset\img_align_celeba\179318.jpg,4069,True,glasses,False,0.3757246136665344,296.61530000157654
D:\Bartek\coding\biometria\facial_auth\celeba_subset\img_align_celeba\179318.jpg,4069,True,glasses,True,0.3757246136665344,290.9164000011515
D:\Bartek\coding\biometria\facial_auth\celeba_subset\img_align_celeba\080321.jpg,9939,True,mask,False,0.018723392859101295,287.88340000028256
D:\Bartek\coding\biometria\facial_auth\celeba_subset\img_align_celeba\080321.jpg,9939,True,mask,True,0.015345045365393162,11458.495099999709
D:\Bartek\coding\biometria\facial_auth\celeba_subset\img_align_celeba\001618.jpg,7338,True,glasses,False,0.4098159670829773,290.10850000486244
D:\Bartek\coding\biometria\facial_auth\celeba_subset\img_align_celeba\001618.jpg,7338,True,glasses,True,0.4098159670829773,304.6310999998241
D:\Bartek\coding\biometria\facial_auth\celeba_subset\img_align_celeba\182530.jpg,1350,True,mask,False,-0.001049116370268166,313.98880000051577
D:\Bartek\coding\biometria\facial_auth\celeba_subset\img_align_celeba\182530.jpg,1350,True,mask,True,0.010335849598050117,11716.96669999801
D:\Bartek\coding\biometria\facial_auth\celeba_subset\img_align_celeba\037269.jpg,7103,True,glasses,False,0.24456752836704254,287.1744000003673
D:\Bartek\coding\biometria\facial_auth\celeba_subset\img_align_celeba\037269.jpg,7103,True,glasses,True,0.24456752836704254,285.4924999992363
D:\Bartek\coding\biometria\facial_auth\celeba_subset\img_align_celeba\027392.jpg,1167,True,mask,False,0.07850029319524765,288.73860000021523
D:\Bartek\coding\biometria\facial_auth\celeba_subset\img_align_celeba\027392.jpg,1167,True,mask,True,0.08490089327096939,11466.498699999647
D:\Bartek\coding\biometria\facial_auth\celeba_subset\img_align_celeba\046412.jpg,5210,True,glasses,False,0.3322065770626068,309.9328999960562
D:\Bartek\coding\biometria\facial_auth\celeba_subset\img_align_celeba\046412.jpg,5210,True,glasses,True,0.3322065770626068,312.2843000019202
D:\Bartek\coding\biometria\facial_auth\celeba_subset\img_align_celeba\136572.jpg,4968,True,mask,False,0.2136017382144928,304.713500001526
D:\Bartek\coding\biometria\facial_auth\celeba_subset\img_align_celeba\136572.jpg,4968,True,mask,True,0.21027998626232147,359.68750000029104
D:\Bartek\coding\biometria\facial_auth\celeba_subset\img_align_celeba\108295.jpg,6368,True,glasses,False,0.5327991843223572,322.23830000293674
D:\Bartek\coding\biometria\facial_auth\celeba_subset\img_align_celeba\108295.jpg,6368,True,glasses,True,0.5327991843223572,301.70759999600705
D:\Bartek\coding\biometria\facial_auth\celeba_subset\img_align_celeba\000131.jpg,7222,True,mask,False,0.1632252186536789,310.631000000285
D:\Bartek\coding\biometria\facial_auth\celeba_subset\img_align_celeba\000131.jpg,7222,True,mask,True,0.3193947672843933,11444.165699998848
D:\Bartek\coding\biometria\facial_auth\celeba_subset\img_align_celeba\173304.jpg,1120,True,glasses,False,0.5399343371391296,297.10509999858914
D:\Bartek\coding\biometria\facial_auth\celeba_subset\img_align_celeba\173304.jpg,1120,True,glasses,True,0.5399343371391296,298.0857000002288
D:\Bartek\coding\biometria\facial_auth\celeba_subset\img_align_celeba\157736.jpg,7422,True,mask,False,0.7349011898040771,294.01599999982864
D:\Bartek\coding\biometria\facial_auth\celeba_subset\img_align_celeba\157736.jpg,7422,True,mask,True,0.7349852919578552,11388.301099999808
D:\Bartek\coding\biometria\facial_auth\celeba_subset\img_align_celeba\195140.jpg,5575,True,glasses,False,0.5311200618743896,297.27789999742527
D:\Bartek\coding\biometria\facial_auth\celeba_subset\img_align_celeba\195140.jpg,5575,True,glasses,True,0.5311200618743896,300.2503000025172
D:\Bartek\coding\biometria\facial_auth\celeba_subset\img_align_celeba\015422.jpg,4870,True,mask,False,0.1300528347492218,301.57060000055935
D:\Bartek\coding\biometria\facial_auth\celeba_subset\img_align_celeba\015422.jpg,4870,True,mask,True,0.15692269802093506,11466.075600001204
D:\Bartek\coding\biometria\facial_auth\celeba_subset\img_align_celeba\033292.jpg,8,True,glasses,False,0.11749086529016495,306.2958999944385
D:\Bartek\coding\biometria\facial_auth\celeba_subset\img_align_celeba\033292.jpg,8,True,glasses,True,0.11749086529016495,305.93570000201
D:\Bartek\coding\biometria\facial_auth\celeba_subset\img_align_celeba\024370.jpg,1104,True,mask,False,-0.012548579834401608,292.0038000011118
D:\Bartek\coding\biometria\facial_auth\celeba_subset\img_align_celeba\024370.jpg,1104,True,mask,True,-0.004385690204799175,11431.983599999512
D:\Bartek\coding\biometria\facial_auth\celeba_subset\img_align_celeba\198206.jpg,6195,True,glasses,False,0.3758524954319,296.9521999984863
D:\Bartek\coding\biometria\facial_auth\celeba_subset\img_align_celeba\198206.jpg,6195,True,glasses,True,0.3758524954319,301.17519999475917
D:\Bartek\coding\biometria\facial_auth\celeba_subset\img_align_celeba\200213.jpg,5575,True,mask,False,0.250811904668808,297.39850000623846
D:\Bartek\coding\biometria\facial_auth\celeba_subset\img_align_celeba\200213.jpg,5575,True,mask,True,0.2355155348777771,295.64640000171494
D:\Bartek\coding\biometria\facial_auth\celeba_subset\img_align_celeba\126149.jpg,898,True,glasses,False,0.33062881231307983,306.61870000039926
D:\Bartek\coding\biometria\facial_auth\celeba_subset\img_align_celeba\126149.jpg,898,True,glasses,True,0.33062881231307983,298.0091999997967
D:\Bartek\coding\biometria\facial_auth\celeba_subset\img_align_celeba\037435.jpg,5656,True,mask,False,0.1021941527724266,302.63340000237804
D:\Bartek\coding\biometria\facial_auth\celeba_subset\img_align_celeba\037435.jpg,5656,True,mask,True,0.15160025656223297,295.4812999960268
D:\Bartek\coding\biometria\facial_auth\celeba_subset\img_align_celeba\115638.jpg,310,True,glasses,False,0.30785250663757324,304.3383999975049
D:\Bartek\coding\biometria\facial_auth\celeba_subset\img_align_celeba\115638.jpg,310,True,glasses,True,0.30785250663757324,302.8171999976621
D:\Bartek\coding\biometria\facial_auth\celeba_subset\img_align_celeba\164894.jpg,4069,True,mask,False,0.0903589203953743,293.42560000077356
D:\Bartek\coding\biometria\facial_auth\celeba_subset\img_align_celeba\164894.jpg,4069,True,mask,True,0.11603002995252609,12059.349299997848
D:\Bartek\coding\biometria\facial_auth\celeba_subset\img_align_celeba\123742.jpg,6086,True,glasses,False,0.07917770743370056,312.0561000032467
D:\Bartek\coding\biometria\facial_auth\celeba_subset\img_align_celeba\123742.jpg,6086,True,glasses,True,0.23134443163871765,11616.245999997773
D:\Bartek\coding\biometria\facial_auth\celeba_subset\img_align_celeba\139782.jpg,1435,True,mask,False,0.19126510620117188,297.3534999982803
D:\Bartek\coding\biometria\facial_auth\celeba_subset\img_align_celeba\139782.jpg,1435,True,mask,True,0.17262478172779083,11401.448800002981
D:\Bartek\coding\biometria\facial_auth\celeba_subset\img_align_celeba\065520.jpg,5922,True,glasses,False,0.27436891198158264,302.5504999968689
D:\Bartek\coding\biometria\facial_auth\celeba_subset\img_align_celeba\065520.jpg,5922,True,glasses,True,0.27436891198158264,297.84769999969285
D:\Bartek\coding\biometria\facial_auth\celeba_subset\img_align_celeba\103674.jpg,6368,True,mask,False,0.05701403692364693,310.2787999960128
D:\Bartek\coding\biometria\facial_auth\celeba_subset\img_align_celeba\103674.jpg,6368,True,mask,True,0.07658588141202927,11424.335999996401
D:\Bartek\coding\biometria\facial_auth\celeba_subset\img_align_celeba\182729.jpg,8027,True,glasses,False,0.3836350739002228,299.4959999996354
D:\Bartek\coding\biometria\facial_auth\celeba_subset\img_align_celeba\182729.jpg,8027,True,glasses,True,0.3836350739002228,298.46379999798955
D:\Bartek\coding\biometria\facial_auth\celeba_subset\img_align_celeba\060862.jpg,5922,True,mask,False,0.14440222084522247,304.08560000068974
D:\Bartek\coding\biometria\facial_auth\celeba_subset\img_align_celeba\060862.jpg,5922,True,mask,True,0.143854558467865,11399.425299998256
D:\Bartek\coding\biometria\facial_auth\celeba_subset\img_align_celeba\113697.jpg,7222,True,glasses,False,0.5070570111274719,297.49440000159666
D:\Bartek\coding\biometria\facial_auth\celeba_subset\img_align_celeba\113697.jpg,7222,True,glasses,True,0.5070570111274719,300.1986999952351
D:\Bartek\coding\biometria\facial_auth\celeba_subset\img_align_celeba\066995.jpg,8971,True,mask,False,0.04477519914507866,307.2648000015761
D:\Bartek\coding\biometria\facial_auth\celeba_subset\img_align_celeba\066995.jpg,8971,True,mask,True,0.16705822944641113,11730.627299999469
D:\Bartek\coding\biometria\facial_auth\celeba_subset\img_align_celeba\140917.jpg,644,True,glasses,False,0.6089847683906555,304.91320000146516
D:\Bartek\coding\biometria\facial_auth\celeba_subset\img_align_celeba\140917.jpg,644,True,glasses,True,0.6089847683906555,297.95119999471353
D:\Bartek\coding\biometria\facial_auth\celeba_subset\img_align_celeba\060083.jpg,9688,True,mask,False,0.06436923146247864,295.9206000014092
D:\Bartek\coding\biometria\facial_auth\celeba_subset\img_align_celeba\060083.jpg,9688,True,mask,True,0.05995937064290047,298.9177999988897
D:\Bartek\coding\biometria\facial_auth\celeba_subset\img_align_celeba\104676.jpg,9093,True,glasses,False,0.4272783696651459,297.48490000201855
D:\Bartek\coding\biometria\facial_auth\celeba_subset\img_align_celeba\104676.jpg,9093,True,glasses,True,0.4272783696651459,297.6030999998329
D:\Bartek\coding\biometria\facial_auth\celeba_subset\img_align_celeba\103516.jpg,4196,True,mask,False,0.3910652697086334,298.6238000012236
D:\Bartek\coding\biometria\facial_auth\celeba_subset\img_align_celeba\103516.jpg,4196,True,mask,True,0.4000726342201233,11440.000700000382
D:\Bartek\coding\biometria\facial_auth\celeba_subset\img_align_celeba\032692.jpg,4870,True,glasses,False,0.2253873348236084,296.82089999550954
D:\Bartek\coding\biometria\facial_auth\celeba_subset\img_align_celeba\032692.jpg,4870,True,glasses,True,0.2253873348236084,295.86909999488853
D:\Bartek\coding\biometria\facial_auth\celeba_subset\img_align_celeba\010163.jpg,3655,True,mask,False,0.47233298420906067,308.8294999979553
D:\Bartek\coding\biometria\facial_auth\celeba_subset\img_align_celeba\010163.jpg,3655,True,mask,True,0.49759018421173096,11441.962899996724
D:\Bartek\coding\biometria\facial_auth\celeba_subset\img_align_celeba\092195.jpg,5780,True,glasses,False,0.4167586863040924,300.12819999683416
D:\Bartek\coding\biometria\facial_auth\celeba_subset\img_align_celeba\092195.jpg,5780,True,glasses,True,0.4167586863040924,298.9744000005885
D:\Bartek\coding\biometria\facial_auth\celeba_subset\img_align_celeba\033145.jpg,3655,True,mask,False,0.4893718361854553,294.9243999973987
D:\Bartek\coding\biometria\facial_auth\celeba_subset\img_align_celeba\033145.jpg,3655,True,mask,True,0.5172164440155029,11360.980600002222
D:\Bartek\coding\biometria\facial_auth\celeba_subset\img_align_celeba\110251.jpg,8908,True,glasses,False,0.6939035058021545,305.9108999950695
D:\Bartek\coding\biometria\facial_auth\celeba_subset\img_align_celeba\110251.jpg,8908,True,glasses,True,0.6939035058021545,300.9600000004866
D:\Bartek\coding\biometria\facial_auth\celeba_subset\img_align_celeba\117945.jpg,6170,True,mask,False,0.07311402261257172,294.8813000039081
D:\Bartek\coding\biometria\facial_auth\celeba_subset\img_align_celeba\117945.jpg,6170,True,mask,True,0.09982173889875412,295.74999999749707
D:\Bartek\coding\biometria\facial_auth\celeba_subset\img_align_celeba\133338.jpg,2835,True,glasses,False,0.3355340361595154,298.096099999384
D:\Bartek\coding\biometria\facial_auth\celeba_subset\img_align_celeba\133338.jpg,2835,True,glasses,True,0.3355340361595154,298.80319999938365
D:\Bartek\coding\biometria\facial_auth\celeba_subset\img_align_celeba\199369.jpg,9632,True,mask,False,0.0421319380402565,304.31180000596214
D:\Bartek\coding\biometria\facial_auth\celeba_subset\img_align_celeba\199369.jpg,9632,True,mask,True,0.09003711491823196,11439.653699999326
D:\Bartek\coding\biometria\facial_auth\celeba_subset\img_align_celeba\080859.jpg,5246,True,glasses,False,0.346040815114975,293.2356999954209
D:\Bartek\coding\biometria\facial_auth\celeba_subset\img_align_celeba\080859.jpg,5246,True,glasses,True,0.346040815114975,295.9043999944697
D:\Bartek\coding\biometria\facial_auth\celeba_subset\img_align_celeba\167917.jpg,2177,True,mask,False,0.9261770248413086,295.9977999998955
D:\Bartek\coding\biometria\facial_auth\celeba_subset\img_align_celeba\167917.jpg,2177,True,mask,True,0.8797972798347473,11965.190800001437
D:\Bartek\coding\biometria\facial_auth\celeba_subset\img_align_celeba\037923.jpg,5190,True,glasses,False,0.3435840308666229,303.1866000019363
D:\Bartek\coding\biometria\facial_auth\celeba_subset\img_align_celeba\037923.jpg,5190,True,glasses,True,0.3435840308666229,313.3839000001899
D:\Bartek\coding\biometria\facial_auth\celeba_subset\img_align_celeba\045205.jpg,9828,True,mask,False,0.03160913288593292,294.22170000179904
D:\Bartek\coding\biometria\facial_auth\celeba_subset\img_align_celeba\045205.jpg,9828,True,mask,True,0.030852343887090683,11526.30450000288
D:\Bartek\coding\biometria\facial_auth\celeba_subset\img_align_celeba\112281.jpg,6368,True,glasses,False,0.5812544226646423,296.6214999978547
D:\Bartek\coding\biometria\facial_auth\celeba_subset\img_align_celeba\112281.jpg,6368,True,glasses,True,0.5812544226646423,284.26369999942835
D:\Bartek\coding\biometria\facial_auth\celeba_subset\img_align_celeba\093443.jpg,494,True,mask,False,0.13451872766017914,283.4895999985747
D:\Bartek\coding\biometria\facial_auth\celeba_subset\img_align_celeba\093443.jpg,494,True,mask,True,0.1364239752292633,11374.417600003653
D:\Bartek\coding\biometria\facial_auth\celeba_subset\img_align_celeba\059788.jpg,8971,True,glasses,False,0.579003095626831,285.7263999976567
D:\Bartek\coding\biometria\facial_auth\celeba_subset\img_align_celeba\059788.jpg,8971,True,glasses,True,0.579003095626831,286.6846999968402
D:\Bartek\coding\biometria\facial_auth\celeba_subset\img_align_celeba\167499.jpg,3236,True,mask,False,0.2794108986854553,282.6999999961117
D:\Bartek\coding\biometria\facial_auth\celeba_subset\img_align_celeba\167499.jpg,3236,True,mask,True,0.2816600203514099,281.92760000092676
D:\Bartek\coding\biometria\facial_auth\celeba_subset\img_align_celeba\146179.jpg,9828,True,glasses,False,0.48150506615638733,286.19890000118176
D:\Bartek\coding\biometria\facial_auth\celeba_subset\img_align_celeba\146179.jpg,9828,True,glasses,True,0.48150506615638733,291.9289000055869
D:\Bartek\coding\biometria\facial_auth\celeba_subset\img_align_celeba\168226.jpg,3200,True,mask,False,0.5808548331260681,296.8659000034677
D:\Bartek\coding\biometria\facial_auth\celeba_subset\img_align_celeba\168226.jpg,3200,True,mask,True,0.5399627685546875,284.80640000634594
D:\Bartek\coding\biometria\facial_auth\celeba_subset\img_align_celeba\172109.jpg,205,True,glasses,False,0.07117296010255814,288.1485000034445
D:\Bartek\coding\biometria\facial_auth\celeba_subset\img_align_celeba\172109.jpg,205,True,glasses,True,0.07117296010255814,288.8630000015837
D:\Bartek\coding\biometria\facial_auth\celeba_subset\img_align_celeba\099344.jpg,5534,True,mask,False,0.08268912136554718,289.21940000145696
D:\Bartek\coding\biometria\facial_auth\celeba_subset\img_align_celeba\099344.jpg,5534,True,mask,True,0.18383289873600006,280.96459999505896
D:\Bartek\coding\biometria\facial_auth\celeba_subset\img_align_celeba\187833.jpg,8936,True,glasses,False,0.4513719081878662,287.85269999934826
D:\Bartek\coding\biometria\facial_auth\celeba_subset\img_align_celeba\187833.jpg,8936,True,glasses,True,0.4513719081878662,288.8405999983661
D:\Bartek\coding\biometria\facial_auth\celeba_subset\img_align_celeba\066888.jpg,5656,True,mask,False,0.1881951093673706,303.1609999961802
D:\Bartek\coding\biometria\facial_auth\celeba_subset\img_align_celeba\066888.jpg,5656,True,mask,True,0.19878089427947998,289.9403000046732
D:\Bartek\coding\biometria\facial_auth\celeba_subset\img_align_celeba\122195.jpg,7422,True,glasses,False,0.5896474123001099,287.60350000084145
D:\Bartek\coding\biometria\facial_auth\celeba_subset\img_align_celeba\122195.jpg,7422,True,glasses,True,0.5896474123001099,288.4512000018731
D:\Bartek\coding\biometria\facial_auth\celeba_subset\img_align_celeba\039635.jpg,975,True,mask,False,0.056351713836193085,307.37049999879673
D:\Bartek\coding\biometria\facial_auth\celeba_subset\img_align_celeba\039635.jpg,975,True,mask,True,0.05453738942742348,11675.08380000072
D:\Bartek\coding\biometria\facial_auth\celeba_subset\img_align_celeba\136949.jpg,9478,True,glasses,False,0.3362588882446289,295.9488000051351
D:\Bartek\coding\biometria\facial_auth\celeba_subset\img_align_celeba\136949.jpg,9478,True,glasses,True,0.3362588882446289,295.3146999934688
D:\Bartek\coding\biometria\facial_auth\celeba_subset\img_align_celeba\193063.jpg,7088,True,mask,False,0.19003042578697205,290.53379999822937
D:\Bartek\coding\biometria\facial_auth\celeba_subset\img_align_celeba\193063.jpg,7088,True,mask,True,0.1340513974428177,286.3634000023012
D:\Bartek\coding\biometria\facial_auth\celeba_subset\img_align_celeba\108269.jpg,3336,True,glasses,False,0.5660747289657593,290.5030000038096
D:\Bartek\coding\biometria\facial_auth\celeba_subset\img_align_celeba\108269.jpg,3336,True,glasses,True,0.5660747289657593,290.76289999648
D:\Bartek\coding\biometria\facial_auth\celeba_subset\img_align_celeba\148189.jpg,503,True,mask,False,0.33504432439804077,300.497299998824
D:\Bartek\coding\biometria\facial_auth\celeba_subset\img_align_celeba\148189.jpg,503,True,mask,True,0.37630754709243774,11843.885900001624
D:\Bartek\coding\biometria\facial_auth\celeba_subset\img_align_celeba\169295.jpg,1350,True,glasses,False,0.6325244307518005,293.616099996143
D:\Bartek\coding\biometria\facial_auth\celeba_subset\img_align_celeba\169295.jpg,1350,True,glasses,True,0.6325244307518005,292.09780000383034
D:\Bartek\coding\biometria\facial_auth\celeba_subset\img_align_celeba\139962.jpg,9000,True,mask,False,0.030243951827287674,297.18779999529943
D:\Bartek\coding\biometria\facial_auth\celeba_subset\img_align_celeba\139962.jpg,9000,True,mask,True,0.047963567078113556,11535.916399996495
D:\Bartek\coding\biometria\facial_auth\celeba_subset\img_align_celeba\037891.jpg,7253,True,glasses,False,0.4397580027580261,288.4374999994179
D:\Bartek\coding\biometria\facial_auth\celeba_subset\img_align_celeba\037891.jpg,7253,True,glasses,True,0.4397580027580261,291.27640000660904
D:\Bartek\coding\biometria\facial_auth\celeba_subset\img_align_celeba\010853.jpg,6719,True,mask,False,0.09059378504753113,290.8153999960632
D:\Bartek\coding\biometria\facial_auth\celeba_subset\img_align_celeba\010853.jpg,6719,True,mask,True,0.1549862027168274,11632.821200000762
D:\Bartek\coding\biometria\facial_auth\celeba_subset\img_align_celeba\181686.jpg,1154,True,glasses,False,0.4579835832118988,305.8874999987893
D:\Bartek\coding\biometria\facial_auth\celeba_subset\img_align_celeba\181686.jpg,1154,True,glasses,True,0.4579835832118988,308.75570000353036
D:\Bartek\coding\biometria\facial_auth\celeba_subset\img_align_celeba\186311.jpg,8936,True,mask,False,0.09431751817464828,282.6450000065961
D:\Bartek\coding\biometria\facial_auth\celeba_subset\img_align_celeba\186311.jpg,8936,True,mask,True,0.10904891788959503,287.265999999363
D:\Bartek\coding\biometria\facial_auth\celeba_subset\img_align_celeba\109274.jpg,8834,True,glasses,False,0.5156031250953674,219.73240000079386
D:\Bartek\coding\biometria\facial_auth\celeba_subset\img_align_celeba\109274.jpg,8834,True,glasses,True,0.5156031250953674,232.61089999869
D:\Bartek\coding\biometria\facial_auth\celeba_subset\img_align_celeba\043063.jpg,5190,True,mask,False,0.0444369912147522,288.79289999895263
D:\Bartek\coding\biometria\facial_auth\celeba_subset\img_align_celeba\043063.jpg,5190,True,mask,True,0.04497433826327324,11542.098400001123
D:\Bartek\coding\biometria\facial_auth\celeba_subset\img_align_celeba\045431.jpg,5648,True,glasses,False,0.4801366329193115,294.6622000017669
D:\Bartek\coding\biometria\facial_auth\celeba_subset\img_align_celeba\045431.jpg,5648,True,glasses,True,0.4801366329193115,302.8816000005463
D:\Bartek\coding\biometria\facial_auth\celeba_subset\img_align_celeba\170882.jpg,913,True,mask,False,0.017370956018567085,297.99800000182586
D:\Bartek\coding\biometria\facial_auth\celeba_subset\img_align_celeba\170882.jpg,913,True,mask,True,0.028341025114059448,298.4675999978208
D:\Bartek\coding\biometria\facial_auth\celeba_subset\img_align_celeba\188521.jpg,5791,True,glasses,False,0.3395270109176636,310.12039999768604
D:\Bartek\coding\biometria\facial_auth\celeba_subset\img_align_celeba\188521.jpg,5791,True,glasses,True,0.3395270109176636,305.96389999845996
D:\Bartek\coding\biometria\facial_auth\celeba_subset\img_align_celeba\041303.jpg,7253,True,mask,False,0.11775614321231842,288.76790000504116
D:\Bartek\coding\biometria\facial_auth\celeba_subset\img_align_celeba\041303.jpg,7253,True,mask,True,0.2524752616882324,11507.429000004777
D:\Bartek\coding\biometria\facial_auth\celeba_subset\img_align_celeba\029876.jpg,5210,True,glasses,False,0.473260760307312,287.91569999884814
D:\Bartek\coding\biometria\facial_auth\celeba_subset\img_align_celeba\029876.jpg,5210,True,glasses,True,0.473260760307312,282.6539000016055
D:\Bartek\coding\biometria\facial_auth\celeba_subset\img_align_celeba\140094.jpg,5648,True,mask,False,0.04096480831503868,302.70439999731025
D:\Bartek\coding\biometria\facial_auth\celeba_subset\img_align_celeba\140094.jpg,5648,True,mask,True,0.047367800027132034,11888.984199998959
D:\Bartek\coding\biometria\facial_auth\celeba_subset\img_align_celeba\190733.jpg,9632,True,glasses,False,0.5247717499732971,290.016499995545
D:\Bartek\coding\biometria\facial_auth\celeba_subset\img_align_celeba\190733.jpg,9632,True,glasses,True,0.5247717499732971,293.53319999790983
D:\Bartek\coding\biometria\facial_auth\celeba_subset\img_align_celeba\162744.jpg,6722,True,mask,False,0.09721310436725616,284.98709999985294
D:\Bartek\coding\biometria\facial_auth\celeba_subset\img_align_celeba\162744.jpg,6722,True,mask,True,0.09721310436725616,294.734499999322
D:\Bartek\coding\biometria\facial_auth\celeba_subset\img_align_celeba\044906.jpg,5747,True,glasses,False,0.3886197507381439,291.6052000000491
D:\Bartek\coding\biometria\facial_auth\celeba_subset\img_align_celeba\044906.jpg,5747,True,glasses,True,0.3886197507381439,288.37210000347113
D:\Bartek\coding\biometria\facial_auth\celeba_subset\img_align_celeba\099007.jpg,9000,True,mask,False,0.03892248123884201,295.7191000023158
D:\Bartek\coding\biometria\facial_auth\celeba_subset\img_align_celeba\099007.jpg,9000,True,mask,True,0.07334566116333008,11526.777799997944
D:\Bartek\coding\biometria\facial_auth\celeba_subset\img_align_celeba\175655.jpg,3200,True,glasses,False,0.38893815875053406,289.321000003838
D:\Bartek\coding\biometria\facial_auth\celeba_subset\img_align_celeba\175655.jpg,3200,True,glasses,True,0.38893815875053406,288.2698000030359
D:\Bartek\coding\biometria\facial_auth\celeba_subset\img_align_celeba\148905.jpg,5656,True,mask,False,0.19125652313232422,282.9157000014675
D:\Bartek\coding\biometria\facial_auth\celeba_subset\img_align_celeba\148905.jpg,5656,True,mask,True,0.18894317746162415,284.0359999972861
D:\Bartek\coding\biometria\facial_auth\celeba_subset\img_align_celeba\064387.jpg,7422,True,glasses,False,0.5144438743591309,289.50279999844497
D:\Bartek\coding\biometria\facial_auth\celeba_subset\img_align_celeba\064387.jpg,7422,True,glasses,True,0.5144438743591309,291.22259999712696
D:\Bartek\coding\biometria\facial_auth\celeba_subset\img_align_celeba\062547.jpg,5648,True,mask,False,0.06545379012823105,278.801200001908
D:\Bartek\coding\biometria\facial_auth\celeba_subset\img_align_celeba\062547.jpg,5648,True,mask,True,0.06413710117340088,11410.81000000122
D:\Bartek\coding\biometria\facial_auth\celeba_subset\img_align_celeba\010123.jpg,9144,True,glasses,False,0.550808310508728,301.78650000016205
D:\Bartek\coding\biometria\facial_auth\celeba_subset\img_align_celeba\010123.jpg,9144,True,glasses,True,0.550808310508728,303.063999999722
D:\Bartek\coding\biometria\facial_auth\celeba_subset\img_align_celeba\138442.jpg,9093,True,mask,False,0.15554429590702057,284.69089999998687
D:\Bartek\coding\biometria\facial_auth\celeba_subset\img_align_celeba\138442.jpg,9093,True,mask,True,0.15674327313899994,283.22160000243457
D:\Bartek\coding\biometria\facial_auth\celeba_subset\img_align_celeba\089054.jpg,2926,True,glasses,False,0.1997862458229065,300.6708000029903
D:\Bartek\coding\biometria\facial_auth\celeba_subset\img_align_celeba\089054.jpg,2926,True,glasses,True,0.1997862458229065,305.4298999995808
D:\Bartek\coding\biometria\facial_auth\celeba_subset\img_align_celeba\162843.jpg,190,True,mask,False,0.17384155094623566,295.34639999474166
D:\Bartek\coding\biometria\facial_auth\celeba_subset\img_align_celeba\162843.jpg,190,True,mask,True,0.19072943925857544,11491.770000000542
D:\Bartek\coding\biometria\facial_auth\celeba_subset\img_align_celeba\067663.jpg,9910,True,glasses,False,0.36891043186187744,301.92080000415444
D:\Bartek\coding\biometria\facial_auth\celeba_subset\img_align_celeba\067663.jpg,9910,True,glasses,True,0.36891043186187744,303.8570999997319
D:\Bartek\coding\biometria\facial_auth\celeba_subset\img_align_celeba\046629.jpg,5099,True,mask,False,0.061407919973134995,315.86079999397043
D:\Bartek\coding\biometria\facial_auth\celeba_subset\img_align_celeba\046629.jpg,5099,True,mask,True,0.095384880900383,11648.94110000023
D:\Bartek\coding\biometria\facial_auth\celeba_subset\img_align_celeba\072328.jpg,7222,True,glasses,False,0.48747509717941284,286.082600003283
D:\Bartek\coding\biometria\facial_auth\celeba_subset\img_align_celeba\072328.jpg,7222,True,glasses,True,0.48747509717941284,286.23339999467134
D:\Bartek\coding\biometria\facial_auth\celeba_subset\img_align_celeba\057333.jpg,9828,True,mask,False,0.048805415630340576,281.8136999994749
D:\Bartek\coding\biometria\facial_auth\celeba_subset\img_align_celeba\057333.jpg,9828,True,mask,True,0.12588122487068176,11359.628600002907
D:\Bartek\coding\biometria\facial_auth\celeba_subset\img_align_celeba\039336.jpg,5672,True,glasses,False,0.3212997317314148,299.6322999970289
D:\Bartek\coding\biometria\facial_auth\celeba_subset\img_align_celeba\039336.jpg,5672,True,glasses,True,0.3212997317314148,294.12860000593355
D:\Bartek\coding\biometria\facial_auth\celeba_subset\img_align_celeba\092342.jpg,1128,True,mask,False,0.028372814878821373,304.12449999857927
D:\Bartek\coding\biometria\facial_auth\celeba_subset\img_align_celeba\092342.jpg,1128,True,mask,True,0.07740551978349686,11345.551099999284
D:\Bartek\coding\biometria\facial_auth\celeba_subset\img_align_celeba\024910.jpg,5064,True,glasses,False,0.2852574586868286,301.4670999982627
D:\Bartek\coding\biometria\facial_auth\celeba_subset\img_align_celeba\024910.jpg,5064,True,glasses,True,0.2852574586868286,302.57829999754904
D:\Bartek\coding\biometria\facial_auth\celeba_subset\img_align_celeba\199690.jpg,8415,True,mask,False,0.0506783127784729,290.11280000122497
D:\Bartek\coding\biometria\facial_auth\celeba_subset\img_align_celeba\199690.jpg,8415,True,mask,True,0.11016654223203659,11505.253100003756
D:\Bartek\coding\biometria\facial_auth\celeba_subset\img_align_celeba\169619.jpg,3236,True,glasses,False,0.48205745220184326,287.6700999986497
D:\Bartek\coding\biometria\facial_auth\celeba_subset\img_align_celeba\169619.jpg,3236,True,glasses,True,0.48205745220184326,293.80749999836553
D:\Bartek\coding\biometria\facial_auth\celeba_subset\img_align_celeba\187227.jpg,5872,True,mask,False,0.1545782834291458,307.6811000064481
D:\Bartek\coding\biometria\facial_auth\celeba_subset\img_align_celeba\187227.jpg,5872,True,mask,True,0.1822028011083603,301.84880000160774
D:\Bartek\coding\biometria\facial_auth\celeba_subset\img_align_celeba\082669.jpg,878,True,glasses,False,0.6269104480743408,297.3187000025064
D:\Bartek\coding\biometria\facial_auth\celeba_subset\img_align_celeba\082669.jpg,878,True,glasses,True,0.6269104480743408,301.99659999925643
D:\Bartek\coding\biometria\facial_auth\celeba_subset\img_align_celeba\104733.jpg,644,True,mask,False,0.028600862249732018,293.45029999967664
D:\Bartek\coding\biometria\facial_auth\celeba_subset\img_align_celeba\104733.jpg,644,True,mask,True,0.021835356950759888,11454.839500001981
D:\Bartek\coding\biometria\facial_auth\celeba_subset\img_align_celeba\145567.jpg,3655,True,glasses,False,0.4578162133693695,295.2739000029396
D:\Bartek\coding\biometria\facial_auth\celeba_subset\img_align_celeba\145567.jpg,3655,True,glasses,True,0.4578162133693695,298.30199999560136
D:\Bartek\coding\biometria\facial_auth\celeba_subset\img_align_celeba\004467.jpg,6136,True,mask,False,0.15894411504268646,287.738699997135
D:\Bartek\coding\biometria\facial_auth\celeba_subset\img_align_celeba\004467.jpg,6136,True,mask,True,0.13531309366226196,11862.573500002327
D:\Bartek\coding\biometria\facial_auth\celeba_subset\img_align_celeba\012237.jpg,9939,True,glasses,False,0.6148362755775452,292.45820000505773
D:\Bartek\coding\biometria\facial_auth\celeba_subset\img_align_celeba\012237.jpg,9939,True,glasses,True,0.6148362755775452,300.7380999988527
D:\Bartek\coding\biometria\facial_auth\celeba_subset\img_align_celeba\016306.jpg,9093,True,mask,False,0.13986904919147491,300.9729999976116
D:\Bartek\coding\biometria\facial_auth\celeba_subset\img_align_celeba\016306.jpg,9093,True,mask,True,0.14073853194713593,11392.405799997505
D:\Bartek\coding\biometria\facial_auth\celeba_subset\img_align_celeba\172819.jpg,1350,True,glasses,False,0.3989928662776947,289.9061999996775
D:\Bartek\coding\biometria\facial_auth\celeba_subset\img_align_celeba\172819.jpg,1350,True,glasses,True,0.3989928662776947,303.4101000012015
D:\Bartek\coding\biometria\facial_auth\celeba_subset\img_align_celeba\157894.jpg,8,True,mask,False,0.07861774414777756,288.6884999970789
D:\Bartek\coding\biometria\facial_auth\celeba_subset\img_align_celeba\157894.jpg,8,True,mask,True,0.052867528051137924,288.83889999997336
D:\Bartek\coding\biometria\facial_auth\celeba_subset\img_align_celeba\083540.jpg,3336,True,glasses,False,0.3731260895729065,292.9342999996152
D:\Bartek\coding\biometria\facial_auth\celeba_subset\img_align_celeba\083540.jpg,3336,True,glasses,True,0.3731260895729065,285.27670000039507
D:\Bartek\coding\biometria\facial_auth\celeba_subset\img_align_celeba\159039.jpg,5127,True,mask,False,0.008514010347425938,275.9585000021616
D:\Bartek\coding\biometria\facial_auth\celeba_subset\img_align_celeba\159039.jpg,5127,True,mask,True,0.12497328221797943,11499.373800004832
D:\Bartek\coding\biometria\facial_auth\celeba_subset\img_align_celeba\088448.jpg,5780,True,glasses,False,0.5430055856704712,282.1974999969825
D:\Bartek\coding\biometria\facial_auth\celeba_subset\img_align_celeba\088448.jpg,5780,True,glasses,True,0.5430055856704712,287.4463999978616
D:\Bartek\coding\biometria\facial_auth\celeba_subset\img_align_celeba\145630.jpg,5127,True,mask,False,0.03800743445754051,304.70700000296347
D:\Bartek\coding\biometria\facial_auth\celeba_subset\img_align_celeba\145630.jpg,5127,True,mask,True,0.03685951977968216,11623.135599998932
D:\Bartek\coding\biometria\facial_auth\celeba_subset\img_align_celeba\164652.jpg,913,True,glasses,False,0.8182542324066162,289.83570000127656
D:\Bartek\coding\biometria\facial_auth\celeba_subset\img_align_celeba\164652.jpg,913,True,glasses,True,0.8182542324066162,294.70990000118036
D:\Bartek\coding\biometria\facial_auth\celeba_subset\img_align_celeba\009592.jpg,9478,True,mask,False,0.05906005576252937,287.26430000097025
D:\Bartek\coding\biometria\facial_auth\celeba_subset\img_align_celeba\009592.jpg,9478,True,mask,True,0.04897303134202957,11388.222399997176
D:\Bartek\coding\biometria\facial_auth\celeba_subset\img_align_celeba\097784.jpg,9534,True,glasses,False,0.4480683505535126,293.7320999990334
D:\Bartek\coding\biometria\facial_auth\celeba_subset\img_align_celeba\097784.jpg,9534,True,glasses,True,0.4480683505535126,290.72330000053626
D:\Bartek\coding\biometria\facial_auth\celeba_subset\img_align_celeba\123276.jpg,5190,True,mask,False,-0.009970100596547127,296.01849999744445
D:\Bartek\coding\biometria\facial_auth\celeba_subset\img_align_celeba\123276.jpg,5190,True,mask,True,0.017289740964770317,293.5667000056128
D:\Bartek\coding\biometria\facial_auth\celeba_subset\img_align_celeba\100773.jpg,8,True,glasses,False,0.5641345977783203,293.9745999974548
D:\Bartek\coding\biometria\facial_auth\celeba_subset\img_align_celeba\100773.jpg,8,True,glasses,True,0.5641345977783203,308.3058999982313
D:\Bartek\coding\biometria\facial_auth\celeba_subset\img_align_celeba\159097.jpg,1149,True,mask,False,0.047143734991550446,285.1306000011391
D:\Bartek\coding\biometria\facial_auth\celeba_subset\img_align_celeba\159097.jpg,1149,True,mask,True,0.2602556645870209,11755.279299999529
D:\Bartek\coding\biometria\facial_auth\celeba_subset\img_align_celeba\185888.jpg,8415,True,glasses,False,0.09801407903432846,297.03970000264235
D:\Bartek\coding\biometria\facial_auth\celeba_subset\img_align_celeba\185888.jpg,8415,True,glasses,True,0.09801407903432846,301.1789000011049
D:\Bartek\coding\biometria\facial_auth\celeba_subset\img_align_celeba\200957.jpg,5033,True,mask,False,0.06994060426950455,290.3742999988026
D:\Bartek\coding\biometria\facial_auth\celeba_subset\img_align_celeba\200957.jpg,5033,True,mask,True,0.05827315151691437,11485.633700001927
D:\Bartek\coding\biometria\facial_auth\celeba_subset\img_align_celeba\176236.jpg,1350,True,glasses,False,0.6202990412712097,296.5616000001319
D:\Bartek\coding\biometria\facial_auth\celeba_subset\img_align_celeba\176236.jpg,1350,True,glasses,True,0.6202990412712097,301.04940000455827
D:\Bartek\coding\biometria\facial_auth\celeba_subset\img_align_celeba\055840.jpg,655,True,mask,False,0.10213083028793335,297.70949999510776
D:\Bartek\coding\biometria\facial_auth\celeba_subset\img_align_celeba\055840.jpg,655,True,mask,True,0.12529698014259338,11384.501499996986
D:\Bartek\coding\biometria\facial_auth\celeba_subset\img_align_celeba\015889.jpg,2926,True,glasses,False,0.16225939989089966,301.9940000012866
D:\Bartek\coding\biometria\facial_auth\celeba_subset\img_align_celeba\015889.jpg,2926,True,glasses,True,0.16225939989089966,296.2732999949367
D:\Bartek\coding\biometria\facial_auth\celeba_subset\img_align_celeba\061448.jpg,5190,True,mask,False,0.04793798178434372,294.1883000021335
D:\Bartek\coding\biometria\facial_auth\celeba_subset\img_align_celeba\061448.jpg,5190,True,mask,True,0.023841993883252144,11441.634700000577
D:\Bartek\coding\biometria\facial_auth\celeba_subset\img_align_celeba\014871.jpg,5064,True,glasses,False,0.9140220880508423,290.4340000022785
D:\Bartek\coding\biometria\facial_auth\celeba_subset\img_align_celeba\014871.jpg,5064,True,glasses,True,0.9140220880508423,292.37819999980275
D:\Bartek\coding\biometria\facial_auth\celeba_subset\img_align_celeba\019114.jpg,6722,True,mask,False,0.09877525269985199,291.36339999968186
D:\Bartek\coding\biometria\facial_auth\celeba_subset\img_align_celeba\019114.jpg,6722,True,mask,True,0.09819395840167999,11752.68810000125
D:\Bartek\coding\biometria\facial_auth\celeba_subset\img_align_celeba\141864.jpg,9000,True,glasses,False,0.4204215407371521,310.1663000052213
D:\Bartek\coding\biometria\facial_auth\celeba_subset\img_align_celeba\141864.jpg,9000,True,glasses,True,0.4204215407371521,300.4369999980554
D:\Bartek\coding\biometria\facial_auth\celeba_subset\img_align_celeba\015772.jpg,6086,True,mask,False,0.09064870327711105,310.3733999960241
D:\Bartek\coding\biometria\facial_auth\celeba_subset\img_align_celeba\015772.jpg,6086,True,mask,True,0.09064870327711105,11564.595700001519
D:\Bartek\coding\biometria\facial_auth\celeba_subset\img_align_celeba\160050.jpg,1149,True,glasses,False,0.4650847911834717,314.9420999980066
D:\Bartek\coding\biometria\facial_auth\celeba_subset\img_align_celeba\160050.jpg,1149,True,glasses,True,0.4650847911834717,295.43420000118203
D:\Bartek\coding\biometria\facial_auth\celeba_subset\img_align_celeba\078302.jpg,5672,True,mask,False,0.07995890080928802,291.6435000006459
D:\Bartek\coding\biometria\facial_auth\celeba_subset\img_align_celeba\078302.jpg,5672,True,mask,True,0.14004506170749664,11582.933999998204
D:\Bartek\coding\biometria\facial_auth\celeba_subset\img_align_celeba\168488.jpg,913,True,glasses,False,0.7658051252365112,306.2880999932531
D:\Bartek\coding\biometria\facial_auth\celeba_subset\img_align_celeba\168488.jpg,913,True,glasses,True,0.7658051252365112,306.31170000560815
D:\Bartek\coding\biometria\facial_auth\celeba_subset\img_align_celeba\012914.jpg,975,True,mask,False,0.054364245384931564,328.2197999942582
D:\Bartek\coding\biometria\facial_auth\celeba_subset\img_align_celeba\012914.jpg,975,True,mask,True,0.17974725365638733,11583.038800003123
D:\Bartek\coding\biometria\facial_auth\celeba_subset\img_align_celeba\130531.jpg,2926,True,glasses,False,0.17201630771160126,290.119199999026
D:\Bartek\coding\biometria\facial_auth\celeba_subset\img_align_celeba\130531.jpg,2926,True,glasses,True,0.17201630771160126,280.5852999954368
D:\Bartek\coding\biometria\facial_auth\celeba_subset\img_align_celeba\021768.jpg,6719,True,mask,False,0.06707748025655746,282.7758999992511
D:\Bartek\coding\biometria\facial_auth\celeba_subset\img_align_celeba\021768.jpg,6719,True,mask,True,0.1013452410697937,11791.812100003881
D:\Bartek\coding\biometria\facial_auth\celeba_subset\img_align_celeba\188529.jpg,9632,True,glasses,False,0.20246011018753052,287.99589999835007
D:\Bartek\coding\biometria\facial_auth\celeba_subset\img_align_celeba\188529.jpg,9632,True,glasses,True,0.20246011018753052,295.9214999937103
D:\Bartek\coding\biometria\facial_auth\celeba_subset\img_align_celeba\023065.jpg,5238,True,mask,False,0.03184979408979416,283.78589999920223
D:\Bartek\coding\biometria\facial_auth\celeba_subset\img_align_celeba\023065.jpg,5238,True,mask,True,0.043855104595422745,12090.953499995521
D:\Bartek\coding\biometria\facial_auth\celeba_subset\img_align_celeba\171115.jpg,1120,True,glasses,False,0.7137776017189026,285.5374999999185
D:\Bartek\coding\biometria\facial_auth\celeba_subset\img_align_celeba\171115.jpg,1120,True,glasses,True,0.7137776017189026,279.9511999983224
D:\Bartek\coding\biometria\facial_auth\celeba_subset\img_align_celeba\110682.jpg,6972,True,mask,False,0.05839211121201515,288.53150000213645
D:\Bartek\coding\biometria\facial_auth\celeba_subset\img_align_celeba\110682.jpg,6972,True,mask,True,0.15333174169063568,11385.733600000094
D:\Bartek\coding\biometria\facial_auth\celeba_subset\img_align_celeba\037613.jpg,9478,True,glasses,False,0.5726770758628845,283.78340000199387
D:\Bartek\coding\biometria\facial_auth\celeba_subset\img_align_celeba\037613.jpg,9478,True,glasses,True,0.5726770758628845,286.777000001166
D:\Bartek\coding\biometria\facial_auth\celeba_subset\img_align_celeba\193901.jpg,8936,True,mask,False,0.09090109914541245,285.5293000029633
D:\Bartek\coding\biometria\facial_auth\celeba_subset\img_align_celeba\193901.jpg,8936,True,mask,True,0.06536206603050232,11429.25020000257
D:\Bartek\coding\biometria\facial_auth\celeba_subset\img_align_celeba\070725.jpg,975,True,glasses,False,0.5286547541618347,279.51049999683164
D:\Bartek\coding\biometria\facial_auth\celeba_subset\img_align_celeba\070725.jpg,975,True,glasses,True,0.5286547541618347,286.0565000009956
D:\Bartek\coding\biometria\facial_auth\celeba_subset\img_align_celeba\010128.jpg,5591,True,mask,False,0.16173018515110016,269.33769999595825
D:\Bartek\coding\biometria\facial_auth\celeba_subset\img_align_celeba\010128.jpg,5591,True,mask,True,0.16097620129585266,11337.609900001553
D:\Bartek\coding\biometria\facial_auth\celeba_subset\img_align_celeba\003484.jpg,9144,True,glasses,False,0.5545976758003235,288.74160000123084
D:\Bartek\coding\biometria\facial_auth\celeba_subset\img_align_celeba\003484.jpg,9144,True,glasses,True,0.5545976758003235,278.99380000599194
D:\Bartek\coding\biometria\facial_auth\celeba_subset\img_align_celeba\100997.jpg,8971,True,mask,False,0.050280965864658356,281.83030000218423
D:\Bartek\coding\biometria\facial_auth\celeba_subset\img_align_celeba\100997.jpg,8971,True,mask,True,0.13782522082328796,11285.453100004815
D:\Bartek\coding\biometria\facial_auth\celeba_subset\img_align_celeba\016283.jpg,6233,True,glasses,False,0.2195325642824173,281.7410999996355
D:\Bartek\coding\biometria\facial_auth\celeba_subset\img_align_celeba\016283.jpg,6233,True,glasses,True,0.2195325642824173,292.38460000487976
D:\Bartek\coding\biometria\facial_auth\celeba_subset\img_align_celeba\014683.jpg,6368,True,mask,False,0.08746462315320969,297.02289999841014
D:\Bartek\coding\biometria\facial_auth\celeba_subset\img_align_celeba\014683.jpg,6368,True,mask,True,0.05908456817269325,11876.583299999766
D:\Bartek\coding\biometria\facial_auth\celeba_subset\img_align_celeba\069494.jpg,7422,True,glasses,False,0.5220891833305359,279.3063999997685
D:\Bartek\coding\biometria\facial_auth\celeba_subset\img_align_celeba\069494.jpg,7422,True,glasses,True,0.5220891833305359,278.82300000055693
D:\Bartek\coding\biometria\facial_auth\celeba_subset\img_align_celeba\154452.jpg,1167,True,mask,False,0.08751475065946579,297.1943000011379
D:\Bartek\coding\biometria\facial_auth\celeba_subset\img_align_celeba\154452.jpg,1167,True,mask,True,0.12003391236066818,11358.955900002911
D:\Bartek\coding\biometria\facial_auth\celeba_subset\img_align_celeba\097453.jpg,4870,True,glasses,False,0.2465737909078598,283.73580000334186
D:\Bartek\coding\biometria\facial_auth\celeba_subset\img_align_celeba\097453.jpg,4870,True,glasses,True,0.2465737909078598,285.16539999691304
D:\Bartek\coding\biometria\facial_auth\celeba_subset\img_align_celeba\118761.jpg,6722,True,mask,False,0.11638402193784714,323.1459999951767
D:\Bartek\coding\biometria\facial_auth\celeba_subset\img_align_celeba\118761.jpg,6722,True,mask,True,0.14524322748184204,11419.375299999956
D:\Bartek\coding\biometria\facial_auth\celeba_subset\img_align_celeba\031949.jpg,8,True,glasses,False,0.5158982872962952,285.2148000019952
D:\Bartek\coding\biometria\facial_auth\celeba_subset\img_align_celeba\031949.jpg,8,True,glasses,True,0.5158982872962952,280.34009999828413
D:\Bartek\coding\biometria\facial_auth\celeba_subset\img_align_celeba\151637.jpg,6719,True,mask,False,0.06432721018791199,273.65670000290265
D:\Bartek\coding\biometria\facial_auth\celeba_subset\img_align_celeba\151637.jpg,6719,True,mask,True,0.06860020756721497,11417.24940000131
D:\Bartek\coding\biometria\facial_auth\celeba_subset\img_align_celeba\180574.jpg,1120,True,glasses,False,0.35888928174972534,279.27070000441745
D:\Bartek\coding\biometria\facial_auth\celeba_subset\img_align_celeba\180574.jpg,1120,True,glasses,True,0.35888928174972534,279.4754999995348
D:\Bartek\coding\biometria\facial_auth\celeba_subset\img_align_celeba\020290.jpg,5648,True,mask,False,0.04992395639419556,274.2318000018713
D:\Bartek\coding\biometria\facial_auth\celeba_subset\img_align_celeba\020290.jpg,5648,True,mask,True,0.06882299482822418,11363.166700000875
D:\Bartek\coding\biometria\facial_auth\celeba_subset\img_align_celeba\109257.jpg,1128,True,glasses,False,0.48355594277381897,284.45990000182064
D:\Bartek\coding\biometria\facial_auth\celeba_subset\img_align_celeba\109257.jpg,1128,True,glasses,True,0.48355594277381897,286.82309999567224
D:\Bartek\coding\biometria\facial_auth\celeba_subset\img_align_celeba\108168.jpg,5780,True,mask,False,0.217324361205101,279.7255999976187
D:\Bartek\coding\biometria\facial_auth\celeba_subset\img_align_celeba\108168.jpg,5780,True,mask,True,0.22797437012195587,287.04039999865927
D:\Bartek\coding\biometria\facial_auth\celeba_subset\img_align_celeba\120247.jpg,9093,True,glasses,False,0.3553002178668976,287.54119999939576
D:\Bartek\coding\biometria\facial_auth\celeba_subset\img_align_celeba\120247.jpg,9093,True,glasses,True,0.3553002178668976,287.1774000013829
D:\Bartek\coding\biometria\facial_auth\celeba_subset\img_align_celeba\180654.jpg,3877,True,mask,False,0.04329841211438179,287.50720000243746
D:\Bartek\coding\biometria\facial_auth\celeba_subset\img_align_celeba\180654.jpg,3877,True,mask,True,0.03960062190890312,284.0723999979673
D:\Bartek\coding\biometria\facial_auth\celeba_subset\img_align_celeba\051468.jpg,5780,True,glasses,False,0.5556665062904358,281.1915000056615
D:\Bartek\coding\biometria\facial_auth\celeba_subset\img_align_celeba\051468.jpg,5780,True,glasses,True,0.5556665062904358,299.61699999694247
D:\Bartek\coding\biometria\facial_auth\celeba_subset\img_align_celeba\041326.jpg,7422,True,mask,False,0.747772216796875,291.0011999993003
D:\Bartek\coding\biometria\facial_auth\celeba_subset\img_align_celeba\041326.jpg,7422,True,mask,True,0.7454981207847595,11668.184699999983
D:\Bartek\coding\biometria\facial_auth\celeba_subset\img_align_celeba\136945.jpg,9093,True,glasses,False,0.6211073398590088,290.58549999899697
D:\Bartek\coding\biometria\facial_auth\celeba_subset\img_align_celeba\136945.jpg,9093,True,glasses,True,0.6211073398590088,287.3249999975087
D:\Bartek\coding\biometria\facial_auth\celeba_subset\img_align_celeba\189175.jpg,8936,True,mask,False,0.06665641069412231,297.3076999987825
D:\Bartek\coding\biometria\facial_auth\celeba_subset\img_align_celeba\189175.jpg,8936,True,mask,True,0.0643230453133583,291.64419999870006
D:\Bartek\coding\biometria\facial_auth\celeba_subset\img_align_celeba\139141.jpg,5210,True,glasses,False,0.60223388671875,291.0372999976971
D:\Bartek\coding\biometria\facial_auth\celeba_subset\img_align_celeba\139141.jpg,5210,True,glasses,True,0.60223388671875,289.0828000017791
D:\Bartek\coding\biometria\facial_auth\celeba_subset\img_align_celeba\145555.jpg,5648,True,mask,False,0.030283836647868156,301.9027999980608
D:\Bartek\coding\biometria\facial_auth\celeba_subset\img_align_celeba\145555.jpg,5648,True,mask,True,0.02900879643857479,11528.582899998582
D:\Bartek\coding\biometria\facial_auth\celeba_subset\img_align_celeba\123739.jpg,6719,True,glasses,False,0.6871486306190491,298.3018999948399
D:\Bartek\coding\biometria\facial_auth\celeba_subset\img_align_celeba\123739.jpg,6719,True,glasses,True,0.6871486306190491,302.5452000001678
D:\Bartek\coding\biometria\facial_auth\celeba_subset\img_align_celeba\001994.jpg,2926,True,mask,False,0.03824532404541969,294.03849999653175
D:\Bartek\coding\biometria\facial_auth\celeba_subset\img_align_celeba\001994.jpg,2926,True,mask,True,0.19557051360607147,11363.596100003633
D:\Bartek\coding\biometria\facial_auth\celeba_subset\img_align_celeba\186319.jpg,7088,True,glasses,False,0.2530742287635803,385.6311999988975
D:\Bartek\coding\biometria\facial_auth\celeba_subset\img_align_celeba\186319.jpg,7088,True,glasses,True,0.2530742287635803,323.2717999999295
D:\Bartek\coding\biometria\facial_auth\celeba_subset\img_align_celeba\078884.jpg,655,True,mask,False,0.07545817643404007,302.7065000060247
D:\Bartek\coding\biometria\facial_auth\celeba_subset\img_align_celeba\078884.jpg,655,True,mask,True,0.1272178590297699,11897.172899996804
D:\Bartek\coding\biometria\facial_auth\celeba_subset\img_align_celeba\054840.jpg,7422,True,glasses,False,0.39184045791625977,293.4585999973933
D:\Bartek\coding\biometria\facial_auth\celeba_subset\img_align_celeba\054840.jpg,7422,True,glasses,True,0.39184045791625977,290.6712000039988
D:\Bartek\coding\biometria\facial_auth\celeba_subset\img_align_celeba\045304.jpg,4870,True,mask,False,0.1364014744758606,302.358799999638
D:\Bartek\coding\biometria\facial_auth\celeba_subset\img_align_celeba\045304.jpg,4870,True,mask,True,0.2837778329849243,11539.99940000358
D:\Bartek\coding\biometria\facial_auth\celeba_subset\img_align_celeba\096686.jpg,6806,True,glasses,False,0.6906735897064209,293.7873999981093
D:\Bartek\coding\biometria\facial_auth\celeba_subset\img_align_celeba\096686.jpg,6806,True,glasses,True,0.6906735897064209,309.321100001398
D:\Bartek\coding\biometria\facial_auth\celeba_subset\img_align_celeba\016762.jpg,4150,True,mask,False,0.027424722909927368,317.90950000140583
D:\Bartek\coding\biometria\facial_auth\celeba_subset\img_align_celeba\016762.jpg,4150,True,mask,True,0.08388423174619675,11462.011299998267
D:\Bartek\coding\biometria\facial_auth\celeba_subset\img_align_celeba\197011.jpg,7088,True,glasses,False,0.11690415441989899,296.3835000045947
D:\Bartek\coding\biometria\facial_auth\celeba_subset\img_align_celeba\197011.jpg,7088,True,glasses,True,0.11690415441989899,293.9383999982965
D:\Bartek\coding\biometria\facial_auth\celeba_subset\img_align_celeba\074630.jpg,5064,True,mask,False,0.03084399737417698,288.9477999997325
D:\Bartek\coding\biometria\facial_auth\celeba_subset\img_align_celeba\074630.jpg,5064,True,mask,True,0.03302622213959694,11432.740999996895
D:\Bartek\coding\biometria\facial_auth\celeba_subset\img_align_celeba\017795.jpg,9828,True,glasses,False,0.4703882932662964,293.11970000708243
D:\Bartek\coding\biometria\facial_auth\celeba_subset\img_align_celeba\017795.jpg,9828,True,glasses,True,0.4703882932662964,292.6794000013615
D:\Bartek\coding\biometria\facial_auth\celeba_subset\img_align_celeba\110829.jpg,5656,True,mask,False,0.16781337559223175,284.5967000030214
D:\Bartek\coding\biometria\facial_auth\celeba_subset\img_align_celeba\110829.jpg,5656,True,mask,True,0.20333020389080048,11295.727400000033
D:\Bartek\coding\biometria\facial_auth\celeba_subset\img_align_celeba\065893.jpg,6136,True,glasses,False,0.3888930380344391,294.44940000394126
D:\Bartek\coding\biometria\facial_auth\celeba_subset\img_align_celeba\065893.jpg,6136,True,glasses,True,0.3888930380344391,297.4698999969405
D:\Bartek\coding\biometria\facial_auth\celeba_subset\img_align_celeba\180584.jpg,1120,True,mask,False,0.12736879289150238,286.32890000153566
D:\Bartek\coding\biometria\facial_auth\celeba_subset\img_align_celeba\180584.jpg,1120,True,mask,True,0.08138976991176605,11418.475200000103
D:\Bartek\coding\biometria\facial_auth\celeba_subset\img_align_celeba\090073.jpg,6368,True,glasses,False,0.4715108871459961,292.1898999993573
D:\Bartek\coding\biometria\facial_auth\celeba_subset\img_align_celeba\090073.jpg,6368,True,glasses,True,0.4715108871459961,287.0197000011103
D:\Bartek\coding\biometria\facial_auth\celeba_subset\img_align_celeba\049305.jpg,5210,True,mask,False,0.029815034940838814,284.24660000018775
D:\Bartek\coding\biometria\facial_auth\celeba_subset\img_align_celeba\049305.jpg,5210,True,mask,True,0.030991854146122932,11788.680899997416
D:\Bartek\coding\biometria\facial_auth\celeba_subset\img_align_celeba\120366.jpg,1147,True,glasses,False,0.1906166672706604,295.1448000021628
D:\Bartek\coding\biometria\facial_auth\celeba_subset\img_align_celeba\120366.jpg,1147,True,glasses,True,0.1906166672706604,291.62089999590535
D:\Bartek\coding\biometria\facial_auth\celeba_subset\img_align_celeba\182107.jpg,205,True,mask,False,0.006392003037035465,286.99390000110725
D:\Bartek\coding\biometria\facial_auth\celeba_subset\img_align_celeba\182107.jpg,205,True,mask,True,0.0038729480002075434,11423.471099995368
D:\Bartek\coding\biometria\facial_auth\celeba_subset\img_align_celeba\151097.jpg,5210,True,glasses,False,0.34516674280166626,278.8206999975955
D:\Bartek\coding\biometria\facial_auth\celeba_subset\img_align_celeba\151097.jpg,5210,True,glasses,True,0.34516674280166626,293.24300000007497
D:\Bartek\coding\biometria\facial_auth\celeba_subset\img_align_celeba\010898.jpg,4870,True,mask,False,0.12244817614555359,307.9269000008935
D:\Bartek\coding\biometria\facial_auth\celeba_subset\img_align_celeba\010898.jpg,4870,True,mask,True,0.19089585542678833,293.05249999742955
D:\Bartek\coding\biometria\facial_auth\celeba_subset\img_align_celeba\187783.jpg,5033,True,glasses,False,0.3786122798919678,299.6686000042246
D:\Bartek\coding\biometria\facial_auth\celeba_subset\img_align_celeba\187783.jpg,5033,True,glasses,True,0.3786122798919678,294.2320000001928
D:\Bartek\coding\biometria\facial_auth\celeba_subset\img_align_celeba\122317.jpg,7222,True,mask,False,0.32755908370018005,287.81290000188164
D:\Bartek\coding\biometria\facial_auth\celeba_subset\img_align_celeba\122317.jpg,7222,True,mask,True,0.32741260528564453,290.4649999982212
D:\Bartek\coding\biometria\facial_auth\celeba_subset\img_align_celeba\004645.jpg,1128,True,glasses,False,0.6827147603034973,297.6459999990766
D:\Bartek\coding\biometria\facial_auth\celeba_subset\img_align_celeba\004645.jpg,1128,True,glasses,True,0.6827147603034973,293.4550999998464
D:\Bartek\coding\biometria\facial_auth\celeba_subset\img_align_celeba\030080.jpg,1149,True,mask,False,0.0664411261677742,307.14930000249296
D:\Bartek\coding\biometria\facial_auth\celeba_subset\img_align_celeba\030080.jpg,1149,True,mask,True,0.14062312245368958,292.0404000033159
D:\Bartek\coding\biometria\facial_auth\celeba_subset\img_align_celeba\122381.jpg,1104,True,glasses,False,0.554824709892273,293.93549999804236
D:\Bartek\coding\biometria\facial_auth\celeba_subset\img_align_celeba\122381.jpg,1104,True,glasses,True,0.554824709892273,288.78439999971306
D:\Bartek\coding\biometria\facial_auth\celeba_subset\img_align_celeba\101068.jpg,5672,True,mask,False,0.05885032191872597,289.3349000005401
D:\Bartek\coding\biometria\facial_auth\celeba_subset\img_align_celeba\101068.jpg,5672,True,mask,True,0.11678421497344971,11403.359700001602
D:\Bartek\coding\biometria\facial_auth\celeba_subset\img_align_celeba\021059.jpg,5064,True,glasses,False,0.8853594064712524,298.0156000048737
D:\Bartek\coding\biometria\facial_auth\celeba_subset\img_align_celeba\021059.jpg,5064,True,glasses,True,0.8853594064712524,286.5984000018216
D:\Bartek\coding\biometria\facial_auth\celeba_subset\img_align_celeba\126564.jpg,9910,True,mask,False,0.9590052962303162,299.9869000050239
D:\Bartek\coding\biometria\facial_auth\celeba_subset\img_align_celeba\126564.jpg,9910,True,mask,True,0.9600000381469727,11455.386200002977
D:\Bartek\coding\biometria\facial_auth\celeba_subset\img_align_celeba\003416.jpg,5190,True,glasses,False,0.42321085929870605,282.7346999984002
D:\Bartek\coding\biometria\facial_auth\celeba_subset\img_align_celeba\003416.jpg,5190,True,glasses,True,0.42321085929870605,290.6014999971376
D:\Bartek\coding\biometria\facial_auth\celeba_subset\img_align_celeba\084053.jpg,9939,True,mask,False,0.016324808821082115,301.0733999981312
D:\Bartek\coding\biometria\facial_auth\celeba_subset\img_align_celeba\084053.jpg,9939,True,mask,True,0.02238716557621956,11670.315799994569
D:\Bartek\coding\biometria\facial_auth\celeba_subset\img_align_celeba\160984.jpg,8,True,glasses,False,0.5631386637687683,292.76380000374047
D:\Bartek\coding\biometria\facial_auth\celeba_subset\img_align_celeba\160984.jpg,8,True,glasses,True,0.5631386637687683,304.08970000280533
D:\Bartek\coding\biometria\facial_auth\celeba_subset\img_align_celeba\001661.jpg,6806,True,mask,False,0.022906210273504257,303.4581999963848
D:\Bartek\coding\biometria\facial_auth\celeba_subset\img_align_celeba\001661.jpg,6806,True,mask,True,0.054218731820583344,11610.467100006645
D:\Bartek\coding\biometria\facial_auth\celeba_subset\img_align_celeba\165258.jpg,190,True,glasses,False,0.43516334891319275,294.71129999728873
D:\Bartek\coding\biometria\facial_auth\celeba_subset\img_align_celeba\165258.jpg,190,True,glasses,True,0.43516334891319275,300.4036999991513
D:\Bartek\coding\biometria\facial_auth\celeba_subset\img_align_celeba\135446.jpg,6086,True,mask,False,0.08675488084554672,296.89309999957914
D:\Bartek\coding\biometria\facial_auth\celeba_subset\img_align_celeba\135446.jpg,6086,True,mask,True,0.131023570895195,11360.77479999949
D:\Bartek\coding\biometria\facial_auth\celeba_subset\img_align_celeba\183525.jpg,8027,True,glasses,False,0.5120041370391846,282.94240000104764
D:\Bartek\coding\biometria\facial_auth\celeba_subset\img_align_celeba\183525.jpg,8027,True,glasses,True,0.5120041370391846,283.9894999997341
D:\Bartek\coding\biometria\facial_auth\celeba_subset\img_align_celeba\108820.jpg,3655,True,mask,False,0.5055086612701416,296.56510000495473
D:\Bartek\coding\biometria\facial_auth\celeba_subset\img_align_celeba\108820.jpg,3655,True,mask,True,0.5024675130844116,288.5016000000178
D:\Bartek\coding\biometria\facial_auth\celeba_subset\img_align_celeba\117283.jpg,6983,True,glasses,False,0.5043836236000061,295.33319999609375
D:\Bartek\coding\biometria\facial_auth\celeba_subset\img_align_celeba\117283.jpg,6983,True,glasses,True,0.5043836236000061,299.43469999852823
D:\Bartek\coding\biometria\facial_auth\celeba_subset\img_align_celeba\016164.jpg,9000,True,mask,False,0.035526420921087265,304.0316000042367
D:\Bartek\coding\biometria\facial_auth\celeba_subset\img_align_celeba\016164.jpg,9000,True,mask,True,0.054975271224975586,11348.319099997752
D:\Bartek\coding\biometria\facial_auth\celeba_subset\img_align_celeba\155019.jpg,5591,True,glasses,False,0.4560324251651764,291.90119999839226
D:\Bartek\coding\biometria\facial_auth\celeba_subset\img_align_celeba\155019.jpg,5591,True,glasses,True,0.4560324251651764,292.8050999980769
D:\Bartek\coding\biometria\facial_auth\celeba_subset\img_align_celeba\046864.jpg,1435,True,mask,False,0.020706312730908394,291.42439999850467
D:\Bartek\coding\biometria\facial_auth\celeba_subset\img_align_celeba\046864.jpg,1435,True,mask,True,0.020141849294304848,11441.53969999752
D:\Bartek\coding\biometria\facial_auth\celeba_subset\img_align_celeba\198974.jpg,5872,True,glasses,False,0.4119308292865753,292.325799993705
D:\Bartek\coding\biometria\facial_auth\celeba_subset\img_align_celeba\198974.jpg,5872,True,glasses,True,0.4119308292865753,298.7210999999661
D:\Bartek\coding\biometria\facial_auth\celeba_subset\img_align_celeba\028310.jpg,1104,True,mask,False,0.09025927633047104,287.40010000183247
D:\Bartek\coding\biometria\facial_auth\celeba_subset\img_align_celeba\028310.jpg,1104,True,mask,True,0.13331946730613708,11375.627200002782
D:\Bartek\coding\biometria\facial_auth\celeba_subset\img_align_celeba\017442.jpg,7338,True,glasses,False,0.40281036496162415,297.4342000015895
D:\Bartek\coding\biometria\facial_auth\celeba_subset\img_align_celeba\017442.jpg,7338,True,glasses,True,0.40281036496162415,303.90800000168383
D:\Bartek\coding\biometria\facial_auth\celeba_subset\img_align_celeba\128274.jpg,9300,True,mask,False,0.24562104046344757,303.6582000058843
D:\Bartek\coding\biometria\facial_auth\celeba_subset\img_align_celeba\128274.jpg,9300,True,mask,True,0.2650658190250397,11767.01299999695
D:\Bartek\coding\biometria\facial_auth\celeba_subset\img_align_celeba\141742.jpg,5648,True,glasses,False,0.3878999650478363,298.35840000305325
D:\Bartek\coding\biometria\facial_auth\celeba_subset\img_align_celeba\141742.jpg,5648,True,glasses,True,0.3878999650478363,294.1156000015326
D:\Bartek\coding\biometria\facial_auth\celeba_subset\img_align_celeba\023457.jpg,4659,True,mask,False,0.06926758587360382,307.9426999975112
D:\Bartek\coding\biometria\facial_auth\celeba_subset\img_align_celeba\023457.jpg,4659,True,mask,True,0.074468694627285,11423.043800001324
D:\Bartek\coding\biometria\facial_auth\celeba_subset\img_align_celeba\186776.jpg,5033,True,glasses,False,0.29761144518852234,297.46020000311546
D:\Bartek\coding\biometria\facial_auth\celeba_subset\img_align_celeba\186776.jpg,5033,True,glasses,True,0.29761144518852234,298.9021000030334
D:\Bartek\coding\biometria\facial_auth\celeba_subset\img_align_celeba\105194.jpg,6456,True,mask,False,0.2921278178691864,291.653000000224
D:\Bartek\coding\biometria\facial_auth\celeba_subset\img_align_celeba\105194.jpg,6456,True,mask,True,0.31624773144721985,289.87579999375157
D:\Bartek\coding\biometria\facial_auth\celeba_subset\img_align_celeba\025859.jpg,1149,True,glasses,False,0.5854524970054626,293.246100001852
D:\Bartek\coding\biometria\facial_auth\celeba_subset\img_align_celeba\025859.jpg,1149,True,glasses,True,0.5854524970054626,291.7514000000665
D:\Bartek\coding\biometria\facial_auth\celeba_subset\img_align_celeba\170958.jpg,1350,True,mask,False,0.014543150551617146,292.6889000009396
D:\Bartek\coding\biometria\facial_auth\celeba_subset\img_align_celeba\170958.jpg,1350,True,mask,True,0.08879593014717102,11442.35689999914
D:\Bartek\coding\biometria\facial_auth\celeba_subset\img_align_celeba\180819.jpg,190,True,glasses,False,0.4863830804824829,287.42310000234284
D:\Bartek\coding\biometria\facial_auth\celeba_subset\img_align_celeba\180819.jpg,190,True,glasses,True,0.4863830804824829,300.65360000298824
D:\Bartek\coding\biometria\facial_auth\celeba_subset\img_align_celeba\099135.jpg,5747,True,mask,False,0.11832226812839508,280.7658000019728
D:\Bartek\coding\biometria\facial_auth\celeba_subset\img_align_celeba\099135.jpg,5747,True,mask,True,0.1196882501244545,11579.449400000158
D:\Bartek\coding\biometria\facial_auth\celeba_subset\img_align_celeba\082593.jpg,7222,True,glasses,False,0.3504640460014343,292.59620000084396
D:\Bartek\coding\biometria\facial_auth\celeba_subset\img_align_celeba\082593.jpg,7222,True,glasses,True,0.3504640460014343,292.8727999969851
D:\Bartek\coding\biometria\facial_auth\celeba_subset\img_align_celeba\171971.jpg,205,True,mask,False,0.038338858634233475,307.0564000008744
D:\Bartek\coding\biometria\facial_auth\celeba_subset\img_align_celeba\171971.jpg,205,True,mask,True,0.038552176207304,11842.953999999736
D:\Bartek\coding\biometria\facial_auth\celeba_subset\img_align_celeba\169052.jpg,3877,True,glasses,False,0.6357229948043823,289.6115999974427
D:\Bartek\coding\biometria\facial_auth\celeba_subset\img_align_celeba\169052.jpg,3877,True,glasses,True,0.6357229948043823,292.14459999639075
D:\Bartek\coding\biometria\facial_auth\celeba_subset\img_align_celeba\011536.jpg,6719,True,mask,False,0.08174904435873032,290.092100003676
D:\Bartek\coding\biometria\facial_auth\celeba_subset\img_align_celeba\011536.jpg,6719,True,mask,True,0.14191114902496338,11424.122299998999
D:\Bartek\coding\biometria\facial_auth\celeba_subset\img_align_celeba\049175.jpg,5656,True,glasses,False,0.23710642755031586,298.315600004571
D:\Bartek\coding\biometria\facial_auth\celeba_subset\img_align_celeba\049175.jpg,5656,True,glasses,True,0.23710642755031586,299.1341000015382
D:\Bartek\coding\biometria\facial_auth\celeba_subset\img_align_celeba\125510.jpg,8834,True,mask,False,0.019048206508159637,284.99059999739984
D:\Bartek\coding\biometria\facial_auth\celeba_subset\img_align_celeba\125510.jpg,8834,True,mask,True,0.02003578282892704,11343.579000000318
D:\Bartek\coding\biometria\facial_auth\celeba_subset\img_align_celeba\018627.jpg,5127,True,glasses,False,0.5631574988365173,298.5361000028206
D:\Bartek\coding\biometria\facial_auth\celeba_subset\img_align_celeba\018627.jpg,5127,True,glasses,True,0.5631574988365173,285.7134000005317
D:\Bartek\coding\biometria\facial_auth\celeba_subset\img_align_celeba\022715.jpg,1435,True,mask,False,0.028909452259540558,308.75770000420744
D:\Bartek\coding\biometria\facial_auth\celeba_subset\img_align_celeba\022715.jpg,1435,True,mask,True,0.13076765835285187,11380.015500006266
D:\Bartek\coding\biometria\facial_auth\celeba_subset\img_align_celeba\047897.jpg,5922,True,glasses,False,0.25520768761634827,289.55970000242814
D:\Bartek\coding\biometria\facial_auth\celeba_subset\img_align_celeba\047897.jpg,5922,True,glasses,True,0.25520768761634827,294.7977000003448
D:\Bartek\coding\biometria\facial_auth\celeba_subset\img_align_celeba\008715.jpg,5747,True,mask,False,0.16320106387138367,299.0245999972103
D:\Bartek\coding\biometria\facial_auth\celeba_subset\img_align_celeba\008715.jpg,5747,True,mask,True,0.1368439495563507,11371.36389999796
D:\Bartek\coding\biometria\facial_auth\celeba_subset\img_align_celeba\189128.jpg,8027,True,glasses,False,0.5126741528511047,290.3580999991391
D:\Bartek\coding\biometria\facial_auth\celeba_subset\img_align_celeba\189128.jpg,8027,True,glasses,True,0.5126741528511047,289.36439999961294
D:\Bartek\coding\biometria\facial_auth\celeba_subset\img_align_celeba\028061.jpg,9144,True,mask,False,0.1637222021818161,297.2217000060482
D:\Bartek\coding\biometria\facial_auth\celeba_subset\img_align_celeba\028061.jpg,9144,True,mask,True,0.21943296492099762,11538.628600006632
D:\Bartek\coding\biometria\facial_auth\celeba_subset\img_align_celeba\028543.jpg,5922,True,glasses,False,0.4211164712905884,293.80330000276444
D:\Bartek\coding\biometria\facial_auth\celeba_subset\img_align_celeba\028543.jpg,5922,True,glasses,True,0.4211164712905884,285.93869999895105
D:\Bartek\coding\biometria\facial_auth\celeba_subset\img_align_celeba\023763.jpg,4929,True,mask,False,0.062111981213092804,279.2953000025591
D:\Bartek\coding\biometria\facial_auth\celeba_subset\img_align_celeba\023763.jpg,4929,True,mask,True,0.11081699281930923,11373.732300002303
D:\Bartek\coding\biometria\facial_auth\celeba_subset\img_align_celeba\038241.jpg,9939,True,glasses,False,0.6405245065689087,294.58059999888064
D:\Bartek\coding\biometria\facial_auth\celeba_subset\img_align_celeba\038241.jpg,9939,True,glasses,True,0.6405245065689087,305.3228999997373
D:\Bartek\coding\biometria\facial_auth\celeba_subset\img_align_celeba\193811.jpg,5575,True,mask,False,0.11874967068433762,301.65760000090813
D:\Bartek\coding\biometria\facial_auth\celeba_subset\img_align_celeba\193811.jpg,5575,True,mask,True,0.221072256565094,11456.31150000554
D:\Bartek\coding\biometria\facial_auth\celeba_subset\img_align_celeba\062797.jpg,5534,True,glasses,False,0.3507522642612457,303.00480000005336
D:\Bartek\coding\biometria\facial_auth\celeba_subset\img_align_celeba\062797.jpg,5534,True,glasses,True,0.3507522642612457,287.46139999566367
D:\Bartek\coding\biometria\facial_auth\celeba_subset\img_align_celeba\103456.jpg,1104,True,mask,False,-0.01021896954625845,285.6744999953662
D:\Bartek\coding\biometria\facial_auth\celeba_subset\img_align_celeba\103456.jpg,1104,True,mask,True,-0.003993754740804434,11412.303700002667
D:\Bartek\coding\biometria\facial_auth\celeba_subset\img_align_celeba\072658.jpg,6233,True,glasses,False,0.4236549437046051,296.25140000280226
D:\Bartek\coding\biometria\facial_auth\celeba_subset\img_align_celeba\072658.jpg,6233,True,glasses,True,0.4236549437046051,299.1900999986683
D:\Bartek\coding\biometria\facial_auth\celeba_subset\img_align_celeba\072577.jpg,8748,True,mask,False,0.15448473393917084,287.7795000022161
D:\Bartek\coding\biometria\facial_auth\celeba_subset\img_align_celeba\072577.jpg,8748,True,mask,True,0.1507061868906021,294.0708000023733
D:\Bartek\coding\biometria\facial_auth\celeba_subset\img_align_celeba\001602.jpg,7253,True,glasses,False,0.3345969617366791,301.90249999577645
D:\Bartek\coding\biometria\facial_auth\celeba_subset\img_align_celeba\001602.jpg,7253,True,glasses,True,0.3345969617366791,296.91279999678954
D:\Bartek\coding\biometria\facial_auth\celeba_subset\img_align_celeba\069344.jpg,5437,True,mask,False,0.14424782991409302,294.6585000026971
D:\Bartek\coding\biometria\facial_auth\celeba_subset\img_align_celeba\069344.jpg,5437,True,mask,True,0.18357358872890472,11457.031400001142
D:\Bartek\coding\biometria\facial_auth\celeba_subset\img_align_celeba\041628.jpg,9910,True,glasses,False,0.311619371175766,295.0094999978319
D:\Bartek\coding\biometria\facial_auth\celeba_subset\img_align_celeba\041628.jpg,9910,True,glasses,True,0.311619371175766,297.4471999987145
D:\Bartek\coding\biometria\facial_auth\celeba_subset\img_align_celeba\192291.jpg,8936,True,mask,False,0.09584393352270126,293.5407999975723
D:\Bartek\coding\biometria\facial_auth\celeba_subset\img_align_celeba\192291.jpg,8936,True,mask,True,0.08037832379341125,294.1474000035669
D:\Bartek\coding\biometria\facial_auth\celeba_subset\img_align_celeba\107790.jpg,5922,True,glasses,False,0.09710780531167984,303.6245000039344
D:\Bartek\coding\biometria\facial_auth\celeba_subset\img_align_celeba\107790.jpg,5922,True,glasses,True,0.09710780531167984,293.09030000149505
D:\Bartek\coding\biometria\facial_auth\celeba_subset\img_align_celeba\090930.jpg,8748,True,mask,False,0.07549894601106644,304.3171999961487
D:\Bartek\coding\biometria\facial_auth\celeba_subset\img_align_celeba\090930.jpg,8748,True,mask,True,0.15846849977970123,11894.186300000001
D:\Bartek\coding\biometria\facial_auth\celeba_subset\img_align_celeba\069480.jpg,9534,True,glasses,False,0.2470094859600067,300.8791000029305
D:\Bartek\coding\biometria\facial_auth\celeba_subset\img_align_celeba\069480.jpg,9534,True,glasses,True,0.2470094859600067,293.64129999885336
D:\Bartek\coding\biometria\facial_auth\celeba_subset\img_align_celeba\088035.jpg,644,True,mask,False,0.04385015740990639,313.47949999326374
D:\Bartek\coding\biometria\facial_auth\celeba_subset\img_align_celeba\088035.jpg,644,True,mask,True,0.02093745768070221,11413.62079999817
D:\Bartek\coding\biometria\facial_auth\celeba_subset\img_align_celeba\161733.jpg,6806,True,glasses,False,0.6909399032592773,225.43259999656584
D:\Bartek\coding\biometria\facial_auth\celeba_subset\img_align_celeba\161733.jpg,6806,True,glasses,True,0.6909399032592773,213.09610000025714
D:\Bartek\coding\biometria\facial_auth\celeba_subset\img_align_celeba\193890.jpg,6195,True,mask,False,0.48410189151763916,277.5344999972731
D:\Bartek\coding\biometria\facial_auth\celeba_subset\img_align_celeba\193890.jpg,6195,True,mask,True,0.4800644516944885,11338.649199999054
D:\Bartek\coding\biometria\facial_auth\celeba_subset\img_align_celeba\092472.jpg,4196,True,glasses,False,0.5530991554260254,295.82700000173645
D:\Bartek\coding\biometria\facial_auth\celeba_subset\img_align_celeba\092472.jpg,4196,True,glasses,True,0.5530991554260254,290.20040000614244
D:\Bartek\coding\biometria\facial_auth\celeba_subset\img_align_celeba\046179.jpg,5922,True,mask,False,0.1319935917854309,291.9615999999223
D:\Bartek\coding\biometria\facial_auth\celeba_subset\img_align_celeba\046179.jpg,5922,True,mask,True,0.1684119701385498,11631.626700000197
D:\Bartek\coding\biometria\facial_auth\celeba_subset\img_align_celeba\199824.jpg,7088,True,glasses,False,0.2970764935016632,297.0463000019663
D:\Bartek\coding\biometria\facial_auth\celeba_subset\img_align_celeba\199824.jpg,7088,True,glasses,True,0.2970764935016632,306.7051000034553
D:\Bartek\coding\biometria\facial_auth\celeba_subset\img_align_celeba\025844.jpg,5922,True,mask,False,0.14242002367973328,306.6090000065742
D:\Bartek\coding\biometria\facial_auth\celeba_subset\img_align_celeba\025844.jpg,5922,True,mask,True,0.15105126798152924,11404.995800003235
D:\Bartek\coding\biometria\facial_auth\celeba_subset\img_align_celeba\169859.jpg,3200,True,glasses,False,0.449089914560318,296.7434000020148
D:\Bartek\coding\biometria\facial_auth\celeba_subset\img_align_celeba\169859.jpg,3200,True,glasses,True,0.449089914560318,297.1484999943641
D:\Bartek\coding\biometria\facial_auth\celeba_subset\img_align_celeba\142082.jpg,1167,True,mask,False,0.07064786553382874,289.696300002106
D:\Bartek\coding\biometria\facial_auth\celeba_subset\img_align_celeba\142082.jpg,1167,True,mask,True,0.15038573741912842,294.5815999992192
D:\Bartek\coding\biometria\facial_auth\celeba_subset\img_align_celeba\130978.jpg,9144,True,glasses,False,0.2165037989616394,308.72500000259606
D:\Bartek\coding\biometria\facial_auth\celeba_subset\img_align_celeba\130978.jpg,9144,True,glasses,True,0.2165037989616394,292.7219999983208
D:\Bartek\coding\biometria\facial_auth\celeba_subset\img_align_celeba\150171.jpg,7338,True,mask,False,0.15739600360393524,306.7284999997355
D:\Bartek\coding\biometria\facial_auth\celeba_subset\img_align_celeba\150171.jpg,7338,True,mask,True,0.19663621485233307,11729.089299995394
D:\Bartek\coding\biometria\facial_auth\celeba_subset\img_align_celeba\059504.jpg,8748,True,glasses,False,0.2238980233669281,297.26259999733884
D:\Bartek\coding\biometria\facial_auth\celeba_subset\img_align_celeba\059504.jpg,8748,True,glasses,True,0.2238980233669281,308.12360000709305
D:\Bartek\coding\biometria\facial_auth\celeba_subset\img_align_celeba\079712.jpg,7524,True,mask,False,0.9730138778686523,289.62020000471966
D:\Bartek\coding\biometria\facial_auth\celeba_subset\img_align_celeba\079712.jpg,7524,True,mask,True,0.9737707376480103,11393.194999996922
D:\Bartek\coding\biometria\facial_auth\celeba_subset\img_align_celeba\026133.jpg,1149,True,glasses,False,0.5346993803977966,300.5553000039072
D:\Bartek\coding\biometria\facial_auth\celeba_subset\img_align_celeba\026133.jpg,1149,True,glasses,True,0.5346993803977966,304.75830000068527
D:\Bartek\coding\biometria\facial_auth\celeba_subset\img_align_celeba\031634.jpg,9300,True,mask,False,0.24128024280071259,312.97230000200216
D:\Bartek\coding\biometria\facial_auth\celeba_subset\img_align_celeba\031634.jpg,9300,True,mask,True,0.2435271292924881,11411.344899999676
D:\Bartek\coding\biometria\facial_auth\celeba_subset\img_align_celeba\185668.jpg,8936,True,glasses,False,0.46346402168273926,291.8145000003278
D:\Bartek\coding\biometria\facial_auth\celeba_subset\img_align_celeba\185668.jpg,8936,True,glasses,True,0.46346402168273926,289.7069999962696
D:\Bartek\coding\biometria\facial_auth\celeba_subset\img_align_celeba\177519.jpg,3200,True,mask,False,0.5719323754310608,292.01750000356697
D:\Bartek\coding\biometria\facial_auth\celeba_subset\img_align_celeba\177519.jpg,3200,True,mask,True,0.5577101707458496,11470.174499998393
D:\Bartek\coding\biometria\facial_auth\celeba_subset\img_align_celeba\165054.jpg,4069,True,glasses,False,0.3235014081001282,287.95849999733036
D:\Bartek\coding\biometria\facial_auth\celeba_subset\img_align_celeba\165054.jpg,4069,True,glasses,True,0.3235014081001282,297.0287999996799
D:\Bartek\coding\biometria\facial_auth\celeba_subset\img_align_celeba\071046.jpg,898,True,mask,False,0.2909047603607178,307.73990000307094
D:\Bartek\coding\biometria\facial_auth\celeba_subset\img_align_celeba\071046.jpg,898,True,mask,True,0.31538498401641846,11590.433199999097
D:\Bartek\coding\biometria\facial_auth\celeba_subset\img_align_celeba\067098.jpg,6233,True,glasses,False,0.23516346514225006,292.1638999978313
D:\Bartek\coding\biometria\facial_auth\celeba_subset\img_align_celeba\067098.jpg,6233,True,glasses,True,0.23516346514225006,296.6270000033546
D:\Bartek\coding\biometria\facial_auth\celeba_subset\img_align_celeba\101583.jpg,9144,True,mask,False,0.16861741244792938,297.2474999987753
D:\Bartek\coding\biometria\facial_auth\celeba_subset\img_align_celeba\101583.jpg,9144,True,mask,True,0.17862948775291443,11377.184800003306
D:\Bartek\coding\biometria\facial_auth\celeba_subset\img_align_celeba\182939.jpg,6195,True,glasses,False,0.2800513803958893,284.80380000110017
D:\Bartek\coding\biometria\facial_auth\celeba_subset\img_align_celeba\182939.jpg,6195,True,glasses,True,0.2800513803958893,291.0450999988825
D:\Bartek\coding\biometria\facial_auth\celeba_subset\img_align_celeba\128215.jpg,4150,True,mask,False,0.03371535986661911,292.2963000019081
D:\Bartek\coding\biometria\facial_auth\celeba_subset\img_align_celeba\128215.jpg,4150,True,mask,True,0.12748637795448303,11438.640899999882
D:\Bartek\coding\biometria\facial_auth\celeba_subset\img_align_celeba\164444.jpg,4069,True,glasses,False,0.3995424807071686,283.0469000036828
D:\Bartek\coding\biometria\facial_auth\celeba_subset\img_align_celeba\164444.jpg,4069,True,glasses,True,0.3995424807071686,291.84239999449346
D:\Bartek\coding\biometria\facial_auth\celeba_subset\img_align_celeba\114305.jpg,1147,True,mask,False,0.02991476282477379,293.19889999896986
D:\Bartek\coding\biometria\facial_auth\celeba_subset\img_align_celeba\114305.jpg,1147,True,mask,True,0.044916242361068726,11526.170800003456
D:\Bartek\coding\biometria\facial_auth\celeba_subset\img_align_celeba\108246.jpg,644,True,glasses,False,0.30748552083969116,298.2590000028722
D:\Bartek\coding\biometria\facial_auth\celeba_subset\img_align_celeba\108246.jpg,644,True,glasses,True,0.30748552083969116,300.2156999937142
D:\Bartek\coding\biometria\facial_auth\celeba_subset\img_align_celeba\006383.jpg,7222,True,mask,False,0.3494914472103119,293.1329999992158
D:\Bartek\coding\biometria\facial_auth\celeba_subset\img_align_celeba\006383.jpg,7222,True,mask,True,0.37095990777015686,289.76939999847673
D:\Bartek\coding\biometria\facial_auth\celeba_subset\img_align_celeba\058672.jpg,5648,True,glasses,False,0.49211928248405457,305.59469999570865
D:\Bartek\coding\biometria\facial_auth\celeba_subset\img_align_celeba\058672.jpg,5648,True,glasses,True,0.49211928248405457,310.50759999925504
D:\Bartek\coding\biometria\facial_auth\celeba_subset\img_align_celeba\131165.jpg,1147,True,mask,False,0.09047314524650574,311.91519999993034
D:\Bartek\coding\biometria\facial_auth\celeba_subset\img_align_celeba\131165.jpg,1147,True,mask,True,0.08185473084449768,11458.766800002195
D:\Bartek\coding\biometria\facial_auth\celeba_subset\img_align_celeba\104914.jpg,7222,True,glasses,False,0.397007018327713,300.27919999702135
D:\Bartek\coding\biometria\facial_auth\celeba_subset\img_align_celeba\104914.jpg,7222,True,glasses,True,0.397007018327713,285.1869000005536
D:\Bartek\coding\biometria\facial_auth\celeba_subset\img_align_celeba\084944.jpg,1147,True,mask,False,0.07924988120794296,293.50249999697553
D:\Bartek\coding\biometria\facial_auth\celeba_subset\img_align_celeba\084944.jpg,1147,True,mask,True,0.09871520847082138,299.10430000018096
D:\Bartek\coding\biometria\facial_auth\celeba_subset\img_align_celeba\190458.jpg,5575,True,glasses,False,0.3826195299625397,304.2340000029071
D:\Bartek\coding\biometria\facial_auth\celeba_subset\img_align_celeba\190458.jpg,5575,True,glasses,True,0.3826195299625397,301.006800000323
D:\Bartek\coding\biometria\facial_auth\celeba_subset\img_align_celeba\119445.jpg,898,True,mask,False,0.2909794747829437,296.7212000003201
D:\Bartek\coding\biometria\facial_auth\celeba_subset\img_align_celeba\119445.jpg,898,True,mask,True,0.3043453097343445,293.08270000183256
D:\Bartek\coding\biometria\facial_auth\celeba_subset\img_align_celeba\106560.jpg,1128,True,glasses,False,0.6602281928062439,298.4502000035718
D:\Bartek\coding\biometria\facial_auth\celeba_subset\img_align_celeba\106560.jpg,1128,True,glasses,True,0.6602281928062439,297.0132999980706
D:\Bartek\coding\biometria\facial_auth\celeba_subset\img_align_celeba\030348.jpg,9300,True,mask,False,0.24599431455135345,300.87250000360655
D:\Bartek\coding\biometria\facial_auth\celeba_subset\img_align_celeba\030348.jpg,9300,True,mask,True,0.25201961398124695,11857.981299996027
D:\Bartek\coding\biometria\facial_auth\celeba_subset\img_align_celeba\021944.jpg,6456,True,glasses,False,0.37387967109680176,284.60030000132974
D:\Bartek\coding\biometria\facial_auth\celeba_subset\img_align_celeba\021944.jpg,6456,True,glasses,True,0.37387967109680176,290.5199000015273
D:\Bartek\coding\biometria\facial_auth\celeba_subset\img_align_celeba\121508.jpg,8748,True,mask,False,0.054786521941423416,287.34909999911906
D:\Bartek\coding\biometria\facial_auth\celeba_subset\img_align_celeba\121508.jpg,8748,True,mask,True,0.11340110003948212,11489.392800001951
D:\Bartek\coding\biometria\facial_auth\celeba_subset\img_align_celeba\155033.jpg,9144,True,glasses,False,0.42094969749450684,294.40519999479875
D:\Bartek\coding\biometria\facial_auth\celeba_subset\img_align_celeba\155033.jpg,9144,True,glasses,True,0.42094969749450684,305.6173000004492
D:\Bartek\coding\biometria\facial_auth\celeba_subset\img_align_celeba\041482.jpg,1147,True,mask,False,0.05613965913653374,292.6532000055886
D:\Bartek\coding\biometria\facial_auth\celeba_subset\img_align_celeba\041482.jpg,1147,True,mask,True,0.05562564358115196,11543.531399998756
D:\Bartek\coding\biometria\facial_auth\celeba_subset\img_align_celeba\100299.jpg,5648,True,glasses,False,0.1591200977563858,285.1301999980933
D:\Bartek\coding\biometria\facial_auth\celeba_subset\img_align_celeba\100299.jpg,5648,True,glasses,True,0.1591200977563858,290.29269999591634
D:\Bartek\coding\biometria\facial_auth\celeba_subset\img_align_celeba\194314.jpg,6972,False,mask,False,0.05753566324710846,287.145899994357
D:\Bartek\coding\biometria\facial_auth\celeba_subset\img_align_celeba\194314.jpg,6972,False,mask,True,0.0598602332174778,11348.812299998826
D:\Bartek\coding\biometria\facial_auth\celeba_subset\img_align_celeba\159585.jpg,503,False,glasses,False,0.09626751393079758,311.62709999625804
D:\Bartek\coding\biometria\facial_auth\celeba_subset\img_align_celeba\159585.jpg,503,False,glasses,True,0.09626751393079758,302.06319999706466
D:\Bartek\coding\biometria\facial_auth\celeba_subset\img_align_celeba\097813.jpg,644,False,mask,False,0.05557803809642792,297.81260000163456
D:\Bartek\coding\biometria\facial_auth\celeba_subset\img_align_celeba\097813.jpg,644,False,mask,True,0.057395800948143005,11477.36669999722
D:\Bartek\coding\biometria\facial_auth\celeba_subset\img_align_celeba\186776.jpg,5672,False,glasses,False,0.18845103681087494,286.72050000022864
D:\Bartek\coding\biometria\facial_auth\celeba_subset\img_align_celeba\186776.jpg,5672,False,glasses,True,0.18845103681087494,294.8367999997572
D:\Bartek\coding\biometria\facial_auth\celeba_subset\img_align_celeba\093556.jpg,6806,False,mask,False,0.007299667224287987,298.31629999534925
D:\Bartek\coding\biometria\facial_auth\celeba_subset\img_align_celeba\093556.jpg,6806,False,mask,True,0.020014213398098946,11931.513099996664
D:\Bartek\coding\biometria\facial_auth\celeba_subset\img_align_celeba\044464.jpg,4069,False,glasses,False,0.09076514840126038,298.6869000014849
D:\Bartek\coding\biometria\facial_auth\celeba_subset\img_align_celeba\044464.jpg,4069,False,glasses,True,0.09076514840126038,305.86659999971744
D:\Bartek\coding\biometria\facial_auth\celeba_subset\img_align_celeba\027323.jpg,6086,False,mask,False,0.1229863315820694,296.9147999974666
D:\Bartek\coding\biometria\facial_auth\celeba_subset\img_align_celeba\027323.jpg,6086,False,mask,True,0.12232550978660583,297.11849999875994
D:\Bartek\coding\biometria\facial_auth\celeba_subset\img_align_celeba\196183.jpg,5656,False,glasses,False,0.08413499593734741,296.628399999463
D:\Bartek\coding\biometria\facial_auth\celeba_subset\img_align_celeba\196183.jpg,5656,False,glasses,True,0.08413499593734741,295.7291999991867
D:\Bartek\coding\biometria\facial_auth\celeba_subset\img_align_celeba\021275.jpg,4936,False,mask,False,0.025788044556975365,289.1823000027216
D:\Bartek\coding\biometria\facial_auth\celeba_subset\img_align_celeba\021275.jpg,4936,False,mask,True,0.022499438375234604,285.5598000023747
D:\Bartek\coding\biometria\facial_auth\celeba_subset\img_align_celeba\151426.jpg,6972,False,glasses,False,0.011322406120598316,302.2482000014861
D:\Bartek\coding\biometria\facial_auth\celeba_subset\img_align_celeba\151426.jpg,6972,False,glasses,True,0.011322406120598316,289.5407999967574
D:\Bartek\coding\biometria\facial_auth\celeba_subset\img_align_celeba\065690.jpg,9828,False,mask,False,0.022173527628183365,291.46259999834
D:\Bartek\coding\biometria\facial_auth\celeba_subset\img_align_celeba\065690.jpg,9828,False,mask,True,0.0009730998426675797,11432.0802000002
D:\Bartek\coding\biometria\facial_auth\celeba_subset\img_align_celeba\162821.jpg,6456,False,glasses,False,0.18243354558944702,291.757899998629
D:\Bartek\coding\biometria\facial_auth\celeba_subset\img_align_celeba\162821.jpg,6456,False,glasses,True,0.18243354558944702,294.3742999996175
D:\Bartek\coding\biometria\facial_auth\celeba_subset\img_align_celeba\148912.jpg,9828,False,mask,False,0.021214498206973076,287.26360000291606
D:\Bartek\coding\biometria\facial_auth\celeba_subset\img_align_celeba\148912.jpg,9828,False,mask,True,0.02198701538145542,11576.261300004262
D:\Bartek\coding\biometria\facial_auth\celeba_subset\img_align_celeba\104338.jpg,3236,False,glasses,False,0.10179249942302704,290.72309999901336
D:\Bartek\coding\biometria\facial_auth\celeba_subset\img_align_celeba\104338.jpg,3236,False,glasses,True,0.10179249942302704,289.8286000054213
D:\Bartek\coding\biometria\facial_auth\celeba_subset\img_align_celeba\124544.jpg,7103,False,mask,False,0.05478450655937195,306.2837000034051
D:\Bartek\coding\biometria\facial_auth\celeba_subset\img_align_celeba\124544.jpg,7103,False,mask,True,0.12033272534608841,11457.306000003882
D:\Bartek\coding\biometria\facial_auth\celeba_subset\img_align_celeba\056698.jpg,190,False,glasses,False,0.21000133454799652,289.0770999947563
D:\Bartek\coding\biometria\facial_auth\celeba_subset\img_align_celeba\056698.jpg,190,False,glasses,True,0.21000133454799652,293.6021999994409
D:\Bartek\coding\biometria\facial_auth\celeba_subset\img_align_celeba\137740.jpg,4659,False,mask,False,0.09741511195898056,302.1922999978415
D:\Bartek\coding\biometria\facial_auth\celeba_subset\img_align_celeba\137740.jpg,4659,False,mask,True,0.09738185256719589,11641.629499994451
D:\Bartek\coding\biometria\facial_auth\celeba_subset\img_align_celeba\005338.jpg,9828,False,glasses,False,0.04886236786842346,303.2429999948363
D:\Bartek\coding\biometria\facial_auth\celeba_subset\img_align_celeba\005338.jpg,9828,False,glasses,True,0.04886236786842346,290.06350000418024
D:\Bartek\coding\biometria\facial_auth\celeba_subset\img_align_celeba\127806.jpg,5064,False,mask,False,0.027620170265436172,309.14069999562344
D:\Bartek\coding\biometria\facial_auth\celeba_subset\img_align_celeba\127806.jpg,5064,False,mask,True,0.025087378919124603,11384.058299998287
D:\Bartek\coding\biometria\facial_auth\celeba_subset\img_align_celeba\145712.jpg,8091,False,glasses,False,0.030960137024521828,294.7889999995823
D:\Bartek\coding\biometria\facial_auth\celeba_subset\img_align_celeba\145712.jpg,8091,False,glasses,True,0.030960137024521828,293.70639999979176
D:\Bartek\coding\biometria\facial_auth\celeba_subset\img_align_celeba\095668.jpg,6136,False,mask,False,0.12481566518545151,300.2954000039608
D:\Bartek\coding\biometria\facial_auth\celeba_subset\img_align_celeba\095668.jpg,6136,False,mask,True,0.09256568551063538,11371.534199999587
D:\Bartek\coding\biometria\facial_auth\celeba_subset\img_align_celeba\057492.jpg,8027,False,glasses,False,0.19426605105400085,281.322499999078
D:\Bartek\coding\biometria\facial_auth\celeba_subset\img_align_celeba\057492.jpg,8027,False,glasses,True,0.19426605105400085,292.9535000002943
D:\Bartek\coding\biometria\facial_auth\celeba_subset\img_align_celeba\013229.jpg,7088,False,mask,False,0.05558812618255615,288.5339999993448
D:\Bartek\coding\biometria\facial_auth\celeba_subset\img_align_celeba\013229.jpg,7088,False,mask,True,0.11229841411113739,11384.101299998292
D:\Bartek\coding\biometria\facial_auth\celeba_subset\img_align_celeba\026452.jpg,5780,False,glasses,False,0.007867425680160522,289.19740000128513
D:\Bartek\coding\biometria\facial_auth\celeba_subset\img_align_celeba\026452.jpg,5780,False,glasses,True,0.007867425680160522,295.99659999803407
D:\Bartek\coding\biometria\facial_auth\celeba_subset\img_align_celeba\082838.jpg,5033,False,mask,False,0.04881395027041435,303.18509999779053
D:\Bartek\coding\biometria\facial_auth\celeba_subset\img_align_celeba\082838.jpg,5033,False,mask,True,0.04881395027041435,292.83099999884143
D:\Bartek\coding\biometria\facial_auth\celeba_subset\img_align_celeba\041326.jpg,655,False,glasses,False,0.05731499195098877,300.77190000156406
D:\Bartek\coding\biometria\facial_auth\celeba_subset\img_align_celeba\041326.jpg,655,False,glasses,True,0.05731499195098877,312.0288999998593
D:\Bartek\coding\biometria\facial_auth\celeba_subset\img_align_celeba\005661.jpg,7222,False,mask,False,0.1160445436835289,300.93769999803044
D:\Bartek\coding\biometria\facial_auth\celeba_subset\img_align_celeba\005661.jpg,7222,False,mask,True,0.12410135567188263,298.2646000018576
D:\Bartek\coding\biometria\facial_auth\celeba_subset\img_align_celeba\082042.jpg,5656,False,glasses,False,0.10534227639436722,308.79790000471985
D:\Bartek\coding\biometria\facial_auth\celeba_subset\img_align_celeba\082042.jpg,5656,False,glasses,True,0.10534227639436722,297.57559999416117
D:\Bartek\coding\biometria\facial_auth\celeba_subset\img_align_celeba\122381.jpg,5791,False,mask,False,0.024231737479567528,304.4628999996348
D:\Bartek\coding\biometria\facial_auth\celeba_subset\img_align_celeba\122381.jpg,5791,False,mask,True,0.01701672002673149,11565.301199996611
D:\Bartek\coding\biometria\facial_auth\celeba_subset\img_align_celeba\100906.jpg,4936,False,glasses,False,0.10679278522729874,285.8172999985982
D:\Bartek\coding\biometria\facial_auth\celeba_subset\img_align_celeba\100906.jpg,4936,False,glasses,True,0.10679278522729874,285.1152999937767
D:\Bartek\coding\biometria\facial_auth\celeba_subset\img_align_celeba\147898.jpg,9300,False,mask,False,0.2506960332393646,289.01999999652617
D:\Bartek\coding\biometria\facial_auth\celeba_subset\img_align_celeba\147898.jpg,9300,False,mask,True,0.250458300113678,11866.064000001643
D:\Bartek\coding\biometria\facial_auth\celeba_subset\img_align_celeba\118731.jpg,4968,False,glasses,False,0.01974184811115265,301.84970000118483
D:\Bartek\coding\biometria\facial_auth\celeba_subset\img_align_celeba\118731.jpg,4968,False,glasses,True,0.01974184811115265,286.1459999985527
D:\Bartek\coding\biometria\facial_auth\celeba_subset\img_align_celeba\198834.jpg,9534,False,mask,False,0.24887540936470032,290.02390000096057
D:\Bartek\coding\biometria\facial_auth\celeba_subset\img_align_celeba\198834.jpg,9534,False,mask,True,0.22216469049453735,11332.525400001032
D:\Bartek\coding\biometria\facial_auth\celeba_subset\img_align_celeba\079731.jpg,3200,False,glasses,False,0.052170444279909134,286.7614999995567
D:\Bartek\coding\biometria\facial_auth\celeba_subset\img_align_celeba\079731.jpg,3200,False,glasses,True,0.052170444279909134,289.59559999930207
D:\Bartek\coding\biometria\facial_auth\celeba_subset\img_align_celeba\039217.jpg,5575,False,mask,False,0.09969376027584076,287.95350000291364
D:\Bartek\coding\biometria\facial_auth\celeba_subset\img_align_celeba\039217.jpg,5575,False,mask,True,0.13043349981307983,285.9634000051301
D:\Bartek\coding\biometria\facial_auth\celeba_subset\img_align_celeba\088705.jpg,8415,False,glasses,False,0.05919710174202919,293.85040000488516
D:\Bartek\coding\biometria\facial_auth\celeba_subset\img_align_celeba\088705.jpg,8415,False,glasses,True,0.05919710174202919,297.08109999774024
D:\Bartek\coding\biometria\facial_auth\celeba_subset\img_align_celeba\176879.jpg,5648,False,mask,False,0.05549072101712227,306.2807000023895
D:\Bartek\coding\biometria\facial_auth\celeba_subset\img_align_celeba\176879.jpg,5648,False,mask,True,0.05465768277645111,315.0677000012365
D:\Bartek\coding\biometria\facial_auth\celeba_subset\img_align_celeba\100700.jpg,3336,False,glasses,False,0.09324751794338226,298.137300000235
D:\Bartek\coding\biometria\facial_auth\celeba_subset\img_align_celeba\100700.jpg,3336,False,glasses,True,0.09324751794338226,293.76859999320004
D:\Bartek\coding\biometria\facial_auth\celeba_subset\img_align_celeba\078102.jpg,4196,False,mask,False,0.3874143958091736,290.90200000064215
D:\Bartek\coding\biometria\facial_auth\celeba_subset\img_align_celeba\078102.jpg,4196,False,mask,True,0.41778111457824707,11632.31590000214
D:\Bartek\coding\biometria\facial_auth\celeba_subset\img_align_celeba\125886.jpg,1435,False,glasses,False,0.11564084142446518,304.784899999504
D:\Bartek\coding\biometria\facial_auth\celeba_subset\img_align_celeba\125886.jpg,1435,False,glasses,True,0.11564084142446518,292.5711999996565
D:\Bartek\coding\biometria\facial_auth\celeba_subset\img_align_celeba\122142.jpg,6972,False,mask,False,0.0171417985111475,289.9265000014566
D:\Bartek\coding\biometria\facial_auth\celeba_subset\img_align_celeba\122142.jpg,6972,False,mask,True,0.06755445897579193,11889.838999995845
D:\Bartek\coding\biometria\facial_auth\celeba_subset\img_align_celeba\005586.jpg,5922,False,glasses,False,0.16180530190467834,294.03150000143796
D:\Bartek\coding\biometria\facial_auth\celeba_subset\img_align_celeba\005586.jpg,5922,False,glasses,True,0.16180530190467834,294.36770000029355
D:\Bartek\coding\biometria\facial_auth\celeba_subset\img_align_celeba\040741.jpg,8834,False,mask,False,0.01865830086171627,292.01959999772953
D:\Bartek\coding\biometria\facial_auth\celeba_subset\img_align_celeba\040741.jpg,8834,False,mask,True,0.04656491056084633,11628.01159999799
D:\Bartek\coding\biometria\facial_auth\celeba_subset\img_align_celeba\182171.jpg,4185,False,glasses,False,0.17182232439517975,277.3566000032588
D:\Bartek\coding\biometria\facial_auth\celeba_subset\img_align_celeba\182171.jpg,4185,False,glasses,True,0.17182232439517975,294.78190000372706
D:\Bartek\coding\biometria\facial_auth\celeba_subset\img_align_celeba\015772.jpg,2177,False,mask,False,0.9254507422447205,316.2927999946987
D:\Bartek\coding\biometria\facial_auth\celeba_subset\img_align_celeba\015772.jpg,2177,False,mask,True,0.9248538613319397,11853.293100000883
D:\Bartek\coding\biometria\facial_auth\celeba_subset\img_align_celeba\132299.jpg,3877,False,glasses,False,0.09638173878192902,286.4237000030698
D:\Bartek\coding\biometria\facial_auth\celeba_subset\img_align_celeba\132299.jpg,3877,False,glasses,True,0.09638173878192902,289.3833000052837
D:\Bartek\coding\biometria\facial_auth\celeba_subset\img_align_celeba\046864.jpg,7524,False,mask,False,0.9683746695518494,288.13850000005914
D:\Bartek\coding\biometria\facial_auth\celeba_subset\img_align_celeba\046864.jpg,7524,False,mask,True,0.9585595726966858,11393.4087000016
D:\Bartek\coding\biometria\facial_auth\celeba_subset\img_align_celeba\001045.jpg,7088,False,glasses,False,0.0050476123578846455,281.71950000250945
D:\Bartek\coding\biometria\facial_auth\celeba_subset\img_align_celeba\001045.jpg,7088,False,glasses,True,0.0050476123578846455,302.04370000137715
D:\Bartek\coding\biometria\facial_auth\celeba_subset\img_align_celeba\041126.jpg,4150,False,mask,False,0.04908106103539467,294.44360000343295
D:\Bartek\coding\biometria\facial_auth\celeba_subset\img_align_celeba\041126.jpg,4150,False,mask,True,0.011480669490993023,11359.469199996965
D:\Bartek\coding\biometria\facial_auth\celeba_subset\img_align_celeba\072328.jpg,5190,False,glasses,False,0.26326990127563477,284.9793000059435
D:\Bartek\coding\biometria\facial_auth\celeba_subset\img_align_celeba\072328.jpg,5190,False,glasses,True,0.26326990127563477,284.9588000026415
D:\Bartek\coding\biometria\facial_auth\celeba_subset\img_align_celeba\113236.jpg,1104,False,mask,False,-0.005169607233256102,311.45010000182083
D:\Bartek\coding\biometria\facial_auth\celeba_subset\img_align_celeba\113236.jpg,1104,False,mask,True,-0.012483214028179646,11409.573899996758
D:\Bartek\coding\biometria\facial_auth\celeba_subset\img_align_celeba\084043.jpg,975,False,glasses,False,0.13709822297096252,298.016100001405
D:\Bartek\coding\biometria\facial_auth\celeba_subset\img_align_celeba\084043.jpg,975,False,glasses,True,0.13709822297096252,293.93229999550385
D:\Bartek\coding\biometria\facial_auth\celeba_subset\img_align_celeba\002426.jpg,9910,False,mask,False,0.7799550890922546,292.8357999990112
D:\Bartek\coding\biometria\facial_auth\celeba_subset\img_align_celeba\002426.jpg,9910,False,mask,True,0.9348915815353394,327.34630000049947
D:\Bartek\coding\biometria\facial_auth\celeba_subset\img_align_celeba\170013.jpg,5238,False,glasses,False,-0.038500867784023285,293.6266000033356
D:\Bartek\coding\biometria\facial_auth\celeba_subset\img_align_celeba\170013.jpg,5238,False,glasses,True,-0.038500867784023285,292.57509999297326
D:\Bartek\coding\biometria\facial_auth\celeba_subset\img_align_celeba\071763.jpg,5872,False,mask,False,0.17991219460964203,283.89810000226134
D:\Bartek\coding\biometria\facial_auth\celeba_subset\img_align_celeba\071763.jpg,5872,False,mask,True,0.11651559174060822,11590.63569999853
D:\Bartek\coding\biometria\facial_auth\celeba_subset\img_align_celeba\185198.jpg,7103,False,glasses,False,0.083210788667202,286.0350999981165
D:\Bartek\coding\biometria\facial_auth\celeba_subset\img_align_celeba\185198.jpg,7103,False,glasses,True,0.083210788667202,279.933699996036
D:\Bartek\coding\biometria\facial_auth\celeba_subset\img_align_celeba\182530.jpg,6722,False,mask,False,0.08355987817049026,305.4231000060099
D:\Bartek\coding\biometria\facial_auth\celeba_subset\img_align_celeba\182530.jpg,6722,False,mask,True,0.06983745098114014,11368.848799997068
D:\Bartek\coding\biometria\facial_auth\celeba_subset\img_align_celeba\067663.jpg,6277,False,glasses,False,-0.009729070588946342,291.5917999998783
D:\Bartek\coding\biometria\facial_auth\celeba_subset\img_align_celeba\067663.jpg,6277,False,glasses,True,-0.009729070588946342,299.6932000023662
D:\Bartek\coding\biometria\facial_auth\celeba_subset\img_align_celeba\165673.jpg,1167,False,mask,False,0.06891438364982605,298.16849999770056
D:\Bartek\coding\biometria\facial_auth\celeba_subset\img_align_celeba\165673.jpg,1167,False,mask,True,0.06891438364982605,289.9637000009534
D:\Bartek\coding\biometria\facial_auth\celeba_subset\img_align_celeba\194910.jpg,9910,False,glasses,False,0.052582111209630966,292.03620000043884
D:\Bartek\coding\biometria\facial_auth\celeba_subset\img_align_celeba\194910.jpg,9910,False,glasses,True,0.052582111209630966,299.1924999951152
D:\Bartek\coding\biometria\facial_auth\celeba_subset\img_align_celeba\020235.jpg,7422,False,mask,False,0.6808551549911499,285.37730000243755
D:\Bartek\coding\biometria\facial_auth\celeba_subset\img_align_celeba\020235.jpg,7422,False,mask,True,0.6931651830673218,11367.944499994337
D:\Bartek\coding\biometria\facial_auth\celeba_subset\img_align_celeba\061296.jpg,9300,False,glasses,False,0.04993408918380737,290.73760000028415
D:\Bartek\coding\biometria\facial_auth\celeba_subset\img_align_celeba\061296.jpg,9300,False,glasses,True,0.04993408918380737,298.10639999777777
D:\Bartek\coding\biometria\facial_auth\celeba_subset\img_align_celeba\092594.jpg,4196,False,mask,False,0.37025657296180725,295.4022000049008
D:\Bartek\coding\biometria\facial_auth\celeba_subset\img_align_celeba\092594.jpg,4196,False,mask,True,0.3697977066040039,11431.472999996913
D:\Bartek\coding\biometria\facial_auth\celeba_subset\img_align_celeba\171631.jpg,4936,False,glasses,False,0.156108558177948,290.1687999983551
D:\Bartek\coding\biometria\facial_auth\celeba_subset\img_align_celeba\171631.jpg,4936,False,glasses,True,0.156108558177948,296.5513000017381
D:\Bartek\coding\biometria\facial_auth\celeba_subset\img_align_celeba\076337.jpg,8415,False,mask,False,0.045934006571769714,289.87700000288896
D:\Bartek\coding\biometria\facial_auth\celeba_subset\img_align_celeba\076337.jpg,8415,False,mask,True,0.03800126910209656,11436.276800006453
D:\Bartek\coding\biometria\facial_auth\celeba_subset\img_align_celeba\022580.jpg,913,False,glasses,False,-0.1068001464009285,282.47969999938505
D:\Bartek\coding\biometria\facial_auth\celeba_subset\img_align_celeba\022580.jpg,913,False,glasses,True,-0.1068001464009285,282.4512000006507
D:\Bartek\coding\biometria\facial_auth\celeba_subset\img_align_celeba\180118.jpg,1128,False,mask,False,0.05841447040438652,291.1711999986437
D:\Bartek\coding\biometria\facial_auth\celeba_subset\img_align_celeba\180118.jpg,1128,False,mask,True,0.058511607348918915,11801.449200000206
D:\Bartek\coding\biometria\facial_auth\celeba_subset\img_align_celeba\064795.jpg,1149,False,glasses,False,0.1439848095178604,300.3771000003326
D:\Bartek\coding\biometria\facial_auth\celeba_subset\img_align_celeba\064795.jpg,1149,False,glasses,True,0.1439848095178604,291.604300000472
D:\Bartek\coding\biometria\facial_auth\celeba_subset\img_align_celeba\179356.jpg,1435,False,mask,False,0.013724525459110737,291.944999997213
D:\Bartek\coding\biometria\facial_auth\celeba_subset\img_align_celeba\179356.jpg,1435,False,mask,True,0.013299663551151752,296.9879000011133
D:\Bartek\coding\biometria\facial_auth\celeba_subset\img_align_celeba\160765.jpg,3877,False,glasses,False,0.2160143107175827,303.81060000217985
D:\Bartek\coding\biometria\facial_auth\celeba_subset\img_align_celeba\160765.jpg,3877,False,glasses,True,0.2160143107175827,296.85549999703653
D:\Bartek\coding\biometria\facial_auth\celeba_subset\img_align_celeba\191377.jpg,7222,False,mask,False,0.1501837968826294,299.2270999966422
D:\Bartek\coding\biometria\facial_auth\celeba_subset\img_align_celeba\191377.jpg,7222,False,mask,True,0.17244036495685577,11403.68010000384
D:\Bartek\coding\biometria\facial_auth\celeba_subset\img_align_celeba\173622.jpg,5238,False,glasses,False,0.01692969724535942,226.01589999976568
D:\Bartek\coding\biometria\facial_auth\celeba_subset\img_align_celeba\173622.jpg,5238,False,glasses,True,0.01692969724535942,215.77670000260696
D:\Bartek\coding\biometria\facial_auth\celeba_subset\img_align_celeba\191572.jpg,6136,False,mask,False,0.11913668364286423,293.0400000041118
D:\Bartek\coding\biometria\facial_auth\celeba_subset\img_align_celeba\191572.jpg,6136,False,mask,True,0.1257329136133194,294.2397000006167
D:\Bartek\coding\biometria\facial_auth\celeba_subset\img_align_celeba\042483.jpg,9000,False,glasses,False,0.11656811833381653,299.1838000016287
D:\Bartek\coding\biometria\facial_auth\celeba_subset\img_align_celeba\042483.jpg,9000,False,glasses,True,0.11656811833381653,295.49540000152774
D:\Bartek\coding\biometria\facial_auth\celeba_subset\img_align_celeba\180593.jpg,3336,False,mask,False,0.04941622540354729,296.6000999949756
D:\Bartek\coding\biometria\facial_auth\celeba_subset\img_align_celeba\180593.jpg,3336,False,mask,True,0.05106382817029953,11358.41960000107
D:\Bartek\coding\biometria\facial_auth\celeba_subset\img_align_celeba\109255.jpg,6722,False,glasses,False,0.06610088795423508,288.6140999980853
D:\Bartek\coding\biometria\facial_auth\celeba_subset\img_align_celeba\109255.jpg,6722,False,glasses,True,0.06610088795423508,299.51200000505196
D:\Bartek\coding\biometria\facial_auth\celeba_subset\img_align_celeba\124713.jpg,4069,False,mask,False,0.026114244014024734,297.0251000006101
D:\Bartek\coding\biometria\facial_auth\celeba_subset\img_align_celeba\124713.jpg,4069,False,mask,True,0.05926036089658737,294.83450000407174
D:\Bartek\coding\biometria\facial_auth\celeba_subset\img_align_celeba\003205.jpg,8415,False,glasses,False,-0.027348220348358154,297.87650000071153
D:\Bartek\coding\biometria\facial_auth\celeba_subset\img_align_celeba\003205.jpg,8415,False,glasses,True,-0.027348220348358154,306.763199994748
D:\Bartek\coding\biometria\facial_auth\celeba_subset\img_align_celeba\138209.jpg,4185,False,mask,False,0.10347384214401245,300.0582000022405
D:\Bartek\coding\biometria\facial_auth\celeba_subset\img_align_celeba\138209.jpg,4185,False,mask,True,0.10347384214401245,11459.389499999816
D:\Bartek\coding\biometria\facial_auth\celeba_subset\img_align_celeba\088448.jpg,8834,False,glasses,False,0.055862486362457275,290.1882000005571
D:\Bartek\coding\biometria\facial_auth\celeba_subset\img_align_celeba\088448.jpg,8834,False,glasses,True,0.055862486362457275,297.4291000064113
D:\Bartek\coding\biometria\facial_auth\celeba_subset\img_align_celeba\022861.jpg,1104,False,mask,False,0.010829871520400047,310.4090999986511
D:\Bartek\coding\biometria\facial_auth\celeba_subset\img_align_celeba\022861.jpg,1104,False,mask,True,0.017336316406726837,302.11620000045514
D:\Bartek\coding\biometria\facial_auth\celeba_subset\img_align_celeba\063417.jpg,3655,False,glasses,False,0.11375323683023453,295.66089999570977
D:\Bartek\coding\biometria\facial_auth\celeba_subset\img_align_celeba\063417.jpg,3655,False,glasses,True,0.11375323683023453,306.9013999993331
D:\Bartek\coding\biometria\facial_auth\celeba_subset\img_align_celeba\064925.jpg,5922,False,mask,False,0.13763843476772308,293.4520999988308
D:\Bartek\coding\biometria\facial_auth\celeba_subset\img_align_celeba\064925.jpg,5922,False,mask,True,0.13745732605457306,11455.618699998013
D:\Bartek\coding\biometria\facial_auth\celeba_subset\img_align_celeba\175978.jpg,7253,False,glasses,False,0.15072456002235413,289.780699997209
D:\Bartek\coding\biometria\facial_auth\celeba_subset\img_align_celeba\175978.jpg,7253,False,glasses,True,0.15072456002235413,292.0271000039065
D:\Bartek\coding\biometria\facial_auth\celeba_subset\img_align_celeba\202375.jpg,913,False,mask,False,0.01746431365609169,298.32770000211895
D:\Bartek\coding\biometria\facial_auth\celeba_subset\img_align_celeba\202375.jpg,913,False,mask,True,0.005733644589781761,11837.793200000306
D:\Bartek\coding\biometria\facial_auth\celeba_subset\img_align_celeba\020290.jpg,6528,False,glasses,False,0.10605482757091522,295.4383999967831
D:\Bartek\coding\biometria\facial_auth\celeba_subset\img_align_celeba\020290.jpg,6528,False,glasses,True,0.10605482757091522,300.22699999972247
D:\Bartek\coding\biometria\facial_auth\celeba_subset\img_align_celeba\014721.jpg,5190,False,mask,False,0.06365284323692322,297.9328999936115
D:\Bartek\coding\biometria\facial_auth\celeba_subset\img_align_celeba\014721.jpg,5190,False,mask,True,0.0645783394575119,11521.03480000369
D:\Bartek\coding\biometria\facial_auth\celeba_subset\img_align_celeba\042311.jpg,7524,False,glasses,False,-0.04108842834830284,296.5781999955652
D:\Bartek\coding\biometria\facial_auth\celeba_subset\img_align_celeba\042311.jpg,7524,False,glasses,True,-0.04108842834830284,299.45020000013756
D:\Bartek\coding\biometria\facial_auth\celeba_subset\img_align_celeba\072658.jpg,898,False,mask,False,0.34856998920440674,283.1600999998045
D:\Bartek\coding\biometria\facial_auth\celeba_subset\img_align_celeba\072658.jpg,898,False,mask,True,0.33508065342903137,291.1843999972916
D:\Bartek\coding\biometria\facial_auth\celeba_subset\img_align_celeba\101583.jpg,5246,False,glasses,False,0.11224327236413956,308.2614000013564
D:\Bartek\coding\biometria\facial_auth\celeba_subset\img_align_celeba\101583.jpg,5246,False,glasses,True,0.11224327236413956,301.49789999995846
D:\Bartek\coding\biometria\facial_auth\celeba_subset\img_align_celeba\027938.jpg,8091,False,mask,False,0.0702432170510292,287.11569999722997
D:\Bartek\coding\biometria\facial_auth\celeba_subset\img_align_celeba\027938.jpg,8091,False,mask,True,0.0738755464553833,11378.41109999863
D:\Bartek\coding\biometria\facial_auth\celeba_subset\img_align_celeba\093805.jpg,6086,False,glasses,False,0.07803551107645035,285.37730000243755
D:\Bartek\coding\biometria\facial_auth\celeba_subset\img_align_celeba\093805.jpg,6086,False,glasses,True,0.07803551107645035,301.1486000032164
D:\Bartek\coding\biometria\facial_auth\celeba_subset\img_align_celeba\051995.jpg,2177,False,mask,False,0.9062426090240479,288.03110000444576
D:\Bartek\coding\biometria\facial_auth\celeba_subset\img_align_celeba\051995.jpg,2177,False,mask,True,0.9090749025344849,11718.17409999494
D:\Bartek\coding\biometria\facial_auth\celeba_subset\img_align_celeba\094397.jpg,5238,False,glasses,False,0.11705773323774338,294.3726000012248
D:\Bartek\coding\biometria\facial_auth\celeba_subset\img_align_celeba\094397.jpg,5238,False,glasses,True,0.11705773323774338,303.9922999960254
D:\Bartek\coding\biometria\facial_auth\celeba_subset\img_align_celeba\119197.jpg,9534,False,mask,False,0.22895321249961853,298.67189999640686
D:\Bartek\coding\biometria\facial_auth\celeba_subset\img_align_celeba\119197.jpg,9534,False,mask,True,0.22964569926261902,11667.96200000681
D:\Bartek\coding\biometria\facial_auth\celeba_subset\img_align_celeba\166795.jpg,6719,False,glasses,False,0.0883421078324318,288.0174000019906
D:\Bartek\coding\biometria\facial_auth\celeba_subset\img_align_celeba\166795.jpg,6719,False,glasses,True,0.0883421078324318,292.67970000364585
D:\Bartek\coding\biometria\facial_auth\celeba_subset\img_align_celeba\107040.jpg,4150,False,mask,False,0.01440397184342146,298.56699999800185
D:\Bartek\coding\biometria\facial_auth\celeba_subset\img_align_celeba\107040.jpg,4150,False,mask,True,0.01820831187069416,11463.058399996953
D:\Bartek\coding\biometria\facial_auth\celeba_subset\img_align_celeba\193901.jpg,2926,False,glasses,False,0.054234977811574936,299.93110000214074
D:\Bartek\coding\biometria\facial_auth\celeba_subset\img_align_celeba\193901.jpg,2926,False,glasses,True,0.054234977811574936,293.9801000029547
D:\Bartek\coding\biometria\facial_auth\celeba_subset\img_align_celeba\037113.jpg,5656,False,mask,False,0.14875036478042603,285.51709999737795
D:\Bartek\coding\biometria\facial_auth\celeba_subset\img_align_celeba\037113.jpg,5656,False,mask,True,0.15525180101394653,291.36109999672044
D:\Bartek\coding\biometria\facial_auth\celeba_subset\img_align_celeba\121211.jpg,5575,False,glasses,False,0.1403193175792694,294.9067000008654
D:\Bartek\coding\biometria\facial_auth\celeba_subset\img_align_celeba\121211.jpg,5575,False,glasses,True,0.1403193175792694,286.54290000122273
D:\Bartek\coding\biometria\facial_auth\celeba_subset\img_align_celeba\012588.jpg,8908,False,mask,False,0.9191763401031494,291.1709000036353
D:\Bartek\coding\biometria\facial_auth\celeba_subset\img_align_celeba\012588.jpg,8908,False,mask,True,0.9193445444107056,11381.017100000463
D:\Bartek\coding\biometria\facial_auth\celeba_subset\img_align_celeba\167535.jpg,5127,False,glasses,False,0.2917991578578949,287.500699996599
D:\Bartek\coding\biometria\facial_auth\celeba_subset\img_align_celeba\167535.jpg,5127,False,glasses,True,0.2917991578578949,298.2497999983025
D:\Bartek\coding\biometria\facial_auth\celeba_subset\img_align_celeba\194543.jpg,5747,False,mask,False,0.10053713619709015,290.3076000002329
D:\Bartek\coding\biometria\facial_auth\celeba_subset\img_align_celeba\194543.jpg,5747,False,mask,True,0.10843905061483383,11354.687400002149
D:\Bartek\coding\biometria\facial_auth\celeba_subset\img_align_celeba\048116.jpg,4936,False,glasses,False,0.041900329291820526,300.4493000044022
D:\Bartek\coding\biometria\facial_auth\celeba_subset\img_align_celeba\048116.jpg,4936,False,glasses,True,0.041900329291820526,294.29560000426136
D:\Bartek\coding\biometria\facial_auth\celeba_subset\img_align_celeba\175982.jpg,1120,False,mask,False,-0.01154970284551382,294.90489999443525
D:\Bartek\coding\biometria\facial_auth\celeba_subset\img_align_celeba\175982.jpg,1120,False,mask,True,-0.011791476048529148,11440.116300000227
D:\Bartek\coding\biometria\facial_auth\celeba_subset\img_align_celeba\008512.jpg,5534,False,glasses,False,0.0736665278673172,297.5105000004987
D:\Bartek\coding\biometria\facial_auth\celeba_subset\img_align_celeba\008512.jpg,5534,False,glasses,True,0.0736665278673172,297.7009000023827
D:\Bartek\coding\biometria\facial_auth\celeba_subset\img_align_celeba\131541.jpg,9828,False,mask,False,0.07025912404060364,308.57749999995576
D:\Bartek\coding\biometria\facial_auth\celeba_subset\img_align_celeba\131541.jpg,9828,False,mask,True,0.07025912404060364,304.95589999918593
D:\Bartek\coding\biometria\facial_auth\celeba_subset\img_align_celeba\025859.jpg,898,False,glasses,False,-0.06481216847896576,303.5091999990982
D:\Bartek\coding\biometria\facial_auth\celeba_subset\img_align_celeba\025859.jpg,898,False,glasses,True,-0.06481216847896576,303.28069999814034
D:\Bartek\coding\biometria\facial_auth\celeba_subset\img_align_celeba\167637.jpg,4968,False,mask,False,0.20317856967449188,312.1527999974205
D:\Bartek\coding\biometria\facial_auth\celeba_subset\img_align_celeba\167637.jpg,4968,False,mask,True,0.213758647441864,293.70529999869177
D:\Bartek\coding\biometria\facial_auth\celeba_subset\img_align_celeba\178265.jpg,5033,False,glasses,False,0.06640981882810593,310.40990000474267
D:\Bartek\coding\biometria\facial_auth\celeba_subset\img_align_celeba\178265.jpg,5033,False,glasses,True,0.06640981882810593,317.86080000165384
D:\Bartek\coding\biometria\facial_auth\celeba_subset\img_align_celeba\168624.jpg,6136,False,mask,False,0.1291186809539795,302.91509999369737
D:\Bartek\coding\biometria\facial_auth\celeba_subset\img_align_celeba\168624.jpg,6136,False,mask,True,0.10992956906557083,11862.945699998818
D:\Bartek\coding\biometria\facial_auth\celeba_subset\img_align_celeba\058047.jpg,5064,False,glasses,False,0.04507150501012802,299.8153000007733
D:\Bartek\coding\biometria\facial_auth\celeba_subset\img_align_celeba\058047.jpg,5064,False,glasses,True,0.04507150501012802,297.5275999997393
D:\Bartek\coding\biometria\facial_auth\celeba_subset\img_align_celeba\000372.jpg,9144,False,mask,False,0.17978881299495697,307.95930000022054
D:\Bartek\coding\biometria\facial_auth\celeba_subset\img_align_celeba\000372.jpg,9144,False,mask,True,0.1414126455783844,11372.719499995583
D:\Bartek\coding\biometria\facial_auth\celeba_subset\img_align_celeba\033292.jpg,6195,False,glasses,False,0.47866740822792053,287.0915000021341
D:\Bartek\coding\biometria\facial_auth\celeba_subset\img_align_celeba\033292.jpg,6195,False,glasses,True,0.47866740822792053,296.42669999884674
D:\Bartek\coding\biometria\facial_auth\celeba_subset\img_align_celeba\192254.jpg,1435,False,mask,False,0.002180277369916439,294.0171000009286
D:\Bartek\coding\biometria\facial_auth\celeba_subset\img_align_celeba\192254.jpg,1435,False,mask,True,0.003156595164909959,300.89589999988675
D:\Bartek\coding\biometria\facial_auth\celeba_subset\img_align_celeba\184888.jpg,4870,False,glasses,False,0.1970990151166916,299.6119000017643
D:\Bartek\coding\biometria\facial_auth\celeba_subset\img_align_celeba\184888.jpg,4870,False,glasses,True,0.1970990151166916,301.1650000044028
D:\Bartek\coding\biometria\facial_auth\celeba_subset\img_align_celeba\057152.jpg,5064,False,mask,False,0.03493455797433853,286.4389000023948
D:\Bartek\coding\biometria\facial_auth\celeba_subset\img_align_celeba\057152.jpg,5064,False,mask,True,0.03142022341489792,11321.246300001803
D:\Bartek\coding\biometria\facial_auth\celeba_subset\img_align_celeba\182576.jpg,6719,False,glasses,False,0.08623267710208893,293.7571000002208
D:\Bartek\coding\biometria\facial_auth\celeba_subset\img_align_celeba\182576.jpg,6719,False,glasses,True,0.08623267710208893,296.2870999981533
D:\Bartek\coding\biometria\facial_auth\celeba_subset\img_align_celeba\038553.jpg,5648,False,mask,False,0.042634494602680206,291.14750000007916
D:\Bartek\coding\biometria\facial_auth\celeba_subset\img_align_celeba\038553.jpg,5648,False,mask,True,0.04528789222240448,11310.90409999888
D:\Bartek\coding\biometria\facial_auth\celeba_subset\img_align_celeba\148912.jpg,5534,False,glasses,False,0.08843599259853363,296.6080000041984
D:\Bartek\coding\biometria\facial_auth\celeba_subset\img_align_celeba\148912.jpg,5534,False,glasses,True,0.08843599259853363,302.25010000140173
D:\Bartek\coding\biometria\facial_auth\celeba_subset\img_align_celeba\065517.jpg,5780,False,mask,False,0.07759825885295868,299.2087000020547
D:\Bartek\coding\biometria\facial_auth\celeba_subset\img_align_celeba\065517.jpg,5780,False,mask,True,0.07690183073282242,296.1183000006713
D:\Bartek\coding\biometria\facial_auth\celeba_subset\img_align_celeba\107669.jpg,6528,False,glasses,False,0.1546477973461151,302.0517999975709
D:\Bartek\coding\biometria\facial_auth\celeba_subset\img_align_celeba\107669.jpg,6528,False,glasses,True,0.1546477973461151,300.047499993525
D:\Bartek\coding\biometria\facial_auth\celeba_subset\img_align_celeba\016880.jpg,5246,False,mask,False,0.1415080577135086,293.15179999684915
D:\Bartek\coding\biometria\facial_auth\celeba_subset\img_align_celeba\016880.jpg,5246,False,mask,True,0.141266331076622,292.5888000027044
D:\Bartek\coding\biometria\facial_auth\celeba_subset\img_align_celeba\121078.jpg,8908,False,glasses,False,0.12765343487262726,310.46880000212695
D:\Bartek\coding\biometria\facial_auth\celeba_subset\img_align_celeba\121078.jpg,8908,False,glasses,True,0.12765343487262726,311.6504999998142
D:\Bartek\coding\biometria\facial_auth\celeba_subset\img_align_celeba\196629.jpg,7222,False,mask,False,0.15312916040420532,301.77700000058394
D:\Bartek\coding\biometria\facial_auth\celeba_subset\img_align_celeba\196629.jpg,7222,False,mask,True,0.1193733811378479,289.6811999962665
D:\Bartek\coding\biometria\facial_auth\celeba_subset\img_align_celeba\165501.jpg,4659,False,glasses,False,0.17574547231197357,293.87839999981225
D:\Bartek\coding\biometria\facial_auth\celeba_subset\img_align_celeba\165501.jpg,4659,False,glasses,True,0.17574547231197357,294.5218000022578
D:\Bartek\coding\biometria\facial_auth\celeba_subset\img_align_celeba\178367.jpg,9300,False,mask,False,0.24321357905864716,298.92009999457514
D:\Bartek\coding\biometria\facial_auth\celeba_subset\img_align_celeba\178367.jpg,9300,False,mask,True,0.2430739551782608,11743.356999999378
D:\Bartek\coding\biometria\facial_auth\celeba_subset\img_align_celeba\167535.jpg,7222,False,glasses,False,0.08386220782995224,310.2089999956661
D:\Bartek\coding\biometria\facial_auth\celeba_subset\img_align_celeba\167535.jpg,7222,False,glasses,True,0.08386220782995224,293.95680000016
D:\Bartek\coding\biometria\facial_auth\celeba_subset\img_align_celeba\010898.jpg,5780,False,mask,False,0.2257697880268097,287.09920000255806
D:\Bartek\coding\biometria\facial_auth\celeba_subset\img_align_celeba\010898.jpg,5780,False,mask,True,0.25534117221832275,11394.597499995143
D:\Bartek\coding\biometria\facial_auth\celeba_subset\img_align_celeba\112183.jpg,3877,False,glasses,False,0.12597960233688354,295.3955999983009
D:\Bartek\coding\biometria\facial_auth\celeba_subset\img_align_celeba\112183.jpg,3877,False,glasses,True,0.12597960233688354,293.2970999972895
D:\Bartek\coding\biometria\facial_auth\celeba_subset\img_align_celeba\201206.jpg,5127,False,mask,False,0.10117913782596588,292.1197999967262
D:\Bartek\coding\biometria\facial_auth\celeba_subset\img_align_celeba\201206.jpg,5127,False,mask,True,0.1262906789779663,292.7131999967969
D:\Bartek\coding\biometria\facial_auth\celeba_subset\img_align_celeba\164600.jpg,9632,False,glasses,False,0.1458100825548172,302.29599999438506
D:\Bartek\coding\biometria\facial_auth\celeba_subset\img_align_celeba\164600.jpg,9632,False,glasses,True,0.1458100825548172,296.6939000034472
D:\Bartek\coding\biometria\facial_auth\celeba_subset\img_align_celeba\122699.jpg,7253,False,mask,False,0.11922992020845413,299.334600000293
D:\Bartek\coding\biometria\facial_auth\celeba_subset\img_align_celeba\122699.jpg,7253,False,mask,True,0.1167929545044899,11315.673799996148
D:\Bartek\coding\biometria\facial_auth\celeba_subset\img_align_celeba\143822.jpg,1128,False,glasses,False,0.2010180503129959,289.5570000036969
D:\Bartek\coding\biometria\facial_auth\celeba_subset\img_align_celeba\143822.jpg,1128,False,glasses,True,0.2010180503129959,285.0990000006277
D:\Bartek\coding\biometria\facial_auth\celeba_subset\img_align_celeba\191698.jpg,6368,False,mask,False,0.05443544685840607,296.4208999983384
D:\Bartek\coding\biometria\facial_auth\celeba_subset\img_align_celeba\191698.jpg,6368,False,mask,True,0.08244512230157852,11329.229200004193
D:\Bartek\coding\biometria\facial_auth\celeba_subset\img_align_celeba\185566.jpg,5064,False,glasses,False,0.010636321268975735,286.88099999999395
D:\Bartek\coding\biometria\facial_auth\celeba_subset\img_align_celeba\185566.jpg,5064,False,glasses,True,0.010636321268975735,295.18090000055963
D:\Bartek\coding\biometria\facial_auth\celeba_subset\img_align_celeba\042346.jpg,6983,False,mask,False,0.11625578254461288,275.87620000122115
D:\Bartek\coding\biometria\facial_auth\celeba_subset\img_align_celeba\042346.jpg,6983,False,mask,True,0.11836438626050949,11399.67720000277
D:\Bartek\coding\biometria\facial_auth\celeba_subset\img_align_celeba\109461.jpg,3877,False,glasses,False,0.10061845928430557,289.2629999987548
D:\Bartek\coding\biometria\facial_auth\celeba_subset\img_align_celeba\109461.jpg,3877,False,glasses,True,0.10061845928430557,290.70340000180295
D:\Bartek\coding\biometria\facial_auth\celeba_subset\img_align_celeba\054188.jpg,5246,False,mask,False,0.10203875601291656,298.6488999958965
D:\Bartek\coding\biometria\facial_auth\celeba_subset\img_align_celeba\054188.jpg,5246,False,mask,True,0.10205788165330887,11673.100899999554
D:\Bartek\coding\biometria\facial_auth\celeba_subset\img_align_celeba\061291.jpg,7103,False,glasses,False,0.06059223785996437,291.2023999961093
D:\Bartek\coding\biometria\facial_auth\celeba_subset\img_align_celeba\061291.jpg,7103,False,glasses,True,0.06059223785996437,293.1297999966773
D:\Bartek\coding\biometria\facial_auth\celeba_subset\img_align_celeba\078884.jpg,6719,False,mask,False,0.08340442180633545,283.6151000010432
D:\Bartek\coding\biometria\facial_auth\celeba_subset\img_align_celeba\078884.jpg,6719,False,mask,True,0.09013327211141586,11381.250200000068
D:\Bartek\coding\biometria\facial_auth\celeba_subset\img_align_celeba\000639.jpg,5437,False,glasses,False,-0.006614739075303078,293.02109999844106
D:\Bartek\coding\biometria\facial_auth\celeba_subset\img_align_celeba\000639.jpg,5437,False,glasses,True,-0.006614739075303078,303.7867999955779
D:\Bartek\coding\biometria\facial_auth\celeba_subset\img_align_celeba\114349.jpg,5656,False,mask,False,0.11866513639688492,290.9732000043732
D:\Bartek\coding\biometria\facial_auth\celeba_subset\img_align_celeba\114349.jpg,5656,False,mask,True,0.1208115816116333,11370.773700000427
D:\Bartek\coding\biometria\facial_auth\celeba_subset\img_align_celeba\061761.jpg,4870,False,glasses,False,0.08152870088815689,290.89090000343276
D:\Bartek\coding\biometria\facial_auth\celeba_subset\img_align_celeba\061761.jpg,4870,False,glasses,True,0.08152870088815689,295.407300000079
D:\Bartek\coding\biometria\facial_auth\celeba_subset\img_align_celeba\163652.jpg,3655,False,mask,False,0.46326926350593567,303.75910000293516
D:\Bartek\coding\biometria\facial_auth\celeba_subset\img_align_celeba\163652.jpg,3655,False,mask,True,0.45960474014282227,11417.734700000437
D:\Bartek\coding\biometria\facial_auth\celeba_subset\img_align_celeba\015730.jpg,7338,False,glasses,False,0.022607747465372086,289.80350000347244
D:\Bartek\coding\biometria\facial_auth\celeba_subset\img_align_celeba\015730.jpg,7338,False,glasses,True,0.022607747465372086,289.2800999979954
D:\Bartek\coding\biometria\facial_auth\celeba_subset\img_align_celeba\137251.jpg,4870,False,mask,False,0.12443020939826965,279.4519000017317
D:\Bartek\coding\biometria\facial_auth\celeba_subset\img_align_celeba\137251.jpg,4870,False,mask,True,0.13172659277915955,297.3363999990397
D:\Bartek\coding\biometria\facial_auth\celeba_subset\img_align_celeba\187081.jpg,8971,False,glasses,False,0.20604127645492554,283.6992999946233
D:\Bartek\coding\biometria\facial_auth\celeba_subset\img_align_celeba\187081.jpg,8971,False,glasses,True,0.20604127645492554,286.67270000005374
D:\Bartek\coding\biometria\facial_auth\celeba_subset\img_align_celeba\151686.jpg,5437,False,mask,False,0.12860330939292908,294.37960000359453
D:\Bartek\coding\biometria\facial_auth\celeba_subset\img_align_celeba\151686.jpg,5437,False,mask,True,0.13282030820846558,11427.89339999581
D:\Bartek\coding\biometria\facial_auth\celeba_subset\img_align_celeba\164441.jpg,3655,False,glasses,False,0.15495672821998596,285.92980000394164
D:\Bartek\coding\biometria\facial_auth\celeba_subset\img_align_celeba\164441.jpg,3655,False,glasses,True,0.15495672821998596,282.6123999984702
D:\Bartek\coding\biometria\facial_auth\celeba_subset\img_align_celeba\074630.jpg,1120,False,mask,False,-0.014922318048775196,290.06529999605846
D:\Bartek\coding\biometria\facial_auth\celeba_subset\img_align_celeba\074630.jpg,1120,False,mask,True,-0.014686624519526958,11727.66910000064
D:\Bartek\coding\biometria\facial_auth\celeba_subset\img_align_celeba\181902.jpg,9828,False,glasses,False,0.14258240163326263,302.1980999983498
D:\Bartek\coding\biometria\facial_auth\celeba_subset\img_align_celeba\181902.jpg,9828,False,glasses,True,0.14258240163326263,297.4298000044655
D:\Bartek\coding\biometria\facial_auth\celeba_subset\img_align_celeba\039238.jpg,3236,False,mask,False,0.014067045412957668,287.50140000192914
D:\Bartek\coding\biometria\facial_auth\celeba_subset\img_align_celeba\039238.jpg,3236,False,mask,True,0.13167034089565277,11339.345599997614
D:\Bartek\coding\biometria\facial_auth\celeba_subset\img_align_celeba\074302.jpg,503,False,glasses,False,0.3415294289588928,292.23369999817805
D:\Bartek\coding\biometria\facial_auth\celeba_subset\img_align_celeba\074302.jpg,503,False,glasses,True,0.3415294289588928,308.9440000039758
D:\Bartek\coding\biometria\facial_auth\celeba_subset\img_align_celeba\067479.jpg,9144,False,mask,False,0.16613799333572388,283.48290000576526
D:\Bartek\coding\biometria\facial_auth\celeba_subset\img_align_celeba\067479.jpg,9144,False,mask,True,0.17533601820468903,11448.282500001369
D:\Bartek\coding\biometria\facial_auth\celeba_subset\img_align_celeba\070899.jpg,6195,False,glasses,False,0.14892928302288055,302.352399994561
D:\Bartek\coding\biometria\facial_auth\celeba_subset\img_align_celeba\070899.jpg,6195,False,glasses,True,0.14892928302288055,292.2980000003008
D:\Bartek\coding\biometria\facial_auth\celeba_subset\img_align_celeba\007756.jpg,9489,False,mask,False,0.11411233246326447,300.4884000038146
D:\Bartek\coding\biometria\facial_auth\celeba_subset\img_align_celeba\007756.jpg,9489,False,mask,True,0.12613394856452942,11519.210899998143
D:\Bartek\coding\biometria\facial_auth\celeba_subset\img_align_celeba\061448.jpg,5534,False,glasses,False,0.03795096278190613,285.5643000002601
D:\Bartek\coding\biometria\facial_auth\celeba_subset\img_align_celeba\061448.jpg,5534,False,glasses,True,0.03795096278190613,297.0504999975674
D:\Bartek\coding\biometria\facial_auth\celeba_subset\img_align_celeba\149974.jpg,6456,False,mask,False,0.2524915337562561,303.42960000416497
D:\Bartek\coding\biometria\facial_auth\celeba_subset\img_align_celeba\149974.jpg,6456,False,mask,True,0.2833019196987152,11465.896999994584
D:\Bartek\coding\biometria\facial_auth\celeba_subset\img_align_celeba\046845.jpg,3877,False,glasses,False,0.09352826327085495,298.8913000008324
D:\Bartek\coding\biometria\facial_auth\celeba_subset\img_align_celeba\046845.jpg,3877,False,glasses,True,0.09352826327085495,298.9354000019375
D:\Bartek\coding\biometria\facial_auth\celeba_subset\img_align_celeba\088544.jpg,1149,False,mask,False,0.03385536000132561,302.3579000000609
D:\Bartek\coding\biometria\facial_auth\celeba_subset\img_align_celeba\088544.jpg,1149,False,mask,True,0.03445466235280037,11898.45890000288
D:\Bartek\coding\biometria\facial_auth\celeba_subset\img_align_celeba\166301.jpg,6972,False,glasses,False,0.0739341452717781,287.180499995884
D:\Bartek\coding\biometria\facial_auth\celeba_subset\img_align_celeba\166301.jpg,6972,False,glasses,True,0.0739341452717781,290.40030000032857
D:\Bartek\coding\biometria\facial_auth\celeba_subset\img_align_celeba\056306.jpg,5656,False,mask,False,0.10509490966796875,295.1364999971702
D:\Bartek\coding\biometria\facial_auth\celeba_subset\img_align_celeba\056306.jpg,5656,False,mask,True,0.11973930150270462,11385.874799998419
D:\Bartek\coding\biometria\facial_auth\celeba_subset\img_align_celeba\095459.jpg,2926,False,glasses,False,0.14770057797431946,298.1846000038786
D:\Bartek\coding\biometria\facial_auth\celeba_subset\img_align_celeba\095459.jpg,2926,False,glasses,True,0.14770057797431946,292.1478999996907
D:\Bartek\coding\biometria\facial_auth\celeba_subset\img_align_celeba\047974.jpg,4870,False,mask,False,0.1517302244901657,291.92740000144113
D:\Bartek\coding\biometria\facial_auth\celeba_subset\img_align_celeba\047974.jpg,4870,False,mask,True,0.15374211966991425,11383.842399998684
D:\Bartek\coding\biometria\facial_auth\celeba_subset\img_align_celeba\103674.jpg,6719,False,glasses,False,-0.03494982793927193,293.498200000613
D:\Bartek\coding\biometria\facial_auth\celeba_subset\img_align_celeba\103674.jpg,6719,False,glasses,True,-0.03494982793927193,295.9874000007403
D:\Bartek\coding\biometria\facial_auth\celeba_subset\img_align_celeba\163008.jpg,1350,False,mask,False,-0.04346080496907234,301.34820000239415
D:\Bartek\coding\biometria\facial_auth\celeba_subset\img_align_celeba\163008.jpg,1350,False,mask,True,-0.031151754781603813,11371.437400004652
D:\Bartek\coding\biometria\facial_auth\celeba_subset\img_align_celeba\014275.jpg,190,False,glasses,False,0.21137693524360657,286.69559999980265
D:\Bartek\coding\biometria\facial_auth\celeba_subset\img_align_celeba\014275.jpg,190,False,glasses,True,0.21137693524360657,296.892399994249
D:\Bartek\coding\biometria\facial_auth\celeba_subset\img_align_celeba\104914.jpg,8908,False,mask,False,0.9184383749961853,303.58739999792306
D:\Bartek\coding\biometria\facial_auth\celeba_subset\img_align_celeba\104914.jpg,8908,False,mask,True,0.7053024172782898,293.545799999265
D:\Bartek\coding\biometria\facial_auth\celeba_subset\img_align_celeba\052863.jpg,5210,False,glasses,False,0.07751724123954773,290.51260000414914
D:\Bartek\coding\biometria\facial_auth\celeba_subset\img_align_celeba\052863.jpg,5210,False,glasses,True,0.07751724123954773,298.04900000453927
D:\Bartek\coding\biometria\facial_auth\celeba_subset\img_align_celeba\191867.jpg,655,False,mask,False,0.10394308716058731,305.223900002602
D:\Bartek\coding\biometria\facial_auth\celeba_subset\img_align_celeba\191867.jpg,655,False,mask,True,0.09087135642766953,11347.679999998945
D:\Bartek\coding\biometria\facial_auth\celeba_subset\img_align_celeba\114933.jpg,2926,False,glasses,False,0.2383144646883011,286.90360000473447
D:\Bartek\coding\biometria\facial_auth\celeba_subset\img_align_celeba\114933.jpg,2926,False,glasses,True,0.2383144646883011,299.3709000002127
D:\Bartek\coding\biometria\facial_auth\celeba_subset\img_align_celeba\106485.jpg,3877,False,mask,False,0.032067038118839264,310.8713000037824
D:\Bartek\coding\biometria\facial_auth\celeba_subset\img_align_celeba\106485.jpg,3877,False,mask,True,0.020727118477225304,11579.88800000021
D:\Bartek\coding\biometria\facial_auth\celeba_subset\img_align_celeba\111988.jpg,9534,False,glasses,False,0.13237833976745605,295.72790000383975
D:\Bartek\coding\biometria\facial_auth\celeba_subset\img_align_celeba\111988.jpg,9534,False,glasses,True,0.13237833976745605,295.4860999961966
D:\Bartek\coding\biometria\facial_auth\celeba_subset\img_align_celeba\005877.jpg,1128,False,mask,False,0.047142401337623596,295.3036000035354
D:\Bartek\coding\biometria\facial_auth\celeba_subset\img_align_celeba\005877.jpg,1128,False,mask,True,0.04135682433843613,11559.677199998987
D:\Bartek\coding\biometria\facial_auth\celeba_subset\img_align_celeba\157696.jpg,8936,False,glasses,False,0.12976931035518646,289.0086999977939
D:\Bartek\coding\biometria\facial_auth\celeba_subset\img_align_celeba\157696.jpg,8936,False,glasses,True,0.12976931035518646,294.4324000054621
D:\Bartek\coding\biometria\facial_auth\celeba_subset\img_align_celeba\024368.jpg,8091,False,mask,False,0.027235260233283043,293.5643999953754
D:\Bartek\coding\biometria\facial_auth\celeba_subset\img_align_celeba\024368.jpg,8091,False,mask,True,0.03574393689632416,298.64339999767253
D:\Bartek\coding\biometria\facial_auth\celeba_subset\img_align_celeba\112600.jpg,9300,False,glasses,False,0.14372967183589935,299.7689000039827
D:\Bartek\coding\biometria\facial_auth\celeba_subset\img_align_celeba\112600.jpg,9300,False,glasses,True,0.14372967183589935,297.73529999511084
D:\Bartek\coding\biometria\facial_auth\celeba_subset\img_align_celeba\039410.jpg,7088,False,mask,False,0.038662899285554886,290.7344000050216
D:\Bartek\coding\biometria\facial_auth\celeba_subset\img_align_celeba\039410.jpg,7088,False,mask,True,0.05681890621781349,11374.442100001033
D:\Bartek\coding\biometria\facial_auth\celeba_subset\img_align_celeba\152610.jpg,913,False,glasses,False,0.04427351430058479,307.9868999993778
D:\Bartek\coding\biometria\facial_auth\celeba_subset\img_align_celeba\152610.jpg,913,False,glasses,True,0.04427351430058479,287.3464000003878
D:\Bartek\coding\biometria\facial_auth\celeba_subset\img_align_celeba\154413.jpg,3236,False,mask,False,0.011734360828995705,299.3869999991148
D:\Bartek\coding\biometria\facial_auth\celeba_subset\img_align_celeba\154413.jpg,3236,False,mask,True,0.040268674492836,280.98899999895366
D:\Bartek\coding\biometria\facial_auth\celeba_subset\img_align_celeba\026443.jpg,7338,False,glasses,False,0.1333278864622116,289.9277999968035
D:\Bartek\coding\biometria\facial_auth\celeba_subset\img_align_celeba\026443.jpg,7338,False,glasses,True,0.1333278864622116,285.92660000140313
D:\Bartek\coding\biometria\facial_auth\celeba_subset\img_align_celeba\092526.jpg,7222,False,mask,False,0.2500937283039093,287.32060000038473
D:\Bartek\coding\biometria\facial_auth\celeba_subset\img_align_celeba\092526.jpg,7222,False,mask,True,0.24368764460086823,297.09659999934956
D:\Bartek\coding\biometria\facial_auth\celeba_subset\img_align_celeba\101221.jpg,1154,False,glasses,False,0.03174922242760658,285.4642000020249
D:\Bartek\coding\biometria\facial_auth\celeba_subset\img_align_celeba\101221.jpg,1154,False,glasses,True,0.03174922242760658,284.799799999746
D:\Bartek\coding\biometria\facial_auth\celeba_subset\img_align_celeba\114844.jpg,310,False,mask,False,0.3557352125644684,280.85250000003725
D:\Bartek\coding\biometria\facial_auth\celeba_subset\img_align_celeba\114844.jpg,310,False,mask,True,0.31448569893836975,11454.446499999904
D:\Bartek\coding\biometria\facial_auth\celeba_subset\img_align_celeba\159052.jpg,4936,False,glasses,False,-0.06718350946903229,290.80460000113817
D:\Bartek\coding\biometria\facial_auth\celeba_subset\img_align_celeba\159052.jpg,4936,False,glasses,True,-0.06718350946903229,302.44949999905657
D:\Bartek\coding\biometria\facial_auth\celeba_subset\img_align_celeba\122699.jpg,4069,False,mask,False,0.09087670594453812,296.9976000022143
D:\Bartek\coding\biometria\facial_auth\celeba_subset\img_align_celeba\122699.jpg,4069,False,mask,True,0.08124014735221863,12230.553000001237
D:\Bartek\coding\biometria\facial_auth\celeba_subset\img_align_celeba\113076.jpg,1149,False,glasses,False,0.07374774664640427,305.853500001831
D:\Bartek\coding\biometria\facial_auth\celeba_subset\img_align_celeba\113076.jpg,1149,False,glasses,True,0.07374774664640427,304.5903999955044
D:\Bartek\coding\biometria\facial_auth\celeba_subset\img_align_celeba\163126.jpg,8971,False,mask,False,0.029339561238884926,290.256500004034
D:\Bartek\coding\biometria\facial_auth\celeba_subset\img_align_celeba\163126.jpg,8971,False,mask,True,0.028770921751856804,11353.802400000859
D:\Bartek\coding\biometria\facial_auth\celeba_subset\img_align_celeba\070235.jpg,6233,False,glasses,False,0.09675782918930054,292.99750000063796
D:\Bartek\coding\biometria\facial_auth\celeba_subset\img_align_celeba\070235.jpg,6233,False,glasses,True,0.09675782918930054,309.7300000008545
D:\Bartek\coding\biometria\facial_auth\celeba_subset\img_align_celeba\195932.jpg,1149,False,mask,False,0.06124657765030861,280.87230000528507
D:\Bartek\coding\biometria\facial_auth\celeba_subset\img_align_celeba\195932.jpg,1149,False,mask,True,0.045223500579595566,11367.41400000028
D:\Bartek\coding\biometria\facial_auth\celeba_subset\img_align_celeba\139337.jpg,975,False,glasses,False,0.10522308200597763,287.5809000033769
D:\Bartek\coding\biometria\facial_auth\celeba_subset\img_align_celeba\139337.jpg,975,False,glasses,True,0.10522308200597763,297.7223999987473
D:\Bartek\coding\biometria\facial_auth\celeba_subset\img_align_celeba\091764.jpg,9939,False,mask,False,-0.016485411673784256,357.9572999951779
D:\Bartek\coding\biometria\facial_auth\celeba_subset\img_align_celeba\091764.jpg,9939,False,mask,True,0.004510930273681879,281.40020000137156
D:\Bartek\coding\biometria\facial_auth\celeba_subset\img_align_celeba\014739.jpg,1149,False,glasses,False,0.1906539350748062,282.3080000016489
D:\Bartek\coding\biometria\facial_auth\celeba_subset\img_align_celeba\014739.jpg,1149,False,glasses,True,0.1906539350748062,318.3396000022185
D:\Bartek\coding\biometria\facial_auth\celeba_subset\img_align_celeba\131804.jpg,6136,False,mask,False,0.11970391869544983,288.52209999604383
D:\Bartek\coding\biometria\facial_auth\celeba_subset\img_align_celeba\131804.jpg,6136,False,mask,True,0.12376902997493744,11393.570499996713
D:\Bartek\coding\biometria\facial_auth\celeba_subset\img_align_celeba\151397.jpg,7103,False,glasses,False,0.00743983406573534,285.63560000475263
D:\Bartek\coding\biometria\facial_auth\celeba_subset\img_align_celeba\151397.jpg,7103,False,glasses,True,0.00743983406573534,296.95459999493323
D:\Bartek\coding\biometria\facial_auth\celeba_subset\img_align_celeba\100683.jpg,503,False,mask,False,0.3884623646736145,286.25459999602754
D:\Bartek\coding\biometria\facial_auth\celeba_subset\img_align_celeba\100683.jpg,503,False,mask,True,0.37684279680252075,295.69059999630554
D:\Bartek\coding\biometria\facial_auth\celeba_subset\img_align_celeba\113697.jpg,5872,False,glasses,False,-0.03495757281780243,301.33349999960046
D:\Bartek\coding\biometria\facial_auth\celeba_subset\img_align_celeba\113697.jpg,5872,False,glasses,True,-0.03495757281780243,300.9399000002304
D:\Bartek\coding\biometria\facial_auth\celeba_subset\img_align_celeba\054118.jpg,6456,False,mask,False,0.27433493733406067,297.73930000374094
D:\Bartek\coding\biometria\facial_auth\celeba_subset\img_align_celeba\054118.jpg,6456,False,mask,True,0.2711372375488281,11477.597599994624
D:\Bartek\coding\biometria\facial_auth\celeba_subset\img_align_celeba\053473.jpg,975,False,glasses,False,0.05173750966787338,305.72319999919273
D:\Bartek\coding\biometria\facial_auth\celeba_subset\img_align_celeba\053473.jpg,975,False,glasses,True,0.15111331641674042,325.63959999970393
D:\Bartek\coding\biometria\facial_auth\celeba_subset\img_align_celeba\121113.jpg,8748,False,mask,False,0.062372684478759766,303.9998999956879
D:\Bartek\coding\biometria\facial_auth\celeba_subset\img_align_celeba\121113.jpg,8748,False,mask,True,0.05567309260368347,11812.809399998514
D:\Bartek\coding\biometria\facial_auth\celeba_subset\img_align_celeba\178705.jpg,9000,False,glasses,False,-0.09270955622196198,286.91539999999804
D:\Bartek\coding\biometria\facial_auth\celeba_subset\img_align_celeba\178705.jpg,9000,False,glasses,True,-0.09270955622196198,292.8593000033288
D:\Bartek\coding\biometria\facial_auth\celeba_subset\img_align_celeba\149787.jpg,9939,False,mask,False,0.00643570814281702,287.41440000158036
D:\Bartek\coding\biometria\facial_auth\celeba_subset\img_align_celeba\149787.jpg,9939,False,mask,True,-0.010041363537311554,11385.238700000627
D:\Bartek\coding\biometria\facial_auth\celeba_subset\img_align_celeba\104676.jpg,9478,False,glasses,False,0.1395844668149948,284.03180000168504
D:\Bartek\coding\biometria\facial_auth\celeba_subset\img_align_celeba\104676.jpg,9478,False,glasses,True,0.1395844668149948,292.0924999998533
D:\Bartek\coding\biometria\facial_auth\celeba_subset\img_align_celeba\101059.jpg,1435,False,mask,False,0.021527668461203575,302.4671000021044
D:\Bartek\coding\biometria\facial_auth\celeba_subset\img_align_celeba\101059.jpg,1435,False,mask,True,0.021767036989331245,11401.998899993487
D:\Bartek\coding\biometria\facial_auth\celeba_subset\img_align_celeba\101818.jpg,5210,False,glasses,False,0.035218339413404465,296.8399000019417
D:\Bartek\coding\biometria\facial_auth\celeba_subset\img_align_celeba\101818.jpg,5210,False,glasses,True,0.035218339413404465,303.7070000063977
D:\Bartek\coding\biometria\facial_auth\celeba_subset\img_align_celeba\092350.jpg,6195,False,mask,False,0.48934781551361084,297.74819999875035
D:\Bartek\coding\biometria\facial_auth\celeba_subset\img_align_celeba\092350.jpg,6195,False,mask,True,0.41557663679122925,11443.698700000823
D:\Bartek\coding\biometria\facial_auth\celeba_subset\img_align_celeba\037113.jpg,655,False,glasses,False,0.07129482924938202,283.8335999986157
D:\Bartek\coding\biometria\facial_auth\celeba_subset\img_align_celeba\037113.jpg,655,False,glasses,True,0.07129482924938202,291.3410999972257
D:\Bartek\coding\biometria\facial_auth\celeba_subset\img_align_celeba\040371.jpg,205,False,mask,False,0.10457951575517654,290.13339999801246
D:\Bartek\coding\biometria\facial_auth\celeba_subset\img_align_celeba\040371.jpg,205,False,mask,True,0.10810364037752151,290.22319999785395
D:\Bartek\coding\biometria\facial_auth\celeba_subset\img_align_celeba\159470.jpg,9489,False,glasses,False,0.03115997277200222,303.50020000332734
D:\Bartek\coding\biometria\facial_auth\celeba_subset\img_align_celeba\159470.jpg,9489,False,glasses,True,0.03115997277200222,301.02379999880213
D:\Bartek\coding\biometria\facial_auth\celeba_subset\img_align_celeba\126707.jpg,5872,False,mask,False,0.1528088003396988,299.7650999968755
D:\Bartek\coding\biometria\facial_auth\celeba_subset\img_align_celeba\126707.jpg,5872,False,mask,True,0.1495806723833084,11562.68640000053
D:\Bartek\coding\biometria\facial_auth\celeba_subset\img_align_celeba\024848.jpg,1350,False,glasses,False,0.013296883553266525,309.1541000030702
D:\Bartek\coding\biometria\facial_auth\celeba_subset\img_align_celeba\024848.jpg,1350,False,glasses,True,0.013296883553266525,317.80799999978626
D:\Bartek\coding\biometria\facial_auth\celeba_subset\img_align_celeba\080402.jpg,655,False,mask,False,0.08020052313804626,291.36499999731313
D:\Bartek\coding\biometria\facial_auth\celeba_subset\img_align_celeba\080402.jpg,655,False,mask,True,0.10082288086414337,294.23740000493126
D:\Bartek\coding\biometria\facial_auth\celeba_subset\img_align_celeba\172444.jpg,5534,False,glasses,False,0.08332902938127518,305.1001999992877
D:\Bartek\coding\biometria\facial_auth\celeba_subset\img_align_celeba\172444.jpg,5534,False,glasses,True,0.08332902938127518,300.0654999996186
D:\Bartek\coding\biometria\facial_auth\celeba_subset\img_align_celeba\131984.jpg,8971,False,mask,False,0.05671657994389534,305.11529999785125
D:\Bartek\coding\biometria\facial_auth\celeba_subset\img_align_celeba\131984.jpg,8971,False,mask,True,0.010603715665638447,11390.105500002392
D:\Bartek\coding\biometria\facial_auth\celeba_subset\img_align_celeba\015976.jpg,4968,False,glasses,False,0.16482464969158173,293.8670000003185
D:\Bartek\coding\biometria\facial_auth\celeba_subset\img_align_celeba\015976.jpg,4968,False,glasses,True,0.16482464969158173,294.62319999583997
D:\Bartek\coding\biometria\facial_auth\celeba_subset\img_align_celeba\198564.jpg,205,False,mask,False,-0.0044572134502232075,292.9688000003807
D:\Bartek\coding\biometria\facial_auth\celeba_subset\img_align_celeba\198564.jpg,205,False,mask,True,0.007411679718643427,11391.501400001289
D:\Bartek\coding\biometria\facial_auth\celeba_subset\img_align_celeba\113004.jpg,6806,False,glasses,False,-0.004178699105978012,289.6275000020978
D:\Bartek\coding\biometria\facial_auth\celeba_subset\img_align_celeba\113004.jpg,6806,False,glasses,True,-0.004178699105978012,308.13990000024205
D:\Bartek\coding\biometria\facial_auth\celeba_subset\img_align_celeba\070670.jpg,8936,False,mask,False,0.08705832809209824,289.6277000036207
D:\Bartek\coding\biometria\facial_auth\celeba_subset\img_align_celeba\070670.jpg,8936,False,mask,True,0.08689294755458832,11488.43360000319
D:\Bartek\coding\biometria\facial_auth\celeba_subset\img_align_celeba\088356.jpg,2926,False,glasses,False,0.13809294998645782,293.9096999980393
D:\Bartek\coding\biometria\facial_auth\celeba_subset\img_align_celeba\088356.jpg,2926,False,glasses,True,0.13809294998645782,289.6872999990592
D:\Bartek\coding\biometria\facial_auth\celeba_subset\img_align_celeba\183511.jpg,9688,False,mask,False,0.02554345317184925,309.80409999756375
D:\Bartek\coding\biometria\facial_auth\celeba_subset\img_align_celeba\183511.jpg,9688,False,mask,True,0.01591506600379944,301.32189999858383
D:\Bartek\coding\biometria\facial_auth\celeba_subset\img_align_celeba\124559.jpg,4150,False,glasses,False,0.07251682132482529,298.99460000160616
D:\Bartek\coding\biometria\facial_auth\celeba_subset\img_align_celeba\124559.jpg,4150,False,glasses,True,0.07251682132482529,297.5589999987278
D:\Bartek\coding\biometria\facial_auth\celeba_subset\img_align_celeba\201525.jpg,6195,False,mask,False,0.37385526299476624,289.8209000049974
D:\Bartek\coding\biometria\facial_auth\celeba_subset\img_align_celeba\201525.jpg,6195,False,mask,True,0.3915849030017853,296.53130000224337
D:\Bartek\coding\biometria\facial_auth\celeba_subset\img_align_celeba\048242.jpg,9632,False,glasses,False,0.10499326884746552,303.9067999998224
D:\Bartek\coding\biometria\facial_auth\celeba_subset\img_align_celeba\048242.jpg,9632,False,glasses,True,0.10499326884746552,300.4432000016095
D:\Bartek\coding\biometria\facial_auth\celeba_subset\img_align_celeba\168354.jpg,6136,False,mask,False,0.13221138715744019,511.33769999432843
D:\Bartek\coding\biometria\facial_auth\celeba_subset\img_align_celeba\168354.jpg,6136,False,mask,True,0.13008691370487213,11449.679999997898
D:\Bartek\coding\biometria\facial_auth\celeba_subset\img_align_celeba\165501.jpg,6136,False,glasses,False,0.06947026401758194,292.1033000020543
D:\Bartek\coding\biometria\facial_auth\celeba_subset\img_align_celeba\165501.jpg,6136,False,glasses,True,0.06947026401758194,298.4890999941854
D:\Bartek\coding\biometria\facial_auth\celeba_subset\img_align_celeba\116525.jpg,6983,False,mask,False,0.1224730983376503,298.1115000002319
D:\Bartek\coding\biometria\facial_auth\celeba_subset\img_align_celeba\116525.jpg,6983,False,mask,True,0.036847393959760666,11821.416200000385
D:\Bartek\coding\biometria\facial_auth\celeba_subset\img_align_celeba\049378.jpg,5099,False,glasses,False,0.132911816239357,294.16979999950854
D:\Bartek\coding\biometria\facial_auth\celeba_subset\img_align_celeba\049378.jpg,5099,False,glasses,True,0.132911816239357,293.5130999976536
D:\Bartek\coding\biometria\facial_auth\celeba_subset\img_align_celeba\161323.jpg,8936,False,mask,False,0.09952051192522049,290.89870000461815
D:\Bartek\coding\biometria\facial_auth\celeba_subset\img_align_celeba\161323.jpg,8936,False,mask,True,0.10769787430763245,290.02020000189077
D:\Bartek\coding\biometria\facial_auth\celeba_subset\img_align_celeba\000864.jpg,2926,False,glasses,False,0.15694838762283325,298.58689999673516
D:\Bartek\coding\biometria\facial_auth\celeba_subset\img_align_celeba\000864.jpg,2926,False,glasses,True,0.15694838762283325,303.65200000233017
D:\Bartek\coding\biometria\facial_auth\celeba_subset\img_align_celeba\201059.jpg,6277,False,mask,False,0.05334045737981796,293.2594000012614
D:\Bartek\coding\biometria\facial_auth\celeba_subset\img_align_celeba\201059.jpg,6277,False,mask,True,0.06705347448587418,11291.994799998065
D:\Bartek\coding\biometria\facial_auth\celeba_subset\img_align_celeba\128933.jpg,5246,False,glasses,False,0.12947022914886475,301.5305000008084
D:\Bartek\coding\biometria\facial_auth\celeba_subset\img_align_celeba\128933.jpg,5246,False,glasses,True,0.12947022914886475,292.1952000033343
D:\Bartek\coding\biometria\facial_auth\celeba_subset\img_align_celeba\109461.jpg,4929,False,mask,False,0.03617117181420326,275.47819999745116
D:\Bartek\coding\biometria\facial_auth\celeba_subset\img_align_celeba\109461.jpg,4929,False,mask,True,0.025228291749954224,11464.39790000295
D:\Bartek\coding\biometria\facial_auth\celeba_subset\img_align_celeba\041283.jpg,6277,False,glasses,False,0.02618432231247425,286.21299999940675
D:\Bartek\coding\biometria\facial_auth\celeba_subset\img_align_celeba\041283.jpg,6277,False,glasses,True,0.02618432231247425,296.324499999173
D:\Bartek\coding\biometria\facial_auth\celeba_subset\img_align_celeba\202449.jpg,4936,False,mask,False,0.0675816684961319,300.22330000065267
D:\Bartek\coding\biometria\facial_auth\celeba_subset\img_align_celeba\202449.jpg,4936,False,mask,True,-0.031095115467905998,11403.333599999314
D:\Bartek\coding\biometria\facial_auth\celeba_subset\img_align_celeba\168314.jpg,9000,False,glasses,False,0.1368679255247116,292.9385000024922
D:\Bartek\coding\biometria\facial_auth\celeba_subset\img_align_celeba\168314.jpg,9000,False,glasses,True,0.1368679255247116,300.0393999973312
D:\Bartek\coding\biometria\facial_auth\celeba_subset\img_align_celeba\193551.jpg,2835,False,mask,False,0.04942077398300171,287.0840000032331
D:\Bartek\coding\biometria\facial_auth\celeba_subset\img_align_celeba\193551.jpg,2835,False,mask,True,0.10812555998563766,11390.48570000159
D:\Bartek\coding\biometria\facial_auth\celeba_subset\img_align_celeba\112169.jpg,9910,False,glasses,False,0.058417391031980515,292.3637000058079
D:\Bartek\coding\biometria\facial_auth\celeba_subset\img_align_celeba\112169.jpg,9910,False,glasses,True,0.058417391031980515,294.217499998922
D:\Bartek\coding\biometria\facial_auth\celeba_subset\img_align_celeba\086479.jpg,8834,False,mask,False,0.024248024448752403,273.9976000011666
D:\Bartek\coding\biometria\facial_auth\celeba_subset\img_align_celeba\086479.jpg,8834,False,mask,True,0.02394283190369606,11782.344999999623
D:\Bartek\coding\biometria\facial_auth\celeba_subset\img_align_celeba\130243.jpg,9489,False,glasses,False,0.02117731049656868,288.171299995156
D:\Bartek\coding\biometria\facial_auth\celeba_subset\img_align_celeba\130243.jpg,9489,False,glasses,True,0.02117731049656868,283.8456999961636
D:\Bartek\coding\biometria\facial_auth\celeba_subset\img_align_celeba\091739.jpg,5099,False,mask,False,0.04249471053481102,287.8837000025669
D:\Bartek\coding\biometria\facial_auth\celeba_subset\img_align_celeba\091739.jpg,5099,False,mask,True,0.17554894089698792,11400.70040000137
D:\Bartek\coding\biometria\facial_auth\celeba_subset\img_align_celeba\041326.jpg,9300,False,glasses,False,0.17610108852386475,305.04410000139615
D:\Bartek\coding\biometria\facial_auth\celeba_subset\img_align_celeba\041326.jpg,9300,False,glasses,True,0.17610108852386475,297.82459999842104
D:\Bartek\coding\biometria\facial_auth\celeba_subset\img_align_celeba\067812.jpg,9688,False,mask,False,0.03840149939060211,302.2426999959862
D:\Bartek\coding\biometria\facial_auth\celeba_subset\img_align_celeba\067812.jpg,9688,False,mask,True,0.04321962222456932,11393.172899995989
D:\Bartek\coding\biometria\facial_auth\celeba_subset\img_align_celeba\050399.jpg,5780,False,glasses,False,0.3160438537597656,296.76130000007106
D:\Bartek\coding\biometria\facial_auth\celeba_subset\img_align_celeba\050399.jpg,5780,False,glasses,True,0.3160438537597656,298.0784000028507
D:\Bartek\coding\biometria\facial_auth\celeba_subset\img_align_celeba\040216.jpg,1167,False,mask,False,0.06745399534702301,297.7522000001045
D:\Bartek\coding\biometria\facial_auth\celeba_subset\img_align_celeba\040216.jpg,1167,False,mask,True,0.14754080772399902,11377.741999996942
D:\Bartek\coding\biometria\facial_auth\celeba_subset\img_align_celeba\128970.jpg,5575,False,glasses,False,-0.01882922649383545,294.1638999982388
D:\Bartek\coding\biometria\facial_auth\celeba_subset\img_align_celeba\128970.jpg,5575,False,glasses,True,-0.01882922649383545,295.21569999633357
D:\Bartek\coding\biometria\facial_auth\celeba_subset\img_align_celeba\193291.jpg,7422,False,mask,False,0.5541572570800781,283.8491999937105
D:\Bartek\coding\biometria\facial_auth\celeba_subset\img_align_celeba\193291.jpg,7422,False,mask,True,0.5511701703071594,11375.68850000389
D:\Bartek\coding\biometria\facial_auth\celeba_subset\img_align_celeba\110682.jpg,9000,False,glasses,False,0.01767711341381073,290.12930000317283
D:\Bartek\coding\biometria\facial_auth\celeba_subset\img_align_celeba\110682.jpg,9000,False,glasses,True,0.01767711341381073,293.354300003557
D:\Bartek\coding\biometria\facial_auth\celeba_subset\img_align_celeba\074843.jpg,7422,False,mask,False,0.7758228778839111,292.9999999978463
D:\Bartek\coding\biometria\facial_auth\celeba_subset\img_align_celeba\074843.jpg,7422,False,mask,True,0.3884025812149048,11574.338600003102
D:\Bartek\coding\biometria\facial_auth\celeba_subset\img_align_celeba\141357.jpg,644,False,glasses,False,0.08701461553573608,286.1123000038788
D:\Bartek\coding\biometria\facial_auth\celeba_subset\img_align_celeba\141357.jpg,644,False,glasses,True,0.08701461553573608,291.1762000003364
D:\Bartek\coding\biometria\facial_auth\celeba_subset\img_align_celeba\037269.jpg,6368,False,mask,False,0.060290198773145676,294.6711000040523
D:\Bartek\coding\biometria\facial_auth\celeba_subset\img_align_celeba\037269.jpg,6368,False,mask,True,0.06124197319149971,11450.157699997362
D:\Bartek\coding\biometria\facial_auth\celeba_subset\img_align_celeba\149158.jpg,7524,False,glasses,False,0.04777450114488602,286.0265999988769
D:\Bartek\coding\biometria\facial_auth\celeba_subset\img_align_celeba\149158.jpg,7524,False,glasses,True,0.04777450114488602,288.37120000389405
D:\Bartek\coding\biometria\facial_auth\celeba_subset\img_align_celeba\161342.jpg,2835,False,mask,False,0.06537380069494247,284.38939999614377
D:\Bartek\coding\biometria\facial_auth\celeba_subset\img_align_celeba\161342.jpg,2835,False,mask,True,0.06664969772100449,11372.42900000274
D:\Bartek\coding\biometria\facial_auth\celeba_subset\img_align_celeba\019686.jpg,8748,False,glasses,False,0.11478251218795776,296.40849999850616
D:\Bartek\coding\biometria\facial_auth\celeba_subset\img_align_celeba\019686.jpg,8748,False,glasses,True,0.11478251218795776,293.87580000184244
D:\Bartek\coding\biometria\facial_auth\celeba_subset\img_align_celeba\103456.jpg,5127,False,mask,False,-0.00040894935955293477,285.0371000022278
D:\Bartek\coding\biometria\facial_auth\celeba_subset\img_align_celeba\103456.jpg,5127,False,mask,True,0.015164409764111042,11383.352400000149
D:\Bartek\coding\biometria\facial_auth\celeba_subset\img_align_celeba\192855.jpg,6086,False,glasses,False,0.10484369099140167,274.34619999985443
D:\Bartek\coding\biometria\facial_auth\celeba_subset\img_align_celeba\192855.jpg,6086,False,glasses,True,0.10484369099140167,288.26220000337344
D:\Bartek\coding\biometria\facial_auth\celeba_subset\img_align_celeba\188771.jpg,1154,False,mask,False,0.176883265376091,288.9498999938951
D:\Bartek\coding\biometria\facial_auth\celeba_subset\img_align_celeba\188771.jpg,1154,False,mask,True,0.15390121936798096,324.13249999808613
D:\Bartek\coding\biometria\facial_auth\celeba_subset\img_align_celeba\089186.jpg,7422,False,glasses,False,0.2686670422554016,298.5664999941946
D:\Bartek\coding\biometria\facial_auth\celeba_subset\img_align_celeba\089186.jpg,7422,False,glasses,True,0.2686670422554016,303.37449999933597
D:\Bartek\coding\biometria\facial_auth\celeba_subset\img_align_celeba\079338.jpg,6722,False,mask,False,0.06358996778726578,306.5980000028503
D:\Bartek\coding\biometria\facial_auth\celeba_subset\img_align_celeba\079338.jpg,6722,False,mask,True,0.11791370064020157,11604.729600003338
D:\Bartek\coding\biometria\facial_auth\celeba_subset\img_align_celeba\193087.jpg,3236,False,glasses,False,0.12825201451778412,293.2734999994864
D:\Bartek\coding\biometria\facial_auth\celeba_subset\img_align_celeba\193087.jpg,3236,False,glasses,True,0.12825201451778412,294.36449999775505
D:\Bartek\coding\biometria\facial_auth\celeba_subset\img_align_celeba\083656.jpg,4196,False,mask,False,0.33445125818252563,312.24359999760054
D:\Bartek\coding\biometria\facial_auth\celeba_subset\img_align_celeba\083656.jpg,4196,False,mask,True,0.33958178758621216,309.41530000563944
D:\Bartek\coding\biometria\facial_auth\celeba_subset\img_align_celeba\059009.jpg,4870,False,glasses,False,0.06701794266700745,289.9330000000191
D:\Bartek\coding\biometria\facial_auth\celeba_subset\img_align_celeba\059009.jpg,4870,False,glasses,True,0.06701794266700745,300.54519999976037
D:\Bartek\coding\biometria\facial_auth\celeba_subset\img_align_celeba\044004.jpg,2814,False,mask,False,0.02887486107647419,292.1559999958845
D:\Bartek\coding\biometria\facial_auth\celeba_subset\img_align_celeba\044004.jpg,2814,False,mask,True,0.029680004343390465,11346.30979999929
D:\Bartek\coding\biometria\facial_auth\celeba_subset\img_align_celeba\167772.jpg,1147,False,glasses,False,0.14632470905780792,295.29119999642717
D:\Bartek\coding\biometria\facial_auth\celeba_subset\img_align_celeba\167772.jpg,1147,False,glasses,True,0.14632470905780792,302.6437000007718
D:\Bartek\coding\biometria\facial_auth\celeba_subset\img_align_celeba\011852.jpg,8415,False,mask,False,0.05998313054442406,298.8222999993013
D:\Bartek\coding\biometria\facial_auth\celeba_subset\img_align_celeba\011852.jpg,8415,False,mask,True,0.08523126691579819,292.7423999935854
D:\Bartek\coding\biometria\facial_auth\celeba_subset\img_align_celeba\053934.jpg,7338,False,glasses,False,0.22442355751991272,291.4807999986806
D:\Bartek\coding\biometria\facial_auth\celeba_subset\img_align_celeba\053934.jpg,7338,False,glasses,True,0.22442355751991272,292.93820000020787
D:\Bartek\coding\biometria\facial_auth\celeba_subset\img_align_celeba\024996.jpg,8,False,mask,False,0.029508402571082115,292.3698000013246
D:\Bartek\coding\biometria\facial_auth\celeba_subset\img_align_celeba\024996.jpg,8,False,mask,True,0.027927245944738388,11360.714800001006
D:\Bartek\coding\biometria\facial_auth\celeba_subset\img_align_celeba\038818.jpg,6983,False,glasses,False,0.01010487973690033,287.62360000109766
D:\Bartek\coding\biometria\facial_auth\celeba_subset\img_align_celeba\038818.jpg,6983,False,glasses,True,0.01010487973690033,296.74250000243774
D:\Bartek\coding\biometria\facial_auth\celeba_subset\img_align_celeba\022715.jpg,5575,False,mask,False,0.1092192754149437,301.8145000023651
D:\Bartek\coding\biometria\facial_auth\celeba_subset\img_align_celeba\022715.jpg,5575,False,mask,True,0.13064821064472198,11437.880999998015
D:\Bartek\coding\biometria\facial_auth\celeba_subset\img_align_celeba\116504.jpg,1147,False,glasses,False,0.027434702962636948,285.4204999966896
D:\Bartek\coding\biometria\facial_auth\celeba_subset\img_align_celeba\116504.jpg,1147,False,glasses,True,0.027434702962636948,288.2861999969464
D:\Bartek\coding\biometria\facial_auth\celeba_subset\img_align_celeba\052615.jpg,9910,False,mask,False,0.9476342797279358,287.4295000001439
D:\Bartek\coding\biometria\facial_auth\celeba_subset\img_align_celeba\052615.jpg,9910,False,mask,True,0.9476342797279358,300.01659999834374
D:\Bartek\coding\biometria\facial_auth\celeba_subset\img_align_celeba\099087.jpg,4150,False,glasses,False,0.04092850908637047,292.6431999949273
D:\Bartek\coding\biometria\facial_auth\celeba_subset\img_align_celeba\099087.jpg,4150,False,glasses,True,0.04092850908637047,286.0207999983686
D:\Bartek\coding\biometria\facial_auth\celeba_subset\img_align_celeba\160672.jpg,878,False,mask,False,0.03796008974313736,303.20190000202274
D:\Bartek\coding\biometria\facial_auth\celeba_subset\img_align_celeba\160672.jpg,878,False,mask,True,0.03835073858499527,11411.796000000322
D:\Bartek\coding\biometria\facial_auth\celeba_subset\img_align_celeba\120391.jpg,8834,False,glasses,False,-0.0027544836048036814,296.7034000030253
D:\Bartek\coding\biometria\facial_auth\celeba_subset\img_align_celeba\120391.jpg,8834,False,glasses,True,-0.0027544836048036814,298.16939999727765
D:\Bartek\coding\biometria\facial_auth\celeba_subset\img_align_celeba\173304.jpg,4069,False,mask,False,0.06799697875976562,309.6053999979631
D:\Bartek\coding\biometria\facial_auth\celeba_subset\img_align_celeba\173304.jpg,4069,False,mask,True,0.046044375747442245,11730.328199999349
D:\Bartek\coding\biometria\facial_auth\celeba_subset\img_align_celeba\165054.jpg,6086,False,glasses,False,0.15509960055351257,298.12899999524234
D:\Bartek\coding\biometria\facial_auth\celeba_subset\img_align_celeba\165054.jpg,6086,False,glasses,True,0.15509960055351257,291.4203999971505
D:\Bartek\coding\biometria\facial_auth\celeba_subset\img_align_celeba\168123.jpg,8971,False,mask,False,0.054209038615226746,294.3629000001238
D:\Bartek\coding\biometria\facial_auth\celeba_subset\img_align_celeba\168123.jpg,8971,False,mask,True,0.04983394965529442,11345.156100003805
D:\Bartek\coding\biometria\facial_auth\celeba_subset\img_align_celeba\178458.jpg,6719,False,glasses,False,0.0210698414593935,295.7373999961419
D:\Bartek\coding\biometria\facial_auth\celeba_subset\img_align_celeba\178458.jpg,6719,False,glasses,True,0.0210698414593935,290.8573000022443
D:\Bartek\coding\biometria\facial_auth\celeba_subset\img_align_celeba\147233.jpg,7088,False,mask,False,0.14028874039649963,294.1878000056022
D:\Bartek\coding\biometria\facial_auth\celeba_subset\img_align_celeba\147233.jpg,7088,False,mask,True,0.1358131319284439,287.6825999992434
D:\Bartek\coding\biometria\facial_auth\celeba_subset\img_align_celeba\096131.jpg,4196,False,glasses,False,-0.003626928199082613,296.6277999948943
D:\Bartek\coding\biometria\facial_auth\celeba_subset\img_align_celeba\096131.jpg,4196,False,glasses,True,-0.003626928199082613,294.14629999519093
D:\Bartek\coding\biometria\facial_auth\celeba_subset\img_align_celeba\055785.jpg,7338,False,mask,False,0.1843305081129074,294.73629999847617
D:\Bartek\coding\biometria\facial_auth\celeba_subset\img_align_celeba\055785.jpg,7338,False,mask,True,0.18052901327610016,11360.435299997334
D:\Bartek\coding\biometria\facial_auth\celeba_subset\img_align_celeba\200957.jpg,5591,False,glasses,False,0.028124278411269188,289.05350000422914
D:\Bartek\coding\biometria\facial_auth\celeba_subset\img_align_celeba\200957.jpg,5591,False,glasses,True,0.028124278411269188,299.44160000013653
D:\Bartek\coding\biometria\facial_auth\celeba_subset\img_align_celeba\041086.jpg,1167,False,mask,False,0.11012355238199234,275.79440000408795
D:\Bartek\coding\biometria\facial_auth\celeba_subset\img_align_celeba\041086.jpg,1167,False,mask,True,0.15966260433197021,11497.372900004848
D:\Bartek\coding\biometria\facial_auth\celeba_subset\img_align_celeba\195695.jpg,5210,False,glasses,False,0.1277979165315628,293.6411999980919
D:\Bartek\coding\biometria\facial_auth\celeba_subset\img_align_celeba\195695.jpg,5210,False,glasses,True,0.1277979165315628,289.1511999987415
D:\Bartek\coding\biometria\facial_auth\celeba_subset\img_align_celeba\012679.jpg,6983,False,mask,False,0.12519685924053192,292.1922999958042
D:\Bartek\coding\biometria\facial_auth\celeba_subset\img_align_celeba\012679.jpg,6983,False,mask,True,0.12552553415298462,11607.481700004428
D:\Bartek\coding\biometria\facial_auth\celeba_subset\img_align_celeba\103053.jpg,5437,False,glasses,False,0.23722992837429047,283.4837999980664
D:\Bartek\coding\biometria\facial_auth\celeba_subset\img_align_celeba\103053.jpg,5437,False,glasses,True,0.23722992837429047,298.7892000019201
D:\Bartek\coding\biometria\facial_auth\celeba_subset\img_align_celeba\030626.jpg,8971,False,mask,False,0.04976283386349678,309.04840000584954
D:\Bartek\coding\biometria\facial_auth\celeba_subset\img_align_celeba\030626.jpg,8971,False,mask,True,0.06291735172271729,292.0583000013721
D:\Bartek\coding\biometria\facial_auth\celeba_subset\img_align_celeba\092052.jpg,1154,False,glasses,False,0.18033739924430847,284.5669000016642
D:\Bartek\coding\biometria\facial_auth\celeba_subset\img_align_celeba\092052.jpg,1154,False,glasses,True,0.18033739924430847,285.54979999898933
D:\Bartek\coding\biometria\facial_auth\celeba_subset\img_align_celeba\055493.jpg,2814,False,mask,False,-0.00792080257087946,285.7268000007025
D:\Bartek\coding\biometria\facial_auth\celeba_subset\img_align_celeba\055493.jpg,2814,False,mask,True,0.003737332532182336,11674.63790000329
D:\Bartek\coding\biometria\facial_auth\celeba_subset\img_align_celeba\194539.jpg,2835,False,glasses,False,0.17403367161750793,286.08100000565173
D:\Bartek\coding\biometria\facial_auth\celeba_subset\img_align_celeba\194539.jpg,2835,False,glasses,True,0.17403367161750793,296.08449999795994
D:\Bartek\coding\biometria\facial_auth\celeba_subset\img_align_celeba\006012.jpg,5780,False,mask,False,0.24620632827281952,298.6428000003798
D:\Bartek\coding\biometria\facial_auth\celeba_subset\img_align_celeba\006012.jpg,5780,False,mask,True,0.24679090082645416,11391.598100002739
D:\Bartek\coding\biometria\facial_auth\celeba_subset\img_align_celeba\143822.jpg,5437,False,glasses,False,0.02006053924560547,297.2892000034335
D:\Bartek\coding\biometria\facial_auth\celeba_subset\img_align_celeba\143822.jpg,5437,False,glasses,True,0.02006053924560547,284.5679000020027
D:\Bartek\coding\biometria\facial_auth\celeba_subset\img_align_celeba\011578.jpg,7253,False,mask,False,0.1262190341949463,286.38279999722727
D:\Bartek\coding\biometria\facial_auth\celeba_subset\img_align_celeba\011578.jpg,7253,False,mask,True,0.11763472855091095,11415.944299995317
D:\Bartek\coding\biometria\facial_auth\celeba_subset\img_align_celeba\175978.jpg,898,False,glasses,False,0.23383234441280365,286.3853999951971
D:\Bartek\coding\biometria\facial_auth\celeba_subset\img_align_celeba\175978.jpg,898,False,glasses,True,0.23383234441280365,282.2474999993574
D:\Bartek\coding\biometria\facial_auth\celeba_subset\img_align_celeba\185620.jpg,7338,False,mask,False,0.20813457667827606,288.0109000034281
D:\Bartek\coding\biometria\facial_auth\celeba_subset\img_align_celeba\185620.jpg,7338,False,mask,True,0.21929143369197845,292.3129999981029
D:\Bartek\coding\biometria\facial_auth\celeba_subset\img_align_celeba\101068.jpg,913,False,glasses,False,0.1146022230386734,297.81399999774294
D:\Bartek\coding\biometria\facial_auth\celeba_subset\img_align_celeba\101068.jpg,913,False,glasses,True,0.1146022230386734,298.0740999992122
D:\Bartek\coding\biometria\facial_auth\celeba_subset\img_align_celeba\093844.jpg,1154,False,mask,False,0.11256411671638489,295.9513000023435
D:\Bartek\coding\biometria\facial_auth\celeba_subset\img_align_celeba\093844.jpg,1154,False,mask,True,0.14317697286605835,11367.737299995497
D:\Bartek\coding\biometria\facial_auth\celeba_subset\img_align_celeba\081559.jpg,5672,False,glasses,False,0.06538140028715134,292.9375000021537
D:\Bartek\coding\biometria\facial_auth\celeba_subset\img_align_celeba\081559.jpg,5672,False,glasses,True,0.06538140028715134,295.6421999988379
D:\Bartek\coding\biometria\facial_auth\celeba_subset\img_align_celeba\018389.jpg,5190,False,mask,False,0.020496660843491554,304.5870999994804
D:\Bartek\coding\biometria\facial_auth\celeba_subset\img_align_celeba\018389.jpg,5190,False,mask,True,0.010886061005294323,11670.941900003527
D:\Bartek\coding\biometria\facial_auth\celeba_subset\img_align_celeba\199369.jpg,5033,False,glasses,False,0.1388300061225891,305.2333000014187
D:\Bartek\coding\biometria\facial_auth\celeba_subset\img_align_celeba\199369.jpg,5033,False,glasses,True,0.1388300061225891,294.1327999942587
D:\Bartek\coding\biometria\facial_auth\celeba_subset\img_align_celeba\070725.jpg,5575,False,mask,False,0.11953919380903244,289.57689999515424
D:\Bartek\coding\biometria\facial_auth\celeba_subset\img_align_celeba\070725.jpg,5575,False,mask,True,0.13561420142650604,299.23759999655886
D:\Bartek\coding\biometria\facial_auth\celeba_subset\img_align_celeba\144524.jpg,1167,False,glasses,False,0.07508384436368942,300.34019999584416
D:\Bartek\coding\biometria\facial_auth\celeba_subset\img_align_celeba\144524.jpg,1167,False,glasses,True,0.07508384436368942,289.2892999952892
D:\Bartek\coding\biometria\facial_auth\celeba_subset\img_align_celeba\172058.jpg,6195,False,mask,False,0.4974241852760315,299.4637000010698
D:\Bartek\coding\biometria\facial_auth\celeba_subset\img_align_celeba\172058.jpg,6195,False,mask,True,0.45860156416893005,11444.6683999995
D:\Bartek\coding\biometria\facial_auth\celeba_subset\img_align_celeba\010582.jpg,6136,False,glasses,False,0.1617647409439087,293.0366000000504
D:\Bartek\coding\biometria\facial_auth\celeba_subset\img_align_celeba\010582.jpg,6136,False,glasses,True,0.1617647409439087,302.87680000037653
D:\Bartek\coding\biometria\facial_auth\celeba_subset\img_align_celeba\083304.jpg,9828,False,mask,False,0.011794020421802998,303.38620000111405
D:\Bartek\coding\biometria\facial_auth\celeba_subset\img_align_celeba\083304.jpg,9828,False,mask,True,0.0634068101644516,11361.02569999639
D:\Bartek\coding\biometria\facial_auth\celeba_subset\img_align_celeba\192424.jpg,503,False,glasses,False,0.048434559255838394,295.4033999994863
D:\Bartek\coding\biometria\facial_auth\celeba_subset\img_align_celeba\192424.jpg,503,False,glasses,True,0.048434559255838394,297.28479999903357
D:\Bartek\coding\biometria\facial_auth\celeba_subset\img_align_celeba\158705.jpg,3236,False,mask,False,0.03443407267332077,298.16869999922346
D:\Bartek\coding\biometria\facial_auth\celeba_subset\img_align_celeba\158705.jpg,3236,False,mask,True,0.03426069766283035,11430.31670000346
D:\Bartek\coding\biometria\facial_auth\celeba_subset\img_align_celeba\125894.jpg,5033,False,glasses,False,0.17181949317455292,286.50950000155717
D:\Bartek\coding\biometria\facial_auth\celeba_subset\img_align_celeba\125894.jpg,5033,False,glasses,True,0.17181949317455292,298.69939999480266
D:\Bartek\coding\biometria\facial_auth\celeba_subset\img_align_celeba\069041.jpg,1154,False,mask,False,0.12813398241996765,301.39999999664724
D:\Bartek\coding\biometria\facial_auth\celeba_subset\img_align_celeba\069041.jpg,1154,False,mask,True,0.10777516663074493,294.24200000357814
D:\Bartek\coding\biometria\facial_auth\celeba_subset\img_align_celeba\020512.jpg,1147,False,glasses,False,0.06597622483968735,297.41459999786457
D:\Bartek\coding\biometria\facial_auth\celeba_subset\img_align_celeba\020512.jpg,1147,False,glasses,True,0.06597622483968735,293.16929999913555
D:\Bartek\coding\biometria\facial_auth\celeba_subset\img_align_celeba\120993.jpg,9093,False,mask,False,0.17804443836212158,292.07960000348976
D:\Bartek\coding\biometria\facial_auth\celeba_subset\img_align_celeba\120993.jpg,9093,False,mask,True,0.20947255194187164,296.83939999813447
D:\Bartek\coding\biometria\facial_auth\celeba_subset\img_align_celeba\182354.jpg,1350,False,glasses,False,0.058271024376153946,287.8167999951984
D:\Bartek\coding\biometria\facial_auth\celeba_subset\img_align_celeba\182354.jpg,1350,False,glasses,True,0.058271024376153946,301.4744000029168
D:\Bartek\coding\biometria\facial_auth\celeba_subset\img_align_celeba\141133.jpg,5033,False,mask,False,0.06442166864871979,288.29209999821614
D:\Bartek\coding\biometria\facial_auth\celeba_subset\img_align_celeba\141133.jpg,5033,False,mask,True,0.06405606120824814,11369.666699996742
D:\Bartek\coding\biometria\facial_auth\celeba_subset\img_align_celeba\164444.jpg,6528,False,glasses,False,0.09412659704685211,287.0102999950177
D:\Bartek\coding\biometria\facial_auth\celeba_subset\img_align_celeba\164444.jpg,6528,False,glasses,True,0.09412659704685211,293.8415000025998
D:\Bartek\coding\biometria\facial_auth\celeba_subset\img_align_celeba\035153.jpg,1435,False,mask,False,0.013647333718836308,300.55999999603955
D:\Bartek\coding\biometria\facial_auth\celeba_subset\img_align_celeba\035153.jpg,1435,False,mask,True,0.0741448625922203,11908.967100003792
D:\Bartek\coding\biometria\facial_auth\celeba_subset\img_align_celeba\081559.jpg,3877,False,glasses,False,0.13730022311210632,290.07900000578957
D:\Bartek\coding\biometria\facial_auth\celeba_subset\img_align_celeba\081559.jpg,3877,False,glasses,True,0.13730022311210632,296.14229999424424
D:\Bartek\coding\biometria\facial_auth\celeba_subset\img_align_celeba\109870.jpg,5922,False,mask,False,0.10438995063304901,307.87620000046445
D:\Bartek\coding\biometria\facial_auth\celeba_subset\img_align_celeba\109870.jpg,5922,False,mask,True,0.10335149616003036,11402.351600001566
D:\Bartek\coding\biometria\facial_auth\celeba_subset\img_align_celeba\188408.jpg,310,False,glasses,False,0.08747626841068268,287.28830000181915
D:\Bartek\coding\biometria\facial_auth\celeba_subset\img_align_celeba\188408.jpg,310,False,glasses,True,0.08747626841068268,297.44840000057593
D:\Bartek\coding\biometria\facial_auth\celeba_subset\img_align_celeba\180118.jpg,5033,False,mask,False,0.061325494199991226,292.7395000006072
D:\Bartek\coding\biometria\facial_auth\celeba_subset\img_align_celeba\180118.jpg,5033,False,mask,True,0.06105554848909378,11349.653199999011
D:\Bartek\coding\biometria\facial_auth\celeba_subset\img_align_celeba\154323.jpg,4929,False,glasses,False,0.06676114350557327,297.0800000039162
D:\Bartek\coding\biometria\facial_auth\celeba_subset\img_align_celeba\154323.jpg,4929,False,glasses,True,0.06676114350557327,283.625199997914
D:\Bartek\coding\biometria\facial_auth\celeba_subset\img_align_celeba\172411.jpg,8415,False,mask,False,0.06008376181125641,284.6837000033702
D:\Bartek\coding\biometria\facial_auth\celeba_subset\img_align_celeba\172411.jpg,8415,False,mask,True,0.06008376181125641,292.90640000544954
D:\Bartek\coding\biometria\facial_auth\celeba_subset\img_align_celeba\095777.jpg,5780,False,glasses,False,0.27598366141319275,298.81770000065444
D:\Bartek\coding\biometria\facial_auth\celeba_subset\img_align_celeba\095777.jpg,5780,False,glasses,True,0.27598366141319275,290.88400000182446
D:\Bartek\coding\biometria\facial_auth\celeba_subset\img_align_celeba\105095.jpg,4185,False,mask,False,0.09588250517845154,278.809800001909
D:\Bartek\coding\biometria\facial_auth\celeba_subset\img_align_celeba\105095.jpg,4185,False,mask,True,0.09845586121082306,11466.04970000044
D:\Bartek\coding\biometria\facial_auth\celeba_subset\img_align_celeba\181250.jpg,6136,False,glasses,False,0.22928963601589203,288.38269999687327
D:\Bartek\coding\biometria\facial_auth\celeba_subset\img_align_celeba\181250.jpg,6136,False,glasses,True,0.22928963601589203,291.03150000446476
D:\Bartek\coding\biometria\facial_auth\celeba_subset\img_align_celeba\177519.jpg,5791,False,mask,False,0.021846354007720947,299.39939999894705
D:\Bartek\coding\biometria\facial_auth\celeba_subset\img_align_celeba\177519.jpg,5791,False,mask,True,0.0427936427295208,11420.874199997343
D:\Bartek\coding\biometria\facial_auth\celeba_subset\img_align_celeba\015035.jpg,9300,False,glasses,False,0.1506902426481247,289.78400000050897
D:\Bartek\coding\biometria\facial_auth\celeba_subset\img_align_celeba\015035.jpg,9300,False,glasses,True,0.1506902426481247,303.12830000184476
D:\Bartek\coding\biometria\facial_auth\celeba_subset\img_align_celeba\008884.jpg,6170,False,mask,False,0.02239159308373928,291.34699999849545
D:\Bartek\coding\biometria\facial_auth\celeba_subset\img_align_celeba\008884.jpg,6170,False,mask,True,0.05983663350343704,293.30559999652905
D:\Bartek\coding\biometria\facial_auth\celeba_subset\img_align_celeba\133149.jpg,6722,False,glasses,False,0.10835061222314835,304.67569999746047
D:\Bartek\coding\biometria\facial_auth\celeba_subset\img_align_celeba\133149.jpg,6722,False,glasses,True,0.10835061222314835,291.1896000005072
D:\Bartek\coding\biometria\facial_auth\celeba_subset\img_align_celeba\200052.jpg,6528,False,mask,False,0.5473673939704895,297.3777000006521
D:\Bartek\coding\biometria\facial_auth\celeba_subset\img_align_celeba\200052.jpg,6528,False,mask,True,0.5953879356384277,11705.50809999986
D:\Bartek\coding\biometria\facial_auth\celeba_subset\img_align_celeba\111834.jpg,7253,False,glasses,False,0.12554016709327698,291.7769000050612
D:\Bartek\coding\biometria\facial_auth\celeba_subset\img_align_celeba\111834.jpg,7253,False,glasses,True,0.12554016709327698,286.1819999961881
D:\Bartek\coding\biometria\facial_auth\celeba_subset\img_align_celeba\055493.jpg,1154,False,mask,False,0.08943787217140198,296.1508000007598
D:\Bartek\coding\biometria\facial_auth\celeba_subset\img_align_celeba\055493.jpg,1154,False,mask,True,0.0971541479229927,292.15600000316044
D:\Bartek\coding\biometria\facial_auth\celeba_subset\img_align_celeba\076942.jpg,4196,False,glasses,False,0.1240936890244484,291.94730000017444
D:\Bartek\coding\biometria\facial_auth\celeba_subset\img_align_celeba\076942.jpg,4196,False,glasses,True,0.1240936890244484,296.8553000027896
D:\Bartek\coding\biometria\facial_auth\celeba_subset\img_align_celeba\149158.jpg,5190,False,mask,False,0.024038609117269516,295.581400001538
D:\Bartek\coding\biometria\facial_auth\celeba_subset\img_align_celeba\149158.jpg,5190,False,mask,True,0.0586383119225502,11400.225100005628
D:\Bartek\coding\biometria\facial_auth\celeba_subset\img_align_celeba\063877.jpg,2814,False,glasses,False,0.08817393332719803,286.5474999998696
D:\Bartek\coding\biometria\facial_auth\celeba_subset\img_align_celeba\063877.jpg,2814,False,glasses,True,0.08817393332719803,284.28680000070017
D:\Bartek\coding\biometria\facial_auth\celeba_subset\img_align_celeba\110433.jpg,6233,False,mask,False,0.24049092829227448,299.946799997997
D:\Bartek\coding\biometria\facial_auth\celeba_subset\img_align_celeba\110433.jpg,6233,False,mask,True,0.2594645023345947,11445.844699999725
D:\Bartek\coding\biometria\facial_auth\celeba_subset\img_align_celeba\182479.jpg,5575,False,glasses,False,0.011504788883030415,285.9122000008938
D:\Bartek\coding\biometria\facial_auth\celeba_subset\img_align_celeba\182479.jpg,5575,False,glasses,True,0.011504788883030415,296.2954999966314
D:\Bartek\coding\biometria\facial_auth\celeba_subset\img_align_celeba\014101.jpg,2177,False,mask,False,0.9024106860160828,298.65650000283495
D:\Bartek\coding\biometria\facial_auth\celeba_subset\img_align_celeba\014101.jpg,2177,False,mask,True,0.9024665355682373,301.5688000014052
D:\Bartek\coding\biometria\facial_auth\celeba_subset\img_align_celeba\055694.jpg,9632,False,glasses,False,0.28366389870643616,303.7320000003092
D:\Bartek\coding\biometria\facial_auth\celeba_subset\img_align_celeba\055694.jpg,9632,False,glasses,True,0.28366389870643616,300.0002000044333
D:\Bartek\coding\biometria\facial_auth\celeba_subset\img_align_celeba\173283.jpg,205,False,mask,False,0.04002095386385918,306.7762999999104
D:\Bartek\coding\biometria\facial_auth\celeba_subset\img_align_celeba\173283.jpg,205,False,mask,True,0.0425238311290741,288.46310000517406
D:\Bartek\coding\biometria\facial_auth\celeba_subset\img_align_celeba\121387.jpg,6277,False,glasses,False,-0.017855467274785042,287.2907999990275
D:\Bartek\coding\biometria\facial_auth\celeba_subset\img_align_celeba\121387.jpg,6277,False,glasses,True,-0.017855467274785042,295.0959999943734
D:\Bartek\coding\biometria\facial_auth\celeba_subset\img_align_celeba\069706.jpg,190,False,mask,False,0.11098094284534454,287.59960000024876
D:\Bartek\coding\biometria\facial_auth\celeba_subset\img_align_celeba\069706.jpg,190,False,mask,True,0.11103207617998123,11407.558500002779
D:\Bartek\coding\biometria\facial_auth\celeba_subset\img_align_celeba\028061.jpg,5656,False,glasses,False,0.18741221725940704,290.27390000555897
D:\Bartek\coding\biometria\facial_auth\celeba_subset\img_align_celeba\028061.jpg,5656,False,glasses,True,0.18741221725940704,294.2200000034063
D:\Bartek\coding\biometria\facial_auth\celeba_subset\img_align_celeba\133397.jpg,4929,False,mask,False,0.015956392511725426,301.94140000094194
D:\Bartek\coding\biometria\facial_auth\celeba_subset\img_align_celeba\133397.jpg,4929,False,mask,True,-0.004016049671918154,12090.28070000204
D:\Bartek\coding\biometria\facial_auth\celeba_subset\img_align_celeba\127806.jpg,2177,False,glasses,False,0.12704171240329742,306.1290999976336
D:\Bartek\coding\biometria\facial_auth\celeba_subset\img_align_celeba\127806.jpg,2177,False,glasses,True,0.12704171240329742,309.53170000429964
D:\Bartek\coding\biometria\facial_auth\celeba_subset\img_align_celeba\150975.jpg,5534,False,mask,False,0.08078176528215408,294.7252000012668
D:\Bartek\coding\biometria\facial_auth\celeba_subset\img_align_celeba\150975.jpg,5534,False,mask,True,0.04321330785751343,11360.482399999455
D:\Bartek\coding\biometria\facial_auth\celeba_subset\img_align_celeba\005886.jpg,4150,False,glasses,False,0.1600862443447113,288.3640000000014
D:\Bartek\coding\biometria\facial_auth\celeba_subset\img_align_celeba\005886.jpg,4150,False,glasses,True,0.1600862443447113,292.9604999953881
D:\Bartek\coding\biometria\facial_auth\celeba_subset\img_align_celeba\151648.jpg,5534,False,mask,False,0.09009268879890442,289.1702999986592
D:\Bartek\coding\biometria\facial_auth\celeba_subset\img_align_celeba\151648.jpg,5534,False,mask,True,0.08963900804519653,11332.478999996965
D:\Bartek\coding\biometria\facial_auth\celeba_subset\img_align_celeba\118162.jpg,6806,False,glasses,False,0.02891552820801735,281.4126000012038
D:\Bartek\coding\biometria\facial_auth\celeba_subset\img_align_celeba\118162.jpg,6806,False,glasses,True,0.02891552820801735,284.61889999744017
D:\Bartek\coding\biometria\facial_auth\celeba_subset\img_align_celeba\106201.jpg,8,False,mask,False,0.018126223236322403,304.9532000004547
D:\Bartek\coding\biometria\facial_auth\celeba_subset\img_align_celeba\106201.jpg,8,False,mask,True,0.0527484305202961,11347.087999994983
D:\Bartek\coding\biometria\facial_auth\celeba_subset\img_align_celeba\065152.jpg,8936,False,glasses,False,0.1163446232676506,293.1495000011637
D:\Bartek\coding\biometria\facial_auth\celeba_subset\img_align_celeba\065152.jpg,8936,False,glasses,True,0.1163446232676506,290.4158000019379
D:\Bartek\coding\biometria\facial_auth\celeba_subset\img_align_celeba\111834.jpg,6086,False,mask,False,0.10520782321691513,486.6429999965476
D:\Bartek\coding\biometria\facial_auth\celeba_subset\img_align_celeba\111834.jpg,6086,False,mask,True,0.14439062774181366,11527.03389999806
D:\Bartek\coding\biometria\facial_auth\celeba_subset\img_align_celeba\113315.jpg,9828,False,glasses,False,-0.032292742282152176,285.7833000016399
D:\Bartek\coding\biometria\facial_auth\celeba_subset\img_align_celeba\113315.jpg,9828,False,glasses,True,-0.032292742282152176,279.32590000273194
D:\Bartek\coding\biometria\facial_auth\celeba_subset\img_align_celeba\039497.jpg,5575,False,mask,False,0.12873110175132751,287.91540000383975
D:\Bartek\coding\biometria\facial_auth\celeba_subset\img_align_celeba\039497.jpg,5575,False,mask,True,0.12929542362689972,11772.60610000667
D:\Bartek\coding\biometria\facial_auth\celeba_subset\img_align_celeba\140559.jpg,5033,False,glasses,False,0.07602718472480774,287.72680000110995
D:\Bartek\coding\biometria\facial_auth\celeba_subset\img_align_celeba\140559.jpg,5033,False,glasses,True,0.07602718472480774,282.68430000025546
D:\Bartek\coding\biometria\facial_auth\celeba_subset\img_align_celeba\161504.jpg,8971,False,mask,False,0.029395852237939835,285.826300001645
D:\Bartek\coding\biometria\facial_auth\celeba_subset\img_align_celeba\161504.jpg,8971,False,mask,True,0.029112963005900383,11393.946200005303
D:\Bartek\coding\biometria\facial_auth\celeba_subset\img_align_celeba\178976.jpg,7338,False,glasses,False,0.13681325316429138,294.26670000248123
D:\Bartek\coding\biometria\facial_auth\celeba_subset\img_align_celeba\178976.jpg,7338,False,glasses,True,0.13681325316429138,297.4960000065039
D:\Bartek\coding\biometria\facial_auth\celeba_subset\img_align_celeba\114750.jpg,9144,False,mask,False,0.18870045244693756,291.7066000009072
D:\Bartek\coding\biometria\facial_auth\celeba_subset\img_align_celeba\114750.jpg,9144,False,mask,True,0.17487378418445587,11347.108599999046
D:\Bartek\coding\biometria\facial_auth\celeba_subset\img_align_celeba\033057.jpg,1167,False,glasses,False,5.513988435268402e-05,284.7795999987284
D:\Bartek\coding\biometria\facial_auth\celeba_subset\img_align_celeba\033057.jpg,1167,False,glasses,True,5.513988435268402e-05,294.5460999981151
D:\Bartek\coding\biometria\facial_auth\celeba_subset\img_align_celeba\031727.jpg,5127,False,mask,False,0.010597183369100094,294.99399999622256
D:\Bartek\coding\biometria\facial_auth\celeba_subset\img_align_celeba\031727.jpg,5127,False,mask,True,-0.03214266151189804,11340.630200000305
D:\Bartek\coding\biometria\facial_auth\celeba_subset\img_align_celeba\156886.jpg,5656,False,glasses,False,-0.008309951052069664,298.84409999795025
D:\Bartek\coding\biometria\facial_auth\celeba_subset\img_align_celeba\156886.jpg,5656,False,glasses,True,-0.008309951052069664,295.28539999591885
D:\Bartek\coding\biometria\facial_auth\celeba_subset\img_align_celeba\088937.jpg,205,False,mask,False,0.04569532722234726,296.9228000001749
D:\Bartek\coding\biometria\facial_auth\celeba_subset\img_align_celeba\088937.jpg,205,False,mask,True,0.040939901024103165,11447.951499998453
D:\Bartek\coding\biometria\facial_auth\celeba_subset\img_align_celeba\008183.jpg,2814,False,glasses,False,0.15668851137161255,292.6538000028813
D:\Bartek\coding\biometria\facial_auth\celeba_subset\img_align_celeba\008183.jpg,2814,False,glasses,True,0.15668851137161255,296.91149999416666
D:\Bartek\coding\biometria\facial_auth\celeba_subset\img_align_celeba\196183.jpg,5190,False,mask,False,0.005701121408492327,287.91419999470236
D:\Bartek\coding\biometria\facial_auth\celeba_subset\img_align_celeba\196183.jpg,5190,False,mask,True,0.015684597194194794,291.43240000121295
D:\Bartek\coding\biometria\facial_auth\celeba_subset\img_align_celeba\004284.jpg,5210,False,glasses,False,0.15156669914722443,293.1287999963388
D:\Bartek\coding\biometria\facial_auth\celeba_subset\img_align_celeba\004284.jpg,5210,False,glasses,True,0.15156669914722443,293.4556000036537
D:\Bartek\coding\biometria\facial_auth\celeba_subset\img_align_celeba\116833.jpg,9478,False,mask,False,0.04305090382695198,288.2071999993059
D:\Bartek\coding\biometria\facial_auth\celeba_subset\img_align_celeba\116833.jpg,9478,False,mask,True,0.06892792880535126,11593.435599999793
D:\Bartek\coding\biometria\facial_auth\celeba_subset\img_align_celeba\170958.jpg,1147,False,glasses,False,0.22422215342521667,294.9789999984205
D:\Bartek\coding\biometria\facial_auth\celeba_subset\img_align_celeba\170958.jpg,1147,False,glasses,True,0.22422215342521667,284.67620000446914
D:\Bartek\coding\biometria\facial_auth\celeba_subset\img_align_celeba\001618.jpg,9632,False,mask,False,0.050365425646305084,291.57929999928456
D:\Bartek\coding\biometria\facial_auth\celeba_subset\img_align_celeba\001618.jpg,9632,False,mask,True,0.05764136463403702,292.8933000002871
D:\Bartek\coding\biometria\facial_auth\celeba_subset\img_align_celeba\017430.jpg,913,False,glasses,False,-0.005336836911737919,283.90529999887804
D:\Bartek\coding\biometria\facial_auth\celeba_subset\img_align_celeba\017430.jpg,913,False,glasses,True,-0.005336836911737919,291.5521999966586
D:\Bartek\coding\biometria\facial_auth\celeba_subset\img_align_celeba\085275.jpg,5210,False,mask,False,-0.004976040218025446,287.0353000034811
D:\Bartek\coding\biometria\facial_auth\celeba_subset\img_align_celeba\085275.jpg,5210,False,mask,True,0.03768594190478325,11343.961700004002
D:\Bartek\coding\biometria\facial_auth\celeba_subset\img_align_celeba\018606.jpg,644,False,glasses,False,0.12606333196163177,297.5181000001612
D:\Bartek\coding\biometria\facial_auth\celeba_subset\img_align_celeba\018606.jpg,644,False,glasses,True,0.12606333196163177,294.46489999827463
D:\Bartek\coding\biometria\facial_auth\celeba_subset\img_align_celeba\049695.jpg,878,False,mask,False,0.017108837142586708,310.57829999917885
D:\Bartek\coding\biometria\facial_auth\celeba_subset\img_align_celeba\049695.jpg,878,False,mask,True,-0.016108686104416847,11330.342300003394
D:\Bartek\coding\biometria\facial_auth\celeba_subset\img_align_celeba\052594.jpg,6719,False,glasses,False,0.05968734622001648,278.37819999695057
D:\Bartek\coding\biometria\facial_auth\celeba_subset\img_align_celeba\052594.jpg,6719,False,glasses,True,0.05968734622001648,285.0322000012966
D:\Bartek\coding\biometria\facial_auth\celeba_subset\img_align_celeba\146485.jpg,5238,False,mask,False,0.025809478014707565,283.7634999959846
D:\Bartek\coding\biometria\facial_auth\celeba_subset\img_align_celeba\146485.jpg,5238,False,mask,True,0.024987265467643738,11471.179100000882
D:\Bartek\coding\biometria\facial_auth\celeba_subset\img_align_celeba\143996.jpg,3336,False,glasses,False,0.15289375185966492,292.9124000002048
D:\Bartek\coding\biometria\facial_auth\celeba_subset\img_align_celeba\143996.jpg,3336,False,glasses,True,0.15289375185966492,291.83130000456003
D:\Bartek\coding\biometria\facial_auth\celeba_subset\img_align_celeba\086203.jpg,655,False,mask,False,0.09542243927717209,293.5711999962223
D:\Bartek\coding\biometria\facial_auth\celeba_subset\img_align_celeba\086203.jpg,655,False,mask,True,0.04506126046180725,11336.835399997653
D:\Bartek\coding\biometria\facial_auth\celeba_subset\img_align_celeba\158538.jpg,6170,False,glasses,False,0.028796102851629257,291.082900002948
D:\Bartek\coding\biometria\facial_auth\celeba_subset\img_align_celeba\158538.jpg,6170,False,glasses,True,0.028796102851629257,292.5900000045658
D:\Bartek\coding\biometria\facial_auth\celeba_subset\img_align_celeba\025713.jpg,1154,False,mask,False,0.10128256678581238,303.6917000063113
D:\Bartek\coding\biometria\facial_auth\celeba_subset\img_align_celeba\025713.jpg,1154,False,mask,True,0.10072977840900421,11594.484200002626
D:\Bartek\coding\biometria\facial_auth\celeba_subset\img_align_celeba\100818.jpg,6368,False,glasses,False,-0.04393836483359337,287.88840000197524
D:\Bartek\coding\biometria\facial_auth\celeba_subset\img_align_celeba\100818.jpg,6368,False,glasses,True,-0.04393836483359337,294.08040000271285
D:\Bartek\coding\biometria\facial_auth\celeba_subset\img_align_celeba\069373.jpg,9939,False,mask,False,-0.001658531022258103,286.66130000056
D:\Bartek\coding\biometria\facial_auth\celeba_subset\img_align_celeba\069373.jpg,9939,False,mask,True,0.0014379938365891576,11422.808399998758
D:\Bartek\coding\biometria\facial_auth\celeba_subset\img_align_celeba\171618.jpg,6195,False,glasses,False,0.04365970566868782,289.3377000000328
D:\Bartek\coding\biometria\facial_auth\celeba_subset\img_align_celeba\171618.jpg,6195,False,glasses,True,0.04365970566868782,303.21050000202376
D:\Bartek\coding\biometria\facial_auth\celeba_subset\img_align_celeba\148258.jpg,8748,False,mask,False,0.09587574005126953,301.8255999995745
D:\Bartek\coding\biometria\facial_auth\celeba_subset\img_align_celeba\148258.jpg,8748,False,mask,True,0.04544243961572647,11352.796899998793
D:\Bartek\coding\biometria\facial_auth\celeba_subset\img_align_celeba\042709.jpg,4069,False,glasses,False,0.07998724281787872,294.7044000029564
D:\Bartek\coding\biometria\facial_auth\celeba_subset\img_align_celeba\042709.jpg,4069,False,glasses,True,0.07998724281787872,298.60390000249026
D:\Bartek\coding\biometria\facial_auth\celeba_subset\img_align_celeba\030591.jpg,644,False,mask,False,0.042261917144060135,289.6716000032029
D:\Bartek\coding\biometria\facial_auth\celeba_subset\img_align_celeba\030591.jpg,644,False,mask,True,0.02200358733534813,11327.610400003323
D:\Bartek\coding\biometria\facial_auth\celeba_subset\img_align_celeba\165477.jpg,5099,False,glasses,False,0.014925535768270493,284.1922000006889
D:\Bartek\coding\biometria\facial_auth\celeba_subset\img_align_celeba\165477.jpg,5099,False,glasses,True,0.014925535768270493,290.7950000007986
D:\Bartek\coding\biometria\facial_auth\celeba_subset\img_align_celeba\163345.jpg,9939,False,mask,False,0.00026288628578186035,303.44020000484306
D:\Bartek\coding\biometria\facial_auth\celeba_subset\img_align_celeba\163345.jpg,9939,False,mask,True,-0.015005338005721569,11577.363099997456
D:\Bartek\coding\biometria\facial_auth\celeba_subset\img_align_celeba\109274.jpg,8,False,glasses,False,0.03928156569600105,228.41400000470458
D:\Bartek\coding\biometria\facial_auth\celeba_subset\img_align_celeba\109274.jpg,8,False,glasses,True,0.03928156569600105,216.86130000307458
D:\Bartek\coding\biometria\facial_auth\celeba_subset\img_align_celeba\066565.jpg,2177,False,mask,False,0.9033776521682739,297.07040000357665
D:\Bartek\coding\biometria\facial_auth\celeba_subset\img_align_celeba\066565.jpg,2177,False,mask,True,0.5574341416358948,11530.764600000111
D:\Bartek\coding\biometria\facial_auth\celeba_subset\img_align_celeba\161733.jpg,503,False,glasses,False,0.09011628478765488,215.38429999782238
D:\Bartek\coding\biometria\facial_auth\celeba_subset\img_align_celeba\161733.jpg,503,False,glasses,True,0.09011628478765488,211.66570000059437
D:\Bartek\coding\biometria\facial_auth\celeba_subset\img_align_celeba\158553.jpg,205,False,mask,False,0.019548846408724785,285.887999998522
D:\Bartek\coding\biometria\facial_auth\celeba_subset\img_align_celeba\158553.jpg,205,False,mask,True,0.014996085315942764,11509.651100001065
D:\Bartek\coding\biometria\facial_auth\celeba_subset\img_align_celeba\033933.jpg,9910,False,glasses,False,0.011732705868780613,289.4908000016585
D:\Bartek\coding\biometria\facial_auth\celeba_subset\img_align_celeba\033933.jpg,9910,False,glasses,True,0.011732705868780613,294.18960000475636
D:\Bartek\coding\biometria\facial_auth\celeba_subset\img_align_celeba\084944.jpg,8748,False,mask,False,0.057767581194639206,295.31029999634484
D:\Bartek\coding\biometria\facial_auth\celeba_subset\img_align_celeba\084944.jpg,8748,False,mask,True,0.060307834297418594,301.0329000026104
D:\Bartek\coding\biometria\facial_auth\celeba_subset\img_align_celeba\024910.jpg,9910,False,glasses,False,0.11471808701753616,287.74279999925056
D:\Bartek\coding\biometria\facial_auth\celeba_subset\img_align_celeba\024910.jpg,9910,False,glasses,True,0.11471808701753616,288.8549999988754
D:\Bartek\coding\biometria\facial_auth\celeba_subset\img_align_celeba\083656.jpg,9478,False,mask,False,0.024054942652583122,307.21929999708664
D:\Bartek\coding\biometria\facial_auth\celeba_subset\img_align_celeba\083656.jpg,9478,False,mask,True,0.0282918531447649,293.93159999744967
D:\Bartek\coding\biometria\facial_auth\celeba_subset\img_align_celeba\076179.jpg,9939,False,glasses,False,0.024051537737250328,296.6649000009056
D:\Bartek\coding\biometria\facial_auth\celeba_subset\img_align_celeba\076179.jpg,9939,False,glasses,True,0.024051537737250328,297.38799999904586
D:\Bartek\coding\biometria\facial_auth\celeba_subset\img_align_celeba\042113.jpg,6136,False,mask,False,0.11534451693296432,286.120500000834
D:\Bartek\coding\biometria\facial_auth\celeba_subset\img_align_celeba\042113.jpg,6136,False,mask,True,0.10842221975326538,281.20399999897927
D:\Bartek\coding\biometria\facial_auth\celeba_subset\img_align_celeba\122365.jpg,4936,False,glasses,False,0.0008979937992990017,297.2561999995378
D:\Bartek\coding\biometria\facial_auth\celeba_subset\img_align_celeba\122365.jpg,4936,False,glasses,True,0.0008979937992990017,292.44330000074115
D:\Bartek\coding\biometria\facial_auth\celeba_subset\img_align_celeba\007272.jpg,2926,False,mask,False,0.02661857008934021,286.34320000128355
D:\Bartek\coding\biometria\facial_auth\celeba_subset\img_align_celeba\007272.jpg,2926,False,mask,True,0.03623203560709953,11724.788999999873
D:\Bartek\coding\biometria\facial_auth\celeba_subset\img_align_celeba\048199.jpg,1435,False,glasses,False,0.1233232319355011,291.8216999969445
D:\Bartek\coding\biometria\facial_auth\celeba_subset\img_align_celeba\048199.jpg,1435,False,glasses,True,0.1233232319355011,286.47389999969164
D:\Bartek\coding\biometria\facial_auth\celeba_subset\img_align_celeba\181054.jpg,9688,False,mask,False,0.04074941575527191,294.54279999481514
D:\Bartek\coding\biometria\facial_auth\celeba_subset\img_align_celeba\181054.jpg,9688,False,mask,True,0.04043680801987648,292.66179999831365
D:\Bartek\coding\biometria\facial_auth\celeba_subset\img_align_celeba\135492.jpg,5534,False,glasses,False,0.02440807782113552,295.26220000116155
D:\Bartek\coding\biometria\facial_auth\celeba_subset\img_align_celeba\135492.jpg,5534,False,glasses,True,0.02440807782113552,296.3263999990886
D:\Bartek\coding\biometria\facial_auth\celeba_subset\img_align_celeba\175087.jpg,898,False,mask,False,0.30537986755371094,285.94349999912083
D:\Bartek\coding\biometria\facial_auth\celeba_subset\img_align_celeba\175087.jpg,898,False,mask,True,0.2937503457069397,11568.008800000825
D:\Bartek\coding\biometria\facial_auth\celeba_subset\img_align_celeba\016528.jpg,4659,False,glasses,False,0.1100258007645607,294.33939999580616
D:\Bartek\coding\biometria\facial_auth\celeba_subset\img_align_celeba\016528.jpg,4659,False,glasses,True,0.1100258007645607,303.12570000387495
D:\Bartek\coding\biometria\facial_auth\celeba_subset\img_align_celeba\028310.jpg,3336,False,mask,False,0.061219364404678345,305.64520000189077
D:\Bartek\coding\biometria\facial_auth\celeba_subset\img_align_celeba\028310.jpg,3336,False,mask,True,0.07032200694084167,11729.529100004584
D:\Bartek\coding\biometria\facial_auth\celeba_subset\img_align_celeba\190011.jpg,6983,False,glasses,False,0.08835987746715546,298.5467999969842
D:\Bartek\coding\biometria\facial_auth\celeba_subset\img_align_celeba\190011.jpg,6983,False,glasses,True,0.08835987746715546,298.99550000118325
D:\Bartek\coding\biometria\facial_auth\celeba_subset\img_align_celeba\023774.jpg,1128,False,mask,False,0.038619447499513626,288.9718000005814
D:\Bartek\coding\biometria\facial_auth\celeba_subset\img_align_celeba\023774.jpg,1128,False,mask,True,0.041691333055496216,292.5461999984691
D:\Bartek\coding\biometria\facial_auth\celeba_subset\img_align_celeba\167917.jpg,5591,False,glasses,False,0.3083087205886841,295.26569999870844
D:\Bartek\coding\biometria\facial_auth\celeba_subset\img_align_celeba\167917.jpg,5591,False,glasses,True,0.3083087205886841,297.5492000041413
D:\Bartek\coding\biometria\facial_auth\celeba_subset\img_align_celeba\015741.jpg,5591,False,mask,False,0.16963225603103638,288.6833000011393
D:\Bartek\coding\biometria\facial_auth\celeba_subset\img_align_celeba\015741.jpg,5591,False,mask,True,0.16570687294006348,11379.01520000014
D:\Bartek\coding\biometria\facial_auth\celeba_subset\img_align_celeba\033721.jpg,9939,False,glasses,False,0.005211700219660997,296.48330000054557
D:\Bartek\coding\biometria\facial_auth\celeba_subset\img_align_celeba\033721.jpg,9939,False,glasses,True,0.005211700219660997,292.70090000500204
D:\Bartek\coding\biometria\facial_auth\celeba_subset\img_align_celeba\010163.jpg,9000,False,mask,False,0.01321082841604948,270.00020000559743
D:\Bartek\coding\biometria\facial_auth\celeba_subset\img_align_celeba\010163.jpg,9000,False,mask,True,0.09850190579891205,11461.037799999758
D:\Bartek\coding\biometria\facial_auth\celeba_subset\img_align_celeba\180972.jpg,9489,False,glasses,False,0.09138251096010208,293.64709999936167
D:\Bartek\coding\biometria\facial_auth\celeba_subset\img_align_celeba\180972.jpg,9489,False,glasses,True,0.09138251096010208,294.52849999506725
D:\Bartek\coding\biometria\facial_auth\celeba_subset\img_align_celeba\131881.jpg,8091,False,mask,False,0.05825606733560562,292.69360000034794
D:\Bartek\coding\biometria\facial_auth\celeba_subset\img_align_celeba\131881.jpg,8091,False,mask,True,0.0675925463438034,300.9447000004002
D:\Bartek\coding\biometria\facial_auth\celeba_subset\img_align_celeba\030458.jpg,3200,False,glasses,False,0.17419429123401642,285.46579999965616
D:\Bartek\coding\biometria\facial_auth\celeba_subset\img_align_celeba\030458.jpg,3200,False,glasses,True,0.17419429123401642,287.07350000331644
D:\Bartek\coding\biometria\facial_auth\celeba_subset\img_align_celeba\150698.jpg,9828,False,mask,False,0.03286890685558319,291.077599998971
D:\Bartek\coding\biometria\facial_auth\celeba_subset\img_align_celeba\150698.jpg,9828,False,mask,True,0.03573497384786606,11609.439599997131
D:\Bartek\coding\biometria\facial_auth\celeba_subset\img_align_celeba\168624.jpg,5648,False,glasses,False,0.011276278644800186,286.02780000073835
D:\Bartek\coding\biometria\facial_auth\celeba_subset\img_align_celeba\168624.jpg,5648,False,glasses,True,0.011276278644800186,295.90489999827696
D:\Bartek\coding\biometria\facial_auth\celeba_subset\img_align_celeba\100648.jpg,8748,False,mask,False,0.08003326505422592,317.216900002677
D:\Bartek\coding\biometria\facial_auth\celeba_subset\img_align_celeba\100648.jpg,8748,False,mask,True,0.16090381145477295,11437.526900001103
D:\Bartek\coding\biometria\facial_auth\celeba_subset\img_align_celeba\023457.jpg,1104,False,glasses,False,-0.016431109979748726,288.5766999970656
D:\Bartek\coding\biometria\facial_auth\celeba_subset\img_align_celeba\023457.jpg,1104,False,glasses,True,-0.016431109979748726,308.5265999980038
D:\Bartek\coding\biometria\facial_auth\celeba_subset\img_align_celeba\198511.jpg,8971,False,mask,False,0.03947531059384346,283.73020000435645
D:\Bartek\coding\biometria\facial_auth\celeba_subset\img_align_celeba\198511.jpg,8971,False,mask,True,0.053456470370292664,11845.241400005762
D:\Bartek\coding\biometria\facial_auth\celeba_subset\img_align_celeba\108853.jpg,503,False,glasses,False,-0.06605058908462524,297.0962999970652
D:\Bartek\coding\biometria\facial_auth\celeba_subset\img_align_celeba\108853.jpg,503,False,glasses,True,-0.06605058908462524,295.5210999934934
D:\Bartek\coding\biometria\facial_auth\celeba_subset\img_align_celeba\084114.jpg,655,False,mask,False,0.0818224623799324,307.68890000035753
D:\Bartek\coding\biometria\facial_auth\celeba_subset\img_align_celeba\084114.jpg,655,False,mask,True,0.05493677780032158,11402.09209999739
D:\Bartek\coding\biometria\facial_auth\celeba_subset\img_align_celeba\143777.jpg,8971,False,glasses,False,0.05405310541391373,289.0590999959386
D:\Bartek\coding\biometria\facial_auth\celeba_subset\img_align_celeba\143777.jpg,8971,False,glasses,True,0.05405310541391373,296.8405000065104
D:\Bartek\coding\biometria\facial_auth\celeba_subset\img_align_celeba\186056.jpg,9534,False,mask,False,0.23086713254451752,316.45149999530986
D:\Bartek\coding\biometria\facial_auth\celeba_subset\img_align_celeba\186056.jpg,9534,False,mask,True,0.2041170448064804,11380.62550000177
D:\Bartek\coding\biometria\facial_auth\celeba_subset\img_align_celeba\062940.jpg,7338,False,glasses,False,0.10651715844869614,290.20620000665076
D:\Bartek\coding\biometria\facial_auth\celeba_subset\img_align_celeba\062940.jpg,7338,False,glasses,True,0.10651715844869614,293.9819000021089
D:\Bartek\coding\biometria\facial_auth\celeba_subset\img_align_celeba\128293.jpg,6277,False,mask,False,0.03940299153327942,301.11430000397377
D:\Bartek\coding\biometria\facial_auth\celeba_subset\img_align_celeba\128293.jpg,6277,False,mask,True,0.12865327298641205,11433.394300001964
D:\Bartek\coding\biometria\facial_auth\celeba_subset\img_align_celeba\000108.jpg,9534,False,glasses,False,0.10993078351020813,284.98149999359157
D:\Bartek\coding\biometria\facial_auth\celeba_subset\img_align_celeba\000108.jpg,9534,False,glasses,True,0.10993078351020813,291.1376999982167
D:\Bartek\coding\biometria\facial_auth\celeba_subset\img_align_celeba\156991.jpg,9300,False,mask,False,0.25240346789360046,300.71229999884963
D:\Bartek\coding\biometria\facial_auth\celeba_subset\img_align_celeba\156991.jpg,9300,False,mask,True,0.23783202469348907,11733.972699999867
D:\Bartek\coding\biometria\facial_auth\celeba_subset\img_align_celeba\097080.jpg,8908,False,glasses,False,0.21569499373435974,286.34900000179186
D:\Bartek\coding\biometria\facial_auth\celeba_subset\img_align_celeba\097080.jpg,8908,False,glasses,True,0.21569499373435974,293.0673000009847
D:\Bartek\coding\biometria\facial_auth\celeba_subset\img_align_celeba\120993.jpg,6983,False,mask,False,0.14321930706501007,315.81159999768715
D:\Bartek\coding\biometria\facial_auth\celeba_subset\img_align_celeba\120993.jpg,6983,False,mask,True,0.14909037947654724,295.668900005694
D:\Bartek\coding\biometria\facial_auth\celeba_subset\img_align_celeba\116516.jpg,5791,False,glasses,False,0.3248469829559326,295.1669000030961
D:\Bartek\coding\biometria\facial_auth\celeba_subset\img_align_celeba\116516.jpg,5791,False,glasses,True,0.3248469829559326,292.74050000094576
D:\Bartek\coding\biometria\facial_auth\celeba_subset\img_align_celeba\055785.jpg,4936,False,mask,False,0.06209032982587814,288.865700000315
D:\Bartek\coding\biometria\facial_auth\celeba_subset\img_align_celeba\055785.jpg,4936,False,mask,True,0.060928210616111755,11354.647700005444
D:\Bartek\coding\biometria\facial_auth\celeba_subset\img_align_celeba\009777.jpg,5246,False,glasses,False,-0.0537988655269146,287.35559999768157
D:\Bartek\coding\biometria\facial_auth\celeba_subset\img_align_celeba\009777.jpg,5246,False,glasses,True,-0.0537988655269146,285.35659999761265
D:\Bartek\coding\biometria\facial_auth\celeba_subset\img_align_celeba\022303.jpg,2177,False,mask,False,0.9222648739814758,293.5062000033213
D:\Bartek\coding\biometria\facial_auth\celeba_subset\img_align_celeba\022303.jpg,2177,False,mask,True,0.6106818914413452,310.8991000044625
D:\Bartek\coding\biometria\facial_auth\celeba_subset\img_align_celeba\146298.jpg,1435,False,glasses,False,0.07559593766927719,293.9987999998266
D:\Bartek\coding\biometria\facial_auth\celeba_subset\img_align_celeba\146298.jpg,1435,False,glasses,True,0.07559593766927719,298.45190000196453
D:\Bartek\coding\biometria\facial_auth\celeba_subset\img_align_celeba\095371.jpg,8834,False,mask,False,0.010080788284540176,293.1271999987075
D:\Bartek\coding\biometria\facial_auth\celeba_subset\img_align_celeba\095371.jpg,8834,False,mask,True,0.005322056822478771,291.771999996854
D:\Bartek\coding\biometria\facial_auth\celeba_subset\img_align_celeba\119040.jpg,1435,False,glasses,False,-0.032148122787475586,304.8153999989154
D:\Bartek\coding\biometria\facial_auth\celeba_subset\img_align_celeba\119040.jpg,1435,False,glasses,True,-0.032148122787475586,310.48549999832176
D:\Bartek\coding\biometria\facial_auth\celeba_subset\img_align_celeba\115638.jpg,5872,False,mask,False,0.16013774275779724,289.2504000046756
D:\Bartek\coding\biometria\facial_auth\celeba_subset\img_align_celeba\115638.jpg,5872,False,mask,True,0.16026820242404938,11363.08260000078
D:\Bartek\coding\biometria\facial_auth\celeba_subset\img_align_celeba\113515.jpg,8415,False,glasses,False,-0.007540183607488871,297.4456999945687
D:\Bartek\coding\biometria\facial_auth\celeba_subset\img_align_celeba\113515.jpg,8415,False,glasses,True,-0.007540183607488871,306.88440000085393
D:\Bartek\coding\biometria\facial_auth\celeba_subset\img_align_celeba\026443.jpg,1435,False,mask,False,0.031049994751811028,284.48219999700086
D:\Bartek\coding\biometria\facial_auth\celeba_subset\img_align_celeba\026443.jpg,1435,False,mask,True,0.030918842181563377,11375.854099998833
D:\Bartek\coding\biometria\facial_auth\celeba_subset\img_align_celeba\118761.jpg,1147,False,glasses,False,0.16773100197315216,285.83680000156164
D:\Bartek\coding\biometria\facial_auth\celeba_subset\img_align_celeba\118761.jpg,1147,False,glasses,True,0.16773100197315216,283.77859999454813
D:\Bartek\coding\biometria\facial_auth\celeba_subset\img_align_celeba\121211.jpg,9939,False,mask,False,0.009903006255626678,298.6031000036746
D:\Bartek\coding\biometria\facial_auth\celeba_subset\img_align_celeba\121211.jpg,9939,False,mask,True,0.013531415723264217,11401.476999999431
D:\Bartek\coding\biometria\facial_auth\celeba_subset\img_align_celeba\129768.jpg,1435,False,glasses,False,0.12435048818588257,293.4520999988308
D:\Bartek\coding\biometria\facial_auth\celeba_subset\img_align_celeba\129768.jpg,1435,False,glasses,True,0.12435048818588257,295.2830000067479
D:\Bartek\coding\biometria\facial_auth\celeba_subset\img_align_celeba\171971.jpg,5575,False,mask,False,0.12755757570266724,302.31130000174744
D:\Bartek\coding\biometria\facial_auth\celeba_subset\img_align_celeba\171971.jpg,5575,False,mask,True,0.12780897319316864,11657.076100003906
D:\Bartek\coding\biometria\facial_auth\celeba_subset\img_align_celeba\007227.jpg,5033,False,glasses,False,0.11482474952936172,285.570000000007
D:\Bartek\coding\biometria\facial_auth\celeba_subset\img_align_celeba\007227.jpg,5033,False,glasses,True,0.11482474952936172,292.12030000053346
D:\Bartek\coding\biometria\facial_auth\celeba_subset\img_align_celeba\039497.jpg,5099,False,mask,False,0.0824667289853096,291.2577999959467
D:\Bartek\coding\biometria\facial_auth\celeba_subset\img_align_celeba\039497.jpg,5099,False,mask,True,0.08034013211727142,11405.348899999808
D:\Bartek\coding\biometria\facial_auth\celeba_subset\img_align_celeba\130262.jpg,5064,False,glasses,False,0.07268069684505463,224.14260000368813
D:\Bartek\coding\biometria\facial_auth\celeba_subset\img_align_celeba\130262.jpg,5064,False,glasses,True,0.07268069684505463,219.07419999479316
D:\Bartek\coding\biometria\facial_auth\celeba_subset\img_align_celeba\056998.jpg,975,False,mask,False,0.17906881868839264,291.5606999958982
D:\Bartek\coding\biometria\facial_auth\celeba_subset\img_align_celeba\056998.jpg,975,False,mask,True,0.14812670648097992,286.7368000006536
D:\Bartek\coding\biometria\facial_auth\celeba_subset\img_align_celeba\046235.jpg,4185,False,glasses,False,0.1907544732093811,298.7769999963348
D:\Bartek\coding\biometria\facial_auth\celeba_subset\img_align_celeba\046235.jpg,4185,False,glasses,True,0.1907544732093811,295.30740000336664
D:\Bartek\coding\biometria\facial_auth\celeba_subset\img_align_celeba\016081.jpg,5872,False,mask,False,0.13942274451255798,286.53949999716133
D:\Bartek\coding\biometria\facial_auth\celeba_subset\img_align_celeba\016081.jpg,5872,False,mask,True,0.1384803205728531,11387.279399998079
D:\Bartek\coding\biometria\facial_auth\celeba_subset\img_align_celeba\159585.jpg,5648,False,glasses,False,0.12666919827461243,296.16990000067744
D:\Bartek\coding\biometria\facial_auth\celeba_subset\img_align_celeba\159585.jpg,5648,False,glasses,True,0.12666919827461243,301.9563000052585
D:\Bartek\coding\biometria\facial_auth\celeba_subset\img_align_celeba\001661.jpg,6456,False,mask,False,0.2910752296447754,283.3773999955156
D:\Bartek\coding\biometria\facial_auth\celeba_subset\img_align_celeba\001661.jpg,6456,False,mask,True,0.32880762219429016,11359.90469999524
D:\Bartek\coding\biometria\facial_auth\celeba_subset\img_align_celeba\111193.jpg,6983,False,glasses,False,-0.02349763922393322,288.84190000098897
D:\Bartek\coding\biometria\facial_auth\celeba_subset\img_align_celeba\111193.jpg,6983,False,glasses,True,-0.02349763922393322,292.9230000008829
D:\Bartek\coding\biometria\facial_auth\celeba_subset\img_align_celeba\153894.jpg,9000,False,mask,False,0.023589998483657837,305.1841000051354
D:\Bartek\coding\biometria\facial_auth\celeba_subset\img_align_celeba\153894.jpg,9000,False,mask,True,0.023589998483657837,297.01919999934034
D:\Bartek\coding\biometria\facial_auth\celeba_subset\img_align_celeba\122978.jpg,9093,False,glasses,False,0.030762214213609695,291.4980999994441
D:\Bartek\coding\biometria\facial_auth\celeba_subset\img_align_celeba\122978.jpg,9093,False,glasses,True,0.030762214213609695,299.426500001573
D:\Bartek\coding\biometria\facial_auth\celeba_subset\img_align_celeba\101124.jpg,4968,False,mask,False,0.1911376565694809,300.17570000200067
D:\Bartek\coding\biometria\facial_auth\celeba_subset\img_align_celeba\101124.jpg,4968,False,mask,True,0.19241032004356384,284.1236999956891
D:\Bartek\coding\biometria\facial_auth\celeba_subset\img_align_celeba\012362.jpg,9478,False,glasses,False,0.10261068493127823,285.5820000040694
D:\Bartek\coding\biometria\facial_auth\celeba_subset\img_align_celeba\012362.jpg,9478,False,glasses,True,0.10261068493127823,293.1895000001532
D:\Bartek\coding\biometria\facial_auth\celeba_subset\img_align_celeba\171574.jpg,6972,False,mask,False,0.06081040948629379,295.43959999864455
D:\Bartek\coding\biometria\facial_auth\celeba_subset\img_align_celeba\171574.jpg,6972,False,mask,True,0.06081040948629379,299.12149999290705
D:\Bartek\coding\biometria\facial_auth\celeba_subset\img_align_celeba\168488.jpg,4659,False,glasses,False,0.04978419467806816,293.8877000051434
D:\Bartek\coding\biometria\facial_auth\celeba_subset\img_align_celeba\168488.jpg,4659,False,glasses,True,0.04978419467806816,297.9459000052884
D:\Bartek\coding\biometria\facial_auth\celeba_subset\img_align_celeba\163393.jpg,5033,False,mask,False,0.10947639495134354,283.95199999795295
D:\Bartek\coding\biometria\facial_auth\celeba_subset\img_align_celeba\163393.jpg,5033,False,mask,True,0.10947639495134354,292.72969999874476
D:\Bartek\coding\biometria\facial_auth\celeba_subset\img_align_celeba\093556.jpg,6136,False,glasses,False,0.045236244797706604,303.02389999997104
D:\Bartek\coding\biometria\facial_auth\celeba_subset\img_align_celeba\093556.jpg,6136,False,glasses,True,0.045236244797706604,294.84389999561245
D:\Bartek\coding\biometria\facial_auth\celeba_subset\img_align_celeba\148514.jpg,1435,False,mask,False,0.033193737268447876,293.0927999987034
D:\Bartek\coding\biometria\facial_auth\celeba_subset\img_align_celeba\148514.jpg,1435,False,mask,True,0.014334434643387794,11697.39760000084
D:\Bartek\coding\biometria\facial_auth\celeba_subset\img_align_celeba\015885.jpg,898,False,glasses,False,0.0898953303694725,292.1965999994427
D:\Bartek\coding\biometria\facial_auth\celeba_subset\img_align_celeba\015885.jpg,898,False,glasses,True,0.0898953303694725,292.8563999957987
D:\Bartek\coding\biometria\facial_auth\celeba_subset\img_align_celeba\053934.jpg,6233,False,mask,False,0.27185675501823425,281.25260000524577
D:\Bartek\coding\biometria\facial_auth\celeba_subset\img_align_celeba\053934.jpg,6233,False,mask,True,0.28255411982536316,11421.584800002165
D:\Bartek\coding\biometria\facial_auth\celeba_subset\img_align_celeba\111854.jpg,8971,False,glasses,False,-0.04179864376783371,295.372699998552
D:\Bartek\coding\biometria\facial_auth\celeba_subset\img_align_celeba\111854.jpg,8971,False,glasses,True,-0.04179864376783371,292.2647999948822
D:\Bartek\coding\biometria\facial_auth\celeba_subset\img_align_celeba\005099.jpg,6195,False,mask,False,0.4722353219985962,306.08610000490444
D:\Bartek\coding\biometria\facial_auth\celeba_subset\img_align_celeba\005099.jpg,6195,False,mask,True,0.47334158420562744,11409.862900000007
D:\Bartek\coding\biometria\facial_auth\celeba_subset\img_align_celeba\035571.jpg,5591,False,glasses,False,0.016972150653600693,288.2589000000735
D:\Bartek\coding\biometria\facial_auth\celeba_subset\img_align_celeba\035571.jpg,5591,False,glasses,True,0.016972150653600693,290.1357999944594
D:\Bartek\coding\biometria\facial_auth\celeba_subset\img_align_celeba\055840.jpg,5672,False,mask,False,0.19315414130687714,296.00780000328086
D:\Bartek\coding\biometria\facial_auth\celeba_subset\img_align_celeba\055840.jpg,5672,False,mask,True,0.1552634835243225,11519.6891999949
D:\Bartek\coding\biometria\facial_auth\celeba_subset\img_align_celeba\004620.jpg,975,False,glasses,False,0.09248895198106766,305.702099998598
D:\Bartek\coding\biometria\facial_auth\celeba_subset\img_align_celeba\004620.jpg,975,False,glasses,True,0.09248895198106766,295.93589999421965
D:\Bartek\coding\biometria\facial_auth\celeba_subset\img_align_celeba\015976.jpg,5534,False,mask,False,0.08773238956928253,308.22769999940647
D:\Bartek\coding\biometria\facial_auth\celeba_subset\img_align_celeba\015976.jpg,5534,False,mask,True,0.10391814261674881,11358.99839999911
D:\Bartek\coding\biometria\facial_auth\celeba_subset\img_align_celeba\063463.jpg,3336,False,glasses,False,0.043890342116355896,287.0295999964583
D:\Bartek\coding\biometria\facial_auth\celeba_subset\img_align_celeba\063463.jpg,3336,False,glasses,True,0.043890342116355896,293.0530000012368
D:\Bartek\coding\biometria\facial_auth\celeba_subset\img_align_celeba\116349.jpg,6722,False,mask,False,0.07623898237943649,302.5013000005856
D:\Bartek\coding\biometria\facial_auth\celeba_subset\img_align_celeba\116349.jpg,6722,False,mask,True,0.10726972669363022,11971.674200001871
D:\Bartek\coding\biometria\facial_auth\celeba_subset\img_align_celeba\190733.jpg,1104,False,glasses,False,0.06647562235593796,294.16350000246894
D:\Bartek\coding\biometria\facial_auth\celeba_subset\img_align_celeba\190733.jpg,1104,False,glasses,True,0.06647562235593796,291.7987999971956
D:\Bartek\coding\biometria\facial_auth\celeba_subset\img_align_celeba\176879.jpg,6233,False,mask,False,0.2590962052345276,312.6799999954528
D:\Bartek\coding\biometria\facial_auth\celeba_subset\img_align_celeba\176879.jpg,6233,False,mask,True,0.24784953892230988,295.08830000122543
D:\Bartek\coding\biometria\facial_auth\celeba_subset\img_align_celeba\085275.jpg,8091,False,glasses,False,0.2032308578491211,296.1068999939016
D:\Bartek\coding\biometria\facial_auth\celeba_subset\img_align_celeba\085275.jpg,8091,False,glasses,True,0.2032308578491211,301.0790999978781
D:\Bartek\coding\biometria\facial_auth\celeba_subset\img_align_celeba\056178.jpg,9688,False,mask,False,0.041295990347862244,294.45030000351835
D:\Bartek\coding\biometria\facial_auth\celeba_subset\img_align_celeba\056178.jpg,9688,False,mask,True,0.053742293268442154,11550.61929999647
D:\Bartek\coding\biometria\facial_auth\celeba_subset\img_align_celeba\172109.jpg,9144,False,glasses,False,0.10558374226093292,315.7554999997956
D:\Bartek\coding\biometria\facial_auth\celeba_subset\img_align_celeba\172109.jpg,9144,False,glasses,True,0.10558374226093292,301.82500000228174
D:\Bartek\coding\biometria\facial_auth\celeba_subset\img_align_celeba\155019.jpg,5575,False,mask,False,0.12174558639526367,279.6126000030199
D:\Bartek\coding\biometria\facial_auth\celeba_subset\img_align_celeba\155019.jpg,5575,False,mask,True,0.08916354179382324,11376.808499997423
D:\Bartek\coding\biometria\facial_auth\celeba_subset\img_align_celeba\180177.jpg,2926,False,glasses,False,0.2273663729429245,297.39309999422403
D:\Bartek\coding\biometria\facial_auth\celeba_subset\img_align_celeba\180177.jpg,2926,False,glasses,True,0.2273663729429245,296.5773999967496
D:\Bartek\coding\biometria\facial_auth\celeba_subset\img_align_celeba\171737.jpg,8936,False,mask,False,0.08325488120317459,222.65100000367966
D:\Bartek\coding\biometria\facial_auth\celeba_subset\img_align_celeba\171737.jpg,8936,False,mask,True,0.07812986522912979,217.5400999985868
D:\Bartek\coding\biometria\facial_auth\celeba_subset\img_align_celeba\023249.jpg,6983,False,glasses,False,0.1979578137397766,289.41330000088783
D:\Bartek\coding\biometria\facial_auth\celeba_subset\img_align_celeba\023249.jpg,6983,False,glasses,True,0.1979578137397766,290.90910000377335
D:\Bartek\coding\biometria\facial_auth\celeba_subset\img_align_celeba\170259.jpg,1128,False,mask,False,0.05526048690080643,288.8810000004014
D:\Bartek\coding\biometria\facial_auth\celeba_subset\img_align_celeba\170259.jpg,1128,False,mask,True,0.04612371325492859,283.00709999894025
D:\Bartek\coding\biometria\facial_auth\celeba_subset\img_align_celeba\008237.jpg,6722,False,glasses,False,0.19617103040218353,296.2355000054231
D:\Bartek\coding\biometria\facial_auth\celeba_subset\img_align_celeba\008237.jpg,6722,False,glasses,True,0.19617103040218353,297.93290000088746
D:\Bartek\coding\biometria\facial_auth\celeba_subset\img_align_celeba\112600.jpg,6195,False,mask,False,0.46623167395591736,292.6708000013605
D:\Bartek\coding\biometria\facial_auth\celeba_subset\img_align_celeba\112600.jpg,6195,False,mask,True,0.43154504895210266,11605.648899996595
D:\Bartek\coding\biometria\facial_auth\celeba_subset\img_align_celeba\030286.jpg,5246,False,glasses,False,0.14473849534988403,304.1938000023947
D:\Bartek\coding\biometria\facial_auth\celeba_subset\img_align_celeba\030286.jpg,5246,False,glasses,True,0.14473849534988403,296.082100001513
D:\Bartek\coding\biometria\facial_auth\celeba_subset\img_align_celeba\076427.jpg,9688,False,mask,False,0.06467410922050476,292.52200000337325
D:\Bartek\coding\biometria\facial_auth\celeba_subset\img_align_celeba\076427.jpg,9688,False,mask,True,0.05730157718062401,11385.673599994334
D:\Bartek\coding\biometria\facial_auth\celeba_subset\img_align_celeba\003308.jpg,8415,False,glasses,False,0.043493617326021194,298.64509999606526
D:\Bartek\coding\biometria\facial_auth\celeba_subset\img_align_celeba\003308.jpg,8415,False,glasses,True,0.043493617326021194,301.19310000009136
D:\Bartek\coding\biometria\facial_auth\celeba_subset\img_align_celeba\173283.jpg,6195,False,mask,False,0.46460020542144775,299.7676000013598
D:\Bartek\coding\biometria\facial_auth\celeba_subset\img_align_celeba\173283.jpg,6195,False,mask,True,0.46814852952957153,11681.72400000185
D:\Bartek\coding\biometria\facial_auth\celeba_subset\img_align_celeba\158076.jpg,6456,False,glasses,False,0.17146140336990356,288.9759999961825
D:\Bartek\coding\biometria\facial_auth\celeba_subset\img_align_celeba\158076.jpg,6456,False,glasses,True,0.17146140336990356,281.59559999767225
D:\Bartek\coding\biometria\facial_auth\celeba_subset\img_align_celeba\151637.jpg,7253,False,mask,False,0.10830065608024597,281.50929999537766
D:\Bartek\coding\biometria\facial_auth\celeba_subset\img_align_celeba\151637.jpg,7253,False,mask,True,0.14572139084339142,11455.04219999566
D:\Bartek\coding\biometria\facial_auth\celeba_subset\img_align_celeba\020151.jpg,9534,False,glasses,False,0.10221774876117706,290.8497000025818
D:\Bartek\coding\biometria\facial_auth\celeba_subset\img_align_celeba\020151.jpg,9534,False,glasses,True,0.10221774876117706,299.9353000050178
D:\Bartek\coding\biometria\facial_auth\celeba_subset\img_align_celeba\057333.jpg,8,False,mask,False,0.022883566096425056,284.0652000013506
D:\Bartek\coding\biometria\facial_auth\celeba_subset\img_align_celeba\057333.jpg,8,False,mask,True,0.10454394668340683,11323.671899997862
D:\Bartek\coding\biometria\facial_auth\celeba_subset\img_align_celeba\147024.jpg,644,False,glasses,False,0.1385171115398407,287.70280000026105
D:\Bartek\coding\biometria\facial_auth\celeba_subset\img_align_celeba\147024.jpg,644,False,glasses,True,0.1385171115398407,290.145200000552
D:\Bartek\coding\biometria\facial_auth\celeba_subset\img_align_celeba\018766.jpg,3200,False,mask,False,0.5820760130882263,288.72229999979027
D:\Bartek\coding\biometria\facial_auth\celeba_subset\img_align_celeba\018766.jpg,3200,False,mask,True,0.5813190340995789,11334.86310000444
D:\Bartek\coding\biometria\facial_auth\celeba_subset\img_align_celeba\031727.jpg,190,False,glasses,False,-0.053366225212812424,286.0997999960091
D:\Bartek\coding\biometria\facial_auth\celeba_subset\img_align_celeba\031727.jpg,190,False,glasses,True,-0.053366225212812424,297.6079000000027
D:\Bartek\coding\biometria\facial_auth\celeba_subset\img_align_celeba\013652.jpg,9300,False,mask,False,0.2339513748884201,296.695400000317
D:\Bartek\coding\biometria\facial_auth\celeba_subset\img_align_celeba\013652.jpg,9300,False,mask,True,0.20972837507724762,314.0295999983209
D:\Bartek\coding\biometria\facial_auth\celeba_subset\img_align_celeba\125970.jpg,2177,False,glasses,False,0.25277355313301086,295.43959999864455
D:\Bartek\coding\biometria\facial_auth\celeba_subset\img_align_celeba\125970.jpg,2177,False,glasses,True,0.25277355313301086,298.90119999618037
D:\Bartek\coding\biometria\facial_auth\celeba_subset\img_align_celeba\069292.jpg,9489,False,mask,False,0.07310820370912552,299.39200000080746
D:\Bartek\coding\biometria\facial_auth\celeba_subset\img_align_celeba\069292.jpg,9489,False,mask,True,0.10627518594264984,11473.36080000241
D:\Bartek\coding\biometria\facial_auth\celeba_subset\img_align_celeba\056430.jpg,5190,False,glasses,False,0.22331687808036804,298.44430000230204
D:\Bartek\coding\biometria\facial_auth\celeba_subset\img_align_celeba\056430.jpg,5190,False,glasses,True,0.22331687808036804,299.86579999967944
D:\Bartek\coding\biometria\facial_auth\celeba_subset\img_align_celeba\143755.jpg,9489,False,mask,False,0.12895750999450684,289.83449999941513
D:\Bartek\coding\biometria\facial_auth\celeba_subset\img_align_celeba\143755.jpg,9489,False,mask,True,0.0911526158452034,11682.435300004727
D:\Bartek\coding\biometria\facial_auth\celeba_subset\img_align_celeba\190458.jpg,6528,False,glasses,False,0.12476329505443573,292.98759999801405
D:\Bartek\coding\biometria\facial_auth\celeba_subset\img_align_celeba\190458.jpg,6528,False,glasses,True,0.12476329505443573,297.2125000014785
D:\Bartek\coding\biometria\facial_auth\celeba_subset\img_align_celeba\128737.jpg,9939,False,mask,False,0.017944460734725,299.9074000035762
D:\Bartek\coding\biometria\facial_auth\celeba_subset\img_align_celeba\128737.jpg,9939,False,mask,True,0.06269264966249466,11346.957000001566
D:\Bartek\coding\biometria\facial_auth\celeba_subset\img_align_celeba\027582.jpg,6368,False,glasses,False,0.1178378164768219,295.7005999996909
D:\Bartek\coding\biometria\facial_auth\celeba_subset\img_align_celeba\027582.jpg,6368,False,glasses,True,0.1178378164768219,295.6144999989192
D:\Bartek\coding\biometria\facial_auth\celeba_subset\img_align_celeba\006131.jpg,3236,False,mask,False,0.034337736666202545,286.51130000071134
D:\Bartek\coding\biometria\facial_auth\celeba_subset\img_align_celeba\006131.jpg,3236,False,mask,True,0.037117209285497665,11373.227600000973
D:\Bartek\coding\biometria\facial_auth\celeba_subset\img_align_celeba\152735.jpg,2926,False,glasses,False,0.028912393376231194,286.101099998632
D:\Bartek\coding\biometria\facial_auth\celeba_subset\img_align_celeba\152735.jpg,2926,False,glasses,True,0.028912393376231194,295.81709999911254
D:\Bartek\coding\biometria\facial_auth\celeba_subset\img_align_celeba\165258.jpg,8834,False,mask,False,0.027271457016468048,290.05590000451775
D:\Bartek\coding\biometria\facial_auth\celeba_subset\img_align_celeba\165258.jpg,8834,False,mask,True,0.03340873494744301,11399.449900003674
D:\Bartek\coding\biometria\facial_auth\celeba_subset\img_align_celeba\070348.jpg,9144,False,glasses,False,0.006658219266682863,289.097100001527
D:\Bartek\coding\biometria\facial_auth\celeba_subset\img_align_celeba\070348.jpg,9144,False,glasses,True,0.006658219266682863,292.1568000019761
D:\Bartek\coding\biometria\facial_auth\celeba_subset\img_align_celeba\104393.jpg,1120,False,mask,False,0.017936725169420242,287.8052000014577
D:\Bartek\coding\biometria\facial_auth\celeba_subset\img_align_celeba\104393.jpg,1120,False,mask,True,0.017924576997756958,11712.56330000324
D:\Bartek\coding\biometria\facial_auth\celeba_subset\img_align_celeba\193523.jpg,5656,False,glasses,False,0.10983007401227951,294.1599999976461
D:\Bartek\coding\biometria\facial_auth\celeba_subset\img_align_celeba\193523.jpg,5656,False,glasses,True,0.10983007401227951,300.0841999964905
D:\Bartek\coding\biometria\facial_auth\celeba_subset\img_align_celeba\079133.jpg,4929,False,mask,False,0.017125172540545464,316.7581000016071
D:\Bartek\coding\biometria\facial_auth\celeba_subset\img_align_celeba\079133.jpg,4929,False,mask,True,0.016098277643322945,11424.207800002478
D:\Bartek\coding\biometria\facial_auth\celeba_subset\img_align_celeba\026310.jpg,7338,False,glasses,False,0.11324496567249298,285.4633999959333
D:\Bartek\coding\biometria\facial_auth\celeba_subset\img_align_celeba\026310.jpg,7338,False,glasses,True,0.11324496567249298,290.2840999959153
D:\Bartek\coding\biometria\facial_auth\celeba_subset\img_align_celeba\006649.jpg,5064,False,mask,False,0.038295846432447433,290.02919999766164
D:\Bartek\coding\biometria\facial_auth\celeba_subset\img_align_celeba\006649.jpg,5064,False,mask,True,0.013971436768770218,11362.607600000047
D:\Bartek\coding\biometria\facial_auth\celeba_subset\img_align_celeba\105561.jpg,4936,False,glasses,False,-0.002439991571009159,287.4186000044574
D:\Bartek\coding\biometria\facial_auth\celeba_subset\img_align_celeba\105561.jpg,4936,False,glasses,True,-0.002439991571009159,291.5335000070627
D:\Bartek\coding\biometria\facial_auth\celeba_subset\img_align_celeba\156608.jpg,6086,False,mask,False,0.09130120277404785,297.6915999970515
D:\Bartek\coding\biometria\facial_auth\celeba_subset\img_align_celeba\156608.jpg,6086,False,mask,True,0.0969160795211792,11447.610900002473
D:\Bartek\coding\biometria\facial_auth\celeba_subset\img_align_celeba\003398.jpg,898,False,glasses,False,0.19744260609149933,292.12030000053346
D:\Bartek\coding\biometria\facial_auth\celeba_subset\img_align_celeba\003398.jpg,898,False,glasses,True,0.19744260609149933,297.62990000017453
D:\Bartek\coding\biometria\facial_auth\celeba_subset\img_align_celeba\132620.jpg,5575,False,mask,False,0.16342446208000183,292.2896000018227
D:\Bartek\coding\biometria\facial_auth\celeba_subset\img_align_celeba\132620.jpg,5575,False,mask,True,0.1635514497756958,11328.111099996022
D:\Bartek\coding\biometria\facial_auth\celeba_subset\img_align_celeba\053473.jpg,4870,False,glasses,False,0.10730940103530884,301.24700000305893
D:\Bartek\coding\biometria\facial_auth\celeba_subset\img_align_celeba\053473.jpg,4870,False,glasses,True,0.13732708990573883,325.6011000048602
D:\Bartek\coding\biometria\facial_auth\celeba_subset\img_align_celeba\040371.jpg,5099,False,mask,False,0.11029906570911407,294.1560999970534
D:\Bartek\coding\biometria\facial_auth\celeba_subset\img_align_celeba\040371.jpg,5099,False,mask,True,0.09916502237319946,309.71629999839934
D:\Bartek\coding\biometria\facial_auth\celeba_subset\img_align_celeba\131804.jpg,494,False,glasses,False,0.10722336918115616,302.55860000033863
D:\Bartek\coding\biometria\facial_auth\celeba_subset\img_align_celeba\131804.jpg,494,False,glasses,True,0.10722336918115616,293.57610000442946
D:\Bartek\coding\biometria\facial_auth\celeba_subset\img_align_celeba\187727.jpg,4196,False,mask,False,0.37808477878570557,294.49819999717874
D:\Bartek\coding\biometria\facial_auth\celeba_subset\img_align_celeba\187727.jpg,4196,False,mask,True,0.3745611011981964,294.80160000093747
D:\Bartek\coding\biometria\facial_auth\celeba_subset\img_align_celeba\041303.jpg,4936,False,glasses,False,0.07944793999195099,295.87049999827286
D:\Bartek\coding\biometria\facial_auth\celeba_subset\img_align_celeba\041303.jpg,4936,False,glasses,True,0.07944793999195099,293.02869999810355
D:\Bartek\coding\biometria\facial_auth\celeba_subset\img_align_celeba\157752.jpg,5437,False,mask,False,0.15985935926437378,284.8230999952648
D:\Bartek\coding\biometria\facial_auth\celeba_subset\img_align_celeba\157752.jpg,5437,False,mask,True,0.1582047939300537,11692.322199996852
D:\Bartek\coding\biometria\facial_auth\celeba_subset\img_align_celeba\064795.jpg,5872,False,glasses,False,0.07521367818117142,293.72300000250107
D:\Bartek\coding\biometria\facial_auth\celeba_subset\img_align_celeba\064795.jpg,5872,False,glasses,True,0.07521367818117142,288.1980000020121
D:\Bartek\coding\biometria\facial_auth\celeba_subset\img_align_celeba\079338.jpg,975,False,mask,False,0.04022287204861641,284.1386000000057
D:\Bartek\coding\biometria\facial_auth\celeba_subset\img_align_celeba\079338.jpg,975,False,mask,True,0.03143831714987755,11439.89529999817
D:\Bartek\coding\biometria\facial_auth\celeba_subset\img_align_celeba\100751.jpg,4936,False,glasses,False,0.1718173772096634,292.4023999948986
D:\Bartek\coding\biometria\facial_auth\celeba_subset\img_align_celeba\100751.jpg,4936,False,glasses,True,0.1718173772096634,295.54669999924954
D:\Bartek\coding\biometria\facial_auth\celeba_subset\img_align_celeba\187748.jpg,6368,False,mask,False,0.06426016986370087,283.25690000201575
D:\Bartek\coding\biometria\facial_auth\celeba_subset\img_align_celeba\187748.jpg,6368,False,mask,True,0.08172211796045303,11392.09899999696
D:\Bartek\coding\biometria\facial_auth\celeba_subset\img_align_celeba\163008.jpg,6277,False,glasses,False,0.14766466617584229,293.3580000026268
D:\Bartek\coding\biometria\facial_auth\celeba_subset\img_align_celeba\163008.jpg,6277,False,glasses,True,0.14766466617584229,288.1645000015851
D:\Bartek\coding\biometria\facial_auth\celeba_subset\img_align_celeba\142442.jpg,5591,False,mask,False,0.1185908317565918,298.6157000050298
D:\Bartek\coding\biometria\facial_auth\celeba_subset\img_align_celeba\142442.jpg,5591,False,mask,True,0.1330365240573883,11420.721100002993
D:\Bartek\coding\biometria\facial_auth\celeba_subset\img_align_celeba\155860.jpg,5033,False,glasses,False,0.03989068791270256,288.9032000020961
D:\Bartek\coding\biometria\facial_auth\celeba_subset\img_align_celeba\155860.jpg,5033,False,glasses,True,0.03989068791270256,297.15930000384105
D:\Bartek\coding\biometria\facial_auth\celeba_subset\img_align_celeba\009592.jpg,6233,False,mask,False,0.21475136280059814,289.0479999987292
D:\Bartek\coding\biometria\facial_auth\celeba_subset\img_align_celeba\009592.jpg,6233,False,mask,True,0.2249325066804886,11353.293399995891
D:\Bartek\coding\biometria\facial_auth\celeba_subset\img_align_celeba\008465.jpg,6528,False,glasses,False,0.07016954571008682,297.71359999722335
D:\Bartek\coding\biometria\facial_auth\celeba_subset\img_align_celeba\008465.jpg,6528,False,glasses,True,0.07016954571008682,303.5165000037523
D:\Bartek\coding\biometria\facial_auth\celeba_subset\img_align_celeba\196293.jpg,5238,False,mask,False,0.020197033882141113,284.730600003968
D:\Bartek\coding\biometria\facial_auth\celeba_subset\img_align_celeba\196293.jpg,5238,False,mask,True,0.03793976083397865,11813.992700001108
D:\Bartek\coding\biometria\facial_auth\celeba_subset\img_align_celeba\069191.jpg,4968,False,glasses,False,0.20719581842422485,299.3923999965773
D:\Bartek\coding\biometria\facial_auth\celeba_subset\img_align_celeba\069191.jpg,4968,False,glasses,True,0.20719581842422485,292.48050000023795
D:\Bartek\coding\biometria\facial_auth\celeba_subset\img_align_celeba\190207.jpg,8908,False,mask,False,0.6895719766616821,282.7471999989939
D:\Bartek\coding\biometria\facial_auth\celeba_subset\img_align_celeba\190207.jpg,8908,False,mask,True,0.8765832185745239,300.43450000084704
D:\Bartek\coding\biometria\facial_auth\celeba_subset\img_align_celeba\152198.jpg,2926,False,glasses,False,0.16164907813072205,298.59980000037467
D:\Bartek\coding\biometria\facial_auth\celeba_subset\img_align_celeba\152198.jpg,2926,False,glasses,True,0.16164907813072205,293.5438000058639
D:\Bartek\coding\biometria\facial_auth\celeba_subset\img_align_celeba\083644.jpg,5190,False,mask,False,0.016738997772336006,294.9007999995956
D:\Bartek\coding\biometria\facial_auth\celeba_subset\img_align_celeba\083644.jpg,5190,False,mask,True,0.01577816903591156,11442.84680000419
D:\Bartek\coding\biometria\facial_auth\celeba_subset\img_align_celeba\040925.jpg,1147,False,glasses,False,0.05395251139998436,294.2114000034053
D:\Bartek\coding\biometria\facial_auth\celeba_subset\img_align_celeba\040925.jpg,1147,False,glasses,True,0.05395251139998436,287.2272000022349
D:\Bartek\coding\biometria\facial_auth\celeba_subset\img_align_celeba\113121.jpg,2835,False,mask,False,0.053393155336380005,277.00840000034077
D:\Bartek\coding\biometria\facial_auth\celeba_subset\img_align_celeba\113121.jpg,2835,False,mask,True,0.06837822496891022,11353.190700006962
D:\Bartek\coding\biometria\facial_auth\celeba_subset\img_align_celeba\117240.jpg,5591,False,glasses,False,-0.055328309535980225,295.7287000026554
D:\Bartek\coding\biometria\facial_auth\celeba_subset\img_align_celeba\117240.jpg,5591,False,glasses,True,-0.055328309535980225,287.82379999756813
D:\Bartek\coding\biometria\facial_auth\celeba_subset\img_align_celeba\013854.jpg,898,False,mask,False,0.3005880117416382,291.6161000030115
D:\Bartek\coding\biometria\facial_auth\celeba_subset\img_align_celeba\013854.jpg,898,False,mask,True,0.28319430351257324,11574.409300003026
D:\Bartek\coding\biometria\facial_auth\celeba_subset\img_align_celeba\176396.jpg,5872,False,glasses,False,0.30039089918136597,290.6938000014634
D:\Bartek\coding\biometria\facial_auth\celeba_subset\img_align_celeba\176396.jpg,5872,False,glasses,True,0.30039089918136597,293.5051999957068
D:\Bartek\coding\biometria\facial_auth\celeba_subset\img_align_celeba\166957.jpg,644,False,mask,False,0.015936236828565598,291.3184999997611
D:\Bartek\coding\biometria\facial_auth\celeba_subset\img_align_celeba\166957.jpg,644,False,mask,True,0.0010244548320770264,301.1400000032154
D:\Bartek\coding\biometria\facial_auth\celeba_subset\img_align_celeba\103070.jpg,5437,False,glasses,False,-0.10987256467342377,302.4485999994795
D:\Bartek\coding\biometria\facial_auth\celeba_subset\img_align_celeba\103070.jpg,5437,False,glasses,True,-0.10987256467342377,305.2375999977812
D:\Bartek\coding\biometria\facial_auth\celeba_subset\img_align_celeba\184512.jpg,1104,False,mask,False,-0.006999894045293331,293.01890000351705
D:\Bartek\coding\biometria\facial_auth\celeba_subset\img_align_celeba\184512.jpg,1104,False,mask,True,-0.026320435106754303,11351.733800001966
D:\Bartek\coding\biometria\facial_auth\celeba_subset\img_align_celeba\010594.jpg,5780,False,glasses,False,0.1288241446018219,295.92499999853317
D:\Bartek\coding\biometria\facial_auth\celeba_subset\img_align_celeba\010594.jpg,5780,False,glasses,True,0.1288241446018219,313.4254000033252
D:\Bartek\coding\biometria\facial_auth\celeba_subset\img_align_celeba\149162.jpg,8971,False,mask,False,-0.02427760139107704,302.1898000006331
D:\Bartek\coding\biometria\facial_auth\celeba_subset\img_align_celeba\149162.jpg,8971,False,mask,True,-0.026722868904471397,291.19960000389256
D:\Bartek\coding\biometria\facial_auth\celeba_subset\img_align_celeba\199824.jpg,2814,False,glasses,False,0.21639811992645264,294.9865000045975
D:\Bartek\coding\biometria\facial_auth\celeba_subset\img_align_celeba\199824.jpg,2814,False,glasses,True,0.21639811992645264,293.2598000043072
D:\Bartek\coding\biometria\facial_auth\celeba_subset\img_align_celeba\034354.jpg,6233,False,mask,False,0.21081122756004333,301.20220000389963
D:\Bartek\coding\biometria\facial_auth\celeba_subset\img_align_celeba\034354.jpg,6233,False,mask,True,0.2169826775789261,11590.766100001929
D:\Bartek\coding\biometria\facial_auth\celeba_subset\img_align_celeba\016081.jpg,6456,False,glasses,False,0.2085174322128296,308.24890000076266
D:\Bartek\coding\biometria\facial_auth\celeba_subset\img_align_celeba\016081.jpg,6456,False,glasses,True,0.2085174322128296,287.0609000019613
D:\Bartek\coding\biometria\facial_auth\celeba_subset\img_align_celeba\128933.jpg,7088,False,mask,False,0.05730145424604416,286.5504000001238
D:\Bartek\coding\biometria\facial_auth\celeba_subset\img_align_celeba\128933.jpg,7088,False,mask,True,0.05875568091869354,11338.720799998555
D:\Bartek\coding\biometria\facial_auth\celeba_subset\img_align_celeba\081803.jpg,644,False,glasses,False,0.2118947058916092,295.676599998842
D:\Bartek\coding\biometria\facial_auth\celeba_subset\img_align_celeba\081803.jpg,644,False,glasses,True,0.2118947058916092,293.25260000041453
D:\Bartek\coding\biometria\facial_auth\celeba_subset\img_align_celeba\086479.jpg,9939,False,mask,False,0.0011901111574843526,274.3486000035773
D:\Bartek\coding\biometria\facial_auth\celeba_subset\img_align_celeba\086479.jpg,9939,False,mask,True,0.0018818584503605962,11381.63540000096
D:\Bartek\coding\biometria\facial_auth\celeba_subset\img_align_celeba\171298.jpg,5238,False,glasses,False,0.09465526789426804,279.6381999942241
D:\Bartek\coding\biometria\facial_auth\celeba_subset\img_align_celeba\171298.jpg,5238,False,glasses,True,0.09465526789426804,289.6398000011686
D:\Bartek\coding\biometria\facial_auth\celeba_subset\img_align_celeba\182420.jpg,5780,False,mask,False,0.20745079219341278,293.11199999938253
D:\Bartek\coding\biometria\facial_auth\celeba_subset\img_align_celeba\182420.jpg,5780,False,mask,True,0.20745079219341278,11389.949600001273
D:\Bartek\coding\biometria\facial_auth\celeba_subset\img_align_celeba\046024.jpg,3877,False,glasses,False,0.12721651792526245,293.06499999802327
D:\Bartek\coding\biometria\facial_auth\celeba_subset\img_align_celeba\046024.jpg,3877,False,glasses,True,0.12721651792526245,297.5871999951778
D:\Bartek\coding\biometria\facial_auth\celeba_subset\img_align_celeba\056998.jpg,8908,False,mask,False,0.5582128763198853,289.9835000062012
D:\Bartek\coding\biometria\facial_auth\celeba_subset\img_align_celeba\056998.jpg,8908,False,mask,True,0.4482465982437134,290.3283000050578
D:\Bartek\coding\biometria\facial_auth\celeba_subset\img_align_celeba\162245.jpg,4968,False,glasses,False,0.07490311563014984,287.94550000020536
D:\Bartek\coding\biometria\facial_auth\celeba_subset\img_align_celeba\162245.jpg,4968,False,glasses,True,0.07490311563014984,295.45820000203094
D:\Bartek\coding\biometria\facial_auth\celeba_subset\img_align_celeba\060163.jpg,4659,False,mask,False,0.07977765053510666,314.0990999963833
D:\Bartek\coding\biometria\facial_auth\celeba_subset\img_align_celeba\060163.jpg,4659,False,mask,True,0.09088491648435593,11641.65420000063
D:\Bartek\coding\biometria\facial_auth\celeba_subset\img_align_celeba\161289.jpg,5872,False,glasses,False,0.1350209265947342,305.5834999977378
D:\Bartek\coding\biometria\facial_auth\celeba_subset\img_align_celeba\161289.jpg,5872,False,glasses,True,0.1350209265947342,298.5134999980801
D:\Bartek\coding\biometria\facial_auth\celeba_subset\img_align_celeba\128772.jpg,5872,False,mask,False,0.1760856807231903,300.6570999932592
D:\Bartek\coding\biometria\facial_auth\celeba_subset\img_align_celeba\128772.jpg,5872,False,mask,True,0.1775970160961151,11364.138199998706
D:\Bartek\coding\biometria\facial_auth\celeba_subset\img_align_celeba\150754.jpg,190,False,glasses,False,-0.025765828788280487,293.64060000079917
D:\Bartek\coding\biometria\facial_auth\celeba_subset\img_align_celeba\150754.jpg,190,False,glasses,True,-0.025765828788280487,296.170900001016
D:\Bartek\coding\biometria\facial_auth\celeba_subset\img_align_celeba\191977.jpg,2177,False,mask,False,0.7151790857315063,293.6169000022346
D:\Bartek\coding\biometria\facial_auth\celeba_subset\img_align_celeba\191977.jpg,2177,False,mask,True,0.7429473400115967,305.3756999943289
D:\Bartek\coding\biometria\facial_auth\celeba_subset\img_align_celeba\093508.jpg,1128,False,glasses,False,0.07210800051689148,292.95879999699537
D:\Bartek\coding\biometria\facial_auth\celeba_subset\img_align_celeba\093508.jpg,1128,False,glasses,True,0.07210800051689148,300.22070000268286
D:\Bartek\coding\biometria\facial_auth\celeba_subset\img_align_celeba\017430.jpg,9688,False,mask,False,0.058445658534765244,296.50420000689337
D:\Bartek\coding\biometria\facial_auth\celeba_subset\img_align_celeba\017430.jpg,9688,False,mask,True,0.05964067950844765,295.85080000106245
D:\Bartek\coding\biometria\facial_auth\celeba_subset\img_align_celeba\073166.jpg,1350,False,glasses,False,0.11009736359119415,302.91050000232644
D:\Bartek\coding\biometria\facial_auth\celeba_subset\img_align_celeba\073166.jpg,1350,False,glasses,True,0.11009736359119415,295.82310000114376
D:\Bartek\coding\biometria\facial_auth\celeba_subset\img_align_celeba\144801.jpg,4936,False,mask,False,0.11979801207780838,300.9833999967668
D:\Bartek\coding\biometria\facial_auth\celeba_subset\img_align_celeba\144801.jpg,4936,False,mask,True,0.07318258285522461,11442.453799994837
D:\Bartek\coding\biometria\facial_auth\celeba_subset\img_align_celeba\155809.jpg,4150,False,glasses,False,0.05186682194471359,289.73369999584975
D:\Bartek\coding\biometria\facial_auth\celeba_subset\img_align_celeba\155809.jpg,4150,False,glasses,True,0.05186682194471359,292.2939999989467
D:\Bartek\coding\biometria\facial_auth\celeba_subset\img_align_celeba\184813.jpg,9144,False,mask,False,0.18185214698314667,299.36080000334186
D:\Bartek\coding\biometria\facial_auth\celeba_subset\img_align_celeba\184813.jpg,9144,False,mask,True,0.16663172841072083,11463.988499999687
D:\Bartek\coding\biometria\facial_auth\celeba_subset\img_align_celeba\178846.jpg,4659,False,glasses,False,0.1936907172203064,296.5680999986944
D:\Bartek\coding\biometria\facial_auth\celeba_subset\img_align_celeba\178846.jpg,4659,False,glasses,True,0.1936907172203064,298.43869999604067
D:\Bartek\coding\biometria\facial_auth\celeba_subset\img_align_celeba\020151.jpg,205,False,mask,False,0.019271748140454292,294.7400000048219
D:\Bartek\coding\biometria\facial_auth\celeba_subset\img_align_celeba\020151.jpg,205,False,mask,True,0.0071866149082779884,11462.936299998546
D:\Bartek\coding\biometria\facial_auth\celeba_subset\img_align_celeba\186311.jpg,5210,False,glasses,False,-0.032995834946632385,297.2200000003795
D:\Bartek\coding\biometria\facial_auth\celeba_subset\img_align_celeba\186311.jpg,5210,False,glasses,True,-0.032995834946632385,297.25490000419086
D:\Bartek\coding\biometria\facial_auth\celeba_subset\img_align_celeba\004645.jpg,6195,False,mask,False,0.4934661388397217,305.9581999987131
D:\Bartek\coding\biometria\facial_auth\celeba_subset\img_align_celeba\004645.jpg,6195,False,mask,True,0.45248207449913025,11867.552800002159
D:\Bartek\coding\biometria\facial_auth\celeba_subset\img_align_celeba\169599.jpg,1435,False,glasses,False,0.029817914590239525,286.7837999947369
D:\Bartek\coding\biometria\facial_auth\celeba_subset\img_align_celeba\169599.jpg,1435,False,glasses,True,0.029817914590239525,292.63560000254074
D:\Bartek\coding\biometria\facial_auth\celeba_subset\img_align_celeba\177578.jpg,7422,False,mask,False,0.7936726808547974,291.94680000364315
D:\Bartek\coding\biometria\facial_auth\celeba_subset\img_align_celeba\177578.jpg,7422,False,mask,True,0.7935830354690552,11370.433800002502
D:\Bartek\coding\biometria\facial_auth\celeba_subset\img_align_celeba\174180.jpg,6528,False,glasses,False,0.10535042732954025,291.41510000044946
D:\Bartek\coding\biometria\facial_auth\celeba_subset\img_align_celeba\174180.jpg,6528,False,glasses,True,0.10535042732954025,292.69709999789484
D:\Bartek\coding\biometria\facial_auth\celeba_subset\img_align_celeba\071071.jpg,9939,False,mask,False,0.02466944046318531,310.148600001412
D:\Bartek\coding\biometria\facial_auth\celeba_subset\img_align_celeba\071071.jpg,9939,False,mask,True,0.026189299300312996,11515.8792000002
D:\Bartek\coding\biometria\facial_auth\celeba_subset\img_align_celeba\114750.jpg,5064,False,glasses,False,0.03797687962651253,286.837599996943
D:\Bartek\coding\biometria\facial_auth\celeba_subset\img_align_celeba\114750.jpg,5064,False,glasses,True,0.03797687962651253,294.79129999526776
D:\Bartek\coding\biometria\facial_auth\celeba_subset\img_align_celeba\046652.jpg,3236,False,mask,False,0.0038777687586843967,289.0119000003324
D:\Bartek\coding\biometria\facial_auth\celeba_subset\img_align_celeba\046652.jpg,3236,False,mask,True,0.001339057576842606,11518.525699997554
D:\Bartek\coding\biometria\facial_auth\celeba_subset\img_align_celeba\139141.jpg,5127,False,glasses,False,0.19829587638378143,289.65990000142483
D:\Bartek\coding\biometria\facial_auth\celeba_subset\img_align_celeba\139141.jpg,5127,False,glasses,True,0.19829587638378143,292.79459999816027
D:\Bartek\coding\biometria\facial_auth\celeba_subset\img_align_celeba\105194.jpg,975,False,mask,False,0.08057869970798492,295.2517000012449
D:\Bartek\coding\biometria\facial_auth\celeba_subset\img_align_celeba\105194.jpg,975,False,mask,True,0.09349562972784042,294.7630999988178
D:\Bartek\coding\biometria\facial_auth\celeba_subset\img_align_celeba\074120.jpg,6368,False,glasses,False,-0.057730451226234436,300.9770999997272
D:\Bartek\coding\biometria\facial_auth\celeba_subset\img_align_celeba\074120.jpg,6368,False,glasses,True,-0.057730451226234436,297.3859000048833
D:\Bartek\coding\biometria\facial_auth\celeba_subset\img_align_celeba\096216.jpg,6719,False,mask,False,0.06836367398500443,292.520400005742
D:\Bartek\coding\biometria\facial_auth\celeba_subset\img_align_celeba\096216.jpg,6719,False,mask,True,0.05295044928789139,11661.633199997596
D:\Bartek\coding\biometria\facial_auth\celeba_subset\img_align_celeba\023249.jpg,5780,False,glasses,False,0.005924125202000141,291.65389999980107
D:\Bartek\coding\biometria\facial_auth\celeba_subset\img_align_celeba\023249.jpg,5780,False,glasses,True,0.005924125202000141,288.1437999967602
D:\Bartek\coding\biometria\facial_auth\celeba_subset\img_align_celeba\062447.jpg,9489,False,mask,False,0.11606830358505249,294.8458999962895
D:\Bartek\coding\biometria\facial_auth\celeba_subset\img_align_celeba\062447.jpg,9489,False,mask,True,0.09826463460922241,11739.342499997292
D:\Bartek\coding\biometria\facial_auth\celeba_subset\img_align_celeba\014101.jpg,2926,False,glasses,False,0.13195735216140747,286.34839999722317
D:\Bartek\coding\biometria\facial_auth\celeba_subset\img_align_celeba\014101.jpg,2926,False,glasses,True,0.13195735216140747,292.03270000289194
D:\Bartek\coding\biometria\facial_auth\celeba_subset\img_align_celeba\077146.jpg,1104,False,mask,False,-0.03495097905397415,295.70520000561373
D:\Bartek\coding\biometria\facial_auth\celeba_subset\img_align_celeba\077146.jpg,1104,False,mask,True,-0.04890017956495285,302.624800002377
D:\Bartek\coding\biometria\facial_auth\celeba_subset\img_align_celeba\125662.jpg,975,False,glasses,False,0.09810002148151398,305.4589000021224
D:\Bartek\coding\biometria\facial_auth\celeba_subset\img_align_celeba\125662.jpg,975,False,glasses,True,0.09810002148151398,302.65910000161966
D:\Bartek\coding\biometria\facial_auth\celeba_subset\img_align_celeba\028909.jpg,8,False,mask,False,0.017998026683926582,310.215600002266
D:\Bartek\coding\biometria\facial_auth\celeba_subset\img_align_celeba\028909.jpg,8,False,mask,True,0.13260354101657867,11378.605099998822
D:\Bartek\coding\biometria\facial_auth\celeba_subset\img_align_celeba\191377.jpg,205,False,glasses,False,0.14159917831420898,288.620000006631
D:\Bartek\coding\biometria\facial_auth\celeba_subset\img_align_celeba\191377.jpg,205,False,glasses,True,0.14159917831420898,294.8134999969625
D:\Bartek\coding\biometria\facial_auth\celeba_subset\img_align_celeba\070899.jpg,7338,False,mask,False,0.17735432088375092,292.5572999956785
D:\Bartek\coding\biometria\facial_auth\celeba_subset\img_align_celeba\070899.jpg,7338,False,mask,True,0.17714498937129974,11390.616800003045
D:\Bartek\coding\biometria\facial_auth\celeba_subset\img_align_celeba\094027.jpg,9093,False,glasses,False,0.0555582232773304,297.7799000000232
D:\Bartek\coding\biometria\facial_auth\celeba_subset\img_align_celeba\094027.jpg,9093,False,glasses,True,0.0555582232773304,295.57650000060676
D:\Bartek\coding\biometria\facial_auth\celeba_subset\img_align_celeba\150378.jpg,7103,False,mask,False,0.039781711995601654,286.4285000032396
D:\Bartek\coding\biometria\facial_auth\celeba_subset\img_align_celeba\150378.jpg,7103,False,mask,True,0.10326000303030014,288.39570000127424
D:\Bartek\coding\biometria\facial_auth\celeba_subset\img_align_celeba\000387.jpg,9489,False,glasses,False,-0.10420676320791245,294.10249999637017
D:\Bartek\coding\biometria\facial_auth\celeba_subset\img_align_celeba\000387.jpg,9489,False,glasses,True,-0.10420676320791245,289.728700001433
D:\Bartek\coding\biometria\facial_auth\celeba_subset\img_align_celeba\038746.jpg,9939,False,mask,False,-0.013749657198786736,304.58399999770336
D:\Bartek\coding\biometria\facial_auth\celeba_subset\img_align_celeba\038746.jpg,9939,False,mask,True,-0.05946610867977142,11506.305200004135
D:\Bartek\coding\biometria\facial_auth\celeba_subset\img_align_celeba\061485.jpg,6972,False,glasses,False,0.02810150757431984,288.85620000073686
D:\Bartek\coding\biometria\facial_auth\celeba_subset\img_align_celeba\061485.jpg,6972,False,glasses,True,0.02810150757431984,289.78400000050897
D:\Bartek\coding\biometria\facial_auth\celeba_subset\img_align_celeba\044906.jpg,6528,False,mask,False,0.5590694546699524,296.32710000441875
D:\Bartek\coding\biometria\facial_auth\celeba_subset\img_align_celeba\044906.jpg,6528,False,mask,True,0.5582633018493652,11659.756600005494
D:\Bartek\coding\biometria\facial_auth\celeba_subset\img_align_celeba\098865.jpg,9828,False,glasses,False,0.13285695016384125,294.3435999986832
D:\Bartek\coding\biometria\facial_auth\celeba_subset\img_align_celeba\098865.jpg,9828,False,glasses,True,0.13285695016384125,306.3648000024841
D:\Bartek\coding\biometria\facial_auth\celeba_subset\img_align_celeba\057467.jpg,9300,False,mask,False,0.24807339906692505,293.82669999904465
D:\Bartek\coding\biometria\facial_auth\celeba_subset\img_align_celeba\057467.jpg,9300,False,mask,True,0.2489849478006363,11477.709300001152
D:\Bartek\coding\biometria\facial_auth\celeba_subset\img_align_celeba\096066.jpg,9828,False,glasses,False,0.11993318796157837,290.8672999983537
D:\Bartek\coding\biometria\facial_auth\celeba_subset\img_align_celeba\096066.jpg,9828,False,glasses,True,0.11993318796157837,286.15849999914644
D:\Bartek\coding\biometria\facial_auth\celeba_subset\img_align_celeba\056862.jpg,310,False,mask,False,0.3395193815231323,299.8876999990898
D:\Bartek\coding\biometria\facial_auth\celeba_subset\img_align_celeba\056862.jpg,310,False,mask,True,0.35746335983276367,11445.655500006978
D:\Bartek\coding\biometria\facial_auth\celeba_subset\img_align_celeba\118331.jpg,5656,False,glasses,False,0.016711903735995293,292.8001000036602
D:\Bartek\coding\biometria\facial_auth\celeba_subset\img_align_celeba\118331.jpg,5656,False,glasses,True,0.016711903735995293,296.36459999892395
D:\Bartek\coding\biometria\facial_auth\celeba_subset\img_align_celeba\140263.jpg,9632,False,mask,False,0.054894156754016876,280.5640000005951
D:\Bartek\coding\biometria\facial_auth\celeba_subset\img_align_celeba\140263.jpg,9632,False,mask,True,0.06326714903116226,11317.40659999923
D:\Bartek\coding\biometria\facial_auth\celeba_subset\img_align_celeba\024009.jpg,5656,False,glasses,False,0.16118264198303223,289.2695999980788
D:\Bartek\coding\biometria\facial_auth\celeba_subset\img_align_celeba\024009.jpg,5656,False,glasses,True,0.16118264198303223,293.45280000416096
D:\Bartek\coding\biometria\facial_auth\celeba_subset\img_align_celeba\133397.jpg,6170,False,mask,False,-0.006768294144421816,299.4498000043677
D:\Bartek\coding\biometria\facial_auth\celeba_subset\img_align_celeba\133397.jpg,6170,False,mask,True,0.056607190519571304,11636.76839999971
D:\Bartek\coding\biometria\facial_auth\celeba_subset\img_align_celeba\046765.jpg,3336,False,glasses,False,0.12665335834026337,286.12559999601217
D:\Bartek\coding\biometria\facial_auth\celeba_subset\img_align_celeba\046765.jpg,3336,False,glasses,True,0.12665335834026337,291.38529999909224
D:\Bartek\coding\biometria\facial_auth\celeba_subset\img_align_celeba\151426.jpg,1149,False,mask,False,0.10500013083219528,283.0939999985276
D:\Bartek\coding\biometria\facial_auth\celeba_subset\img_align_celeba\151426.jpg,1149,False,mask,True,0.14356794953346252,292.37429999921005
D:\Bartek\coding\biometria\facial_auth\celeba_subset\img_align_celeba\063464.jpg,898,False,glasses,False,0.0758880004286766,297.21499999868684
D:\Bartek\coding\biometria\facial_auth\celeba_subset\img_align_celeba\063464.jpg,898,False,glasses,True,0.0758880004286766,293.719900000724
D:\Bartek\coding\biometria\facial_auth\celeba_subset\img_align_celeba\122195.jpg,9144,False,mask,False,0.17563682794570923,272.87349999824073
D:\Bartek\coding\biometria\facial_auth\celeba_subset\img_align_celeba\122195.jpg,9144,False,mask,True,0.1763017773628235,11761.155300002429
D:\Bartek\coding\biometria\facial_auth\celeba_subset\img_align_celeba\020512.jpg,3336,False,glasses,False,0.06696018576622009,295.3648999973666
D:\Bartek\coding\biometria\facial_auth\celeba_subset\img_align_celeba\020512.jpg,3336,False,glasses,True,0.06696018576622009,292.092000003322
D:\Bartek\coding\biometria\facial_auth\celeba_subset\img_align_celeba\037315.jpg,9688,False,mask,False,0.05472815781831741,299.4431999977678
D:\Bartek\coding\biometria\facial_auth\celeba_subset\img_align_celeba\037315.jpg,9688,False,mask,True,0.05648636072874069,11411.265799993998
D:\Bartek\coding\biometria\facial_auth\celeba_subset\img_align_celeba\103152.jpg,5656,False,glasses,False,0.18414033949375153,286.3311999972211
D:\Bartek\coding\biometria\facial_auth\celeba_subset\img_align_celeba\103152.jpg,5656,False,glasses,True,0.18414033949375153,294.9730999971507
D:\Bartek\coding\biometria\facial_auth\celeba_subset\img_align_celeba\156608.jpg,9478,False,mask,False,0.0252483282238245,302.56699999881675
D:\Bartek\coding\biometria\facial_auth\celeba_subset\img_align_celeba\156608.jpg,9478,False,mask,True,0.035617079585790634,11326.656700002786
D:\Bartek\coding\biometria\facial_auth\celeba_subset\img_align_celeba\133623.jpg,3877,False,glasses,False,0.16060669720172882,290.56860000127926
D:\Bartek\coding\biometria\facial_auth\celeba_subset\img_align_celeba\133623.jpg,3877,False,glasses,True,0.16060669720172882,293.2915999990655
D:\Bartek\coding\biometria\facial_auth\celeba_subset\img_align_celeba\074302.jpg,5780,False,mask,False,0.23252388834953308,296.5824999992037
D:\Bartek\coding\biometria\facial_auth\celeba_subset\img_align_celeba\074302.jpg,5780,False,mask,True,0.23087505996227264,295.12070000055246
D:\Bartek\coding\biometria\facial_auth\celeba_subset\img_align_celeba\198922.jpg,5210,False,glasses,False,0.04464443027973175,295.0409999975818
D:\Bartek\coding\biometria\facial_auth\celeba_subset\img_align_celeba\198922.jpg,5210,False,glasses,True,0.04464443027973175,301.9736999995075
D:\Bartek\coding\biometria\facial_auth\celeba_subset\img_align_celeba\137640.jpg,6806,False,mask,False,0.042108114808797836,300.1409999997122
D:\Bartek\coding\biometria\facial_auth\celeba_subset\img_align_celeba\137640.jpg,6806,False,mask,True,0.042187124490737915,302.6001000034739
D:\Bartek\coding\biometria\facial_auth\celeba_subset\img_align_celeba\160546.jpg,6719,False,glasses,False,0.08057504892349243,297.0147999949404
D:\Bartek\coding\biometria\facial_auth\celeba_subset\img_align_celeba\160546.jpg,6719,False,glasses,True,0.08057504892349243,302.1985000013956
D:\Bartek\coding\biometria\facial_auth\celeba_subset\img_align_celeba\059246.jpg,5791,False,mask,False,0.04048784077167511,295.577000004414
D:\Bartek\coding\biometria\facial_auth\celeba_subset\img_align_celeba\059246.jpg,5791,False,mask,True,0.06707625836133957,11493.998199999623
D:\Bartek\coding\biometria\facial_auth\celeba_subset\img_align_celeba\197136.jpg,5648,False,glasses,False,0.2126556932926178,288.59940000256756
D:\Bartek\coding\biometria\facial_auth\celeba_subset\img_align_celeba\197136.jpg,5648,False,glasses,True,0.2126556932926178,307.2271999990335
D:\Bartek\coding\biometria\facial_auth\celeba_subset\img_align_celeba\202441.jpg,4968,False,mask,False,0.2040354609489441,275.6193999957759
D:\Bartek\coding\biometria\facial_auth\celeba_subset\img_align_celeba\202441.jpg,4968,False,mask,True,0.19393475353717804,11339.156499998353
D:\Bartek\coding\biometria\facial_auth\celeba_subset\img_align_celeba\143380.jpg,9910,False,glasses,False,0.16086481511592865,291.12309999618446
D:\Bartek\coding\biometria\facial_auth\celeba_subset\img_align_celeba\143380.jpg,9910,False,glasses,True,0.16086481511592865,288.6912999965716
D:\Bartek\coding\biometria\facial_auth\celeba_subset\img_align_celeba\119040.jpg,8,False,mask,False,0.033905815333127975,300.6992000009632
D:\Bartek\coding\biometria\facial_auth\celeba_subset\img_align_celeba\119040.jpg,8,False,mask,True,0.03155343979597092,11841.896799996903
D:\Bartek\coding\biometria\facial_auth\celeba_subset\img_align_celeba\000131.jpg,6456,False,glasses,False,0.11152032017707825,278.8540999972611
D:\Bartek\coding\biometria\facial_auth\celeba_subset\img_align_celeba\000131.jpg,6456,False,glasses,True,0.11152032017707825,292.17179999977816
D:\Bartek\coding\biometria\facial_auth\celeba_subset\img_align_celeba\123981.jpg,1435,False,mask,False,0.03504074364900589,307.7402999988408
D:\Bartek\coding\biometria\facial_auth\celeba_subset\img_align_celeba\123981.jpg,1435,False,mask,True,-0.007639412302523851,322.4408999958541
D:\Bartek\coding\biometria\facial_auth\celeba_subset\img_align_celeba\150171.jpg,3200,False,glasses,False,0.18118718266487122,289.3136999991839
D:\Bartek\coding\biometria\facial_auth\celeba_subset\img_align_celeba\150171.jpg,3200,False,glasses,True,0.18118718266487122,286.8196999988868
D:\Bartek\coding\biometria\facial_auth\celeba_subset\img_align_celeba\124546.jpg,878,False,mask,False,-0.0008529257029294968,285.5775999996695
D:\Bartek\coding\biometria\facial_auth\celeba_subset\img_align_celeba\124546.jpg,878,False,mask,True,-0.0008529257029294968,289.4243999980972
D:\Bartek\coding\biometria\facial_auth\celeba_subset\img_align_celeba\185034.jpg,5922,False,glasses,False,0.027381490916013718,300.3320999996504
D:\Bartek\coding\biometria\facial_auth\celeba_subset\img_align_celeba\185034.jpg,5922,False,glasses,True,0.027381490916013718,296.78689999855123
D:\Bartek\coding\biometria\facial_auth\celeba_subset\img_align_celeba\166159.jpg,975,False,mask,False,0.07228149473667145,289.0742000017781
D:\Bartek\coding\biometria\facial_auth\celeba_subset\img_align_celeba\166159.jpg,975,False,mask,True,0.05786958336830139,11406.184999999823
D:\Bartek\coding\biometria\facial_auth\celeba_subset\img_align_celeba\184474.jpg,9688,False,glasses,False,0.10138197243213654,290.67460000078427
D:\Bartek\coding\biometria\facial_auth\celeba_subset\img_align_celeba\184474.jpg,9688,False,glasses,True,0.10138197243213654,317.32819999888306
D:\Bartek\coding\biometria\facial_auth\celeba_subset\img_align_celeba\017190.jpg,9688,False,mask,False,0.0658881813287735,289.5608999970136
D:\Bartek\coding\biometria\facial_auth\celeba_subset\img_align_celeba\017190.jpg,9688,False,mask,True,0.07220198214054108,301.8365000025369
D:\Bartek\coding\biometria\facial_auth\celeba_subset\img_align_celeba\180819.jpg,6233,False,glasses,False,0.164241224527359,292.5309999991441
D:\Bartek\coding\biometria\facial_auth\celeba_subset\img_align_celeba\180819.jpg,6233,False,glasses,True,0.164241224527359,298.9741999990656
D:\Bartek\coding\biometria\facial_auth\celeba_subset\img_align_celeba\022580.jpg,7103,False,mask,False,0.039772432297468185,305.7408000022406
D:\Bartek\coding\biometria\facial_auth\celeba_subset\img_align_celeba\022580.jpg,7103,False,mask,True,0.043080903589725494,11425.948800002516
D:\Bartek\coding\biometria\facial_auth\celeba_subset\img_align_celeba\035909.jpg,6170,False,glasses,False,0.18780732154846191,296.0555000026943
D:\Bartek\coding\biometria\facial_auth\celeba_subset\img_align_celeba\035909.jpg,6170,False,glasses,True,0.18780732154846191,298.2112000026973
D:\Bartek\coding\biometria\facial_auth\celeba_subset\img_align_celeba\078302.jpg,3336,False,mask,False,0.06877076625823975,296.2399000025471
D:\Bartek\coding\biometria\facial_auth\celeba_subset\img_align_celeba\078302.jpg,3336,False,mask,True,0.20117707550525665,285.4613999952562
D:\Bartek\coding\biometria\facial_auth\celeba_subset\img_align_celeba\131991.jpg,5033,False,glasses,False,0.1116773784160614,295.23709999921266
D:\Bartek\coding\biometria\facial_auth\celeba_subset\img_align_celeba\131991.jpg,5033,False,glasses,True,0.1116773784160614,299.4507999974303
D:\Bartek\coding\biometria\facial_auth\celeba_subset\img_align_celeba\108789.jpg,8971,False,mask,False,0.027417277917265892,294.56580000260146
D:\Bartek\coding\biometria\facial_auth\celeba_subset\img_align_celeba\108789.jpg,8971,False,mask,True,-0.0011791205033659935,11374.229200002446
D:\Bartek\coding\biometria\facial_auth\celeba_subset\img_align_celeba\158538.jpg,5534,False,glasses,False,0.08419858664274216,282.57090000261087
D:\Bartek\coding\biometria\facial_auth\celeba_subset\img_align_celeba\158538.jpg,5534,False,glasses,True,0.08419858664274216,293.5310000029858
D:\Bartek\coding\biometria\facial_auth\celeba_subset\img_align_celeba\081174.jpg,8908,False,mask,False,0.9201980233192444,283.99869999702787
D:\Bartek\coding\biometria\facial_auth\celeba_subset\img_align_celeba\081174.jpg,8908,False,mask,True,0.8557652235031128,11603.825699996378
D:\Bartek\coding\biometria\facial_auth\celeba_subset\img_align_celeba\161446.jpg,8908,False,glasses,False,0.1749829202890396,302.57349999737926
D:\Bartek\coding\biometria\facial_auth\celeba_subset\img_align_celeba\161446.jpg,8908,False,glasses,True,0.1749829202890396,290.4791000037221
D:\Bartek\coding\biometria\facial_auth\celeba_subset\img_align_celeba\029876.jpg,6170,False,mask,False,-0.004941737744957209,292.10990000137826
D:\Bartek\coding\biometria\facial_auth\celeba_subset\img_align_celeba\029876.jpg,6170,False,mask,True,-0.006824885960668325,11321.093299993663
D:\Bartek\coding\biometria\facial_auth\celeba_subset\img_align_celeba\119445.jpg,310,False,glasses,False,0.12309527397155762,282.11690000171075
D:\Bartek\coding\biometria\facial_auth\celeba_subset\img_align_celeba\119445.jpg,310,False,glasses,True,0.12309527397155762,276.2786999956006
D:\Bartek\coding\biometria\facial_auth\celeba_subset\img_align_celeba\029772.jpg,7422,False,mask,False,0.6641346216201782,294.7638000041479
D:\Bartek\coding\biometria\facial_auth\celeba_subset\img_align_celeba\029772.jpg,7422,False,mask,True,0.6869547367095947,298.11530000006314
D:\Bartek\coding\biometria\facial_auth\celeba_subset\img_align_celeba\160672.jpg,2177,False,glasses,False,0.17907993495464325,292.9851000008057
D:\Bartek\coding\biometria\facial_auth\celeba_subset\img_align_celeba\160672.jpg,2177,False,glasses,True,0.17907993495464325,284.7939999992377
D:\Bartek\coding\biometria\facial_auth\celeba_subset\img_align_celeba\170218.jpg,6719,False,mask,False,0.1948194056749344,291.38390000298386
D:\Bartek\coding\biometria\facial_auth\celeba_subset\img_align_celeba\170218.jpg,6719,False,mask,True,0.18817514181137085,298.14010000700364
D:\Bartek\coding\biometria\facial_auth\celeba_subset\img_align_celeba\186776.jpg,5922,False,glasses,False,0.07914731651544571,297.9120999953011
D:\Bartek\coding\biometria\facial_auth\celeba_subset\img_align_celeba\186776.jpg,5922,False,glasses,True,0.07914731651544571,295.5548000027193
D:\Bartek\coding\biometria\facial_auth\celeba_subset\img_align_celeba\191647.jpg,5791,False,mask,False,0.03505004942417145,301.16999999881955
D:\Bartek\coding\biometria\facial_auth\celeba_subset\img_align_celeba\191647.jpg,5791,False,mask,True,0.07286481559276581,11447.782800001733
D:\Bartek\coding\biometria\facial_auth\celeba_subset\img_align_celeba\034660.jpg,6806,False,glasses,False,0.046165674924850464,293.9000999976997
D:\Bartek\coding\biometria\facial_auth\celeba_subset\img_align_celeba\034660.jpg,6806,False,glasses,True,0.046165674924850464,298.376399994595
D:\Bartek\coding\biometria\facial_auth\celeba_subset\img_align_celeba\175292.jpg,4069,False,mask,False,0.12137902528047562,298.5506000040914
D:\Bartek\coding\biometria\facial_auth\celeba_subset\img_align_celeba\175292.jpg,4069,False,mask,True,0.13275519013404846,297.1950999999535
D:\Bartek\coding\biometria\facial_auth\celeba_subset\img_align_celeba\110373.jpg,9828,False,glasses,False,0.0019049030961468816,299.39890000241576
D:\Bartek\coding\biometria\facial_auth\celeba_subset\img_align_celeba\110373.jpg,9828,False,glasses,True,0.0019049030961468816,299.4537999984459
D:\Bartek\coding\biometria\facial_auth\celeba_subset\img_align_celeba\052146.jpg,9093,False,mask,False,0.14878761768341064,280.64269999595126
D:\Bartek\coding\biometria\facial_auth\celeba_subset\img_align_celeba\052146.jpg,9093,False,mask,True,0.09610724449157715,11346.150400000624
D:\Bartek\coding\biometria\facial_auth\celeba_subset\img_align_celeba\048985.jpg,6456,False,glasses,False,0.19999919831752777,289.79370000161
D:\Bartek\coding\biometria\facial_auth\celeba_subset\img_align_celeba\048985.jpg,6456,False,glasses,True,0.19999919831752777,284.9958000006154
D:\Bartek\coding\biometria\facial_auth\celeba_subset\img_align_celeba\023763.jpg,4968,False,mask,False,0.20228610932826996,286.74490000412334
D:\Bartek\coding\biometria\facial_auth\celeba_subset\img_align_celeba\023763.jpg,4968,False,mask,True,0.2624690532684326,11360.228300000017
D:\Bartek\coding\biometria\facial_auth\celeba_subset\img_align_celeba\167772.jpg,3200,False,glasses,False,0.05771852657198906,294.33070000231965
D:\Bartek\coding\biometria\facial_auth\celeba_subset\img_align_celeba\167772.jpg,3200,False,glasses,True,0.05771852657198906,296.4384000006248
D:\Bartek\coding\biometria\facial_auth\celeba_subset\img_align_celeba\065309.jpg,8,False,mask,False,0.04113421589136124,289.8616000020411
D:\Bartek\coding\biometria\facial_auth\celeba_subset\img_align_celeba\065309.jpg,8,False,mask,True,0.1351308673620224,11903.34929999517
D:\Bartek\coding\biometria\facial_auth\celeba_subset\img_align_celeba\110424.jpg,2177,False,glasses,False,0.09539736807346344,286.0731000037049
D:\Bartek\coding\biometria\facial_auth\celeba_subset\img_align_celeba\110424.jpg,2177,False,glasses,True,0.09539736807346344,291.41420000087237
D:\Bartek\coding\biometria\facial_auth\celeba_subset\img_align_celeba\119763.jpg,4870,False,mask,False,0.14721333980560303,285.8665000021574
D:\Bartek\coding\biometria\facial_auth\celeba_subset\img_align_celeba\119763.jpg,4870,False,mask,True,0.14682966470718384,11443.703900004039
D:\Bartek\coding\biometria\facial_auth\celeba_subset\img_align_celeba\176995.jpg,8091,False,glasses,False,0.23961888253688812,292.85150000214344
D:\Bartek\coding\biometria\facial_auth\celeba_subset\img_align_celeba\176995.jpg,8091,False,glasses,True,0.23961888253688812,295.5179999989923
D:\Bartek\coding\biometria\facial_auth\celeba_subset\img_align_celeba\193811.jpg,4150,False,mask,False,0.025375740602612495,285.4256999999052
D:\Bartek\coding\biometria\facial_auth\celeba_subset\img_align_celeba\193811.jpg,4150,False,mask,True,0.06602134555578232,11385.906499999692
D:\Bartek\coding\biometria\facial_auth\celeba_subset\img_align_celeba\147303.jpg,5534,False,glasses,False,0.0553898960351944,286.70469999633497
D:\Bartek\coding\biometria\facial_auth\celeba_subset\img_align_celeba\147303.jpg,5534,False,glasses,True,0.0553898960351944,292.059600003995
D:\Bartek\coding\biometria\facial_auth\celeba_subset\img_align_celeba\188529.jpg,9093,False,mask,False,0.14743737876415253,296.66410000209
D:\Bartek\coding\biometria\facial_auth\celeba_subset\img_align_celeba\188529.jpg,9093,False,mask,True,0.09282424300909042,11319.286099998862
D:\Bartek\coding\biometria\facial_auth\celeba_subset\img_align_celeba\134427.jpg,9534,False,glasses,False,-0.05246270075440407,305.89660000259755
D:\Bartek\coding\biometria\facial_auth\celeba_subset\img_align_celeba\134427.jpg,9534,False,glasses,True,-0.05246270075440407,288.8033999988693
D:\Bartek\coding\biometria\facial_auth\celeba_subset\img_align_celeba\198719.jpg,2814,False,mask,False,0.018504934385418892,293.4857000000193
D:\Bartek\coding\biometria\facial_auth\celeba_subset\img_align_celeba\198719.jpg,2814,False,mask,True,0.05583195760846138,11388.57619999908
D:\Bartek\coding\biometria\facial_auth\celeba_subset\img_align_celeba\154712.jpg,5246,False,glasses,False,0.25117745995521545,289.9096999972244
D:\Bartek\coding\biometria\facial_auth\celeba_subset\img_align_celeba\154712.jpg,5246,False,glasses,True,0.25117745995521545,310.3024000010919
D:\Bartek\coding\biometria\facial_auth\celeba_subset\img_align_celeba\177132.jpg,5656,False,mask,False,0.12638810276985168,310.8120000033523
D:\Bartek\coding\biometria\facial_auth\celeba_subset\img_align_celeba\177132.jpg,5656,False,mask,True,0.09078117460012436,11723.9036999963
D:\Bartek\coding\biometria\facial_auth\celeba_subset\img_align_celeba\002751.jpg,8748,False,glasses,False,0.15737323462963104,292.52090000227327
D:\Bartek\coding\biometria\facial_auth\celeba_subset\img_align_celeba\002751.jpg,8748,False,glasses,True,0.15737323462963104,299.0725999989081
D:\Bartek\coding\biometria\facial_auth\celeba_subset\img_align_celeba\186319.jpg,4968,False,mask,False,0.21496964991092682,281.327800003055
D:\Bartek\coding\biometria\facial_auth\celeba_subset\img_align_celeba\186319.jpg,4968,False,mask,True,0.23133572936058044,11470.00560000015
D:\Bartek\coding\biometria\facial_auth\celeba_subset\img_align_celeba\094081.jpg,6170,False,glasses,False,0.07636411488056183,286.05139999854146
D:\Bartek\coding\biometria\facial_auth\celeba_subset\img_align_celeba\094081.jpg,6170,False,glasses,True,0.07636411488056183,301.330100002815
D:\Bartek\coding\biometria\facial_auth\celeba_subset\img_align_celeba\118774.jpg,9534,False,mask,False,0.1651170551776886,291.55689999606693
D:\Bartek\coding\biometria\facial_auth\celeba_subset\img_align_celeba\118774.jpg,9534,False,mask,True,0.16500335931777954,292.5443000058294
D:\Bartek\coding\biometria\facial_auth\celeba_subset\img_align_celeba\012679.jpg,6170,False,glasses,False,0.11265220493078232,298.31299999932526
D:\Bartek\coding\biometria\facial_auth\celeba_subset\img_align_celeba\012679.jpg,6170,False,glasses,True,0.11265220493078232,302.41550000209827
D:\Bartek\coding\biometria\facial_auth\celeba_subset\img_align_celeba\061852.jpg,4069,False,mask,False,0.08280963450670242,292.87679999833927
D:\Bartek\coding\biometria\facial_auth\celeba_subset\img_align_celeba\061852.jpg,4069,False,mask,True,0.08992879092693329,11408.011700004863
D:\Bartek\coding\biometria\facial_auth\celeba_subset\img_align_celeba\007433.jpg,9688,False,glasses,False,0.10880818963050842,296.57659999793395
D:\Bartek\coding\biometria\facial_auth\celeba_subset\img_align_celeba\007433.jpg,9688,False,glasses,True,0.10880818963050842,292.8105000028154
D:\Bartek\coding\biometria\facial_auth\celeba_subset\img_align_celeba\159200.jpg,6972,False,mask,False,0.051761478185653687,303.4110000007786
D:\Bartek\coding\biometria\facial_auth\celeba_subset\img_align_celeba\159200.jpg,6972,False,mask,True,0.051068954169750214,11401.347899998655
D:\Bartek\coding\biometria\facial_auth\celeba_subset\img_align_celeba\085395.jpg,2835,False,glasses,False,0.11280769854784012,287.6285000020289
D:\Bartek\coding\biometria\facial_auth\celeba_subset\img_align_celeba\085395.jpg,2835,False,glasses,True,0.11280769854784012,286.07609999744454
D:\Bartek\coding\biometria\facial_auth\celeba_subset\img_align_celeba\141269.jpg,5591,False,mask,False,0.16174748539924622,300.34889999660663
D:\Bartek\coding\biometria\facial_auth\celeba_subset\img_align_celeba\141269.jpg,5591,False,mask,True,0.16217845678329468,11683.562400001392
D:\Bartek\coding\biometria\facial_auth\celeba_subset\img_align_celeba\172378.jpg,6195,False,glasses,False,0.060524944216012955,290.94569999870146
D:\Bartek\coding\biometria\facial_auth\celeba_subset\img_align_celeba\172378.jpg,6195,False,glasses,True,0.060524944216012955,289.3811000030837
D:\Bartek\coding\biometria\facial_auth\celeba_subset\img_align_celeba\036626.jpg,5656,False,mask,False,0.11699153482913971,288.46380000322824
D:\Bartek\coding\biometria\facial_auth\celeba_subset\img_align_celeba\036626.jpg,5656,False,mask,True,0.12871518731117249,11363.728600001195
D:\Bartek\coding\biometria\facial_auth\celeba_subset\img_align_celeba\067365.jpg,6972,False,glasses,False,0.19176806509494781,291.63140000309795
D:\Bartek\coding\biometria\facial_auth\celeba_subset\img_align_celeba\067365.jpg,6972,False,glasses,True,0.19176806509494781,289.8339999956079
D:\Bartek\coding\biometria\facial_auth\celeba_subset\img_align_celeba\146485.jpg,8748,False,mask,False,0.06274845451116562,292.57379999762634
D:\Bartek\coding\biometria\facial_auth\celeba_subset\img_align_celeba\146485.jpg,8748,False,mask,True,0.06282569468021393,11425.293799999054
D:\Bartek\coding\biometria\facial_auth\celeba_subset\img_align_celeba\067799.jpg,9910,False,glasses,False,0.032928016036748886,291.48459999851184
D:\Bartek\coding\biometria\facial_auth\celeba_subset\img_align_celeba\067799.jpg,9910,False,glasses,True,0.032928016036748886,304.77999999857275
D:\Bartek\coding\biometria\facial_auth\celeba_subset\img_align_celeba\082401.jpg,3200,False,mask,False,0.5873458981513977,277.88349999900674
D:\Bartek\coding\biometria\facial_auth\celeba_subset\img_align_celeba\082401.jpg,3200,False,mask,True,0.553541898727417,11314.385800003947
D:\Bartek\coding\biometria\facial_auth\celeba_subset\img_align_celeba\164316.jpg,8091,False,glasses,False,0.14444951713085175,296.7164000001503
D:\Bartek\coding\biometria\facial_auth\celeba_subset\img_align_celeba\164316.jpg,8091,False,glasses,True,0.14444951713085175,301.6942999965977
D:\Bartek\coding\biometria\facial_auth\celeba_subset\img_align_celeba\003447.jpg,7524,False,mask,False,0.9649351835250854,302.4513999989722
D:\Bartek\coding\biometria\facial_auth\celeba_subset\img_align_celeba\003447.jpg,7524,False,mask,True,0.8975344896316528,11372.801299999992
D:\Bartek\coding\biometria\facial_auth\celeba_subset\img_align_celeba\039003.jpg,5534,False,glasses,False,0.25332778692245483,298.0371999947238
D:\Bartek\coding\biometria\facial_auth\celeba_subset\img_align_celeba\039003.jpg,5534,False,glasses,True,0.25332778692245483,292.2679999974207
D:\Bartek\coding\biometria\facial_auth\celeba_subset\img_align_celeba\174563.jpg,8834,False,mask,False,0.0336914025247097,294.199000003573
D:\Bartek\coding\biometria\facial_auth\celeba_subset\img_align_celeba\174563.jpg,8834,False,mask,True,0.030469665303826332,11874.488599998585
D:\Bartek\coding\biometria\facial_auth\celeba_subset\img_align_celeba\017795.jpg,9632,False,glasses,False,0.15053515136241913,293.2156000024406
D:\Bartek\coding\biometria\facial_auth\celeba_subset\img_align_celeba\017795.jpg,9632,False,glasses,True,0.15053515136241913,296.667399998114
D:\Bartek\coding\biometria\facial_auth\celeba_subset\img_align_celeba\130933.jpg,5534,False,mask,False,0.09268331527709961,294.50350000115577
D:\Bartek\coding\biometria\facial_auth\celeba_subset\img_align_celeba\130933.jpg,5534,False,mask,True,0.07240521162748337,11352.046599997266
D:\Bartek\coding\biometria\facial_auth\celeba_subset\img_align_celeba\067588.jpg,6983,False,glasses,False,0.15256477892398834,302.1422000019811
D:\Bartek\coding\biometria\facial_auth\celeba_subset\img_align_celeba\067588.jpg,6983,False,glasses,True,0.15256477892398834,298.9406999986386
D:\Bartek\coding\biometria\facial_auth\celeba_subset\img_align_celeba\060329.jpg,5575,False,mask,False,0.13338080048561096,294.63960000430234
D:\Bartek\coding\biometria\facial_auth\celeba_subset\img_align_celeba\060329.jpg,5575,False,mask,True,0.14567360281944275,289.0250999989803
D:\Bartek\coding\biometria\facial_auth\celeba_subset\img_align_celeba\174168.jpg,494,False,glasses,False,-0.02907484769821167,293.40570000204025
D:\Bartek\coding\biometria\facial_auth\celeba_subset\img_align_celeba\174168.jpg,494,False,glasses,True,-0.02907484769821167,291.64960000343854
D:\Bartek\coding\biometria\facial_auth\celeba_subset\img_align_celeba\071071.jpg,6195,False,mask,False,0.4654504656791687,302.7670999945258
D:\Bartek\coding\biometria\facial_auth\celeba_subset\img_align_celeba\071071.jpg,6195,False,mask,True,0.4645687937736511,11458.530299998529
D:\Bartek\coding\biometria\facial_auth\celeba_subset\img_align_celeba\051915.jpg,503,False,glasses,False,0.13308361172676086,286.6608999975142
D:\Bartek\coding\biometria\facial_auth\celeba_subset\img_align_celeba\051915.jpg,503,False,glasses,True,0.13308361172676086,298.7673999959952
D:\Bartek\coding\biometria\facial_auth\celeba_subset\img_align_celeba\145555.jpg,503,False,mask,False,0.3204081356525421,308.8237000047229
D:\Bartek\coding\biometria\facial_auth\celeba_subset\img_align_celeba\145555.jpg,503,False,mask,True,0.320830374956131,11383.641799999168
D:\Bartek\coding\biometria\facial_auth\celeba_subset\img_align_celeba\091053.jpg,8908,False,glasses,False,0.24340276420116425,286.18090000236407
D:\Bartek\coding\biometria\facial_auth\celeba_subset\img_align_celeba\091053.jpg,8908,False,glasses,True,0.24340276420116425,297.886300002574
D:\Bartek\coding\biometria\facial_auth\celeba_subset\img_align_celeba\177140.jpg,8834,False,mask,False,0.004466558340936899,294.99159999977564
D:\Bartek\coding\biometria\facial_auth\celeba_subset\img_align_celeba\177140.jpg,8834,False,mask,True,0.025268901139497757,11632.265699998243
D:\Bartek\coding\biometria\facial_auth\celeba_subset\img_align_celeba\173283.jpg,7222,False,glasses,False,-0.04470844939351082,288.9214999959222
D:\Bartek\coding\biometria\facial_auth\celeba_subset\img_align_celeba\173283.jpg,7222,False,glasses,True,-0.04470844939351082,294.92860000027576
D:\Bartek\coding\biometria\facial_auth\celeba_subset\img_align_celeba\022492.jpg,8091,False,mask,False,0.06182723492383957,284.6503000037046
D:\Bartek\coding\biometria\facial_auth\celeba_subset\img_align_celeba\022492.jpg,8091,False,mask,True,0.07917441427707672,11849.779700001818
D:\Bartek\coding\biometria\facial_auth\celeba_subset\img_align_celeba\106022.jpg,310,False,glasses,False,0.11163123697042465,297.9138999944553
D:\Bartek\coding\biometria\facial_auth\celeba_subset\img_align_celeba\106022.jpg,310,False,glasses,True,0.11163123697042465,293.2026999988011
D:\Bartek\coding\biometria\facial_auth\celeba_subset\img_align_celeba\115932.jpg,1167,False,mask,False,0.08089974522590637,308.1388999999035
D:\Bartek\coding\biometria\facial_auth\celeba_subset\img_align_celeba\115932.jpg,1167,False,mask,True,0.08034712821245193,11556.14140000398
D:\Bartek\coding\biometria\facial_auth\celeba_subset\img_align_celeba\023763.jpg,9478,False,glasses,False,0.04795106127858162,294.47990000335267
D:\Bartek\coding\biometria\facial_auth\celeba_subset\img_align_celeba\023763.jpg,9478,False,glasses,True,0.04795106127858162,291.12370000075316
D:\Bartek\coding\biometria\facial_auth\celeba_subset\img_align_celeba\022993.jpg,9093,False,mask,False,0.14237669110298157,284.5549999983632
D:\Bartek\coding\biometria\facial_auth\celeba_subset\img_align_celeba\022993.jpg,9093,False,mask,True,0.131720632314682,296.7687000054866
D:\Bartek\coding\biometria\facial_auth\celeba_subset\img_align_celeba\005325.jpg,8834,False,glasses,False,0.05576998367905617,283.1110000042827
D:\Bartek\coding\biometria\facial_auth\celeba_subset\img_align_celeba\005325.jpg,8834,False,glasses,True,0.05576998367905617,287.0124999972177
D:\Bartek\coding\biometria\facial_auth\celeba_subset\img_align_celeba\037955.jpg,1154,False,mask,False,0.12839581072330475,292.18050000054063
D:\Bartek\coding\biometria\facial_auth\celeba_subset\img_align_celeba\037955.jpg,1154,False,mask,True,0.058633316308259964,11588.817000003473
D:\Bartek\coding\biometria\facial_auth\celeba_subset\img_align_celeba\086205.jpg,6368,False,glasses,False,0.062030620872974396,283.7054999981774
D:\Bartek\coding\biometria\facial_auth\celeba_subset\img_align_celeba\086205.jpg,6368,False,glasses,True,0.062030620872974396,287.63120000076015
D:\Bartek\coding\biometria\facial_auth\celeba_subset\img_align_celeba\044524.jpg,1120,False,mask,False,-0.010708260349929333,306.3624999995227
D:\Bartek\coding\biometria\facial_auth\celeba_subset\img_align_celeba\044524.jpg,1120,False,mask,True,-0.0020056667272001505,11330.076400001417
D:\Bartek\coding\biometria\facial_auth\celeba_subset\img_align_celeba\191105.jpg,5747,False,glasses,False,0.10917558521032333,289.116500003729
D:\Bartek\coding\biometria\facial_auth\celeba_subset\img_align_celeba\191105.jpg,5747,False,glasses,True,0.10917558521032333,301.04389999905834
D:\Bartek\coding\biometria\facial_auth\celeba_subset\img_align_celeba\109653.jpg,3877,False,mask,False,0.05453993380069733,308.1049999964307
D:\Bartek\coding\biometria\facial_auth\celeba_subset\img_align_celeba\109653.jpg,3877,False,mask,True,0.08202562481164932,289.95929999655345
D:\Bartek\coding\biometria\facial_auth\celeba_subset\img_align_celeba\117832.jpg,5238,False,glasses,False,0.10124319791793823,306.10499999602325
D:\Bartek\coding\biometria\facial_auth\celeba_subset\img_align_celeba\117832.jpg,5238,False,glasses,True,0.10124319791793823,297.9794999992009
D:\Bartek\coding\biometria\facial_auth\celeba_subset\img_align_celeba\154454.jpg,9300,False,mask,False,0.2397509664297104,293.20499999448657
D:\Bartek\coding\biometria\facial_auth\celeba_subset\img_align_celeba\154454.jpg,9300,False,mask,True,0.2550603151321411,11357.354599997052
D:\Bartek\coding\biometria\facial_auth\celeba_subset\img_align_celeba\180177.jpg,4069,False,glasses,False,0.3095424771308899,299.3242000011378
D:\Bartek\coding\biometria\facial_auth\celeba_subset\img_align_celeba\180177.jpg,4069,False,glasses,True,0.3095424771308899,292.1432000002824
D:\Bartek\coding\biometria\facial_auth\celeba_subset\img_align_celeba\199347.jpg,5033,False,mask,False,0.06924641877412796,320.1610000032815
D:\Bartek\coding\biometria\facial_auth\celeba_subset\img_align_celeba\199347.jpg,5033,False,mask,True,0.08164040744304657,11465.60980000504
D:\Bartek\coding\biometria\facial_auth\celeba_subset\img_align_celeba\150009.jpg,6456,False,glasses,False,0.2290932685136795,296.382900000026
D:\Bartek\coding\biometria\facial_auth\celeba_subset\img_align_celeba\150009.jpg,6456,False,glasses,True,0.30184903740882874,11407.249600000796
D:\Bartek\coding\biometria\facial_auth\celeba_subset\img_align_celeba\082301.jpg,5190,False,mask,False,0.03276143595576286,288.2328999985475
D:\Bartek\coding\biometria\facial_auth\celeba_subset\img_align_celeba\082301.jpg,5190,False,mask,True,0.01543912198394537,11316.41700000182
D:\Bartek\coding\biometria\facial_auth\celeba_subset\img_align_celeba\176995.jpg,7088,False,glasses,False,0.1285395324230194,289.0795000057551
D:\Bartek\coding\biometria\facial_auth\celeba_subset\img_align_celeba\176995.jpg,7088,False,glasses,True,0.1285395324230194,292.77059999731136
D:\Bartek\coding\biometria\facial_auth\celeba_subset\img_align_celeba\193194.jpg,5246,False,mask,False,0.11133196204900742,288.7330999947153
D:\Bartek\coding\biometria\facial_auth\celeba_subset\img_align_celeba\193194.jpg,5246,False,mask,True,0.13620956242084503,11425.258100003703
D:\Bartek\coding\biometria\facial_auth\celeba_subset\img_align_celeba\056636.jpg,1350,False,glasses,False,0.038138002157211304,288.97690000303555
D:\Bartek\coding\biometria\facial_auth\celeba_subset\img_align_celeba\056636.jpg,1350,False,glasses,True,0.038138002157211304,294.86899999756133
D:\Bartek\coding\biometria\facial_auth\celeba_subset\img_align_celeba\198870.jpg,7422,False,mask,False,0.6692641973495483,290.7125999990967
D:\Bartek\coding\biometria\facial_auth\celeba_subset\img_align_celeba\198870.jpg,7422,False,mask,True,0.741450309753418,11403.38999999949
D:\Bartek\coding\biometria\facial_auth\celeba_subset\img_align_celeba\141864.jpg,644,False,glasses,False,0.03285699710249901,303.8814000028651
D:\Bartek\coding\biometria\facial_auth\celeba_subset\img_align_celeba\141864.jpg,644,False,glasses,True,0.03285699710249901,302.50299999897834
D:\Bartek\coding\biometria\facial_auth\celeba_subset\img_align_celeba\072575.jpg,7253,False,mask,False,0.1181839257478714,283.0947999973432
D:\Bartek\coding\biometria\facial_auth\celeba_subset\img_align_celeba\072575.jpg,7253,False,mask,True,0.11827635020017624,11655.946900005802
D:\Bartek\coding\biometria\facial_auth\celeba_subset\img_align_celeba\122456.jpg,7222,False,glasses,False,-0.041240084916353226,288.9969999960158
D:\Bartek\coding\biometria\facial_auth\celeba_subset\img_align_celeba\122456.jpg,7222,False,glasses,True,-0.041240084916353226,288.8581000006525
D:\Bartek\coding\biometria\facial_auth\celeba_subset\img_align_celeba\133966.jpg,9632,False,mask,False,0.06425011903047562,285.37990000040736
D:\Bartek\coding\biometria\facial_auth\celeba_subset\img_align_celeba\133966.jpg,9632,False,mask,True,0.06467205286026001,11427.869699997245
D:\Bartek\coding\biometria\facial_auth\celeba_subset\img_align_celeba\117624.jpg,7103,False,glasses,False,0.09496588259935379,284.59160000056727
D:\Bartek\coding\biometria\facial_auth\celeba_subset\img_align_celeba\117624.jpg,7103,False,glasses,True,0.09496588259935379,287.93649999715853
D:\Bartek\coding\biometria\facial_auth\celeba_subset\img_align_celeba\103329.jpg,6170,False,mask,False,0.025858070701360703,291.1184000040521
D:\Bartek\coding\biometria\facial_auth\celeba_subset\img_align_celeba\103329.jpg,6170,False,mask,True,0.025714391842484474,11453.064399996947
D:\Bartek\coding\biometria\facial_auth\celeba_subset\img_align_celeba\129124.jpg,3877,False,glasses,False,0.0006298935040831566,289.2941999962204
D:\Bartek\coding\biometria\facial_auth\celeba_subset\img_align_celeba\129124.jpg,3877,False,glasses,True,0.0006298935040831566,282.9573999988497
D:\Bartek\coding\biometria\facial_auth\celeba_subset\img_align_celeba\044294.jpg,494,False,mask,False,0.11135809868574142,288.6205000031623
D:\Bartek\coding\biometria\facial_auth\celeba_subset\img_align_celeba\044294.jpg,494,False,mask,True,0.06630538403987885,11586.55529999669
D:\Bartek\coding\biometria\facial_auth\celeba_subset\img_align_celeba\000190.jpg,9688,False,glasses,False,0.12440591305494308,281.7886999982875
D:\Bartek\coding\biometria\facial_auth\celeba_subset\img_align_celeba\000190.jpg,9688,False,glasses,True,0.12440591305494308,289.9704999945243
D:\Bartek\coding\biometria\facial_auth\celeba_subset\img_align_celeba\077146.jpg,5033,False,mask,False,0.08490972220897675,297.6958000072045
D:\Bartek\coding\biometria\facial_auth\celeba_subset\img_align_celeba\077146.jpg,5033,False,mask,True,0.08093582093715668,301.57860000326764
D:\Bartek\coding\biometria\facial_auth\celeba_subset\img_align_celeba\163987.jpg,5922,False,glasses,False,0.02889363467693329,291.4611000014702
D:\Bartek\coding\biometria\facial_auth\celeba_subset\img_align_celeba\163987.jpg,5922,False,glasses,True,0.02889363467693329,297.14259999309434
D:\Bartek\coding\biometria\facial_auth\celeba_subset\img_align_celeba\101316.jpg,6719,False,mask,False,0.08327622711658478,295.0364000062109
D:\Bartek\coding\biometria\facial_auth\celeba_subset\img_align_celeba\101316.jpg,6719,False,mask,True,0.06984996050596237,278.8981999983662
D:\Bartek\coding\biometria\facial_auth\celeba_subset\img_align_celeba\139141.jpg,3236,False,glasses,False,0.030153164640069008,296.6171000007307
D:\Bartek\coding\biometria\facial_auth\celeba_subset\img_align_celeba\139141.jpg,3236,False,glasses,True,0.030153164640069008,291.4457000006223
D:\Bartek\coding\biometria\facial_auth\celeba_subset\img_align_celeba\112275.jpg,9688,False,mask,False,0.047560110688209534,288.24149999854853
D:\Bartek\coding\biometria\facial_auth\celeba_subset\img_align_celeba\112275.jpg,9688,False,mask,True,0.01309878472238779,11781.553100001474
D:\Bartek\coding\biometria\facial_auth\celeba_subset\img_align_celeba\117501.jpg,494,False,glasses,False,0.10865060240030289,289.87729999789735
D:\Bartek\coding\biometria\facial_auth\celeba_subset\img_align_celeba\117501.jpg,494,False,glasses,True,0.10865060240030289,292.24129999784054
D:\Bartek\coding\biometria\facial_auth\celeba_subset\img_align_celeba\179698.jpg,913,False,mask,False,0.01391276903450489,282.49440000217874
D:\Bartek\coding\biometria\facial_auth\celeba_subset\img_align_celeba\179698.jpg,913,False,mask,True,1.6798265278339386e-05,11288.094399998954
D:\Bartek\coding\biometria\facial_auth\celeba_subset\img_align_celeba\133338.jpg,644,False,glasses,False,0.05021272972226143,286.12259999499656
D:\Bartek\coding\biometria\facial_auth\celeba_subset\img_align_celeba\133338.jpg,644,False,glasses,True,0.05021272972226143,300.55670000001555
D:\Bartek\coding\biometria\facial_auth\celeba_subset\img_align_celeba\027280.jpg,6086,False,mask,False,0.07898209989070892,294.05879999831086
D:\Bartek\coding\biometria\facial_auth\celeba_subset\img_align_celeba\027280.jpg,6086,False,mask,True,0.10333086550235748,11375.909299997147
D:\Bartek\coding\biometria\facial_auth\celeba_subset\img_align_celeba\022492.jpg,5672,False,glasses,False,0.26420649886131287,288.3263000039733
D:\Bartek\coding\biometria\facial_auth\celeba_subset\img_align_celeba\022492.jpg,5672,False,glasses,True,0.26420649886131287,291.49190000316594
D:\Bartek\coding\biometria\facial_auth\celeba_subset\img_align_celeba\193811.jpg,205,False,mask,False,0.03202991560101509,284.60560000530677
D:\Bartek\coding\biometria\facial_auth\celeba_subset\img_align_celeba\193811.jpg,205,False,mask,True,0.0006291987956501544,11398.689400004514
D:\Bartek\coding\biometria\facial_auth\celeba_subset\img_align_celeba\178570.jpg,6806,False,glasses,False,-0.023547718301415443,289.8154000067734
D:\Bartek\coding\biometria\facial_auth\celeba_subset\img_align_celeba\178570.jpg,6806,False,glasses,True,-0.023547718301415443,287.5883000015165
D:\Bartek\coding\biometria\facial_auth\celeba_subset\img_align_celeba\182831.jpg,3655,False,mask,False,0.4799502491950989,294.15310000331374
D:\Bartek\coding\biometria\facial_auth\celeba_subset\img_align_celeba\182831.jpg,3655,False,mask,True,0.4846438765525818,11318.312800001877
D:\Bartek\coding\biometria\facial_auth\celeba_subset\img_align_celeba\112151.jpg,1128,False,glasses,False,0.1340382993221283,278.0390999978408
D:\Bartek\coding\biometria\facial_auth\celeba_subset\img_align_celeba\112151.jpg,1128,False,glasses,True,0.1340382993221283,289.7173000019393
D:\Bartek\coding\biometria\facial_auth\celeba_subset\img_align_celeba\068806.jpg,9688,False,mask,False,0.04557117074728012,282.5377999979537
D:\Bartek\coding\biometria\facial_auth\celeba_subset\img_align_celeba\068806.jpg,9688,False,mask,True,0.09042560309171677,11676.66509999981
D:\Bartek\coding\biometria\facial_auth\celeba_subset\img_align_celeba\013153.jpg,7222,False,glasses,False,0.1150522381067276,289.4271999975899
D:\Bartek\coding\biometria\facial_auth\celeba_subset\img_align_celeba\013153.jpg,7222,False,glasses,True,0.1150522381067276,284.529399999883
D:\Bartek\coding\biometria\facial_auth\celeba_subset\img_align_celeba\026766.jpg,7253,False,mask,False,0.11551026254892349,287.89379999943776
D:\Bartek\coding\biometria\facial_auth\celeba_subset\img_align_celeba\026766.jpg,7253,False,mask,True,0.10496502369642258,278.81420000630897
D:\Bartek\coding\biometria\facial_auth\celeba_subset\img_align_celeba\072850.jpg,9632,False,glasses,False,0.10098390281200409,286.9709000005969
D:\Bartek\coding\biometria\facial_auth\celeba_subset\img_align_celeba\072850.jpg,9632,False,glasses,True,0.10098390281200409,292.99669999454636
D:\Bartek\coding\biometria\facial_auth\celeba_subset\img_align_celeba\152797.jpg,9632,False,mask,False,0.052637748420238495,286.46399999706773
D:\Bartek\coding\biometria\facial_auth\celeba_subset\img_align_celeba\152797.jpg,9632,False,mask,True,0.052637748420238495,295.0191000054474
D:\Bartek\coding\biometria\facial_auth\celeba_subset\img_align_celeba\086429.jpg,5656,False,glasses,False,0.1303093135356903,307.70620000112103
D:\Bartek\coding\biometria\facial_auth\celeba_subset\img_align_celeba\086429.jpg,5656,False,glasses,True,0.1303093135356903,294.2025999946054
D:\Bartek\coding\biometria\facial_auth\celeba_subset\img_align_celeba\154788.jpg,5780,False,mask,False,0.2360648810863495,299.3523999975878
D:\Bartek\coding\biometria\facial_auth\celeba_subset\img_align_celeba\154788.jpg,5780,False,mask,True,0.24507565796375275,11406.581399998686
D:\Bartek\coding\biometria\facial_auth\celeba_subset\img_align_celeba\169073.jpg,1149,False,glasses,False,0.06002447009086609,281.8291000003228
D:\Bartek\coding\biometria\facial_auth\celeba_subset\img_align_celeba\169073.jpg,1149,False,glasses,True,0.06002447009086609,290.41319999669213
D:\Bartek\coding\biometria\facial_auth\celeba_subset\img_align_celeba\196973.jpg,2835,False,mask,False,0.04725977033376694,303.67280000064056
D:\Bartek\coding\biometria\facial_auth\celeba_subset\img_align_celeba\196973.jpg,2835,False,mask,True,0.16283467411994934,286.4493999950355
D:\Bartek\coding\biometria\facial_auth\celeba_subset\img_align_celeba\016283.jpg,8908,False,glasses,False,0.819480299949646,295.6080000003567
D:\Bartek\coding\biometria\facial_auth\celeba_subset\img_align_celeba\016283.jpg,8908,False,glasses,True,0.819480299949646,307.3313999993843
D:\Bartek\coding\biometria\facial_auth\celeba_subset\img_align_celeba\043908.jpg,1120,False,mask,False,-0.0024444146547466516,289.392400001816
D:\Bartek\coding\biometria\facial_auth\celeba_subset\img_align_celeba\043908.jpg,1120,False,mask,True,0.049148112535476685,11484.27939999965
D:\Bartek\coding\biometria\facial_auth\celeba_subset\img_align_celeba\175000.jpg,5437,False,glasses,False,0.1556740254163742,286.6016000043601
D:\Bartek\coding\biometria\facial_auth\celeba_subset\img_align_celeba\175000.jpg,5437,False,glasses,True,0.1556740254163742,295.53129999840166
D:\Bartek\coding\biometria\facial_auth\celeba_subset\img_align_celeba\157894.jpg,5246,False,mask,False,0.11224358528852463,290.90910000377335
D:\Bartek\coding\biometria\facial_auth\celeba_subset\img_align_celeba\157894.jpg,5246,False,mask,True,0.0969962328672409,288.56939999968745
D:\Bartek\coding\biometria\facial_auth\celeba_subset\img_align_celeba\148073.jpg,8027,False,glasses,False,0.05011763423681259,293.6081000007107
D:\Bartek\coding\biometria\facial_auth\celeba_subset\img_align_celeba\148073.jpg,8027,False,glasses,True,0.05011763423681259,302.08649999985937
D:\Bartek\coding\biometria\facial_auth\celeba_subset\img_align_celeba\185904.jpg,9489,False,mask,False,0.04143856093287468,297.3326999999699
D:\Bartek\coding\biometria\facial_auth\celeba_subset\img_align_celeba\185904.jpg,9489,False,mask,True,0.037765465676784515,11304.235800002061
D:\Bartek\coding\biometria\facial_auth\celeba_subset\img_align_celeba\151637.jpg,205,False,glasses,False,0.04093538224697113,291.0327999998117
D:\Bartek\coding\biometria\facial_auth\celeba_subset\img_align_celeba\151637.jpg,205,False,glasses,True,0.04093538224697113,282.80870000162395
D:\Bartek\coding\biometria\facial_auth\celeba_subset\img_align_celeba\051995.jpg,2835,False,mask,False,0.07201024144887924,293.6212999993586
D:\Bartek\coding\biometria\facial_auth\celeba_subset\img_align_celeba\051995.jpg,2835,False,mask,True,0.06764773279428482,11361.293199995998
D:\Bartek\coding\biometria\facial_auth\celeba_subset\img_align_celeba\093329.jpg,3655,False,glasses,False,0.09248143434524536,288.2192000033683
D:\Bartek\coding\biometria\facial_auth\celeba_subset\img_align_celeba\093329.jpg,3655,False,glasses,True,0.09248143434524536,287.06419999798527
D:\Bartek\coding\biometria\facial_auth\celeba_subset\img_align_celeba\142027.jpg,5672,False,mask,False,0.07809611409902573,313.1693000032101
D:\Bartek\coding\biometria\facial_auth\celeba_subset\img_align_celeba\142027.jpg,5672,False,mask,True,0.14511720836162567,295.9214000002248
D:\Bartek\coding\biometria\facial_auth\celeba_subset\img_align_celeba\074577.jpg,9632,False,glasses,False,0.1553182303905487,290.9224999966682
D:\Bartek\coding\biometria\facial_auth\celeba_subset\img_align_celeba\074577.jpg,9632,False,glasses,True,0.1553182303905487,287.95170000375947
D:\Bartek\coding\biometria\facial_auth\celeba_subset\img_align_celeba\063825.jpg,9489,False,mask,False,0.12065677344799042,324.0063999983249
D:\Bartek\coding\biometria\facial_auth\celeba_subset\img_align_celeba\063825.jpg,9489,False,mask,True,0.12262716144323349,11515.974700007064
D:\Bartek\coding\biometria\facial_auth\celeba_subset\img_align_celeba\032692.jpg,8971,False,glasses,False,0.13267207145690918,279.7954999987269
D:\Bartek\coding\biometria\facial_auth\celeba_subset\img_align_celeba\032692.jpg,8971,False,glasses,True,0.13267207145690918,285.978799998702
D:\Bartek\coding\biometria\facial_auth\celeba_subset\img_align_celeba\180264.jpg,6972,False,mask,False,0.06370041519403458,286.5183000030811
D:\Bartek\coding\biometria\facial_auth\celeba_subset\img_align_celeba\180264.jpg,6972,False,mask,True,0.07389893382787704,11299.181000002136
D:\Bartek\coding\biometria\facial_auth\celeba_subset\img_align_celeba\058274.jpg,655,False,glasses,False,0.07706516981124878,292.61630000110017
D:\Bartek\coding\biometria\facial_auth\celeba_subset\img_align_celeba\058274.jpg,655,False,glasses,True,0.07706516981124878,303.7063000010676
D:\Bartek\coding\biometria\facial_auth\celeba_subset\img_align_celeba\077059.jpg,975,False,mask,False,0.04020453244447708,290.5920999983209
D:\Bartek\coding\biometria\facial_auth\celeba_subset\img_align_celeba\077059.jpg,975,False,mask,True,0.029495548456907272,11359.329799997795
D:\Bartek\coding\biometria\facial_auth\celeba_subset\img_align_celeba\091376.jpg,3200,False,glasses,False,0.09817302227020264,294.8709000047529
D:\Bartek\coding\biometria\facial_auth\celeba_subset\img_align_celeba\091376.jpg,3200,False,glasses,True,0.09817302227020264,293.9064000020153
D:\Bartek\coding\biometria\facial_auth\celeba_subset\img_align_celeba\041907.jpg,1120,False,mask,False,0.04950414225459099,289.0163999982178
D:\Bartek\coding\biometria\facial_auth\celeba_subset\img_align_celeba\041907.jpg,1120,False,mask,True,0.04595745727419853,283.5460999995121
D:\Bartek\coding\biometria\facial_auth\celeba_subset\img_align_celeba\171634.jpg,7253,False,glasses,False,0.12022586911916733,298.20309999922756
D:\Bartek\coding\biometria\facial_auth\celeba_subset\img_align_celeba\171634.jpg,7253,False,glasses,True,0.12022586911916733,295.1024999929359
D:\Bartek\coding\biometria\facial_auth\celeba_subset\img_align_celeba\031902.jpg,8,False,mask,False,0.026951827108860016,302.59519999526674
D:\Bartek\coding\biometria\facial_auth\celeba_subset\img_align_celeba\031902.jpg,8,False,mask,True,0.05372856184840202,11394.53119999962
D:\Bartek\coding\biometria\facial_auth\celeba_subset\img_align_celeba\044004.jpg,4968,False,glasses,False,-0.01686626486480236,282.29490000376245
D:\Bartek\coding\biometria\facial_auth\celeba_subset\img_align_celeba\044004.jpg,4968,False,glasses,True,-0.01686626486480236,288.1460999997216
D:\Bartek\coding\biometria\facial_auth\celeba_subset\img_align_celeba\102020.jpg,5064,False,mask,False,0.03918555751442909,298.8681999995606
D:\Bartek\coding\biometria\facial_auth\celeba_subset\img_align_celeba\102020.jpg,5064,False,mask,True,0.04155341908335686,11897.163299996464
D:\Bartek\coding\biometria\facial_auth\celeba_subset\img_align_celeba\070471.jpg,9300,False,glasses,False,0.18818321824073792,289.778500002285
D:\Bartek\coding\biometria\facial_auth\celeba_subset\img_align_celeba\070471.jpg,9300,False,glasses,True,0.18818321824073792,283.8661999994656
D:\Bartek\coding\biometria\facial_auth\celeba_subset\img_align_celeba\055409.jpg,3236,False,mask,False,0.011555849574506283,296.4071999958833
D:\Bartek\coding\biometria\facial_auth\celeba_subset\img_align_celeba\055409.jpg,3236,False,mask,True,0.011586499400436878,11438.247799997043
D:\Bartek\coding\biometria\facial_auth\celeba_subset\img_align_celeba\068042.jpg,4870,False,glasses,False,0.13961532711982727,288.99880000244593
D:\Bartek\coding\biometria\facial_auth\celeba_subset\img_align_celeba\068042.jpg,4870,False,glasses,True,0.13961532711982727,298.67299999750685
D:\Bartek\coding\biometria\facial_auth\celeba_subset\img_align_celeba\004260.jpg,1350,False,mask,False,-0.00955306738615036,286.17709999525687
D:\Bartek\coding\biometria\facial_auth\celeba_subset\img_align_celeba\004260.jpg,1350,False,mask,True,-0.019901806488633156,11560.019699994882
D:\Bartek\coding\biometria\facial_auth\celeba_subset\img_align_celeba\035153.jpg,7088,False,glasses,False,0.13352669775485992,291.69289999845205
D:\Bartek\coding\biometria\facial_auth\celeba_subset\img_align_celeba\035153.jpg,7088,False,glasses,True,0.13352669775485992,288.7604999996256
D:\Bartek\coding\biometria\facial_auth\celeba_subset\img_align_celeba\091376.jpg,8936,False,mask,False,0.075523242354393,290.7813000056194
D:\Bartek\coding\biometria\facial_auth\celeba_subset\img_align_celeba\091376.jpg,8936,False,mask,True,0.10054270923137665,11593.841699999757
D:\Bartek\coding\biometria\facial_auth\celeba_subset\img_align_celeba\159596.jpg,5238,False,glasses,False,0.03890620917081833,285.71910000027856
D:\Bartek\coding\biometria\facial_auth\celeba_subset\img_align_celeba\159596.jpg,5238,False,glasses,True,0.03890620917081833,291.10140000557294
D:\Bartek\coding\biometria\facial_auth\celeba_subset\img_align_celeba\025306.jpg,5591,False,mask,False,0.17389501631259918,283.6897999950452
D:\Bartek\coding\biometria\facial_auth\celeba_subset\img_align_celeba\025306.jpg,5591,False,mask,True,0.16585642099380493,298.23429999669315
D:\Bartek\coding\biometria\facial_auth\celeba_subset\img_align_celeba\113212.jpg,6170,False,glasses,False,0.06104997172951698,317.5331000020378
D:\Bartek\coding\biometria\facial_auth\celeba_subset\img_align_celeba\113212.jpg,6170,False,glasses,True,0.06104997172951698,293.40809999848716
D:\Bartek\coding\biometria\facial_auth\celeba_subset\img_align_celeba\013652.jpg,655,False,mask,False,0.12365327775478363,284.86749999865424
D:\Bartek\coding\biometria\facial_auth\celeba_subset\img_align_celeba\013652.jpg,655,False,mask,True,0.11132325232028961,11402.54609999829
D:\Bartek\coding\biometria\facial_auth\celeba_subset\img_align_celeba\061761.jpg,5437,False,glasses,False,0.11250162124633789,282.97269999893615
D:\Bartek\coding\biometria\facial_auth\celeba_subset\img_align_celeba\061761.jpg,5437,False,glasses,True,0.11250162124633789,284.8037000003387
D:\Bartek\coding\biometria\facial_auth\celeba_subset\img_align_celeba\185668.jpg,4968,False,mask,False,0.22149567306041718,288.12099999777274
D:\Bartek\coding\biometria\facial_auth\celeba_subset\img_align_celeba\185668.jpg,4968,False,mask,True,0.33761686086654663,307.1700000000419
D:\Bartek\coding\biometria\facial_auth\celeba_subset\img_align_celeba\019686.jpg,9910,False,glasses,False,0.6303857564926147,287.70239999721525
D:\Bartek\coding\biometria\facial_auth\celeba_subset\img_align_celeba\019686.jpg,9910,False,glasses,True,0.6303857564926147,287.4846999984584
D:\Bartek\coding\biometria\facial_auth\celeba_subset\img_align_celeba\010078.jpg,8091,False,mask,False,0.05485035851597786,285.0643999991007
D:\Bartek\coding\biometria\facial_auth\celeba_subset\img_align_celeba\010078.jpg,8091,False,mask,True,0.17755374312400818,11623.943400001735
D:\Bartek\coding\biometria\facial_auth\celeba_subset\img_align_celeba\013652.jpg,8971,False,glasses,False,0.15101735293865204,281.1939000021084
D:\Bartek\coding\biometria\facial_auth\celeba_subset\img_align_celeba\013652.jpg,8971,False,glasses,True,0.15101735293865204,284.90469999815105
D:\Bartek\coding\biometria\facial_auth\celeba_subset\img_align_celeba\145555.jpg,975,False,mask,False,0.0344681553542614,287.03089999908116
D:\Bartek\coding\biometria\facial_auth\celeba_subset\img_align_celeba\145555.jpg,975,False,mask,True,0.0344681553542614,11315.573300002143
D:\Bartek\coding\biometria\facial_auth\celeba_subset\img_align_celeba\039244.jpg,310,False,glasses,False,0.20418910682201385,285.8314000040991
D:\Bartek\coding\biometria\facial_auth\celeba_subset\img_align_celeba\039244.jpg,310,False,glasses,True,0.20418910682201385,285.93229999387404
D:\Bartek\coding\biometria\facial_auth\celeba_subset\img_align_celeba\024996.jpg,3877,False,mask,False,0.060374870896339417,287.17309999774443
D:\Bartek\coding\biometria\facial_auth\celeba_subset\img_align_celeba\024996.jpg,3877,False,mask,True,0.064651258289814,11334.671399999934
D:\Bartek\coding\biometria\facial_auth\celeba_subset\img_align_celeba\028543.jpg,5127,False,glasses,False,0.12126404047012329,297.1486000024015
D:\Bartek\coding\biometria\facial_auth\celeba_subset\img_align_celeba\028543.jpg,5127,False,glasses,True,0.12126404047012329,291.0641999988002
D:\Bartek\coding\biometria\facial_auth\celeba_subset\img_align_celeba\114529.jpg,5672,False,mask,False,0.21191570162773132,281.47680000256514
D:\Bartek\coding\biometria\facial_auth\celeba_subset\img_align_celeba\114529.jpg,5672,False,mask,True,0.20576658844947815,287.85610000340967
D:\Bartek\coding\biometria\facial_auth\celeba_subset\img_align_celeba\128446.jpg,9688,False,glasses,False,0.14047303795814514,301.4444000000367
D:\Bartek\coding\biometria\facial_auth\celeba_subset\img_align_celeba\128446.jpg,9688,False,glasses,True,0.14047303795814514,285.0391999963904
D:\Bartek\coding\biometria\facial_auth\celeba_subset\img_align_celeba\194003.jpg,9478,False,mask,False,0.010716592893004417,281.7353000064031
D:\Bartek\coding\biometria\facial_auth\celeba_subset\img_align_celeba\194003.jpg,9478,False,mask,True,0.05767408385872841,289.91360000509303
D:\Bartek\coding\biometria\facial_auth\celeba_subset\img_align_celeba\004928.jpg,898,False,glasses,False,0.06930354982614517,298.3115999959409
D:\Bartek\coding\biometria\facial_auth\celeba_subset\img_align_celeba\004928.jpg,898,False,glasses,True,0.06930354982614517,295.14289999497123
D:\Bartek\coding\biometria\facial_auth\celeba_subset\img_align_celeba\115122.jpg,5780,False,mask,False,0.2517819404602051,288.37059999932535
D:\Bartek\coding\biometria\facial_auth\celeba_subset\img_align_celeba\115122.jpg,5780,False,mask,True,0.1646493822336197,11454.663199998322
D:\Bartek\coding\biometria\facial_auth\celeba_subset\img_align_celeba\059504.jpg,5210,False,glasses,False,-0.0011974164517596364,278.6211999991792
D:\Bartek\coding\biometria\facial_auth\celeba_subset\img_align_celeba\059504.jpg,5210,False,glasses,True,-0.0011974164517596364,278.5800999990897
D:\Bartek\coding\biometria\facial_auth\celeba_subset\img_align_celeba\038089.jpg,5922,False,mask,False,0.10881989449262619,292.0159999994212
D:\Bartek\coding\biometria\facial_auth\celeba_subset\img_align_celeba\038089.jpg,5922,False,mask,True,0.13005970418453217,11380.782499996712
D:\Bartek\coding\biometria\facial_auth\celeba_subset\img_align_celeba\136945.jpg,5791,False,glasses,False,0.09897872805595398,288.00999999657506
D:\Bartek\coding\biometria\facial_auth\celeba_subset\img_align_celeba\136945.jpg,5791,False,glasses,True,0.09897872805595398,291.6406000003917
D:\Bartek\coding\biometria\facial_auth\celeba_subset\img_align_celeba\183541.jpg,3200,False,mask,False,0.5601066946983337,286.1903999946662
D:\Bartek\coding\biometria\facial_auth\celeba_subset\img_align_celeba\183541.jpg,3200,False,mask,True,0.5553896427154541,291.0546000057366
D:\Bartek\coding\biometria\facial_auth\celeba_subset\img_align_celeba\134101.jpg,6528,False,glasses,False,0.31780025362968445,287.31550000520656
D:\Bartek\coding\biometria\facial_auth\celeba_subset\img_align_celeba\134101.jpg,6528,False,glasses,True,0.31780025362968445,286.6661000007298
D:\Bartek\coding\biometria\facial_auth\celeba_subset\img_align_celeba\199478.jpg,9144,False,mask,False,0.17430303990840912,287.30240000004414
D:\Bartek\coding\biometria\facial_auth\celeba_subset\img_align_celeba\199478.jpg,9144,False,mask,True,0.16116727888584137,281.7776000010781
D:\Bartek\coding\biometria\facial_auth\celeba_subset\img_align_celeba\118162.jpg,8748,False,glasses,False,0.01700345054268837,287.367600001744
D:\Bartek\coding\biometria\facial_auth\celeba_subset\img_align_celeba\118162.jpg,8748,False,glasses,True,0.01700345054268837,299.40950000309385
D:\Bartek\coding\biometria\facial_auth\celeba_subset\img_align_celeba\082516.jpg,5033,False,mask,False,0.08165933191776276,309.41230000462383
D:\Bartek\coding\biometria\facial_auth\celeba_subset\img_align_celeba\082516.jpg,5033,False,mask,True,0.0806361511349678,11522.762900000089
D:\Bartek\coding\biometria\facial_auth\celeba_subset\img_align_celeba\138286.jpg,4069,False,glasses,False,0.1780729740858078,277.21110000129556
D:\Bartek\coding\biometria\facial_auth\celeba_subset\img_align_celeba\138286.jpg,4069,False,glasses,True,0.1780729740858078,277.9774000009638
D:\Bartek\coding\biometria\facial_auth\celeba_subset\img_align_celeba\195099.jpg,6722,False,mask,False,0.09036704152822495,282.16409999731695
D:\Bartek\coding\biometria\facial_auth\celeba_subset\img_align_celeba\195099.jpg,6722,False,mask,True,0.07435256242752075,11457.162999999127
D:\Bartek\coding\biometria\facial_auth\celeba_subset\img_align_celeba\156692.jpg,9688,False,glasses,False,0.2749647796154022,277.8087000042433
D:\Bartek\coding\biometria\facial_auth\celeba_subset\img_align_celeba\156692.jpg,9688,False,glasses,True,0.2749647796154022,277.5389999951585
D:\Bartek\coding\biometria\facial_auth\celeba_subset\img_align_celeba\180716.jpg,878,False,mask,False,0.003741905791684985,301.60049999540206
D:\Bartek\coding\biometria\facial_auth\celeba_subset\img_align_celeba\180716.jpg,878,False,mask,True,-0.011283595114946365,12367.237999998906
D:\Bartek\coding\biometria\facial_auth\celeba_subset\img_align_celeba\029286.jpg,4196,False,glasses,False,0.10580624639987946,308.6239000040223
D:\Bartek\coding\biometria\facial_auth\celeba_subset\img_align_celeba\029286.jpg,4196,False,glasses,True,0.10580624639987946,314.55129999812925
D:\Bartek\coding\biometria\facial_auth\celeba_subset\img_align_celeba\071290.jpg,4150,False,mask,False,0.01908155158162117,321.8791999970563
D:\Bartek\coding\biometria\facial_auth\celeba_subset\img_align_celeba\071290.jpg,4150,False,mask,True,0.014975194819271564,11576.183400000446
D:\Bartek\coding\biometria\facial_auth\celeba_subset\img_align_celeba\004620.jpg,9489,False,glasses,False,0.10719852894544601,316.25979999807896
D:\Bartek\coding\biometria\facial_auth\celeba_subset\img_align_celeba\004620.jpg,9489,False,glasses,True,0.10719852894544601,295.8792999997968
D:\Bartek\coding\biometria\facial_auth\celeba_subset\img_align_celeba\065152.jpg,4196,False,mask,False,0.3902484178543091,296.2489999990794
D:\Bartek\coding\biometria\facial_auth\celeba_subset\img_align_celeba\065152.jpg,4196,False,mask,True,0.38981086015701294,11826.383300001908
D:\Bartek\coding\biometria\facial_auth\celeba_subset\img_align_celeba\117198.jpg,8748,False,glasses,False,-0.0074697090312838554,299.9236999967252
D:\Bartek\coding\biometria\facial_auth\celeba_subset\img_align_celeba\117198.jpg,8748,False,glasses,True,-0.0074697090312838554,287.05970000009984
D:\Bartek\coding\biometria\facial_auth\celeba_subset\img_align_celeba\094544.jpg,5780,False,mask,False,0.208083838224411,287.3861999978544
D:\Bartek\coding\biometria\facial_auth\celeba_subset\img_align_celeba\094544.jpg,5780,False,mask,True,0.208083838224411,11390.886199995293
D:\Bartek\coding\biometria\facial_auth\celeba_subset\img_align_celeba\103428.jpg,6136,False,glasses,False,0.09130119532346725,293.7120999995386
D:\Bartek\coding\biometria\facial_auth\celeba_subset\img_align_celeba\103428.jpg,6136,False,glasses,True,0.09130119532346725,292.30480000114767
D:\Bartek\coding\biometria\facial_auth\celeba_subset\img_align_celeba\020235.jpg,1149,False,mask,False,0.04552434757351875,298.3583999957773
D:\Bartek\coding\biometria\facial_auth\celeba_subset\img_align_celeba\020235.jpg,1149,False,mask,True,0.09571006149053574,287.02480000356445
D:\Bartek\coding\biometria\facial_auth\celeba_subset\img_align_celeba\179069.jpg,5747,False,glasses,False,0.07282216846942902,293.2929000016884
D:\Bartek\coding\biometria\facial_auth\celeba_subset\img_align_celeba\179069.jpg,5747,False,glasses,True,0.07282216846942902,287.23380000155885
D:\Bartek\coding\biometria\facial_auth\celeba_subset\img_align_celeba\018405.jpg,190,False,mask,False,0.12434492260217667,291.6410000034375
D:\Bartek\coding\biometria\facial_auth\celeba_subset\img_align_celeba\018405.jpg,190,False,mask,True,0.13209645450115204,11496.205300005386
D:\Bartek\coding\biometria\facial_auth\celeba_subset\img_align_celeba\182479.jpg,1154,False,glasses,False,-0.026941880583763123,288.26710000430467
D:\Bartek\coding\biometria\facial_auth\celeba_subset\img_align_celeba\182479.jpg,1154,False,glasses,True,-0.026941880583763123,297.333599999547
D:\Bartek\coding\biometria\facial_auth\celeba_subset\img_align_celeba\090073.jpg,3236,False,mask,False,0.010195169597864151,309.4044999961625
D:\Bartek\coding\biometria\facial_auth\celeba_subset\img_align_celeba\090073.jpg,3236,False,mask,True,0.009322596713900566,11378.47260000126
D:\Bartek\coding\biometria\facial_auth\celeba_subset\img_align_celeba\020798.jpg,7524,False,glasses,False,0.006624743342399597,300.3593999965233
D:\Bartek\coding\biometria\facial_auth\celeba_subset\img_align_celeba\020798.jpg,7524,False,glasses,True,0.006624743342399597,305.64220000087516
D:\Bartek\coding\biometria\facial_auth\celeba_subset\img_align_celeba\042145.jpg,9478,False,mask,False,0.022945808246731758,291.91159999754746
D:\Bartek\coding\biometria\facial_auth\celeba_subset\img_align_celeba\042145.jpg,9478,False,mask,True,0.018192457035183907,11515.760499998578
D:\Bartek\coding\biometria\facial_auth\celeba_subset\img_align_celeba\142408.jpg,5190,False,glasses,False,0.10654757171869278,292.33730000123614
D:\Bartek\coding\biometria\facial_auth\celeba_subset\img_align_celeba\142408.jpg,5190,False,glasses,True,0.10654757171869278,293.79380000318633
D:\Bartek\coding\biometria\facial_auth\celeba_subset\img_align_celeba\003609.jpg,6972,False,mask,False,0.06047072261571884,304.3420999965747
D:\Bartek\coding\biometria\facial_auth\celeba_subset\img_align_celeba\003609.jpg,6972,False,mask,True,0.07225222140550613,11596.669999998994
D:\Bartek\coding\biometria\facial_auth\celeba_subset\img_align_celeba\069597.jpg,4150,False,glasses,False,0.10211198031902313,281.7794000002323
D:\Bartek\coding\biometria\facial_auth\celeba_subset\img_align_celeba\069597.jpg,4150,False,glasses,True,0.10211198031902313,293.5205000030692
D:\Bartek\coding\biometria\facial_auth\celeba_subset\img_align_celeba\000864.jpg,6086,False,mask,False,0.08359766006469727,290.06350000418024
D:\Bartek\coding\biometria\facial_auth\celeba_subset\img_align_celeba\000864.jpg,6086,False,mask,True,0.08548681437969208,11333.351300003415
D:\Bartek\coding\biometria\facial_auth\celeba_subset\img_align_celeba\115278.jpg,9478,False,glasses,False,-0.05989580228924751,300.0000000029104
D:\Bartek\coding\biometria\facial_auth\celeba_subset\img_align_celeba\115278.jpg,9478,False,glasses,True,-0.05989580228924751,293.7173999962397
D:\Bartek\coding\biometria\facial_auth\celeba_subset\img_align_celeba\082803.jpg,9300,False,mask,False,0.24344845116138458,300.58200000348734
D:\Bartek\coding\biometria\facial_auth\celeba_subset\img_align_celeba\082803.jpg,9300,False,mask,True,0.26558536291122437,11408.174800002598
D:\Bartek\coding\biometria\facial_auth\celeba_subset\img_align_celeba\013237.jpg,5099,False,glasses,False,0.1478366106748581,299.09500000212574
D:\Bartek\coding\biometria\facial_auth\celeba_subset\img_align_celeba\013237.jpg,5099,False,glasses,True,0.1478366106748581,299.1575999985798
D:\Bartek\coding\biometria\facial_auth\celeba_subset\img_align_celeba\015889.jpg,4968,False,mask,False,0.22451075911521912,304.91150000307243
D:\Bartek\coding\biometria\facial_auth\celeba_subset\img_align_celeba\015889.jpg,4968,False,mask,True,0.2355995774269104,11392.955399998755
D:\Bartek\coding\biometria\facial_auth\celeba_subset\img_align_celeba\117283.jpg,9478,False,glasses,False,0.07920003682374954,287.67850000440376
D:\Bartek\coding\biometria\facial_auth\celeba_subset\img_align_celeba\117283.jpg,9478,False,glasses,True,0.07920003682374954,289.41670000494923
D:\Bartek\coding\biometria\facial_auth\celeba_subset\img_align_celeba\005661.jpg,5872,False,mask,False,0.16056333482265472,300.95849999634083
D:\Bartek\coding\biometria\facial_auth\celeba_subset\img_align_celeba\005661.jpg,5872,False,mask,True,0.16056333482265472,287.6946999967913
D:\Bartek\coding\biometria\facial_auth\celeba_subset\img_align_celeba\009865.jpg,9828,False,glasses,False,0.012290640734136105,292.919500003336
D:\Bartek\coding\biometria\facial_auth\celeba_subset\img_align_celeba\009865.jpg,9828,False,glasses,True,0.012290640734136105,303.01239999971585
D:\Bartek\coding\biometria\facial_auth\celeba_subset\img_align_celeba\033658.jpg,5791,False,mask,False,0.03423704579472542,311.30059999850346
D:\Bartek\coding\biometria\facial_auth\celeba_subset\img_align_celeba\033658.jpg,5791,False,mask,True,0.012057721614837646,298.373099998571
D:\Bartek\coding\biometria\facial_auth\celeba_subset\img_align_celeba\013470.jpg,6456,False,glasses,False,0.12713655829429626,289.14410000288626
D:\Bartek\coding\biometria\facial_auth\celeba_subset\img_align_celeba\013470.jpg,6456,False,glasses,True,0.12713655829429626,288.7632999991183
D:\Bartek\coding\biometria\facial_auth\celeba_subset\img_align_celeba\036303.jpg,4936,False,mask,False,0.052679337561130524,289.60400000505615
D:\Bartek\coding\biometria\facial_auth\celeba_subset\img_align_celeba\036303.jpg,4936,False,mask,True,0.053392041474580765,289.79149999941
D:\Bartek\coding\biometria\facial_auth\celeba_subset\img_align_celeba\188249.jpg,9939,False,glasses,False,0.1068110242486,298.13999999896623
D:\Bartek\coding\biometria\facial_auth\celeba_subset\img_align_celeba\188249.jpg,9939,False,glasses,True,0.1068110242486,298.9110999988043
D:\Bartek\coding\biometria\facial_auth\celeba_subset\img_align_celeba\010648.jpg,4069,False,mask,False,0.0857602208852768,282.8534000000218
D:\Bartek\coding\biometria\facial_auth\celeba_subset\img_align_celeba\010648.jpg,4069,False,mask,True,0.08585987240076065,11509.045300001162
D:\Bartek\coding\biometria\facial_auth\celeba_subset\img_align_celeba\087539.jpg,9828,False,glasses,False,0.04469066858291626,296.9013000038103
D:\Bartek\coding\biometria\facial_auth\celeba_subset\img_align_celeba\087539.jpg,9828,False,glasses,True,0.04469066858291626,293.5132999991765
D:\Bartek\coding\biometria\facial_auth\celeba_subset\img_align_celeba\081934.jpg,2835,False,mask,False,0.08475299924612045,279.83620000304654
D:\Bartek\coding\biometria\facial_auth\celeba_subset\img_align_celeba\081934.jpg,2835,False,mask,True,0.04683823138475418,11497.159600003215
D:\Bartek\coding\biometria\facial_auth\celeba_subset\img_align_celeba\190793.jpg,205,False,glasses,False,0.08492623269557953,285.32239999913145
D:\Bartek\coding\biometria\facial_auth\celeba_subset\img_align_celeba\190793.jpg,205,False,glasses,True,0.08492623269557953,289.1017000001739
D:\Bartek\coding\biometria\facial_auth\celeba_subset\img_align_celeba\099640.jpg,310,False,mask,False,0.32958197593688965,305.9466999984579
D:\Bartek\coding\biometria\facial_auth\celeba_subset\img_align_celeba\099640.jpg,310,False,mask,True,0.3474334478378296,11468.52790000412
D:\Bartek\coding\biometria\facial_auth\celeba_subset\img_align_celeba\080299.jpg,6722,False,glasses,False,0.053148508071899414,288.66220000054454
D:\Bartek\coding\biometria\facial_auth\celeba_subset\img_align_celeba\080299.jpg,6722,False,glasses,True,0.053148508071899414,293.7614999973448
D:\Bartek\coding\biometria\facial_auth\celeba_subset\img_align_celeba\195866.jpg,6170,False,mask,False,-0.007754121441394091,295.9560000017518
D:\Bartek\coding\biometria\facial_auth\celeba_subset\img_align_celeba\195866.jpg,6170,False,mask,True,0.04103757068514824,11461.033400002634
D:\Bartek\coding\biometria\facial_auth\celeba_subset\img_align_celeba\081857.jpg,4659,False,glasses,False,0.03092098981142044,289.342600000964
D:\Bartek\coding\biometria\facial_auth\celeba_subset\img_align_celeba\081857.jpg,4659,False,glasses,True,0.03092098981142044,289.75830000126734
D:\Bartek\coding\biometria\facial_auth\celeba_subset\img_align_celeba\089265.jpg,5099,False,mask,False,0.07244912534952164,301.2979999984964
D:\Bartek\coding\biometria\facial_auth\celeba_subset\img_align_celeba\089265.jpg,5099,False,mask,True,0.04689952731132507,11374.78099999862
D:\Bartek\coding\biometria\facial_auth\celeba_subset\img_align_celeba\049242.jpg,494,False,glasses,False,0.11360636353492737,284.4433999998728
D:\Bartek\coding\biometria\facial_auth\celeba_subset\img_align_celeba\049242.jpg,494,False,glasses,True,0.11360636353492737,291.66609999811044
D:\Bartek\coding\biometria\facial_auth\celeba_subset\img_align_celeba\009592.jpg,8091,False,mask,False,0.06937367469072342,285.67269999621203
D:\Bartek\coding\biometria\facial_auth\celeba_subset\img_align_celeba\009592.jpg,8091,False,mask,True,0.07569369673728943,11720.157399999152
D:\Bartek\coding\biometria\facial_auth\celeba_subset\img_align_celeba\154399.jpg,5648,False,glasses,False,0.11712054163217545,293.54439999588067
D:\Bartek\coding\biometria\facial_auth\celeba_subset\img_align_celeba\154399.jpg,5648,False,glasses,True,0.11712054163217545,290.07110000384273
D:\Bartek\coding\biometria\facial_auth\celeba_subset\img_align_celeba\054354.jpg,9688,False,mask,False,0.01789120025932789,290.79620000266004
D:\Bartek\coding\biometria\facial_auth\celeba_subset\img_align_celeba\054354.jpg,9688,False,mask,True,0.018529891967773438,298.0133999953978
D:\Bartek\coding\biometria\facial_auth\celeba_subset\img_align_celeba\172233.jpg,5575,False,glasses,False,0.2186151146888733,287.53589999541873
D:\Bartek\coding\biometria\facial_auth\celeba_subset\img_align_celeba\172233.jpg,5575,False,glasses,True,0.2186151146888733,297.63939999975264
D:\Bartek\coding\biometria\facial_auth\celeba_subset\img_align_celeba\176410.jpg,8,False,mask,False,0.032119374722242355,308.5527000002912
D:\Bartek\coding\biometria\facial_auth\celeba_subset\img_align_celeba\176410.jpg,8,False,mask,True,0.04395014047622681,11538.56000000087
D:\Bartek\coding\biometria\facial_auth\celeba_subset\img_align_celeba\091529.jpg,7338,False,glasses,False,0.17585553228855133,295.89519999717595
D:\Bartek\coding\biometria\facial_auth\celeba_subset\img_align_celeba\091529.jpg,7338,False,glasses,True,0.17585553228855133,296.91160000220407
D:\Bartek\coding\biometria\facial_auth\celeba_subset\img_align_celeba\133183.jpg,8748,False,mask,False,0.04819953441619873,302.14629999682074
D:\Bartek\coding\biometria\facial_auth\celeba_subset\img_align_celeba\133183.jpg,8748,False,mask,True,0.07614565640687943,11465.074599997024
D:\Bartek\coding\biometria\facial_auth\celeba_subset\img_align_celeba\181866.jpg,8027,False,glasses,False,0.05470316857099533,292.46049999346724
D:\Bartek\coding\biometria\facial_auth\celeba_subset\img_align_celeba\181866.jpg,8027,False,glasses,True,0.05470316857099533,290.6994000004488
D:\Bartek\coding\biometria\facial_auth\celeba_subset\img_align_celeba\122455.jpg,205,False,mask,False,0.019491292536258698,290.82230000494746
D:\Bartek\coding\biometria\facial_auth\celeba_subset\img_align_celeba\122455.jpg,205,False,mask,True,0.043485235422849655,11370.07010000525
D:\Bartek\coding\biometria\facial_auth\celeba_subset\img_align_celeba\033851.jpg,1149,False,glasses,False,0.0024203734938055277,289.00009999779286
D:\Bartek\coding\biometria\facial_auth\celeba_subset\img_align_celeba\033851.jpg,1149,False,glasses,True,0.0024203734938055277,295.40239999914775
D:\Bartek\coding\biometria\facial_auth\celeba_subset\img_align_celeba\003447.jpg,6983,False,mask,False,0.13472576439380646,295.4070999985561
D:\Bartek\coding\biometria\facial_auth\celeba_subset\img_align_celeba\003447.jpg,6983,False,mask,True,0.11748354136943817,292.603699999745
D:\Bartek\coding\biometria\facial_auth\celeba_subset\img_align_celeba\194613.jpg,9093,False,glasses,False,0.05701930820941925,474.5011999984854
D:\Bartek\coding\biometria\facial_auth\celeba_subset\img_align_celeba\194613.jpg,9093,False,glasses,True,0.05701930820941925,284.8775999955251
D:\Bartek\coding\biometria\facial_auth\celeba_subset\img_align_celeba\088544.jpg,6528,False,mask,False,0.524506151676178,286.980400000175
D:\Bartek\coding\biometria\facial_auth\celeba_subset\img_align_celeba\088544.jpg,6528,False,mask,True,0.5254553556442261,11487.82460000075
D:\Bartek\coding\biometria\facial_auth\celeba_subset\img_align_celeba\158553.jpg,1149,False,glasses,False,0.1145581379532814,293.79509999853326
D:\Bartek\coding\biometria\facial_auth\celeba_subset\img_align_celeba\158553.jpg,1149,False,glasses,True,0.1145581379532814,300.83530000410974
D:\Bartek\coding\biometria\facial_auth\celeba_subset\img_align_celeba\079890.jpg,6136,False,mask,False,0.21252703666687012,292.029399999592
D:\Bartek\coding\biometria\facial_auth\celeba_subset\img_align_celeba\079890.jpg,6136,False,mask,True,0.2083693891763687,284.5623000030173
D:\Bartek\coding\biometria\facial_auth\celeba_subset\img_align_celeba\142950.jpg,2926,False,glasses,False,0.05137535184621811,302.54820000118343
D:\Bartek\coding\biometria\facial_auth\celeba_subset\img_align_celeba\142950.jpg,2926,False,glasses,True,0.05137535184621811,287.15530000044964
D:\Bartek\coding\biometria\facial_auth\celeba_subset\img_align_celeba\130819.jpg,9534,False,mask,False,0.2168242186307907,296.0559999992256
D:\Bartek\coding\biometria\facial_auth\celeba_subset\img_align_celeba\130819.jpg,9534,False,mask,True,0.2158457338809967,11679.28170000232
D:\Bartek\coding\biometria\facial_auth\celeba_subset\img_align_celeba\176949.jpg,3877,False,glasses,False,0.1305781602859497,287.67660000448814
D:\Bartek\coding\biometria\facial_auth\celeba_subset\img_align_celeba\176949.jpg,3877,False,glasses,True,0.1305781602859497,285.4297999947448
D:\Bartek\coding\biometria\facial_auth\celeba_subset\img_align_celeba\171345.jpg,8908,False,mask,False,0.9180417060852051,301.73610000201734
D:\Bartek\coding\biometria\facial_auth\celeba_subset\img_align_celeba\171345.jpg,8908,False,mask,True,0.8239299058914185,11318.741999995837
D:\Bartek\coding\biometria\facial_auth\celeba_subset\img_align_celeba\092339.jpg,4069,False,glasses,False,0.012743545696139336,284.97649999917485
D:\Bartek\coding\biometria\facial_auth\celeba_subset\img_align_celeba\092339.jpg,4069,False,glasses,True,0.012743545696139336,288.3036999992328
D:\Bartek\coding\biometria\facial_auth\celeba_subset\img_align_celeba\167917.jpg,6136,False,mask,False,0.08891070634126663,290.8586000048672
D:\Bartek\coding\biometria\facial_auth\celeba_subset\img_align_celeba\167917.jpg,6136,False,mask,True,0.10808055102825165,11401.679499998863
D:\Bartek\coding\biometria\facial_auth\celeba_subset\img_align_celeba\023449.jpg,5246,False,glasses,False,0.14093977212905884,286.81330000108574
D:\Bartek\coding\biometria\facial_auth\celeba_subset\img_align_celeba\023449.jpg,5246,False,glasses,True,0.14093977212905884,284.35439999884693
D:\Bartek\coding\biometria\facial_auth\celeba_subset\img_align_celeba\122381.jpg,9489,False,mask,False,0.12532968819141388,302.42120000184514
D:\Bartek\coding\biometria\facial_auth\celeba_subset\img_align_celeba\122381.jpg,9489,False,mask,True,0.12482485920190811,11406.049299999722
D:\Bartek\coding\biometria\facial_auth\celeba_subset\img_align_celeba\039238.jpg,5190,False,glasses,False,0.01612311415374279,291.3282000008621
D:\Bartek\coding\biometria\facial_auth\celeba_subset\img_align_celeba\039238.jpg,5190,False,glasses,True,0.01612311415374279,296.96030000195606
D:\Bartek\coding\biometria\facial_auth\celeba_subset\img_align_celeba\000190.jpg,5064,False,mask,False,0.032484930008649826,287.7832000012859
D:\Bartek\coding\biometria\facial_auth\celeba_subset\img_align_celeba\000190.jpg,5064,False,mask,True,0.045425672084093094,11402.868099998159
D:\Bartek\coding\biometria\facial_auth\celeba_subset\img_align_celeba\119038.jpg,9632,False,glasses,False,0.06813600659370422,296.90449999907287
D:\Bartek\coding\biometria\facial_auth\celeba_subset\img_align_celeba\119038.jpg,9632,False,glasses,True,0.06813600659370422,303.0778999964241
D:\Bartek\coding\biometria\facial_auth\celeba_subset\img_align_celeba\054188.jpg,7338,False,mask,False,0.1876985877752304,294.17609999654815
D:\Bartek\coding\biometria\facial_auth\celeba_subset\img_align_celeba\054188.jpg,7338,False,mask,True,0.18748463690280914,11840.51080000063
D:\Bartek\coding\biometria\facial_auth\celeba_subset\img_align_celeba\098436.jpg,5791,False,glasses,False,0.24984683096408844,285.51290000177687
D:\Bartek\coding\biometria\facial_auth\celeba_subset\img_align_celeba\098436.jpg,5791,False,glasses,True,0.24984683096408844,293.2795000015176
D:\Bartek\coding\biometria\facial_auth\celeba_subset\img_align_celeba\081107.jpg,2835,False,mask,False,0.0799916684627533,299.9569999956293
D:\Bartek\coding\biometria\facial_auth\celeba_subset\img_align_celeba\081107.jpg,2835,False,mask,True,0.08384264260530472,11364.301399997203
D:\Bartek\coding\biometria\facial_auth\celeba_subset\img_align_celeba\185332.jpg,8971,False,glasses,False,0.05514270067214966,284.7013999999035
D:\Bartek\coding\biometria\facial_auth\celeba_subset\img_align_celeba\185332.jpg,8971,False,glasses,True,0.05514270067214966,298.09030000615167
D:\Bartek\coding\biometria\facial_auth\celeba_subset\img_align_celeba\079165.jpg,8415,False,mask,False,0.05071212723851204,289.7013000037987
D:\Bartek\coding\biometria\facial_auth\celeba_subset\img_align_celeba\079165.jpg,8415,False,mask,True,0.043320100754499435,11362.05709999922
D:\Bartek\coding\biometria\facial_auth\celeba_subset\img_align_celeba\024519.jpg,8,False,glasses,False,-0.004309074953198433,288.68099999817787
D:\Bartek\coding\biometria\facial_auth\celeba_subset\img_align_celeba\024519.jpg,8,False,glasses,True,-0.004309074953198433,289.09379999822704
D:\Bartek\coding\biometria\facial_auth\celeba_subset\img_align_celeba\177238.jpg,6972,False,mask,False,0.05722280591726303,308.2594999941648
D:\Bartek\coding\biometria\facial_auth\celeba_subset\img_align_celeba\177238.jpg,6972,False,mask,True,0.044965919107198715,11331.407600002422
D:\Bartek\coding\biometria\facial_auth\celeba_subset\img_align_celeba\077333.jpg,655,False,glasses,False,0.07444509118795395,298.1939000019338
D:\Bartek\coding\biometria\facial_auth\celeba_subset\img_align_celeba\077333.jpg,655,False,glasses,True,0.07444509118795395,284.98750000289874
D:\Bartek\coding\biometria\facial_auth\celeba_subset\img_align_celeba\115959.jpg,878,False,mask,False,0.02646704576909542,293.2883000030415
D:\Bartek\coding\biometria\facial_auth\celeba_subset\img_align_celeba\115959.jpg,878,False,mask,True,0.016706572845578194,11417.2275000019
D:\Bartek\coding\biometria\facial_auth\celeba_subset\img_align_celeba\197839.jpg,975,False,glasses,False,0.07396263629198074,283.33509999356465
D:\Bartek\coding\biometria\facial_auth\celeba_subset\img_align_celeba\197839.jpg,975,False,glasses,True,0.07396263629198074,285.5842999997549
D:\Bartek\coding\biometria\facial_auth\celeba_subset\img_align_celeba\027323.jpg,9300,False,mask,False,0.2645970582962036,294.51980000158073
D:\Bartek\coding\biometria\facial_auth\celeba_subset\img_align_celeba\027323.jpg,9300,False,mask,True,0.28541865944862366,11699.493299995083
D:\Bartek\coding\biometria\facial_auth\celeba_subset\img_align_celeba\056555.jpg,5791,False,glasses,False,0.24275746941566467,295.01640000671614
D:\Bartek\coding\biometria\facial_auth\celeba_subset\img_align_celeba\056555.jpg,5791,False,glasses,True,0.24275746941566467,291.4195999983349
D:\Bartek\coding\biometria\facial_auth\celeba_subset\img_align_celeba\193506.jpg,7422,False,mask,False,0.7403883337974548,291.0163000051398
D:\Bartek\coding\biometria\facial_auth\celeba_subset\img_align_celeba\193506.jpg,7422,False,mask,True,0.7444046139717102,293.1105000025127
D:\Bartek\coding\biometria\facial_auth\celeba_subset\img_align_celeba\202565.jpg,8971,False,glasses,False,0.037300288677215576,308.3492999940063
D:\Bartek\coding\biometria\facial_auth\celeba_subset\img_align_celeba\202565.jpg,8971,False,glasses,True,0.03411024808883667,11344.474999998056
D:\Bartek\coding\biometria\facial_auth\celeba_subset\img_align_celeba\090930.jpg,8908,False,mask,False,0.9223260283470154,302.27210000157356
D:\Bartek\coding\biometria\facial_auth\celeba_subset\img_align_celeba\090930.jpg,8908,False,mask,True,0.8999695181846619,11326.306800001475
D:\Bartek\coding\biometria\facial_auth\celeba_subset\img_align_celeba\094591.jpg,5575,False,glasses,False,0.05716417729854584,274.34070000163047
D:\Bartek\coding\biometria\facial_auth\celeba_subset\img_align_celeba\094591.jpg,5575,False,glasses,True,0.05716417729854584,285.0871999980882
D:\Bartek\coding\biometria\facial_auth\celeba_subset\img_align_celeba\178718.jpg,3877,False,mask,False,0.03936709836125374,299.23150000104215
D:\Bartek\coding\biometria\facial_auth\celeba_subset\img_align_celeba\178718.jpg,3877,False,mask,True,0.012342508882284164,11426.338199999009
D:\Bartek\coding\biometria\facial_auth\celeba_subset\img_align_celeba\030912.jpg,4196,False,glasses,False,0.16273283958435059,282.3162000058801
D:\Bartek\coding\biometria\facial_auth\celeba_subset\img_align_celeba\030912.jpg,4196,False,glasses,True,0.16273283958435059,282.09500000230037
D:\Bartek\coding\biometria\facial_auth\celeba_subset\img_align_celeba\069494.jpg,7338,False,mask,False,0.18495982885360718,284.74580000329297
D:\Bartek\coding\biometria\facial_auth\celeba_subset\img_align_celeba\069494.jpg,7338,False,mask,True,0.18518708646297455,11427.985399997851
D:\Bartek\coding\biometria\facial_auth\celeba_subset\img_align_celeba\080918.jpg,644,False,glasses,False,0.15031416714191437,286.8761000063387
D:\Bartek\coding\biometria\facial_auth\celeba_subset\img_align_celeba\080918.jpg,644,False,glasses,True,0.15031416714191437,310.15579999802867
D:\Bartek\coding\biometria\facial_auth\celeba_subset\img_align_celeba\118951.jpg,4929,False,mask,False,-0.011237512342631817,278.6883000007947
D:\Bartek\coding\biometria\facial_auth\celeba_subset\img_align_celeba\118951.jpg,4929,False,mask,True,-0.018000980839133263,11520.97589999903
D:\Bartek\coding\biometria\facial_auth\celeba_subset\img_align_celeba\171590.jpg,5064,False,glasses,False,-0.13315723836421967,296.51140000351006
D:\Bartek\coding\biometria\facial_auth\celeba_subset\img_align_celeba\171590.jpg,5064,False,glasses,True,-0.13315723836421967,296.561399998609
D:\Bartek\coding\biometria\facial_auth\celeba_subset\img_align_celeba\038250.jpg,9300,False,mask,False,0.2277689129114151,288.63490000367165
D:\Bartek\coding\biometria\facial_auth\celeba_subset\img_align_celeba\038250.jpg,9300,False,mask,True,0.2649025022983551,11408.928500000911
D:\Bartek\coding\biometria\facial_auth\celeba_subset\img_align_celeba\076103.jpg,4659,False,glasses,False,0.18370693922042847,306.1037000006763
D:\Bartek\coding\biometria\facial_auth\celeba_subset\img_align_celeba\076103.jpg,4659,False,glasses,True,0.18370693922042847,314.5671000020229
D:\Bartek\coding\biometria\facial_auth\celeba_subset\img_align_celeba\126265.jpg,8415,False,mask,False,0.04441073164343834,301.52889999590116
D:\Bartek\coding\biometria\facial_auth\celeba_subset\img_align_celeba\126265.jpg,8415,False,mask,True,0.09184227138757706,11399.82880000025
D:\Bartek\coding\biometria\facial_auth\celeba_subset\img_align_celeba\082229.jpg,5064,False,glasses,False,0.023409385234117508,308.66989999776706
D:\Bartek\coding\biometria\facial_auth\celeba_subset\img_align_celeba\082229.jpg,5064,False,glasses,True,0.023409385234117508,301.85119999805465
D:\Bartek\coding\biometria\facial_auth\celeba_subset\img_align_celeba\135446.jpg,5190,False,mask,False,0.015354492701590061,292.0248000009451
D:\Bartek\coding\biometria\facial_auth\celeba_subset\img_align_celeba\135446.jpg,5190,False,mask,True,0.028281427919864655,11280.296500000986
D:\Bartek\coding\biometria\facial_auth\celeba_subset\img_align_celeba\022803.jpg,1149,False,glasses,False,0.03801705688238144,296.75370000040857
D:\Bartek\coding\biometria\facial_auth\celeba_subset\img_align_celeba\022803.jpg,1149,False,glasses,True,0.03594458848237991,11675.060500005202
D:\Bartek\coding\biometria\facial_auth\celeba_subset\img_align_celeba\091764.jpg,7103,False,mask,False,0.05731000006198883,290.47829999763053
D:\Bartek\coding\biometria\facial_auth\celeba_subset\img_align_celeba\091764.jpg,7103,False,mask,True,0.0702786073088646,11448.916800000006
D:\Bartek\coding\biometria\facial_auth\celeba_subset\img_align_celeba\179162.jpg,310,False,glasses,False,0.22196276485919952,291.8580999976257
D:\Bartek\coding\biometria\facial_auth\celeba_subset\img_align_celeba\179162.jpg,310,False,glasses,True,0.22196276485919952,292.13570000138134
D:\Bartek\coding\biometria\facial_auth\celeba_subset\img_align_celeba\129768.jpg,7103,False,mask,False,0.028794432058930397,293.07990000233985
D:\Bartek\coding\biometria\facial_auth\celeba_subset\img_align_celeba\129768.jpg,7103,False,mask,True,0.028844427317380905,11408.780700003263
D:\Bartek\coding\biometria\facial_auth\celeba_subset\img_align_celeba\197465.jpg,5791,False,glasses,False,0.004017150495201349,289.45370000292314
D:\Bartek\coding\biometria\facial_auth\celeba_subset\img_align_celeba\197465.jpg,5791,False,glasses,True,0.004017150495201349,291.0814000060782
D:\Bartek\coding\biometria\facial_auth\celeba_subset\img_align_celeba\172724.jpg,6368,False,mask,False,0.13227130472660065,284.30820000357926
D:\Bartek\coding\biometria\facial_auth\celeba_subset\img_align_celeba\172724.jpg,6368,False,mask,True,0.1315997689962387,280.76689999579685
D:\Bartek\coding\biometria\facial_auth\celeba_subset\img_align_celeba\166159.jpg,6368,False,glasses,False,0.1627417355775833,296.8975000039791
D:\Bartek\coding\biometria\facial_auth\celeba_subset\img_align_celeba\166159.jpg,6368,False,glasses,True,0.1627417355775833,299.8659000004409
D:\Bartek\coding\biometria\facial_auth\celeba_subset\img_align_celeba\192926.jpg,5672,False,mask,False,0.08473103493452072,307.34259999735514
D:\Bartek\coding\biometria\facial_auth\celeba_subset\img_align_celeba\192926.jpg,5672,False,mask,True,0.07305151224136353,11500.061399994593
D:\Bartek\coding\biometria\facial_auth\celeba_subset\img_align_celeba\125367.jpg,1350,False,glasses,False,0.11239844560623169,290.4651000062586
D:\Bartek\coding\biometria\facial_auth\celeba_subset\img_align_celeba\125367.jpg,1350,False,glasses,True,0.11239844560623169,294.2754000032437
D:\Bartek\coding\biometria\facial_auth\celeba_subset\img_align_celeba\119024.jpg,6136,False,mask,False,0.10758180171251297,286.1873000001651
D:\Bartek\coding\biometria\facial_auth\celeba_subset\img_align_celeba\119024.jpg,6136,False,mask,True,0.10758180171251297,283.5023000006913
D:\Bartek\coding\biometria\facial_auth\celeba_subset\img_align_celeba\197391.jpg,9910,False,glasses,False,0.0667586475610733,298.0953000005684
D:\Bartek\coding\biometria\facial_auth\celeba_subset\img_align_celeba\197391.jpg,9910,False,glasses,True,0.0667586475610733,291.3349000009475
D:\Bartek\coding\biometria\facial_auth\celeba_subset\img_align_celeba\189128.jpg,5033,False,mask,False,0.0715409368276596,302.8137000001152
D:\Bartek\coding\biometria\facial_auth\celeba_subset\img_align_celeba\189128.jpg,5033,False,mask,True,0.08560997992753983,11429.376299995056
D:\Bartek\coding\biometria\facial_auth\celeba_subset\img_align_celeba\126389.jpg,8415,False,glasses,False,0.23208683729171753,288.16279999591643
D:\Bartek\coding\biometria\facial_auth\celeba_subset\img_align_celeba\126389.jpg,8415,False,glasses,True,0.23208683729171753,293.7182999958168
D:\Bartek\coding\biometria\facial_auth\celeba_subset\img_align_celeba\015328.jpg,4659,False,mask,False,0.06232968717813492,299.6248999988893
D:\Bartek\coding\biometria\facial_auth\celeba_subset\img_align_celeba\015328.jpg,4659,False,mask,True,0.06244790181517601,11852.779300003021
D:\Bartek\coding\biometria\facial_auth\celeba_subset\img_align_celeba\112652.jpg,898,False,glasses,False,0.09751945734024048,297.3533000040334
D:\Bartek\coding\biometria\facial_auth\celeba_subset\img_align_celeba\112652.jpg,898,False,glasses,True,0.09751945734024048,285.8062000013888
D:\Bartek\coding\biometria\facial_auth\celeba_subset\img_align_celeba\023457.jpg,6719,False,mask,False,0.0959615558385849,303.9998999956879
D:\Bartek\coding\biometria\facial_auth\celeba_subset\img_align_celeba\023457.jpg,6719,False,mask,True,0.06956376880407333,11436.109100002795
D:\Bartek\coding\biometria\facial_auth\celeba_subset\img_align_celeba\000160.jpg,1120,False,glasses,False,0.06849736720323563,293.8877999986289
D:\Bartek\coding\biometria\facial_auth\celeba_subset\img_align_celeba\000160.jpg,1120,False,glasses,True,0.06849736720323563,295.47070000262465
D:\Bartek\coding\biometria\facial_auth\celeba_subset\img_align_celeba\002988.jpg,1350,False,mask,False,-0.009170927107334137,301.37500000273576
D:\Bartek\coding\biometria\facial_auth\celeba_subset\img_align_celeba\002988.jpg,1350,False,mask,True,0.02226613461971283,11497.83070000558
D:\Bartek\coding\biometria\facial_auth\celeba_subset\img_align_celeba\038553.jpg,3877,False,glasses,False,0.2526111602783203,299.4029000037699
D:\Bartek\coding\biometria\facial_auth\celeba_subset\img_align_celeba\038553.jpg,3877,False,glasses,True,0.2526111602783203,291.2112999983947
D:\Bartek\coding\biometria\facial_auth\celeba_subset\img_align_celeba\044525.jpg,9000,False,mask,False,0.04276380315423012,306.1507000020356
D:\Bartek\coding\biometria\facial_auth\celeba_subset\img_align_celeba\044525.jpg,9000,False,mask,True,0.07472139596939087,11364.329399999406
D:\Bartek\coding\biometria\facial_auth\celeba_subset\img_align_celeba\045431.jpg,6136,False,glasses,False,0.12338292598724365,290.25950000504963
D:\Bartek\coding\biometria\facial_auth\celeba_subset\img_align_celeba\045431.jpg,6136,False,glasses,True,0.12338292598724365,284.5194999972591
D:\Bartek\coding\biometria\facial_auth\celeba_subset\img_align_celeba\193811.jpg,9939,False,mask,False,0.007012410555034876,287.67259999585804
D:\Bartek\coding\biometria\facial_auth\celeba_subset\img_align_celeba\193811.jpg,9939,False,mask,True,0.021727267652750015,11359.983399997873
D:\Bartek\coding\biometria\facial_auth\celeba_subset\img_align_celeba\139583.jpg,975,False,glasses,False,0.10944145917892456,285.37990000040736
D:\Bartek\coding\biometria\facial_auth\celeba_subset\img_align_celeba\139583.jpg,975,False,glasses,True,0.10944145917892456,292.1245000034105
D:\Bartek\coding\biometria\facial_auth\celeba_subset\img_align_celeba\155809.jpg,5437,False,mask,False,0.15542304515838623,290.5596999989939
D:\Bartek\coding\biometria\facial_auth\celeba_subset\img_align_celeba\155809.jpg,5437,False,mask,True,0.22445926070213318,11553.415499998664
D:\Bartek\coding\biometria\facial_auth\celeba_subset\img_align_celeba\082401.jpg,9300,False,glasses,False,0.09434603154659271,289.8986999935005
D:\Bartek\coding\biometria\facial_auth\celeba_subset\img_align_celeba\082401.jpg,9300,False,glasses,True,0.09434603154659271,288.84900000412017
D:\Bartek\coding\biometria\facial_auth\celeba_subset\img_align_celeba\100206.jpg,4659,False,mask,False,0.07407845556735992,288.6973999993643
D:\Bartek\coding\biometria\facial_auth\celeba_subset\img_align_celeba\100206.jpg,4659,False,mask,True,0.08964177966117859,11375.77529999544
D:\Bartek\coding\biometria\facial_auth\celeba_subset\img_align_celeba\134427.jpg,2926,False,glasses,False,0.09370509535074234,280.5852000019513
D:\Bartek\coding\biometria\facial_auth\celeba_subset\img_align_celeba\134427.jpg,2926,False,glasses,True,0.09370509535074234,303.37650000001304
D:\Bartek\coding\biometria\facial_auth\celeba_subset\img_align_celeba\004215.jpg,205,False,mask,False,0.027512969449162483,301.04130000108853
D:\Bartek\coding\biometria\facial_auth\celeba_subset\img_align_celeba\004215.jpg,205,False,mask,True,-0.0057011921890079975,11364.99940000067
D:\Bartek\coding\biometria\facial_auth\celeba_subset\img_align_celeba\193901.jpg,5656,False,glasses,False,0.05590845271945,284.83930000220425
D:\Bartek\coding\biometria\facial_auth\celeba_subset\img_align_celeba\193901.jpg,5656,False,glasses,True,0.05590845271945,291.8040000004112
D:\Bartek\coding\biometria\facial_auth\celeba_subset\img_align_celeba\068806.jpg,5922,False,mask,False,0.09995458275079727,292.95279999496415
D:\Bartek\coding\biometria\facial_auth\celeba_subset\img_align_celeba\068806.jpg,5922,False,mask,True,0.09100900590419769,11398.753800000122
D:\Bartek\coding\biometria\facial_auth\celeba_subset\img_align_celeba\020805.jpg,3655,False,glasses,False,0.09259650111198425,293.09859999921173
D:\Bartek\coding\biometria\facial_auth\celeba_subset\img_align_celeba\020805.jpg,3655,False,glasses,True,0.09259650111198425,298.0660999965039
D:\Bartek\coding\biometria\facial_auth\celeba_subset\img_align_celeba\139962.jpg,913,False,mask,False,0.006239929236471653,305.2075000014156
D:\Bartek\coding\biometria\facial_auth\celeba_subset\img_align_celeba\139962.jpg,913,False,mask,True,-0.008274141699075699,11374.86280000303
D:\Bartek\coding\biometria\facial_auth\celeba_subset\img_align_celeba\054188.jpg,4069,False,glasses,False,0.11394715309143066,285.0311000001966
D:\Bartek\coding\biometria\facial_auth\celeba_subset\img_align_celeba\054188.jpg,4069,False,glasses,True,0.11394715309143066,292.2411999970791
D:\Bartek\coding\biometria\facial_auth\celeba_subset\img_align_celeba\097910.jpg,8936,False,mask,False,0.07397058606147766,297.5443999966956
D:\Bartek\coding\biometria\facial_auth\celeba_subset\img_align_celeba\097910.jpg,8936,False,mask,True,0.0847613736987114,297.903699996823
D:\Bartek\coding\biometria\facial_auth\celeba_subset\img_align_celeba\113121.jpg,9688,False,glasses,False,0.12371280789375305,295.0511000017286
D:\Bartek\coding\biometria\facial_auth\celeba_subset\img_align_celeba\113121.jpg,9688,False,glasses,True,0.12371280789375305,298.859700000321
D:\Bartek\coding\biometria\facial_auth\celeba_subset\img_align_celeba\009822.jpg,4968,False,mask,False,0.19507695734500885,297.0984000057797
D:\Bartek\coding\biometria\facial_auth\celeba_subset\img_align_celeba\009822.jpg,4968,False,mask,True,0.19286203384399414,11918.26299999957
D:\Bartek\coding\biometria\facial_auth\celeba_subset\img_align_celeba\124648.jpg,6195,False,glasses,False,0.13941505551338196,300.2478999987943
D:\Bartek\coding\biometria\facial_auth\celeba_subset\img_align_celeba\124648.jpg,6195,False,glasses,True,0.13941505551338196,289.030100000673
D:\Bartek\coding\biometria\facial_auth\celeba_subset\img_align_celeba\069805.jpg,3200,False,mask,False,0.5795558094978333,294.1482000023825
D:\Bartek\coding\biometria\facial_auth\celeba_subset\img_align_celeba\069805.jpg,3200,False,mask,True,0.5498344898223877,11427.414300000237
D:\Bartek\coding\biometria\facial_auth\celeba_subset\img_align_celeba\092216.jpg,5238,False,glasses,False,0.044908687472343445,287.9077000034158
D:\Bartek\coding\biometria\facial_auth\celeba_subset\img_align_celeba\092216.jpg,5238,False,glasses,True,0.044908687472343445,287.86769999715034
D:\Bartek\coding\biometria\facial_auth\celeba_subset\img_align_celeba\015885.jpg,6195,False,mask,False,0.4601577818393707,283.99139999964973
D:\Bartek\coding\biometria\facial_auth\celeba_subset\img_align_celeba\015885.jpg,6195,False,mask,True,0.4638189971446991,11444.349299999885
D:\Bartek\coding\biometria\facial_auth\celeba_subset\img_align_celeba\109888.jpg,1167,False,glasses,False,0.03107493929564953,285.9533000009833
D:\Bartek\coding\biometria\facial_auth\celeba_subset\img_align_celeba\109888.jpg,1167,False,glasses,True,0.03107493929564953,302.1447999999509
D:\Bartek\coding\biometria\facial_auth\celeba_subset\img_align_celeba\102683.jpg,6972,False,mask,False,0.04511076584458351,299.3592000057106
D:\Bartek\coding\biometria\facial_auth\celeba_subset\img_align_celeba\102683.jpg,6972,False,mask,True,0.027959095314145088,11401.317700001528
D:\Bartek\coding\biometria\facial_auth\celeba_subset\img_align_celeba\072577.jpg,4929,False,glasses,False,0.10085548460483551,290.17469999962486
D:\Bartek\coding\biometria\facial_auth\celeba_subset\img_align_celeba\072577.jpg,4929,False,glasses,True,0.10085548460483551,298.404399996798
D:\Bartek\coding\biometria\facial_auth\celeba_subset\img_align_celeba\107368.jpg,3336,False,mask,False,0.07269279658794403,296.0187000062433
D:\Bartek\coding\biometria\facial_auth\celeba_subset\img_align_celeba\107368.jpg,3336,False,mask,True,0.0405849888920784,11360.552599995572
D:\Bartek\coding\biometria\facial_auth\celeba_subset\img_align_celeba\045831.jpg,9478,False,glasses,False,0.021658603101968765,290.8848000006401
D:\Bartek\coding\biometria\facial_auth\celeba_subset\img_align_celeba\045831.jpg,9478,False,glasses,True,0.021658603101968765,301.4578000002075
D:\Bartek\coding\biometria\facial_auth\celeba_subset\img_align_celeba\002275.jpg,4196,False,mask,False,0.3024933636188507,307.14830000215443
D:\Bartek\coding\biometria\facial_auth\celeba_subset\img_align_celeba\002275.jpg,4196,False,mask,True,0.3106714189052582,324.3808999977773
D:\Bartek\coding\biometria\facial_auth\celeba_subset\img_align_celeba\087122.jpg,1154,False,glasses,False,0.15429402887821198,302.1800999995321
D:\Bartek\coding\biometria\facial_auth\celeba_subset\img_align_celeba\087122.jpg,1154,False,glasses,True,0.15429402887821198,288.6766000010539
D:\Bartek\coding\biometria\facial_auth\celeba_subset\img_align_celeba\004411.jpg,5672,False,mask,False,0.10907261818647385,293.2909999944968
D:\Bartek\coding\biometria\facial_auth\celeba_subset\img_align_celeba\004411.jpg,5672,False,mask,True,0.11510933190584183,11469.513699994422
D:\Bartek\coding\biometria\facial_auth\celeba_subset\img_align_celeba\082229.jpg,205,False,glasses,False,0.15542937815189362,295.5599999986589
D:\Bartek\coding\biometria\facial_auth\celeba_subset\img_align_celeba\082229.jpg,205,False,glasses,True,0.15542937815189362,301.61039999802597
D:\Bartek\coding\biometria\facial_auth\celeba_subset\img_align_celeba\166026.jpg,9632,False,mask,False,0.07816262543201447,293.49029999866616
D:\Bartek\coding\biometria\facial_auth\celeba_subset\img_align_celeba\166026.jpg,9632,False,mask,True,0.07343745976686478,286.4186000006157
D:\Bartek\coding\biometria\facial_auth\celeba_subset\img_align_celeba\165772.jpg,5922,False,glasses,False,0.1268247663974762,284.69890000269515
D:\Bartek\coding\biometria\facial_auth\celeba_subset\img_align_celeba\165772.jpg,5922,False,glasses,True,0.1268247663974762,291.80710000218824
D:\Bartek\coding\biometria\facial_auth\celeba_subset\img_align_celeba\171813.jpg,5791,False,mask,False,0.05239296332001686,302.95509999996284
D:\Bartek\coding\biometria\facial_auth\celeba_subset\img_align_celeba\171813.jpg,5791,False,mask,True,0.029927395284175873,294.67200000362936
D:\Bartek\coding\biometria\facial_auth\celeba_subset\img_align_celeba\123581.jpg,310,False,glasses,False,-0.026732444763183594,292.3032999970019
D:\Bartek\coding\biometria\facial_auth\celeba_subset\img_align_celeba\123581.jpg,310,False,glasses,True,-0.026732444763183594,297.6991000032285
D:\Bartek\coding\biometria\facial_auth\celeba_subset\img_align_celeba\088356.jpg,4870,False,mask,False,0.16051915287971497,286.5335000024061
D:\Bartek\coding\biometria\facial_auth\celeba_subset\img_align_celeba\088356.jpg,4870,False,mask,True,0.1610213816165924,11434.575100000075
D:\Bartek\coding\biometria\facial_auth\celeba_subset\img_align_celeba\149968.jpg,5033,False,glasses,False,0.1643952876329422,287.6832000038121
D:\Bartek\coding\biometria\facial_auth\celeba_subset\img_align_celeba\149968.jpg,5033,False,glasses,True,0.1643952876329422,294.30020000290824
D:\Bartek\coding\biometria\facial_auth\celeba_subset\img_align_celeba\161411.jpg,4936,False,mask,False,0.06786859780550003,286.0932000039611
D:\Bartek\coding\biometria\facial_auth\celeba_subset\img_align_celeba\161411.jpg,4936,False,mask,True,0.06329791247844696,11471.536100005324
D:\Bartek\coding\biometria\facial_auth\celeba_subset\img_align_celeba\008715.jpg,6972,False,glasses,False,-0.015481353737413883,290.29370000353083
D:\Bartek\coding\biometria\facial_auth\celeba_subset\img_align_celeba\008715.jpg,6972,False,glasses,True,-0.015481353737413883,306.35289999918314
D:\Bartek\coding\biometria\facial_auth\celeba_subset\img_align_celeba\199029.jpg,8748,False,mask,False,0.08403566479682922,294.4333000050392
D:\Bartek\coding\biometria\facial_auth\celeba_subset\img_align_celeba\199029.jpg,8748,False,mask,True,0.0758160874247551,11423.60059999919
D:\Bartek\coding\biometria\facial_auth\celeba_subset\img_align_celeba\200834.jpg,9489,False,glasses,False,0.15085609257221222,285.0295000025653
D:\Bartek\coding\biometria\facial_auth\celeba_subset\img_align_celeba\200834.jpg,9489,False,glasses,True,0.15085609257221222,295.3051000004052
D:\Bartek\coding\biometria\facial_auth\celeba_subset\img_align_celeba\193319.jpg,6983,False,mask,False,0.10796913504600525,289.46780000114813
D:\Bartek\coding\biometria\facial_auth\celeba_subset\img_align_celeba\193319.jpg,6983,False,mask,True,0.14200857281684875,11641.607300000032
D:\Bartek\coding\biometria\facial_auth\celeba_subset\img_align_celeba\193523.jpg,5246,False,glasses,False,0.15358909964561462,289.2768000019714
D:\Bartek\coding\biometria\facial_auth\celeba_subset\img_align_celeba\193523.jpg,5246,False,glasses,True,0.15358909964561462,297.6643000001786
D:\Bartek\coding\biometria\facial_auth\celeba_subset\img_align_celeba\101552.jpg,9144,False,mask,False,0.1592828631401062,289.86279999662656
D:\Bartek\coding\biometria\facial_auth\celeba_subset\img_align_celeba\101552.jpg,9144,False,mask,True,0.16185615956783295,294.31270000350196
D:\Bartek\coding\biometria\facial_auth\celeba_subset\img_align_celeba\201629.jpg,6983,False,glasses,False,0.1290494203567505,292.39899999811314
D:\Bartek\coding\biometria\facial_auth\celeba_subset\img_align_celeba\201629.jpg,6983,False,glasses,True,0.1290494203567505,295.7382000022335
D:\Bartek\coding\biometria\facial_auth\celeba_subset\img_align_celeba\169673.jpg,8936,False,mask,False,0.07692743092775345,295.7483999998658
D:\Bartek\coding\biometria\facial_auth\celeba_subset\img_align_celeba\169673.jpg,8936,False,mask,True,0.11533594131469727,11429.501400001755
D:\Bartek\coding\biometria\facial_auth\celeba_subset\img_align_celeba\074680.jpg,4659,False,glasses,False,0.11760655790567398,290.7169000027352
D:\Bartek\coding\biometria\facial_auth\celeba_subset\img_align_celeba\074680.jpg,4659,False,glasses,True,0.11760655790567398,294.670799994492
D:\Bartek\coding\biometria\facial_auth\celeba_subset\img_align_celeba\126707.jpg,8027,False,mask,False,0.07202757894992828,285.8494000029168
D:\Bartek\coding\biometria\facial_auth\celeba_subset\img_align_celeba\126707.jpg,8027,False,mask,True,0.07133219391107559,11370.85950000619
D:\Bartek\coding\biometria\facial_auth\celeba_subset\img_align_celeba\148189.jpg,6195,False,glasses,False,0.15740014612674713,303.5556000031647
D:\Bartek\coding\biometria\facial_auth\celeba_subset\img_align_celeba\148189.jpg,6195,False,glasses,True,0.15740014612674713,297.15260000375565
D:\Bartek\coding\biometria\facial_auth\celeba_subset\img_align_celeba\147303.jpg,6233,False,mask,False,0.2078675478696823,308.74990000302205
D:\Bartek\coding\biometria\facial_auth\celeba_subset\img_align_celeba\147303.jpg,6233,False,mask,True,0.20722490549087524,11622.365999995964
D:\Bartek\coding\biometria\facial_auth\celeba_subset\img_align_celeba\153217.jpg,5656,False,glasses,False,0.12192665785551071,289.5399999979418
D:\Bartek\coding\biometria\facial_auth\celeba_subset\img_align_celeba\153217.jpg,5656,False,glasses,True,0.12192665785551071,288.63989999808837
D:\Bartek\coding\biometria\facial_auth\celeba_subset\img_align_celeba\193194.jpg,1149,False,mask,False,0.03803849592804909,288.263199996436
D:\Bartek\coding\biometria\facial_auth\celeba_subset\img_align_celeba\193194.jpg,1149,False,mask,True,0.05428008362650871,11432.004700000107
D:\Bartek\coding\biometria\facial_auth\celeba_subset\img_align_celeba\058232.jpg,5064,False,glasses,False,0.04199450463056564,287.37939999700757
D:\Bartek\coding\biometria\facial_auth\celeba_subset\img_align_celeba\058232.jpg,5064,False,glasses,True,0.04199450463056564,294.14550000365125
D:\Bartek\coding\biometria\facial_auth\celeba_subset\img_align_celeba\197797.jpg,494,False,mask,False,0.1223154067993164,305.849100004707
D:\Bartek\coding\biometria\facial_auth\celeba_subset\img_align_celeba\197797.jpg,494,False,mask,True,0.12787789106369019,11713.949400000274
D:\Bartek\coding\biometria\facial_auth\celeba_subset\img_align_celeba\192878.jpg,2814,False,glasses,False,0.010522875934839249,295.2356999958283
D:\Bartek\coding\biometria\facial_auth\celeba_subset\img_align_celeba\192878.jpg,2814,False,glasses,True,0.010522875934839249,316.052000001946
D:\Bartek\coding\biometria\facial_auth\celeba_subset\img_align_celeba\010564.jpg,310,False,mask,False,0.38588544726371765,289.747199996782
D:\Bartek\coding\biometria\facial_auth\celeba_subset\img_align_celeba\010564.jpg,310,False,mask,True,0.38821983337402344,11353.099899999506
D:\Bartek\coding\biometria\facial_auth\celeba_subset\img_align_celeba\022155.jpg,6806,False,glasses,False,0.1033494621515274,288.87810000014724
D:\Bartek\coding\biometria\facial_auth\celeba_subset\img_align_celeba\022155.jpg,6806,False,glasses,True,0.1033494621515274,290.6388999981573
D:\Bartek\coding\biometria\facial_auth\celeba_subset\img_align_celeba\102985.jpg,7222,False,mask,False,0.26272866129875183,299.75370000465773
D:\Bartek\coding\biometria\facial_auth\celeba_subset\img_align_celeba\102985.jpg,7222,False,mask,True,0.22630846500396729,297.8055000057793
D:\Bartek\coding\biometria\facial_auth\celeba_subset\img_align_celeba\030170.jpg,1350,False,glasses,False,-0.09249952435493469,287.14409999520285
D:\Bartek\coding\biometria\facial_auth\celeba_subset\img_align_celeba\030170.jpg,1350,False,glasses,True,-0.09249952435493469,297.4467000021832
D:\Bartek\coding\biometria\facial_auth\celeba_subset\img_align_celeba\161342.jpg,9478,False,mask,False,0.03653741627931595,288.43130000313977
D:\Bartek\coding\biometria\facial_auth\celeba_subset\img_align_celeba\161342.jpg,9478,False,mask,True,0.03663751482963562,11442.810100001225
D:\Bartek\coding\biometria\facial_auth\celeba_subset\img_align_celeba\160672.jpg,5672,False,glasses,False,0.08487950265407562,289.6908999973675
D:\Bartek\coding\biometria\facial_auth\celeba_subset\img_align_celeba\160672.jpg,5672,False,glasses,True,0.08487950265407562,299.414600005548
D:\Bartek\coding\biometria\facial_auth\celeba_subset\img_align_celeba\151111.jpg,1128,False,mask,False,0.037619270384311676,294.72789999999804
D:\Bartek\coding\biometria\facial_auth\celeba_subset\img_align_celeba\151111.jpg,1128,False,mask,True,0.035990484058856964,298.74930000369204
D:\Bartek\coding\biometria\facial_auth\celeba_subset\img_align_celeba\155044.jpg,2177,False,glasses,False,0.0597328320145607,296.0942999998224
D:\Bartek\coding\biometria\facial_auth\celeba_subset\img_align_celeba\155044.jpg,2177,False,glasses,True,0.0597328320145607,296.30270000052406
D:\Bartek\coding\biometria\facial_auth\celeba_subset\img_align_celeba\015328.jpg,5575,False,mask,False,0.11001963168382645,294.30090000096243
D:\Bartek\coding\biometria\facial_auth\celeba_subset\img_align_celeba\015328.jpg,5575,False,mask,True,0.11286283284425735,11457.389399998647
D:\Bartek\coding\biometria\facial_auth\celeba_subset\img_align_celeba\087256.jpg,1120,False,glasses,False,0.16857388615608215,291.99489999882644
D:\Bartek\coding\biometria\facial_auth\celeba_subset\img_align_celeba\087256.jpg,1120,False,glasses,True,0.16857388615608215,302.58340000000317
D:\Bartek\coding\biometria\facial_auth\celeba_subset\img_align_celeba\061551.jpg,7422,False,mask,False,0.76939857006073,300.3956000029575
D:\Bartek\coding\biometria\facial_auth\celeba_subset\img_align_celeba\061551.jpg,7422,False,mask,True,0.7717411518096924,11656.604199997673
D:\Bartek\coding\biometria\facial_auth\celeba_subset\img_align_celeba\138442.jpg,7222,False,glasses,False,-0.010472300462424755,290.2732000002288
D:\Bartek\coding\biometria\facial_auth\celeba_subset\img_align_celeba\138442.jpg,7222,False,glasses,True,-0.010472300462424755,305.69200000172714
D:\Bartek\coding\biometria\facial_auth\celeba_subset\img_align_celeba\028310.jpg,1167,False,mask,False,0.07905098795890808,304.4579999987036
D:\Bartek\coding\biometria\facial_auth\celeba_subset\img_align_celeba\028310.jpg,1167,False,mask,True,0.03901395946741104,11755.296999996062
D:\Bartek\coding\biometria\facial_auth\celeba_subset\img_align_celeba\084744.jpg,5780,False,glasses,False,-0.09442992508411407,288.2947999969474
D:\Bartek\coding\biometria\facial_auth\celeba_subset\img_align_celeba\084744.jpg,5780,False,glasses,True,-0.09442992508411407,292.20839999470627
D:\Bartek\coding\biometria\facial_auth\celeba_subset\img_align_celeba\099087.jpg,7524,False,mask,False,0.9612339735031128,273.42359999602195
D:\Bartek\coding\biometria\facial_auth\celeba_subset\img_align_celeba\099087.jpg,7524,False,mask,True,0.9649631381034851,11391.794900002424
D:\Bartek\coding\biometria\facial_auth\celeba_subset\img_align_celeba\110251.jpg,6972,False,glasses,False,0.08347681909799576,303.0750999969314
D:\Bartek\coding\biometria\facial_auth\celeba_subset\img_align_celeba\110251.jpg,6972,False,glasses,True,0.08347681909799576,293.20329999609385
D:\Bartek\coding\biometria\facial_auth\celeba_subset\img_align_celeba\150129.jpg,6456,False,mask,False,0.3114203214645386,297.4516999965999
D:\Bartek\coding\biometria\facial_auth\celeba_subset\img_align_celeba\150129.jpg,6456,False,mask,True,0.3025892376899719,291.3546999989194
D:\Bartek\coding\biometria\facial_auth\celeba_subset\img_align_celeba\035538.jpg,6722,False,glasses,False,0.06522482633590698,288.39739999966696
D:\Bartek\coding\biometria\facial_auth\celeba_subset\img_align_celeba\035538.jpg,6722,False,glasses,True,0.06522482633590698,292.3305000003893
D:\Bartek\coding\biometria\facial_auth\celeba_subset\img_align_celeba\155073.jpg,5437,False,mask,False,0.14958210289478302,287.65280000516213
D:\Bartek\coding\biometria\facial_auth\celeba_subset\img_align_celeba\155073.jpg,5437,False,mask,True,0.14199241995811462,11423.6094999942
D:\Bartek\coding\biometria\facial_auth\celeba_subset\img_align_celeba\017407.jpg,6277,False,glasses,False,0.07917089015245438,290.37699999753386
D:\Bartek\coding\biometria\facial_auth\celeba_subset\img_align_celeba\017407.jpg,6277,False,glasses,True,0.07917089015245438,296.64929999853484
D:\Bartek\coding\biometria\facial_auth\celeba_subset\img_align_celeba\177238.jpg,5791,False,mask,False,0.03812405467033386,313.17719999788096
D:\Bartek\coding\biometria\facial_auth\celeba_subset\img_align_celeba\177238.jpg,5791,False,mask,True,0.03250972554087639,11405.982299998868
D:\Bartek\coding\biometria\facial_auth\celeba_subset\img_align_celeba\037955.jpg,8,False,glasses,False,0.09324952214956284,288.1645000015851
D:\Bartek\coding\biometria\facial_auth\celeba_subset\img_align_celeba\037955.jpg,8,False,glasses,True,0.09324952214956284,295.48020000220276
D:\Bartek\coding\biometria\facial_auth\celeba_subset\img_align_celeba\101068.jpg,6719,False,mask,False,0.08426191657781601,289.434500002244
D:\Bartek\coding\biometria\facial_auth\celeba_subset\img_align_celeba\101068.jpg,6719,False,mask,True,0.11938481032848358,11615.304200000537
D:\Bartek\coding\biometria\facial_auth\celeba_subset\img_align_celeba\087256.jpg,5780,False,glasses,False,0.1070428192615509,292.9446999987704
D:\Bartek\coding\biometria\facial_auth\celeba_subset\img_align_celeba\087256.jpg,5780,False,glasses,True,0.1070428192615509,298.3470000035595
D:\Bartek\coding\biometria\facial_auth\celeba_subset\img_align_celeba\014683.jpg,6456,False,mask,False,0.25206294655799866,300.6489999970654
D:\Bartek\coding\biometria\facial_auth\celeba_subset\img_align_celeba\014683.jpg,6456,False,mask,True,0.25656217336654663,295.0012000001152
D:\Bartek\coding\biometria\facial_auth\celeba_subset\img_align_celeba\182729.jpg,2814,False,glasses,False,0.24206361174583435,287.3951000001398
D:\Bartek\coding\biometria\facial_auth\celeba_subset\img_align_celeba\182729.jpg,2814,False,glasses,True,0.24206361174583435,297.5951000044006
D:\Bartek\coding\biometria\facial_auth\celeba_subset\img_align_celeba\042410.jpg,1154,False,mask,False,0.09755577892065048,293.6500999931013
D:\Bartek\coding\biometria\facial_auth\celeba_subset\img_align_celeba\042410.jpg,1154,False,mask,True,0.09766782820224762,11342.0588999943
D:\Bartek\coding\biometria\facial_auth\celeba_subset\img_align_celeba\150129.jpg,5780,False,glasses,False,0.2350180298089981,299.24380000011297
D:\Bartek\coding\biometria\facial_auth\celeba_subset\img_align_celeba\150129.jpg,5780,False,glasses,True,0.2350180298089981,299.6281000014278
D:\Bartek\coding\biometria\facial_auth\celeba_subset\img_align_celeba\014683.jpg,3877,False,mask,False,0.04609343037009239,306.92670000280486
D:\Bartek\coding\biometria\facial_auth\celeba_subset\img_align_celeba\014683.jpg,3877,False,mask,True,0.010153870098292828,11340.289699997811
D:\Bartek\coding\biometria\facial_auth\celeba_subset\img_align_celeba\124331.jpg,4870,False,glasses,False,0.10386553406715393,298.3630999951856
D:\Bartek\coding\biometria\facial_auth\celeba_subset\img_align_celeba\124331.jpg,4870,False,glasses,True,0.10386553406715393,297.3391999985324
D:\Bartek\coding\biometria\facial_auth\celeba_subset\img_align_celeba\056636.jpg,7088,False,mask,False,0.05941903963685036,300.50150000170106
D:\Bartek\coding\biometria\facial_auth\celeba_subset\img_align_celeba\056636.jpg,7088,False,mask,True,0.0615510493516922,11325.050699997519
D:\Bartek\coding\biometria\facial_auth\celeba_subset\img_align_celeba\146485.jpg,2835,False,glasses,False,0.014393833465874195,291.5955999997095
D:\Bartek\coding\biometria\facial_auth\celeba_subset\img_align_celeba\146485.jpg,2835,False,glasses,True,0.014393833465874195,292.9982999994536
D:\Bartek\coding\biometria\facial_auth\celeba_subset\img_align_celeba\110929.jpg,5672,False,mask,False,0.08277721703052521,284.94340000179363
D:\Bartek\coding\biometria\facial_auth\celeba_subset\img_align_celeba\110929.jpg,5672,False,mask,True,0.1128382608294487,11327.1528999976
D:\Bartek\coding\biometria\facial_auth\celeba_subset\img_align_celeba\126149.jpg,8027,False,glasses,False,0.17033930122852325,288.1432000067434
D:\Bartek\coding\biometria\facial_auth\celeba_subset\img_align_celeba\126149.jpg,8027,False,glasses,True,0.17033930122852325,292.0338999974774
D:\Bartek\coding\biometria\facial_auth\celeba_subset\img_align_celeba\113069.jpg,3200,False,mask,False,0.5737274289131165,294.7158999959356
D:\Bartek\coding\biometria\facial_auth\celeba_subset\img_align_celeba\113069.jpg,3200,False,mask,True,0.5157509446144104,11920.36669999652
D:\Bartek\coding\biometria\facial_auth\celeba_subset\img_align_celeba\125549.jpg,5747,False,glasses,False,0.15711410343647003,290.7116999995196
D:\Bartek\coding\biometria\facial_auth\celeba_subset\img_align_celeba\125549.jpg,5747,False,glasses,True,0.15711410343647003,291.4407999996911
D:\Bartek\coding\biometria\facial_auth\celeba_subset\img_align_celeba\186501.jpg,8091,False,mask,False,0.10111881047487259,296.2020999984816
D:\Bartek\coding\biometria\facial_auth\celeba_subset\img_align_celeba\186501.jpg,8091,False,mask,True,0.10495972633361816,293.6720000070636
D:\Bartek\coding\biometria\facial_auth\celeba_subset\img_align_celeba\187727.jpg,5780,False,glasses,False,0.17838700115680695,295.15530000207946
D:\Bartek\coding\biometria\facial_auth\celeba_subset\img_align_celeba\187727.jpg,5780,False,glasses,True,0.17838700115680695,293.68840000097407
D:\Bartek\coding\biometria\facial_auth\celeba_subset\img_align_celeba\198441.jpg,5656,False,mask,False,0.12347133457660675,299.1639000028954
D:\Bartek\coding\biometria\facial_auth\celeba_subset\img_align_celeba\198441.jpg,5656,False,mask,True,0.15408934652805328,11429.568599996855
D:\Bartek\coding\biometria\facial_auth\celeba_subset\img_align_celeba\052594.jpg,1149,False,glasses,False,0.13134782016277313,285.9027000013157
D:\Bartek\coding\biometria\facial_auth\celeba_subset\img_align_celeba\052594.jpg,1149,False,glasses,True,0.13134782016277313,291.7429000008269
D:\Bartek\coding\biometria\facial_auth\celeba_subset\img_align_celeba\016347.jpg,3336,False,mask,False,0.03529060631990433,292.8212999977404
D:\Bartek\coding\biometria\facial_auth\celeba_subset\img_align_celeba\016347.jpg,3336,False,mask,True,0.05141528695821762,288.2623999976204
D:\Bartek\coding\biometria\facial_auth\celeba_subset\img_align_celeba\093329.jpg,503,False,glasses,False,0.04953380674123764,312.2966999944765
D:\Bartek\coding\biometria\facial_auth\celeba_subset\img_align_celeba\093329.jpg,503,False,glasses,True,0.04953380674123764,297.7279000042472
D:\Bartek\coding\biometria\facial_auth\celeba_subset\img_align_celeba\011090.jpg,7338,False,mask,False,0.1728399246931076,289.8325999994995
D:\Bartek\coding\biometria\facial_auth\celeba_subset\img_align_celeba\011090.jpg,7338,False,mask,True,0.1729757934808731,11464.699099997233
D:\Bartek\coding\biometria\facial_auth\celeba_subset\img_align_celeba\013237.jpg,4185,False,glasses,False,0.2624748945236206,286.7746000047191
D:\Bartek\coding\biometria\facial_auth\celeba_subset\img_align_celeba\013237.jpg,4185,False,glasses,True,0.2624748945236206,292.85829999571433
D:\Bartek\coding\biometria\facial_auth\celeba_subset\img_align_celeba\173622.jpg,503,False,mask,False,0.30620861053466797,285.3915999949095
D:\Bartek\coding\biometria\facial_auth\celeba_subset\img_align_celeba\173622.jpg,503,False,mask,True,0.346226304769516,11409.280299994862
D:\Bartek\coding\biometria\facial_auth\celeba_subset\img_align_celeba\171634.jpg,5033,False,glasses,False,0.27510011196136475,300.6166999984998
D:\Bartek\coding\biometria\facial_auth\celeba_subset\img_align_celeba\171634.jpg,5033,False,glasses,True,0.27510011196136475,294.77249999763444
D:\Bartek\coding\biometria\facial_auth\celeba_subset\img_align_celeba\051995.jpg,1350,False,mask,False,-0.006448432803153992,298.52650000248104
D:\Bartek\coding\biometria\facial_auth\celeba_subset\img_align_celeba\051995.jpg,1350,False,mask,True,-0.007152315694838762,11542.693299998064
D:\Bartek\coding\biometria\facial_auth\celeba_subset\img_align_celeba\062660.jpg,8748,False,glasses,False,0.10873349010944366,294.4324999989476
D:\Bartek\coding\biometria\facial_auth\celeba_subset\img_align_celeba\062660.jpg,8748,False,glasses,True,0.10873349010944366,295.68290000315756
D:\Bartek\coding\biometria\facial_auth\celeba_subset\img_align_celeba\067626.jpg,1149,False,mask,False,0.03747716173529625,287.6220999969519
D:\Bartek\coding\biometria\facial_auth\celeba_subset\img_align_celeba\067626.jpg,1149,False,mask,True,0.16700269281864166,11835.238300001947
D:\Bartek\coding\biometria\facial_auth\celeba_subset\img_align_celeba\162132.jpg,8834,False,glasses,False,0.06817839294672012,293.4303000001819
D:\Bartek\coding\biometria\facial_auth\celeba_subset\img_align_celeba\162132.jpg,8834,False,glasses,True,0.06817839294672012,295.73870000604074
D:\Bartek\coding\biometria\facial_auth\celeba_subset\img_align_celeba\016658.jpg,2814,False,mask,False,0.020409680902957916,306.3202000048477
D:\Bartek\coding\biometria\facial_auth\celeba_subset\img_align_celeba\016658.jpg,2814,False,mask,True,0.07352323085069656,11411.868300005153
D:\Bartek\coding\biometria\facial_auth\celeba_subset\img_align_celeba\059441.jpg,5064,False,glasses,False,0.1108417809009552,289.5044000033522
D:\Bartek\coding\biometria\facial_auth\celeba_subset\img_align_celeba\059441.jpg,5064,False,glasses,True,0.1108417809009552,289.4095000010566
D:\Bartek\coding\biometria\facial_auth\celeba_subset\img_align_celeba\133623.jpg,9000,False,mask,False,0.03028048388659954,286.4262000002782
D:\Bartek\coding\biometria\facial_auth\celeba_subset\img_align_celeba\133623.jpg,9000,False,mask,True,0.026161612942814827,11549.017400000594
D:\Bartek\coding\biometria\facial_auth\celeba_subset\img_align_celeba\179162.jpg,3236,False,glasses,False,0.07060115784406662,308.40360000001965
D:\Bartek\coding\biometria\facial_auth\celeba_subset\img_align_celeba\179162.jpg,3236,False,glasses,True,0.07060115784406662,300.5230999988271
D:\Bartek\coding\biometria\facial_auth\celeba_subset\img_align_celeba\150378.jpg,975,False,mask,False,0.028579477220773697,288.79759999836097
D:\Bartek\coding\biometria\facial_auth\celeba_subset\img_align_celeba\150378.jpg,975,False,mask,True,0.05793581157922745,11392.346399996313
D:\Bartek\coding\biometria\facial_auth\celeba_subset\img_align_celeba\124546.jpg,8027,False,glasses,False,0.09124655276536942,298.50949999672594
D:\Bartek\coding\biometria\facial_auth\celeba_subset\img_align_celeba\124546.jpg,8027,False,glasses,True,0.09124655276536942,294.92259999824455
D:\Bartek\coding\biometria\facial_auth\celeba_subset\img_align_celeba\085395.jpg,1154,False,mask,False,0.12056635320186615,298.3003999979701
D:\Bartek\coding\biometria\facial_auth\celeba_subset\img_align_celeba\085395.jpg,1154,False,mask,True,0.096346914768219,11429.493299998285
D:\Bartek\coding\biometria\facial_auth\celeba_subset\img_align_celeba\172677.jpg,7422,False,glasses,False,0.15697510540485382,287.42719999718247
D:\Bartek\coding\biometria\facial_auth\celeba_subset\img_align_celeba\172677.jpg,7422,False,glasses,True,0.15697510540485382,305.26169999939157
D:\Bartek\coding\biometria\facial_auth\celeba_subset\img_align_celeba\197465.jpg,6719,False,mask,False,0.05284250155091286,293.5580999983358
D:\Bartek\coding\biometria\facial_auth\celeba_subset\img_align_celeba\197465.jpg,6719,False,mask,True,0.09125673770904541,11506.314999998722
D:\Bartek\coding\biometria\facial_auth\celeba_subset\img_align_celeba\160765.jpg,5575,False,glasses,False,0.08163367211818695,285.863099998096
D:\Bartek\coding\biometria\facial_auth\celeba_subset\img_align_celeba\160765.jpg,5575,False,glasses,True,0.08163367211818695,294.7156000009272
D:\Bartek\coding\biometria\facial_auth\celeba_subset\img_align_celeba\003308.jpg,6719,False,mask,False,0.12989525496959686,288.9022000017576
D:\Bartek\coding\biometria\facial_auth\celeba_subset\img_align_celeba\003308.jpg,6719,False,mask,True,0.11601526290178299,295.42139999830397
D:\Bartek\coding\biometria\facial_auth\celeba_subset\img_align_celeba\158640.jpg,5791,False,glasses,False,0.04258418828248978,296.3965000017197
D:\Bartek\coding\biometria\facial_auth\celeba_subset\img_align_celeba\158640.jpg,5791,False,glasses,True,0.04258418828248978,293.16190000099596
D:\Bartek\coding\biometria\facial_auth\celeba_subset\img_align_celeba\140410.jpg,3200,False,mask,False,0.5829502940177917,298.5767999998643
D:\Bartek\coding\biometria\facial_auth\celeba_subset\img_align_celeba\140410.jpg,3200,False,mask,True,0.5423789620399475,11512.371199998597
D:\Bartek\coding\biometria\facial_auth\celeba_subset\img_align_celeba\095572.jpg,6972,False,glasses,False,0.056394051760435104,283.0108999987715
D:\Bartek\coding\biometria\facial_auth\celeba_subset\img_align_celeba\095572.jpg,6972,False,glasses,True,0.056394051760435104,291.1528999975417
D:\Bartek\coding\biometria\facial_auth\celeba_subset\img_align_celeba\062547.jpg,9688,False,mask,False,0.05750034376978874,303.7906000026851
D:\Bartek\coding\biometria\facial_auth\celeba_subset\img_align_celeba\062547.jpg,9688,False,mask,True,0.03928584232926369,11336.345099996834
D:\Bartek\coding\biometria\facial_auth\celeba_subset\img_align_celeba\148073.jpg,4150,False,glasses,False,0.18467512726783752,280.7514000014635
D:\Bartek\coding\biometria\facial_auth\celeba_subset\img_align_celeba\148073.jpg,4150,False,glasses,True,0.18467512726783752,283.7604000014835
D:\Bartek\coding\biometria\facial_auth\celeba_subset\img_align_celeba\034660.jpg,7253,False,mask,False,0.15733300149440765,285.4345000014291
D:\Bartek\coding\biometria\facial_auth\celeba_subset\img_align_celeba\034660.jpg,7253,False,mask,True,0.16230881214141846,286.8324000010034
D:\Bartek\coding\biometria\facial_auth\celeba_subset\img_align_celeba\149787.jpg,5437,False,glasses,False,0.07307536900043488,300.8941000007326
D:\Bartek\coding\biometria\facial_auth\celeba_subset\img_align_celeba\149787.jpg,5437,False,glasses,True,0.07307536900043488,302.6811000017915
D:\Bartek\coding\biometria\facial_auth\celeba_subset\img_align_celeba\171969.jpg,5534,False,mask,False,0.11769415438175201,295.28040000150213
D:\Bartek\coding\biometria\facial_auth\celeba_subset\img_align_celeba\171969.jpg,5534,False,mask,True,0.12003981322050095,292.6087000014377
D:\Bartek\coding\biometria\facial_auth\celeba_subset\img_align_celeba\168488.jpg,5099,False,glasses,False,0.07069811969995499,293.07060000428464
D:\Bartek\coding\biometria\facial_auth\celeba_subset\img_align_celeba\168488.jpg,5099,False,glasses,True,0.07069811969995499,298.3148000057554
D:\Bartek\coding\biometria\facial_auth\celeba_subset\img_align_celeba\002042.jpg,6086,False,mask,False,0.09207642078399658,287.47690000454895
D:\Bartek\coding\biometria\facial_auth\celeba_subset\img_align_celeba\002042.jpg,6086,False,mask,True,0.09377770125865936,11422.60250000254
D:\Bartek\coding\biometria\facial_auth\celeba_subset\img_align_celeba\139598.jpg,5238,False,glasses,False,0.09514061361551285,297.32009999861475
D:\Bartek\coding\biometria\facial_auth\celeba_subset\img_align_celeba\139598.jpg,5238,False,glasses,True,0.09514061361551285,306.45490000460995
D:\Bartek\coding\biometria\facial_auth\celeba_subset\img_align_celeba\033721.jpg,7524,False,mask,False,0.983585774898529,313.40719999570865
D:\Bartek\coding\biometria\facial_auth\celeba_subset\img_align_celeba\033721.jpg,7524,False,mask,True,0.983585774898529,11790.379799997027
D:\Bartek\coding\biometria\facial_auth\celeba_subset\img_align_celeba\198511.jpg,190,False,glasses,False,0.15710167586803436,293.17299999820534
D:\Bartek\coding\biometria\facial_auth\celeba_subset\img_align_celeba\198511.jpg,190,False,glasses,True,0.15710167586803436,307.4594999998226
D:\Bartek\coding\biometria\facial_auth\celeba_subset\img_align_celeba\136235.jpg,5591,False,mask,False,0.15663661062717438,312.8000999931828
D:\Bartek\coding\biometria\facial_auth\celeba_subset\img_align_celeba\136235.jpg,5591,False,mask,True,0.15330208837985992,11304.188999994949
D:\Bartek\coding\biometria\facial_auth\celeba_subset\img_align_celeba\160740.jpg,975,False,glasses,False,0.030883222818374634,295.81619999953546
D:\Bartek\coding\biometria\facial_auth\celeba_subset\img_align_celeba\160740.jpg,975,False,glasses,True,0.030883222818374634,297.1754000027431
D:\Bartek\coding\biometria\facial_auth\celeba_subset\img_align_celeba\065309.jpg,5922,False,mask,False,0.11164186149835587,300.650899996981
D:\Bartek\coding\biometria\facial_auth\celeba_subset\img_align_celeba\065309.jpg,5922,False,mask,True,0.11516580730676651,11319.649199998821
D:\Bartek\coding\biometria\facial_auth\celeba_subset\img_align_celeba\132722.jpg,6806,False,glasses,False,0.006227549165487289,286.4333000034094
D:\Bartek\coding\biometria\facial_auth\celeba_subset\img_align_celeba\132722.jpg,6806,False,glasses,True,0.006227549165487289,300.7385000018985
D:\Bartek\coding\biometria\facial_auth\celeba_subset\img_align_celeba\100700.jpg,5127,False,mask,False,0.019275857135653496,290.64069999731146
D:\Bartek\coding\biometria\facial_auth\celeba_subset\img_align_celeba\100700.jpg,5127,False,mask,True,-0.01317619439214468,11315.466599997308
D:\Bartek\coding\biometria\facial_auth\celeba_subset\img_align_celeba\023140.jpg,310,False,glasses,False,0.06275882571935654,280.1733000014792
D:\Bartek\coding\biometria\facial_auth\celeba_subset\img_align_celeba\023140.jpg,310,False,glasses,True,0.06275882571935654,290.6077000006917
D:\Bartek\coding\biometria\facial_auth\celeba_subset\img_align_celeba\004467.jpg,7088,False,mask,False,0.08477949351072311,282.66659999644617
D:\Bartek\coding\biometria\facial_auth\celeba_subset\img_align_celeba\004467.jpg,7088,False,mask,True,0.031233806163072586,11414.031400003296
D:\Bartek\coding\biometria\facial_auth\celeba_subset\img_align_celeba\093998.jpg,9939,False,glasses,False,0.01768515445291996,285.34610000497196
D:\Bartek\coding\biometria\facial_auth\celeba_subset\img_align_celeba\093998.jpg,9939,False,glasses,True,0.01768515445291996,294.93450000154553
D:\Bartek\coding\biometria\facial_auth\celeba_subset\img_align_celeba\152600.jpg,3655,False,mask,False,0.46236544847488403,298.0143999957363
D:\Bartek\coding\biometria\facial_auth\celeba_subset\img_align_celeba\152600.jpg,3655,False,mask,True,0.4669816195964813,11889.740699996764
D:\Bartek\coding\biometria\facial_auth\celeba_subset\img_align_celeba\160752.jpg,1120,False,glasses,False,0.0492689423263073,289.9653999993461
D:\Bartek\coding\biometria\facial_auth\celeba_subset\img_align_celeba\160752.jpg,1120,False,glasses,True,0.0492689423263073,297.4489000043832
D:\Bartek\coding\biometria\facial_auth\celeba_subset\img_align_celeba\150975.jpg,9489,False,mask,False,0.11750729382038116,292.0372000007774
D:\Bartek\coding\biometria\facial_auth\celeba_subset\img_align_celeba\150975.jpg,9489,False,mask,True,0.11548977345228195,282.23309999884805
D:\Bartek\coding\biometria\facial_auth\celeba_subset\img_align_celeba\063997.jpg,7422,False,glasses,False,0.0825110524892807,289.22330000204965
D:\Bartek\coding\biometria\facial_auth\celeba_subset\img_align_celeba\063997.jpg,7422,False,glasses,True,0.0825110524892807,296.89910000161035
D:\Bartek\coding\biometria\facial_auth\celeba_subset\img_align_celeba\013073.jpg,6806,False,mask,False,0.024623656645417213,306.9580000010319
D:\Bartek\coding\biometria\facial_auth\celeba_subset\img_align_celeba\013073.jpg,6806,False,mask,True,0.043988898396492004,11440.521399999852
D:\Bartek\coding\biometria\facial_auth\celeba_subset\img_align_celeba\081559.jpg,494,False,glasses,False,0.0021776538342237473,278.24300000065705
D:\Bartek\coding\biometria\facial_auth\celeba_subset\img_align_celeba\081559.jpg,494,False,glasses,True,0.0021776538342237473,293.0015000019921
D:\Bartek\coding\biometria\facial_auth\celeba_subset\img_align_celeba\010128.jpg,7222,False,mask,False,0.15763787925243378,280.11960000003455
D:\Bartek\coding\biometria\facial_auth\celeba_subset\img_align_celeba\010128.jpg,7222,False,mask,True,0.12093070149421692,11438.376600002812
D:\Bartek\coding\biometria\facial_auth\celeba_subset\img_align_celeba\083304.jpg,5210,False,glasses,False,0.04064450412988663,288.97789999609813
D:\Bartek\coding\biometria\facial_auth\celeba_subset\img_align_celeba\083304.jpg,5210,False,glasses,True,0.04064450412988663,282.37589999480406
D:\Bartek\coding\biometria\facial_auth\celeba_subset\img_align_celeba\150754.jpg,975,False,mask,False,0.04675087705254555,287.0035000014468
D:\Bartek\coding\biometria\facial_auth\celeba_subset\img_align_celeba\150754.jpg,975,False,mask,True,0.038221653550863266,11389.306699995359
D:\Bartek\coding\biometria\facial_auth\celeba_subset\img_align_celeba\041543.jpg,6136,False,glasses,False,0.06703609973192215,281.02499999658903
D:\Bartek\coding\biometria\facial_auth\celeba_subset\img_align_celeba\041543.jpg,6136,False,glasses,True,0.06703609973192215,282.512300000235
D:\Bartek\coding\biometria\facial_auth\celeba_subset\img_align_celeba\114305.jpg,494,False,mask,False,0.10381567478179932,290.9886999987066
D:\Bartek\coding\biometria\facial_auth\celeba_subset\img_align_celeba\114305.jpg,494,False,mask,True,0.11026380211114883,11412.045799996122
D:\Bartek\coding\biometria\facial_auth\celeba_subset\img_align_celeba\068717.jpg,9000,False,glasses,False,-0.020741954445838928,295.30289999820525
D:\Bartek\coding\biometria\facial_auth\celeba_subset\img_align_celeba\068717.jpg,9000,False,glasses,True,-0.020741954445838928,298.57970000011846
D:\Bartek\coding\biometria\facial_auth\celeba_subset\img_align_celeba\065517.jpg,2926,False,mask,False,0.04128280282020569,297.85180000180844
D:\Bartek\coding\biometria\facial_auth\celeba_subset\img_align_celeba\065517.jpg,2926,False,mask,True,0.034768879413604736,294.7016000034637
D:\Bartek\coding\biometria\facial_auth\celeba_subset\img_align_celeba\033292.jpg,3655,False,glasses,False,0.4842102527618408,301.1435000007623
D:\Bartek\coding\biometria\facial_auth\celeba_subset\img_align_celeba\033292.jpg,3655,False,glasses,True,0.4842102527618408,307.2102999940398
D:\Bartek\coding\biometria\facial_auth\celeba_subset\img_align_celeba\191377.jpg,8834,False,mask,False,0.024378817528486252,303.4228000033181
D:\Bartek\coding\biometria\facial_auth\celeba_subset\img_align_celeba\191377.jpg,8834,False,mask,True,0.011737121269106865,11598.901999997906
D:\Bartek\coding\biometria\facial_auth\celeba_subset\img_align_celeba\121054.jpg,5747,False,glasses,False,-0.024293309077620506,294.454399998358
D:\Bartek\coding\biometria\facial_auth\celeba_subset\img_align_celeba\121054.jpg,5747,False,glasses,True,-0.024293309077620506,287.23570000147447
D:\Bartek\coding\biometria\facial_auth\celeba_subset\img_align_celeba\044254.jpg,9688,False,mask,False,0.04617549106478691,288.72640000190586
D:\Bartek\coding\biometria\facial_auth\celeba_subset\img_align_celeba\044254.jpg,9688,False,mask,True,0.04576064273715019,11447.42569999653
D:\Bartek\coding\biometria\facial_auth\celeba_subset\img_align_celeba\152306.jpg,6719,False,glasses,False,0.07776486128568649,283.1216999984463
D:\Bartek\coding\biometria\facial_auth\celeba_subset\img_align_celeba\152306.jpg,6719,False,glasses,True,0.07776486128568649,299.43379999895114
D:\Bartek\coding\biometria\facial_auth\celeba_subset\img_align_celeba\162567.jpg,9828,False,mask,False,0.014042914845049381,302.2774999990361
D:\Bartek\coding\biometria\facial_auth\celeba_subset\img_align_celeba\162567.jpg,9828,False,mask,True,0.04875538498163223,11403.624899998249
D:\Bartek\coding\biometria\facial_auth\celeba_subset\img_align_celeba\084944.jpg,5872,False,glasses,False,0.1896696239709854,292.7620000045863
D:\Bartek\coding\biometria\facial_auth\celeba_subset\img_align_celeba\084944.jpg,5872,False,glasses,True,0.1896696239709854,296.0306999957538
D:\Bartek\coding\biometria\facial_auth\celeba_subset\img_align_celeba\109027.jpg,2177,False,mask,False,0.8958795666694641,285.7349999976577
D:\Bartek\coding\biometria\facial_auth\celeba_subset\img_align_celeba\109027.jpg,2177,False,mask,True,0.8971564173698425,11355.728800001089
D:\Bartek\coding\biometria\facial_auth\celeba_subset\img_align_celeba\031610.jpg,4185,False,glasses,False,0.022390227764844894,289.990500001295
D:\Bartek\coding\biometria\facial_auth\celeba_subset\img_align_celeba\031610.jpg,4185,False,glasses,True,0.022390227764844894,307.2991000008187
D:\Bartek\coding\biometria\facial_auth\celeba_subset\img_align_celeba\031878.jpg,3655,False,mask,False,0.4463047385215759,296.4687999992748
D:\Bartek\coding\biometria\facial_auth\celeba_subset\img_align_celeba\031878.jpg,3655,False,mask,True,0.44602784514427185,11354.35139999754
D:\Bartek\coding\biometria\facial_auth\celeba_subset\img_align_celeba\169859.jpg,655,False,glasses,False,0.010555898770689964,310.82900000183145
D:\Bartek\coding\biometria\facial_auth\celeba_subset\img_align_celeba\169859.jpg,655,False,glasses,True,0.010555898770689964,292.18939999555005
D:\Bartek\coding\biometria\facial_auth\celeba_subset\img_align_celeba\142682.jpg,9534,False,mask,False,0.22360999882221222,284.6875999966869
D:\Bartek\coding\biometria\facial_auth\celeba_subset\img_align_celeba\142682.jpg,9534,False,mask,True,0.1637086719274521,11737.735199996678
D:\Bartek\coding\biometria\facial_auth\celeba_subset\img_align_celeba\198298.jpg,644,False,glasses,False,-0.09678629040718079,288.15160000522155
D:\Bartek\coding\biometria\facial_auth\celeba_subset\img_align_celeba\198298.jpg,644,False,glasses,True,-0.09678629040718079,292.98349999589846
D:\Bartek\coding\biometria\facial_auth\celeba_subset\img_align_celeba\042542.jpg,190,False,mask,False,0.11433184891939163,293.57529999833787
D:\Bartek\coding\biometria\facial_auth\celeba_subset\img_align_celeba\042542.jpg,190,False,mask,True,0.11432509124279022,11374.783600003866
D:\Bartek\coding\biometria\facial_auth\celeba_subset\img_align_celeba\016418.jpg,6456,False,glasses,False,-0.002370641566812992,286.535899998853
D:\Bartek\coding\biometria\facial_auth\celeba_subset\img_align_celeba\016418.jpg,6456,False,glasses,True,-0.002370641566812992,296.06950000015786
D:\Bartek\coding\biometria\facial_auth\celeba_subset\img_align_celeba\080859.jpg,7524,False,mask,False,0.8502517938613892,298.02829999971436
D:\Bartek\coding\biometria\facial_auth\celeba_subset\img_align_celeba\080859.jpg,7524,False,mask,True,0.8503589630126953,292.7170999973896
D:\Bartek\coding\biometria\facial_auth\celeba_subset\img_align_celeba\122607.jpg,3236,False,glasses,False,0.025672076269984245,301.3931000023149
D:\Bartek\coding\biometria\facial_auth\celeba_subset\img_align_celeba\122607.jpg,3236,False,glasses,True,0.025672076269984245,291.097000001173
D:\Bartek\coding\biometria\facial_auth\celeba_subset\img_align_celeba\184999.jpg,5747,False,mask,False,0.08350767195224762,298.3528999975533
D:\Bartek\coding\biometria\facial_auth\celeba_subset\img_align_celeba\184999.jpg,5747,False,mask,True,0.08397001028060913,11425.402799999574
D:\Bartek\coding\biometria\facial_auth\celeba_subset\img_align_celeba\024413.jpg,1128,False,glasses,False,0.11704828590154648,291.32530000060797
D:\Bartek\coding\biometria\facial_auth\celeba_subset\img_align_celeba\024413.jpg,1128,False,glasses,True,0.11704828590154648,285.8650999987731
D:\Bartek\coding\biometria\facial_auth\celeba_subset\img_align_celeba\049695.jpg,5437,False,mask,False,0.128173828125,291.08399999677204
D:\Bartek\coding\biometria\facial_auth\celeba_subset\img_align_celeba\049695.jpg,5437,False,mask,True,0.16945573687553406,11654.77860000101
D:\Bartek\coding\biometria\facial_auth\celeba_subset\img_align_celeba\036270.jpg,1350,False,glasses,False,0.10825414955615997,295.0031000000308
D:\Bartek\coding\biometria\facial_auth\celeba_subset\img_align_celeba\036270.jpg,1350,False,glasses,True,0.10825414955615997,287.5127000006614
D:\Bartek\coding\biometria\facial_auth\celeba_subset\img_align_celeba\010582.jpg,3877,False,mask,False,0.041902679949998856,289.80589999991935
D:\Bartek\coding\biometria\facial_auth\celeba_subset\img_align_celeba\010582.jpg,3877,False,mask,True,0.04214596003293991,287.9421999969054
D:\Bartek\coding\biometria\facial_auth\celeba_subset\img_align_celeba\180809.jpg,8936,False,glasses,False,0.05841737985610962,294.02249999839114
D:\Bartek\coding\biometria\facial_auth\celeba_subset\img_align_celeba\180809.jpg,8936,False,glasses,True,0.05841737985610962,297.4300000059884
D:\Bartek\coding\biometria\facial_auth\celeba_subset\img_align_celeba\018627.jpg,5747,False,mask,False,0.12398234009742737,299.71279999881517
D:\Bartek\coding\biometria\facial_auth\celeba_subset\img_align_celeba\018627.jpg,5747,False,mask,True,0.1266341656446457,11880.990500001644
D:\Bartek\coding\biometria\facial_auth\celeba_subset\img_align_celeba\145865.jpg,5099,False,glasses,False,0.1765170395374298,292.62739999830956
D:\Bartek\coding\biometria\facial_auth\celeba_subset\img_align_celeba\145865.jpg,5099,False,glasses,True,0.1765170395374298,304.82320000010077
D:\Bartek\coding\biometria\facial_auth\celeba_subset\img_align_celeba\128274.jpg,3877,False,mask,False,0.0351082868874073,295.65899999579415
D:\Bartek\coding\biometria\facial_auth\celeba_subset\img_align_celeba\128274.jpg,3877,False,mask,True,0.0346304215490818,11455.588500000886
D:\Bartek\coding\biometria\facial_auth\celeba_subset\img_align_celeba\146545.jpg,8834,False,glasses,False,0.11869757622480392,281.87919999618316
D:\Bartek\coding\biometria\facial_auth\celeba_subset\img_align_celeba\146545.jpg,8834,False,glasses,True,0.11869757622480392,296.1695999983931
D:\Bartek\coding\biometria\facial_auth\celeba_subset\img_align_celeba\172444.jpg,1435,False,mask,False,0.023730767890810966,285.24820000166073
D:\Bartek\coding\biometria\facial_auth\celeba_subset\img_align_celeba\172444.jpg,1435,False,mask,True,0.06315550208091736,11341.162999997323
D:\Bartek\coding\biometria\facial_auth\celeba_subset\img_align_celeba\069373.jpg,7088,False,glasses,False,-0.0017645489424467087,295.20980000233976
D:\Bartek\coding\biometria\facial_auth\celeba_subset\img_align_celeba\069373.jpg,7088,False,glasses,True,-0.0017645489424467087,298.11980000522453
D:\Bartek\coding\biometria\facial_auth\celeba_subset\img_align_celeba\096456.jpg,5672,False,mask,False,0.1138860285282135,293.811800002004
D:\Bartek\coding\biometria\facial_auth\celeba_subset\img_align_celeba\096456.jpg,5672,False,mask,True,0.11080481112003326,11347.65619999962
D:\Bartek\coding\biometria\facial_auth\celeba_subset\img_align_celeba\118273.jpg,1154,False,glasses,False,0.20991376042366028,288.6094999994384
D:\Bartek\coding\biometria\facial_auth\celeba_subset\img_align_celeba\118273.jpg,1154,False,glasses,True,0.20991376042366028,281.30009999586036
D:\Bartek\coding\biometria\facial_auth\celeba_subset\img_align_celeba\068099.jpg,8748,False,mask,False,0.0708690881729126,283.3401000025333
D:\Bartek\coding\biometria\facial_auth\celeba_subset\img_align_celeba\068099.jpg,8748,False,mask,True,0.07068195939064026,11449.482199997874
D:\Bartek\coding\biometria\facial_auth\celeba_subset\img_align_celeba\193173.jpg,205,False,glasses,False,0.10430917888879776,295.6320000012056
D:\Bartek\coding\biometria\facial_auth\celeba_subset\img_align_celeba\193173.jpg,205,False,glasses,True,0.10430917888879776,292.44070000277134
D:\Bartek\coding\biometria\facial_auth\celeba_subset\img_align_celeba\174168.jpg,1128,False,mask,False,0.038061678409576416,307.4715999973705
D:\Bartek\coding\biometria\facial_auth\celeba_subset\img_align_celeba\174168.jpg,1128,False,mask,True,-0.007836825214326382,292.82660000171745
D:\Bartek\coding\biometria\facial_auth\celeba_subset\img_align_celeba\040776.jpg,6722,False,glasses,False,-0.00741454865783453,292.70969999925
D:\Bartek\coding\biometria\facial_auth\celeba_subset\img_align_celeba\040776.jpg,6722,False,glasses,True,-0.00741454865783453,294.8688000033144
D:\Bartek\coding\biometria\facial_auth\celeba_subset\img_align_celeba\162704.jpg,3336,False,mask,False,0.04121745377779007,295.17910000140546
D:\Bartek\coding\biometria\facial_auth\celeba_subset\img_align_celeba\162704.jpg,3336,False,mask,True,0.08789534121751785,11689.877899996645
D:\Bartek\coding\biometria\facial_auth\celeba_subset\img_align_celeba\097431.jpg,5127,False,glasses,False,0.029742497950792313,288.8481000045431
D:\Bartek\coding\biometria\facial_auth\celeba_subset\img_align_celeba\097431.jpg,5127,False,glasses,True,0.029742497950792313,290.92730000411393
D:\Bartek\coding\biometria\facial_auth\celeba_subset\img_align_celeba\101316.jpg,4069,False,mask,False,0.19183839857578278,297.69780000060564
D:\Bartek\coding\biometria\facial_auth\celeba_subset\img_align_celeba\101316.jpg,4069,False,mask,True,0.16220559179782867,293.875700001081
D:\Bartek\coding\biometria\facial_auth\celeba_subset\img_align_celeba\136572.jpg,4659,False,glasses,False,0.17589733004570007,291.30210000585066
D:\Bartek\coding\biometria\facial_auth\celeba_subset\img_align_celeba\136572.jpg,4659,False,glasses,True,0.17589733004570007,284.90350000356557
D:\Bartek\coding\biometria\facial_auth\celeba_subset\img_align_celeba\088722.jpg,6972,False,mask,False,0.05730953440070152,289.11170000355924
D:\Bartek\coding\biometria\facial_auth\celeba_subset\img_align_celeba\088722.jpg,6972,False,mask,True,0.038944218307733536,11432.455900001514
D:\Bartek\coding\biometria\facial_auth\celeba_subset\img_align_celeba\105194.jpg,5747,False,glasses,False,0.14058448374271393,295.6105999983265
D:\Bartek\coding\biometria\facial_auth\celeba_subset\img_align_celeba\105194.jpg,5747,False,glasses,True,0.14058448374271393,306.3804999983404
D:\Bartek\coding\biometria\facial_auth\celeba_subset\img_align_celeba\032767.jpg,5672,False,mask,False,0.0743592381477356,314.18090000079246
D:\Bartek\coding\biometria\facial_auth\celeba_subset\img_align_celeba\032767.jpg,5672,False,mask,True,0.08102480322122574,11407.413000000815
D:\Bartek\coding\biometria\facial_auth\celeba_subset\img_align_celeba\103456.jpg,7422,False,glasses,False,0.1697995662689209,288.55649999604793
D:\Bartek\coding\biometria\facial_auth\celeba_subset\img_align_celeba\103456.jpg,7422,False,glasses,True,0.1697995662689209,304.2388000030769
D:\Bartek\coding\biometria\facial_auth\celeba_subset\img_align_celeba\196629.jpg,1147,False,mask,False,0.05141051486134529,306.76069999753963
D:\Bartek\coding\biometria\facial_auth\celeba_subset\img_align_celeba\196629.jpg,1147,False,mask,True,0.06338974088430405,298.2719000065117
D:\Bartek\coding\biometria\facial_auth\celeba_subset\img_align_celeba\030080.jpg,1167,False,glasses,False,0.08794691413640976,294.40749999776017
D:\Bartek\coding\biometria\facial_auth\celeba_subset\img_align_celeba\030080.jpg,1167,False,glasses,True,0.08794691413640976,290.91389999666717
D:\Bartek\coding\biometria\facial_auth\celeba_subset\img_align_celeba\074437.jpg,898,False,mask,False,0.17209050059318542,284.80580000177724
D:\Bartek\coding\biometria\facial_auth\celeba_subset\img_align_celeba\074437.jpg,898,False,mask,True,0.20749035477638245,293.5238999998546
D:\Bartek\coding\biometria\facial_auth\celeba_subset\img_align_celeba\009101.jpg,5922,False,glasses,False,0.135024294257164,294.64069999812637
D:\Bartek\coding\biometria\facial_auth\celeba_subset\img_align_celeba\009101.jpg,5922,False,glasses,True,0.135024294257164,303.8497999950778
D:\Bartek\coding\biometria\facial_auth\celeba_subset\img_align_celeba\112139.jpg,7088,False,mask,False,0.06011023744940758,293.4272999991663
D:\Bartek\coding\biometria\facial_auth\celeba_subset\img_align_celeba\112139.jpg,7088,False,mask,True,0.06682117283344269,11388.322900005733
D:\Bartek\coding\biometria\facial_auth\celeba_subset\img_align_celeba\074823.jpg,5238,False,glasses,False,0.001983216032385826,301.9445999962045
D:\Bartek\coding\biometria\facial_auth\celeba_subset\img_align_celeba\074823.jpg,5238,False,glasses,True,0.001983216032385826,297.1462999994401
D:\Bartek\coding\biometria\facial_auth\celeba_subset\img_align_celeba\138209.jpg,9489,False,mask,False,0.10611323267221451,308.65539999649627
D:\Bartek\coding\biometria\facial_auth\celeba_subset\img_align_celeba\138209.jpg,9489,False,mask,True,0.10601026564836502,11362.472300002992
D:\Bartek\coding\biometria\facial_auth\celeba_subset\img_align_celeba\190913.jpg,4069,False,glasses,False,0.06428804993629456,286.9224000023678
D:\Bartek\coding\biometria\facial_auth\celeba_subset\img_align_celeba\190913.jpg,4069,False,glasses,True,0.06428804993629456,289.0146999998251
D:\Bartek\coding\biometria\facial_auth\celeba_subset\img_align_celeba\010564.jpg,3336,False,mask,False,0.07737528532743454,296.0534000012558
D:\Bartek\coding\biometria\facial_auth\celeba_subset\img_align_celeba\010564.jpg,3336,False,mask,True,0.1017637550830841,298.99899999873014
D:\Bartek\coding\biometria\facial_auth\celeba_subset\img_align_celeba\101583.jpg,4659,False,glasses,False,0.21168996393680573,302.07700000028126
D:\Bartek\coding\biometria\facial_auth\celeba_subset\img_align_celeba\101583.jpg,4659,False,glasses,True,0.21168996393680573,286.7589000015869
D:\Bartek\coding\biometria\facial_auth\celeba_subset\img_align_celeba\147168.jpg,7422,False,mask,False,0.7709107398986816,301.35380000137957
D:\Bartek\coding\biometria\facial_auth\celeba_subset\img_align_celeba\147168.jpg,7422,False,mask,True,0.7715556621551514,11374.99480000406
D:\Bartek\coding\biometria\facial_auth\celeba_subset\img_align_celeba\006332.jpg,9000,False,glasses,False,0.1437719613313675,296.97289999603527
D:\Bartek\coding\biometria\facial_auth\celeba_subset\img_align_celeba\006332.jpg,9000,False,glasses,True,0.1437719613313675,305.1911999937147
D:\Bartek\coding\biometria\facial_auth\celeba_subset\img_align_celeba\172678.jpg,1149,False,mask,False,0.09610790014266968,302.04419999790844
D:\Bartek\coding\biometria\facial_auth\celeba_subset\img_align_celeba\172678.jpg,1149,False,mask,True,0.1045648604631424,297.3074999972596
D:\Bartek\coding\biometria\facial_auth\celeba_subset\img_align_celeba\168226.jpg,9489,False,glasses,False,0.07832398265600204,295.24039999523666
D:\Bartek\coding\biometria\facial_auth\celeba_subset\img_align_celeba\168226.jpg,9489,False,glasses,True,0.07832398265600204,299.24490000121295
D:\Bartek\coding\biometria\facial_auth\celeba_subset\img_align_celeba\057388.jpg,5246,False,mask,False,0.10621827840805054,294.5268000039505
D:\Bartek\coding\biometria\facial_auth\celeba_subset\img_align_celeba\057388.jpg,5246,False,mask,True,0.07812761515378952,11347.21929999796
D:\Bartek\coding\biometria\facial_auth\celeba_subset\img_align_celeba\006124.jpg,9632,False,glasses,False,0.052773237228393555,284.7488000043086
D:\Bartek\coding\biometria\facial_auth\celeba_subset\img_align_celeba\006124.jpg,9632,False,glasses,True,0.052773237228393555,304.85249999765074
D:\Bartek\coding\biometria\facial_auth\celeba_subset\img_align_celeba\022418.jpg,4659,False,mask,False,0.07366029173135757,292.42320000048494
D:\Bartek\coding\biometria\facial_auth\celeba_subset\img_align_celeba\022418.jpg,4659,False,mask,True,0.0732843205332756,297.55410000507254
D:\Bartek\coding\biometria\facial_auth\celeba_subset\img_align_celeba\143181.jpg,6806,False,glasses,False,0.09762533009052277,297.7664999998524
D:\Bartek\coding\biometria\facial_auth\celeba_subset\img_align_celeba\143181.jpg,6806,False,glasses,True,0.09762533009052277,296.22020000533666
D:\Bartek\coding\biometria\facial_auth\celeba_subset\img_align_celeba\093844.jpg,655,False,mask,False,0.09990733116865158,300.3337999980431
D:\Bartek\coding\biometria\facial_auth\celeba_subset\img_align_celeba\093844.jpg,655,False,mask,True,0.07391821593046188,11380.871500005014
D:\Bartek\coding\biometria\facial_auth\celeba_subset\img_align_celeba\172724.jpg,190,False,glasses,False,0.0840209499001503,290.90599999472033
D:\Bartek\coding\biometria\facial_auth\celeba_subset\img_align_celeba\172724.jpg,190,False,glasses,True,0.0840209499001503,293.0108000000473
D:\Bartek\coding\biometria\facial_auth\celeba_subset\img_align_celeba\103674.jpg,6456,False,mask,False,0.25714316964149475,302.562199998647
D:\Bartek\coding\biometria\facial_auth\celeba_subset\img_align_celeba\103674.jpg,6456,False,mask,True,0.28363072872161865,11397.857400006615
D:\Bartek\coding\biometria\facial_auth\celeba_subset\img_align_celeba\079890.jpg,5099,False,glasses,False,0.10244438052177429,280.90099999826634
D:\Bartek\coding\biometria\facial_auth\celeba_subset\img_align_celeba\079890.jpg,5099,False,glasses,True,0.10244438052177429,289.63309999380726
D:\Bartek\coding\biometria\facial_auth\celeba_subset\img_align_celeba\005506.jpg,5648,False,mask,False,0.030373452231287956,309.6345999947516
D:\Bartek\coding\biometria\facial_auth\celeba_subset\img_align_celeba\005506.jpg,5648,False,mask,True,0.04950689896941185,11799.653699999908
D:\Bartek\coding\biometria\facial_auth\celeba_subset\img_align_celeba\104829.jpg,6233,False,glasses,False,0.26421216130256653,285.47249999974156
D:\Bartek\coding\biometria\facial_auth\celeba_subset\img_align_celeba\104829.jpg,6233,False,glasses,True,0.26421216130256653,288.01150000072084
D:\Bartek\coding\biometria\facial_auth\celeba_subset\img_align_celeba\158640.jpg,4929,False,mask,False,0.026445433497428894,307.18060000072
D:\Bartek\coding\biometria\facial_auth\celeba_subset\img_align_celeba\158640.jpg,4929,False,mask,True,0.013696388341486454,11327.454099999159
D:\Bartek\coding\biometria\facial_auth\celeba_subset\img_align_celeba\112314.jpg,8936,False,glasses,False,0.06574741750955582,280.3263000023435
D:\Bartek\coding\biometria\facial_auth\celeba_subset\img_align_celeba\112314.jpg,8936,False,glasses,True,0.06574741750955582,289.83859999425476
D:\Bartek\coding\biometria\facial_auth\celeba_subset\img_align_celeba\037397.jpg,898,False,mask,False,0.30070966482162476,279.37740000197664
D:\Bartek\coding\biometria\facial_auth\celeba_subset\img_align_celeba\037397.jpg,898,False,mask,True,0.3032206594944,11418.186900002183
D:\Bartek\coding\biometria\facial_auth\celeba_subset\img_align_celeba\180828.jpg,5791,False,glasses,False,0.08729999512434006,297.39559999870835
D:\Bartek\coding\biometria\facial_auth\celeba_subset\img_align_celeba\180828.jpg,5791,False,glasses,True,0.08729999512434006,307.6212000014493
D:\Bartek\coding\biometria\facial_auth\celeba_subset\img_align_celeba\151426.jpg,8,False,mask,False,0.13789582252502441,287.4853000030271
D:\Bartek\coding\biometria\facial_auth\celeba_subset\img_align_celeba\151426.jpg,8,False,mask,True,0.11684847623109818,283.11930000199936
D:\Bartek\coding\biometria\facial_auth\celeba_subset\img_align_celeba\033445.jpg,9632,False,glasses,False,0.10885545611381531,293.74359999928856
D:\Bartek\coding\biometria\facial_auth\celeba_subset\img_align_celeba\033445.jpg,9632,False,glasses,True,0.10885545611381531,306.02640000142856
D:\Bartek\coding\biometria\facial_auth\celeba_subset\img_align_celeba\171054.jpg,1167,False,mask,False,0.07386178523302078,300.13360000157263
D:\Bartek\coding\biometria\facial_auth\celeba_subset\img_align_celeba\171054.jpg,1167,False,mask,True,0.15561798214912415,11761.462199996458
D:\Bartek\coding\biometria\facial_auth\celeba_subset\img_align_celeba\085060.jpg,878,False,glasses,False,0.08501851558685303,286.6176000025007
D:\Bartek\coding\biometria\facial_auth\celeba_subset\img_align_celeba\085060.jpg,878,False,glasses,True,0.08501851558685303,298.5054000018863
D:\Bartek\coding\biometria\facial_auth\celeba_subset\img_align_celeba\041086.jpg,5210,False,mask,False,0.033709511160850525,289.9574000039138
D:\Bartek\coding\biometria\facial_auth\celeba_subset\img_align_celeba\041086.jpg,5210,False,mask,True,0.03606513515114784,11503.995800005214
D:\Bartek\coding\biometria\facial_auth\celeba_subset\img_align_celeba\151863.jpg,9632,False,glasses,False,0.03641308471560478,291.79239999939455
D:\Bartek\coding\biometria\facial_auth\celeba_subset\img_align_celeba\151863.jpg,9632,False,glasses,True,0.03641308471560478,297.4132000017562
D:\Bartek\coding\biometria\facial_auth\celeba_subset\img_align_celeba\176338.jpg,9000,False,mask,False,0.018206562846899033,299.27239999960875
D:\Bartek\coding\biometria\facial_auth\celeba_subset\img_align_celeba\176338.jpg,9000,False,mask,True,0.021743090823292732,304.0913000004366
D:\Bartek\coding\biometria\facial_auth\celeba_subset\img_align_celeba\182939.jpg,6277,False,glasses,False,0.040059931576251984,300.0138999996125
D:\Bartek\coding\biometria\facial_auth\celeba_subset\img_align_celeba\182939.jpg,6277,False,glasses,True,0.040059931576251984,299.75540000305045
D:\Bartek\coding\biometria\facial_auth\celeba_subset\img_align_celeba\202056.jpg,2814,False,mask,False,0.014663622714579105,297.8501000034157
D:\Bartek\coding\biometria\facial_auth\celeba_subset\img_align_celeba\202056.jpg,2814,False,mask,True,0.01383912656456232,299.11070000525797
D:\Bartek\coding\biometria\facial_auth\celeba_subset\img_align_celeba\166195.jpg,5656,False,glasses,False,-0.05838862434029579,302.0239000034053
D:\Bartek\coding\biometria\facial_auth\celeba_subset\img_align_celeba\166195.jpg,5656,False,glasses,True,-0.05838862434029579,297.9667000035988
D:\Bartek\coding\biometria\facial_auth\celeba_subset\img_align_celeba\172378.jpg,7338,False,mask,False,0.07784297317266464,290.9760999973514
D:\Bartek\coding\biometria\facial_auth\celeba_subset\img_align_celeba\172378.jpg,7338,False,mask,True,0.0698864534497261,11715.461100000539
D:\Bartek\coding\biometria\facial_auth\celeba_subset\img_align_celeba\018679.jpg,5780,False,glasses,False,0.1706979125738144,295.04910000105156
D:\Bartek\coding\biometria\facial_auth\celeba_subset\img_align_celeba\018679.jpg,5780,False,glasses,True,0.1706979125738144,294.87439999502385
D:\Bartek\coding\biometria\facial_auth\celeba_subset\img_align_celeba\192855.jpg,5872,False,mask,False,0.14168937504291534,305.12000000453554
D:\Bartek\coding\biometria\facial_auth\celeba_subset\img_align_celeba\192855.jpg,5872,False,mask,True,0.15252940356731415,11428.051400005643
D:\Bartek\coding\biometria\facial_auth\celeba_subset\img_align_celeba\138587.jpg,9534,False,glasses,False,0.06674715131521225,289.098200002627
D:\Bartek\coding\biometria\facial_auth\celeba_subset\img_align_celeba\138587.jpg,9534,False,glasses,True,0.06674715131521225,302.33539999608183
D:\Bartek\coding\biometria\facial_auth\celeba_subset\img_align_celeba\122317.jpg,8971,False,mask,False,0.06890453398227692,286.18419999838807
D:\Bartek\coding\biometria\facial_auth\celeba_subset\img_align_celeba\122317.jpg,8971,False,mask,True,0.04792657122015953,290.8696000013151
D:\Bartek\coding\biometria\facial_auth\celeba_subset\img_align_celeba\096686.jpg,4196,False,glasses,False,-0.0067955502308905125,299.21399999875575
D:\Bartek\coding\biometria\facial_auth\celeba_subset\img_align_celeba\096686.jpg,4196,False,glasses,True,-0.0067955502308905125,297.8143000000273
D:\Bartek\coding\biometria\facial_auth\celeba_subset\img_align_celeba\159309.jpg,5210,False,mask,False,0.06788023561239243,289.51170000073034
D:\Bartek\coding\biometria\facial_auth\celeba_subset\img_align_celeba\159309.jpg,5210,False,mask,True,0.03314216807484627,11411.966600004234
D:\Bartek\coding\biometria\facial_auth\celeba_subset\img_align_celeba\119038.jpg,494,False,glasses,False,0.15459074079990387,294.31060000206344
D:\Bartek\coding\biometria\facial_auth\celeba_subset\img_align_celeba\119038.jpg,494,False,glasses,True,0.15459074079990387,295.86169999674894
D:\Bartek\coding\biometria\facial_auth\celeba_subset\img_align_celeba\188620.jpg,9910,False,mask,False,0.9775915741920471,286.12599999905797
D:\Bartek\coding\biometria\facial_auth\celeba_subset\img_align_celeba\188620.jpg,9910,False,mask,True,0.9640926122665405,11744.843899999978
D:\Bartek\coding\biometria\facial_auth\celeba_subset\img_align_celeba\021665.jpg,5210,False,glasses,False,0.0508829765021801,303.40210000576917
D:\Bartek\coding\biometria\facial_auth\celeba_subset\img_align_celeba\021665.jpg,5210,False,glasses,True,0.0508829765021801,317.55920000432525
D:\Bartek\coding\biometria\facial_auth\celeba_subset\img_align_celeba\058672.jpg,1147,False,mask,False,0.05867709219455719,297.55480000312673
D:\Bartek\coding\biometria\facial_auth\celeba_subset\img_align_celeba\058672.jpg,1147,False,mask,True,0.05593676120042801,11824.621099993237
D:\Bartek\coding\biometria\facial_auth\celeba_subset\img_align_celeba\082301.jpg,4968,False,glasses,False,0.09083200246095657,298.51339999731863
D:\Bartek\coding\biometria\facial_auth\celeba_subset\img_align_celeba\082301.jpg,4968,False,glasses,True,0.09083200246095657,294.03560000355355
D:\Bartek\coding\biometria\facial_auth\celeba_subset\img_align_celeba\103516.jpg,5575,False,mask,False,0.13063178956508636,295.8851000003051
D:\Bartek\coding\biometria\facial_auth\celeba_subset\img_align_celeba\103516.jpg,5575,False,mask,True,0.14393673837184906,11442.425499997626
D:\Bartek\coding\biometria\facial_auth\celeba_subset\img_align_celeba\150689.jpg,5747,False,glasses,False,0.17564257979393005,291.72120000293944
D:\Bartek\coding\biometria\facial_auth\celeba_subset\img_align_celeba\150689.jpg,5747,False,glasses,True,0.17564257979393005,303.3531999972183
D:\Bartek\coding\biometria\facial_auth\celeba_subset\img_align_celeba\092350.jpg,6368,False,mask,False,0.06853737682104111,301.89440000685863
D:\Bartek\coding\biometria\facial_auth\celeba_subset\img_align_celeba\092350.jpg,6368,False,mask,True,0.06097301095724106,11423.266500001773
D:\Bartek\coding\biometria\facial_auth\celeba_subset\img_align_celeba\032851.jpg,4929,False,glasses,False,-0.03998121991753578,288.70659999665804
D:\Bartek\coding\biometria\facial_auth\celeba_subset\img_align_celeba\032851.jpg,4929,False,glasses,True,-0.03998121991753578,297.0478999995976
D:\Bartek\coding\biometria\facial_auth\celeba_subset\img_align_celeba\070955.jpg,6086,False,mask,False,0.11352625489234924,282.4590000018361
D:\Bartek\coding\biometria\facial_auth\celeba_subset\img_align_celeba\070955.jpg,6086,False,mask,True,0.10109594464302063,11447.78750000114
D:\Bartek\coding\biometria\facial_auth\celeba_subset\img_align_celeba\185013.jpg,5033,False,glasses,False,0.01572871208190918,294.67200000362936
D:\Bartek\coding\biometria\facial_auth\celeba_subset\img_align_celeba\185013.jpg,5033,False,glasses,True,0.01572871208190918,288.5536999965552
D:\Bartek\coding\biometria\facial_auth\celeba_subset\img_align_celeba\100700.jpg,6233,False,mask,False,0.25279495120048523,294.09479999594623
D:\Bartek\coding\biometria\facial_auth\celeba_subset\img_align_celeba\100700.jpg,6233,False,mask,True,0.2417122721672058,11727.381899996544
D:\Bartek\coding\biometria\facial_auth\celeba_subset\img_align_celeba\075552.jpg,494,False,glasses,False,0.1323341727256775,295.2556000018376
D:\Bartek\coding\biometria\facial_auth\celeba_subset\img_align_celeba\075552.jpg,494,False,glasses,True,0.1323341727256775,296.617599997262
D:\Bartek\coding\biometria\facial_auth\celeba_subset\img_align_celeba\154511.jpg,5672,False,mask,False,0.06763946264982224,304.13879999832716
D:\Bartek\coding\biometria\facial_auth\celeba_subset\img_align_celeba\154511.jpg,5672,False,mask,True,0.0894356369972229,11789.888899998914
D:\Bartek\coding\biometria\facial_auth\celeba_subset\img_align_celeba\112275.jpg,5246,False,glasses,False,0.08204534649848938,285.17469999496825
D:\Bartek\coding\biometria\facial_auth\celeba_subset\img_align_celeba\112275.jpg,5246,False,glasses,True,0.08204534649848938,290.42779999872437
D:\Bartek\coding\biometria\facial_auth\celeba_subset\img_align_celeba\179226.jpg,9632,False,mask,False,0.07047288119792938,298.61479999817675
D:\Bartek\coding\biometria\facial_auth\celeba_subset\img_align_celeba\179226.jpg,9632,False,mask,True,0.07301810383796692,11384.97500000085
D:\Bartek\coding\biometria\facial_auth\celeba_subset\img_align_celeba\159931.jpg,7338,False,glasses,False,0.30648863315582275,294.57519999414217
D:\Bartek\coding\biometria\facial_auth\celeba_subset\img_align_celeba\159931.jpg,7338,False,glasses,True,0.30648863315582275,295.7535000023199
D:\Bartek\coding\biometria\facial_auth\celeba_subset\img_align_celeba\067534.jpg,6136,False,mask,False,0.11458281427621841,304.09449999569915
D:\Bartek\coding\biometria\facial_auth\celeba_subset\img_align_celeba\067534.jpg,6136,False,mask,True,0.09153399616479874,294.64549999829615
D:\Bartek\coding\biometria\facial_auth\celeba_subset\img_align_celeba\001618.jpg,5747,False,glasses,False,0.07179832458496094,292.9736000005505
D:\Bartek\coding\biometria\facial_auth\celeba_subset\img_align_celeba\001618.jpg,5747,False,glasses,True,0.07179832458496094,286.1685999960173
D:\Bartek\coding\biometria\facial_auth\celeba_subset\img_align_celeba\076388.jpg,5922,False,mask,False,0.09533946961164474,304.5302000027732
D:\Bartek\coding\biometria\facial_auth\celeba_subset\img_align_celeba\076388.jpg,5922,False,mask,True,0.10396382957696915,11492.166199997882
D:\Bartek\coding\biometria\facial_auth\celeba_subset\img_align_celeba\124306.jpg,3877,False,glasses,False,0.05275397375226021,305.50750000111293
D:\Bartek\coding\biometria\facial_auth\celeba_subset\img_align_celeba\124306.jpg,3877,False,glasses,True,0.05275397375226021,315.5884000007063
D:\Bartek\coding\biometria\facial_auth\celeba_subset\img_align_celeba\107478.jpg,7253,False,mask,False,0.11146091669797897,310.20839999837335
D:\Bartek\coding\biometria\facial_auth\celeba_subset\img_align_celeba\107478.jpg,7253,False,mask,True,0.16079925000667572,300.4293999983929
D:\Bartek\coding\biometria\facial_auth\celeba_subset\img_align_celeba\199652.jpg,6456,False,glasses,False,0.16600669920444489,297.6162999984808
D:\Bartek\coding\biometria\facial_auth\celeba_subset\img_align_celeba\199652.jpg,6456,False,glasses,True,0.16600669920444489,290.2942000000621
D:\Bartek\coding\biometria\facial_auth\celeba_subset\img_align_celeba\122365.jpg,5747,False,mask,False,0.1040179580450058,290.87930000241613
D:\Bartek\coding\biometria\facial_auth\celeba_subset\img_align_celeba\122365.jpg,5747,False,mask,True,0.05074505880475044,11366.10379999911
D:\Bartek\coding\biometria\facial_auth\celeba_subset\img_align_celeba\014680.jpg,5246,False,glasses,False,0.06876134872436523,288.41470000043046
D:\Bartek\coding\biometria\facial_auth\celeba_subset\img_align_celeba\014680.jpg,5246,False,glasses,True,0.06876134872436523,295.4204999987269
D:\Bartek\coding\biometria\facial_auth\celeba_subset\img_align_celeba\117212.jpg,5922,False,mask,False,0.09466251730918884,300.7410999998683
D:\Bartek\coding\biometria\facial_auth\celeba_subset\img_align_celeba\117212.jpg,5922,False,mask,True,0.10524924844503403,11354.113499997766
D:\Bartek\coding\biometria\facial_auth\celeba_subset\img_align_celeba\004411.jpg,5437,False,glasses,False,0.27578428387641907,291.6862999991281
D:\Bartek\coding\biometria\facial_auth\celeba_subset\img_align_celeba\004411.jpg,5437,False,glasses,True,0.27578428387641907,286.6701000020839
D:\Bartek\coding\biometria\facial_auth\celeba_subset\img_align_celeba\097910.jpg,4659,False,mask,False,0.09149739891290665,288.2051999986288
D:\Bartek\coding\biometria\facial_auth\celeba_subset\img_align_celeba\097910.jpg,4659,False,mask,True,0.0907362774014473,289.70249999838416
D:\Bartek\coding\biometria\facial_auth\celeba_subset\img_align_celeba\081855.jpg,5591,False,glasses,False,0.22728629410266876,301.80409999593394
D:\Bartek\coding\biometria\facial_auth\celeba_subset\img_align_celeba\081855.jpg,5591,False,glasses,True,0.22728629410266876,299.4734999956563
D:\Bartek\coding\biometria\facial_auth\celeba_subset\img_align_celeba\130240.jpg,4069,False,mask,False,0.09544940292835236,301.4078000051086
D:\Bartek\coding\biometria\facial_auth\celeba_subset\img_align_celeba\130240.jpg,4069,False,mask,True,0.09985069930553436,11579.025400002138
D:\Bartek\coding\biometria\facial_auth\celeba_subset\img_align_celeba\150189.jpg,6806,False,glasses,False,0.06101732328534126,300.44359999737935
D:\Bartek\coding\biometria\facial_auth\celeba_subset\img_align_celeba\150189.jpg,6806,False,glasses,True,0.06101732328534126,286.04400000040187
D:\Bartek\coding\biometria\facial_auth\celeba_subset\img_align_celeba\125128.jpg,9489,False,mask,False,0.11199502646923065,296.6682000042056
D:\Bartek\coding\biometria\facial_auth\celeba_subset\img_align_celeba\125128.jpg,9489,False,mask,True,0.11077496409416199,283.68739999859827
D:\Bartek\coding\biometria\facial_auth\celeba_subset\img_align_celeba\033445.jpg,7103,False,glasses,False,0.1473633199930191,292.2838000013144
D:\Bartek\coding\biometria\facial_auth\celeba_subset\img_align_celeba\033445.jpg,7103,False,glasses,True,0.1473633199930191,300.35149999457644
D:\Bartek\coding\biometria\facial_auth\celeba_subset\img_align_celeba\130436.jpg,4936,False,mask,False,0.05772828310728073,282.5754000004963
D:\Bartek\coding\biometria\facial_auth\celeba_subset\img_align_celeba\130436.jpg,4936,False,mask,True,0.07002150267362595,11362.148400003207
D:\Bartek\coding\biometria\facial_auth\celeba_subset\img_align_celeba\189663.jpg,1120,False,glasses,False,-0.01100697461515665,295.76079999969807
D:\Bartek\coding\biometria\facial_auth\celeba_subset\img_align_celeba\189663.jpg,1120,False,glasses,True,-0.01100697461515665,291.06259999389295
D:\Bartek\coding\biometria\facial_auth\celeba_subset\img_align_celeba\200257.jpg,9000,False,mask,False,0.048479244112968445,297.343300000648
D:\Bartek\coding\biometria\facial_auth\celeba_subset\img_align_celeba\200257.jpg,9000,False,mask,True,0.04915335029363632,11525.227999998606
D:\Bartek\coding\biometria\facial_auth\celeba_subset\img_align_celeba\162676.jpg,5238,False,glasses,False,-0.0005821063532494009,305.53940000390867
D:\Bartek\coding\biometria\facial_auth\celeba_subset\img_align_celeba\162676.jpg,5238,False,glasses,True,-0.0005821063532494009,302.43789999803994
D:\Bartek\coding\biometria\facial_auth\celeba_subset\img_align_celeba\158327.jpg,5780,False,mask,False,0.22350484132766724,336.2280000001192
D:\Bartek\coding\biometria\facial_auth\celeba_subset\img_align_celeba\158327.jpg,5780,False,mask,True,0.2235008329153061,11433.927899997798
D:\Bartek\coding\biometria\facial_auth\celeba_subset\img_align_celeba\041628.jpg,9939,False,glasses,False,0.01863405853509903,293.15719999431167
D:\Bartek\coding\biometria\facial_auth\celeba_subset\img_align_celeba\041628.jpg,9939,False,glasses,True,0.01863405853509903,294.7178999966127
D:\Bartek\coding\biometria\facial_auth\celeba_subset\img_align_celeba\064123.jpg,5238,False,mask,False,0.01762409694492817,297.19119999936083
D:\Bartek\coding\biometria\facial_auth\celeba_subset\img_align_celeba\064123.jpg,5238,False,mask,True,0.01115302462130785,11565.965699999651
D:\Bartek\coding\biometria\facial_auth\celeba_subset\img_align_celeba\092339.jpg,503,False,glasses,False,0.12588997185230255,288.16469999583205
D:\Bartek\coding\biometria\facial_auth\celeba_subset\img_align_celeba\092339.jpg,503,False,glasses,True,0.12588997185230255,287.5997000010102
D:\Bartek\coding\biometria\facial_auth\celeba_subset\img_align_celeba\154078.jpg,5648,False,mask,False,0.08458317071199417,285.6813999969745
D:\Bartek\coding\biometria\facial_auth\celeba_subset\img_align_celeba\154078.jpg,5648,False,mask,True,0.09269929677248001,11574.566199997207
D:\Bartek\coding\biometria\facial_auth\celeba_subset\img_align_celeba\055409.jpg,4968,False,glasses,False,0.09001021087169647,294.5869999966817
D:\Bartek\coding\biometria\facial_auth\celeba_subset\img_align_celeba\055409.jpg,4968,False,glasses,True,0.09001021087169647,324.6992999993381
D:\Bartek\coding\biometria\facial_auth\celeba_subset\img_align_celeba\199806.jpg,4196,False,mask,False,0.38548654317855835,301.17479999898933
D:\Bartek\coding\biometria\facial_auth\celeba_subset\img_align_celeba\199806.jpg,4196,False,mask,True,0.2036910057067871,11372.443799999019
D:\Bartek\coding\biometria\facial_auth\celeba_subset\img_align_celeba\022303.jpg,5656,False,glasses,False,0.11027579009532928,292.7672000005259
D:\Bartek\coding\biometria\facial_auth\celeba_subset\img_align_celeba\022303.jpg,5656,False,glasses,True,0.11027579009532928,297.6035999963642
D:\Bartek\coding\biometria\facial_auth\celeba_subset\img_align_celeba\144524.jpg,6983,False,mask,False,0.12866656482219696,289.38709999783896
D:\Bartek\coding\biometria\facial_auth\celeba_subset\img_align_celeba\144524.jpg,6983,False,mask,True,0.12750650942325592,11388.192499995057
D:\Bartek\coding\biometria\facial_auth\celeba_subset\img_align_celeba\065413.jpg,5246,False,glasses,False,0.09231752157211304,300.74320000130683
D:\Bartek\coding\biometria\facial_auth\celeba_subset\img_align_celeba\065413.jpg,5246,False,glasses,True,0.09231752157211304,287.4807999978657
D:\Bartek\coding\biometria\facial_auth\celeba_subset\img_align_celeba\120366.jpg,6972,False,mask,False,0.04977056011557579,290.3991000057431
D:\Bartek\coding\biometria\facial_auth\celeba_subset\img_align_celeba\120366.jpg,6972,False,mask,True,0.06874655187129974,11365.95660000603
D:\Bartek\coding\biometria\facial_auth\celeba_subset\img_align_celeba\055794.jpg,1128,False,glasses,False,0.17272454500198364,290.3437000059057
D:\Bartek\coding\biometria\facial_auth\celeba_subset\img_align_celeba\055794.jpg,1128,False,glasses,True,0.17272454500198364,291.75750000285916
D:\Bartek\coding\biometria\facial_auth\celeba_subset\img_align_celeba\146295.jpg,3877,False,mask,False,0.036129213869571686,289.49410000495845
D:\Bartek\coding\biometria\facial_auth\celeba_subset\img_align_celeba\146295.jpg,3877,False,mask,True,0.015317756682634354,11800.286400000914
D:\Bartek\coding\biometria\facial_auth\celeba_subset\img_align_celeba\128999.jpg,4870,False,glasses,False,0.10708986222743988,291.2233000024571
D:\Bartek\coding\biometria\facial_auth\celeba_subset\img_align_celeba\128999.jpg,4870,False,glasses,True,0.10708986222743988,291.94449999340577
D:\Bartek\coding\biometria\facial_auth\celeba_subset\img_align_celeba\188521.jpg,6368,False,mask,False,0.057489100843667984,294.8173000040697
D:\Bartek\coding\biometria\facial_auth\celeba_subset\img_align_celeba\188521.jpg,6368,False,mask,True,0.06695982813835144,285.4312000054051
D:\Bartek\coding\biometria\facial_auth\celeba_subset\img_align_celeba\106201.jpg,8834,False,glasses,False,0.08727826923131943,292.1868000048562
D:\Bartek\coding\biometria\facial_auth\celeba_subset\img_align_celeba\106201.jpg,8834,False,glasses,True,0.08727826923131943,298.27340000338154
D:\Bartek\coding\biometria\facial_auth\celeba_subset\img_align_celeba\137544.jpg,205,False,mask,False,0.030701912939548492,297.7279999977327
D:\Bartek\coding\biometria\facial_auth\celeba_subset\img_align_celeba\137544.jpg,205,False,mask,True,0.05813336372375488,11338.052400002198
D:\Bartek\coding\biometria\facial_auth\celeba_subset\img_align_celeba\173989.jpg,9144,False,glasses,False,0.0862201452255249,292.6011000017752
D:\Bartek\coding\biometria\facial_auth\celeba_subset\img_align_celeba\173989.jpg,9144,False,glasses,True,0.0862201452255249,291.6200000036042
D:\Bartek\coding\biometria\facial_auth\celeba_subset\img_align_celeba\193194.jpg,9632,False,mask,False,0.07660438865423203,286.8125999957556
D:\Bartek\coding\biometria\facial_auth\celeba_subset\img_align_celeba\193194.jpg,9632,False,mask,True,0.06585683673620224,11372.01990000176
D:\Bartek\coding\biometria\facial_auth\celeba_subset\img_align_celeba\076388.jpg,1104,False,glasses,False,-0.08432956784963608,286.72600000572857
D:\Bartek\coding\biometria\facial_auth\celeba_subset\img_align_celeba\076388.jpg,1104,False,glasses,True,-0.08432956784963608,295.9891999998945
D:\Bartek\coding\biometria\facial_auth\celeba_subset\img_align_celeba\161733.jpg,6277,False,mask,False,0.03788366541266441,291.43179999664426
D:\Bartek\coding\biometria\facial_auth\celeba_subset\img_align_celeba\161733.jpg,6277,False,mask,True,0.08940622955560684,11367.984199998318
D:\Bartek\coding\biometria\facial_auth\celeba_subset\img_align_celeba\123267.jpg,5534,False,glasses,False,0.05904553085565567,284.537099993031
D:\Bartek\coding\biometria\facial_auth\celeba_subset\img_align_celeba\123267.jpg,5534,False,glasses,True,0.05904553085565567,287.7262999973027
D:\Bartek\coding\biometria\facial_auth\celeba_subset\img_align_celeba\162676.jpg,4150,False,mask,False,0.1383735090494156,287.3459000038565
D:\Bartek\coding\biometria\facial_auth\celeba_subset\img_align_celeba\162676.jpg,4150,False,mask,True,0.14829720556735992,294.2295000029844
D:\Bartek\coding\biometria\facial_auth\celeba_subset\img_align_celeba\099640.jpg,2835,False,glasses,False,0.015285229310393333,500.49079999735113
D:\Bartek\coding\biometria\facial_auth\celeba_subset\img_align_celeba\099640.jpg,2835,False,glasses,True,0.015285229310393333,289.31509999529226
D:\Bartek\coding\biometria\facial_auth\celeba_subset\img_align_celeba\181539.jpg,5437,False,mask,False,0.14055632054805756,298.28160000033677
D:\Bartek\coding\biometria\facial_auth\celeba_subset\img_align_celeba\181539.jpg,5437,False,mask,True,0.12164906412363052,11344.346400001086
D:\Bartek\coding\biometria\facial_auth\celeba_subset\img_align_celeba\138018.jpg,9478,False,glasses,False,0.17996367812156677,300.5639999973937
D:\Bartek\coding\biometria\facial_auth\celeba_subset\img_align_celeba\138018.jpg,9478,False,glasses,True,0.17996367812156677,295.44929999974556
D:\Bartek\coding\biometria\facial_auth\celeba_subset\img_align_celeba\010744.jpg,3236,False,mask,False,0.04663483053445816,302.22959999809973
D:\Bartek\coding\biometria\facial_auth\celeba_subset\img_align_celeba\010744.jpg,3236,False,mask,True,0.0536215603351593,300.99549999431474
D:\Bartek\coding\biometria\facial_auth\celeba_subset\img_align_celeba\064387.jpg,6368,False,glasses,False,0.051730237901210785,299.24729999765987
D:\Bartek\coding\biometria\facial_auth\celeba_subset\img_align_celeba\064387.jpg,6368,False,glasses,True,0.051730237901210785,304.0761999945971
D:\Bartek\coding\biometria\facial_auth\celeba_subset\img_align_celeba\163527.jpg,5591,False,mask,False,0.16609546542167664,296.4049000001978
D:\Bartek\coding\biometria\facial_auth\celeba_subset\img_align_celeba\163527.jpg,5591,False,mask,True,0.16582347452640533,11559.39240000589
D:\Bartek\coding\biometria\facial_auth\celeba_subset\img_align_celeba\007756.jpg,6170,False,glasses,False,0.0963093563914299,286.59650000190595
D:\Bartek\coding\biometria\facial_auth\celeba_subset\img_align_celeba\007756.jpg,6170,False,glasses,True,0.0963093563914299,292.73359999933746
D:\Bartek\coding\biometria\facial_auth\celeba_subset\img_align_celeba\113515.jpg,5246,False,mask,False,0.10257723927497864,290.7312999959686
D:\Bartek\coding\biometria\facial_auth\celeba_subset\img_align_celeba\113515.jpg,5246,False,mask,True,0.08387792855501175,303.05000000225846
D:\Bartek\coding\biometria\facial_auth\celeba_subset\img_align_celeba\065413.jpg,8091,False,glasses,False,0.11545081436634064,296.4187999968999
D:\Bartek\coding\biometria\facial_auth\celeba_subset\img_align_celeba\065413.jpg,8091,False,glasses,True,0.11545081436634064,298.6386000047787
D:\Bartek\coding\biometria\facial_auth\celeba_subset\img_align_celeba\179771.jpg,6233,False,mask,False,0.22529850900173187,303.75849999836646
D:\Bartek\coding\biometria\facial_auth\celeba_subset\img_align_celeba\179771.jpg,6233,False,mask,True,0.2615920305252075,11523.64210000087
D:\Bartek\coding\biometria\facial_auth\celeba_subset\img_align_celeba\072904.jpg,6195,False,glasses,False,0.213288351893425,296.0453999985475
D:\Bartek\coding\biometria\facial_auth\celeba_subset\img_align_celeba\072904.jpg,6195,False,glasses,True,0.213288351893425,311.4558000015677
D:\Bartek\coding\biometria\facial_auth\celeba_subset\img_align_celeba\089054.jpg,6368,False,mask,False,0.08558230102062225,292.21749999851454
D:\Bartek\coding\biometria\facial_auth\celeba_subset\img_align_celeba\089054.jpg,6368,False,mask,True,0.04935425892472267,11430.676000003587
D:\Bartek\coding\biometria\facial_auth\celeba_subset\img_align_celeba\055782.jpg,6456,False,glasses,False,0.18910947442054749,297.3853000003146
D:\Bartek\coding\biometria\facial_auth\celeba_subset\img_align_celeba\055782.jpg,6456,False,glasses,True,0.18910947442054749,288.35930000059307
D:\Bartek\coding\biometria\facial_auth\celeba_subset\img_align_celeba\099087.jpg,5780,False,mask,False,0.2229803055524826,281.46270000434015
D:\Bartek\coding\biometria\facial_auth\celeba_subset\img_align_celeba\099087.jpg,5780,False,mask,True,0.23895148932933807,11335.056700001587
D:\Bartek\coding\biometria\facial_auth\celeba_subset\img_align_celeba\010123.jpg,7338,False,glasses,False,0.20439618825912476,298.0295999950613
D:\Bartek\coding\biometria\facial_auth\celeba_subset\img_align_celeba\010123.jpg,7338,False,glasses,True,0.20439618825912476,309.0697000006912
D:\Bartek\coding\biometria\facial_auth\celeba_subset\img_align_celeba\106996.jpg,190,False,mask,False,0.11169759929180145,284.4085999968229
D:\Bartek\coding\biometria\facial_auth\celeba_subset\img_align_celeba\106996.jpg,190,False,mask,True,0.1301817148923874,11324.074700001802
D:\Bartek\coding\biometria\facial_auth\celeba_subset\img_align_celeba\101059.jpg,5922,False,glasses,False,0.0205079335719347,298.5000000044238
D:\Bartek\coding\biometria\facial_auth\celeba_subset\img_align_celeba\101059.jpg,5922,False,glasses,True,0.0205079335719347,303.6613000003854
D:\Bartek\coding\biometria\facial_auth\celeba_subset\img_align_celeba\063877.jpg,2926,False,mask,False,0.005260169040411711,298.3639000012772
D:\Bartek\coding\biometria\facial_auth\celeba_subset\img_align_celeba\063877.jpg,2926,False,mask,True,0.03944816812872887,11868.77330000425
D:\Bartek\coding\biometria\facial_auth\celeba_subset\img_align_celeba\162843.jpg,655,False,glasses,False,0.08449091762304306,288.9162999999826
D:\Bartek\coding\biometria\facial_auth\celeba_subset\img_align_celeba\162843.jpg,655,False,glasses,True,0.08449091762304306,299.13849999866216
D:\Bartek\coding\biometria\facial_auth\celeba_subset\img_align_celeba\145712.jpg,9828,False,mask,False,0.022677388042211533,311.3556999960565
D:\Bartek\coding\biometria\facial_auth\celeba_subset\img_align_celeba\145712.jpg,9828,False,mask,True,0.021585727110505104,11353.408700000728
D:\Bartek\coding\biometria\facial_auth\celeba_subset\img_align_celeba\184888.jpg,913,False,glasses,False,-0.020778371021151543,291.6675000014948
D:\Bartek\coding\biometria\facial_auth\celeba_subset\img_align_celeba\184888.jpg,913,False,glasses,True,-0.020778371021151543,310.20149999676505
D:\Bartek\coding\biometria\facial_auth\celeba_subset\img_align_celeba\191153.jpg,6983,False,mask,False,0.11119617521762848,280.0868000049377
D:\Bartek\coding\biometria\facial_auth\celeba_subset\img_align_celeba\191153.jpg,6983,False,mask,True,0.15617960691452026,11390.754799998831
D:\Bartek\coding\biometria\facial_auth\celeba_subset\img_align_celeba\188529.jpg,7253,False,glasses,False,0.16623450815677643,290.89949999615783
D:\Bartek\coding\biometria\facial_auth\celeba_subset\img_align_celeba\188529.jpg,7253,False,glasses,True,0.16623450815677643,289.2151999985799
D:\Bartek\coding\biometria\facial_auth\celeba_subset\img_align_celeba\138209.jpg,9688,False,mask,False,0.035525571554899216,299.87969999638153
D:\Bartek\coding\biometria\facial_auth\celeba_subset\img_align_celeba\138209.jpg,9688,False,mask,True,0.0346624031662941,11361.930400002166
D:\Bartek\coding\biometria\facial_auth\celeba_subset\img_align_celeba\001276.jpg,4069,False,glasses,False,0.0623023584485054,294.6650000012596
D:\Bartek\coding\biometria\facial_auth\celeba_subset\img_align_celeba\001276.jpg,4069,False,glasses,True,0.0623023584485054,292.6911000031396
D:\Bartek\coding\biometria\facial_auth\celeba_subset\img_align_celeba\135492.jpg,5648,False,mask,False,0.04772467538714409,304.6475000010105
D:\Bartek\coding\biometria\facial_auth\celeba_subset\img_align_celeba\135492.jpg,5648,False,mask,True,0.11010896414518356,11384.77349999448
D:\Bartek\coding\biometria\facial_auth\celeba_subset\img_align_celeba\178457.jpg,8415,False,glasses,False,0.21375060081481934,311.5053000001353
D:\Bartek\coding\biometria\facial_auth\celeba_subset\img_align_celeba\178457.jpg,8415,False,glasses,True,0.21375060081481934,289.82859999814536
D:\Bartek\coding\biometria\facial_auth\celeba_subset\img_align_celeba\163441.jpg,5872,False,mask,False,0.14163273572921753,291.2205000029644
D:\Bartek\coding\biometria\facial_auth\celeba_subset\img_align_celeba\163441.jpg,5872,False,mask,True,0.13895748555660248,11474.982899999304
D:\Bartek\coding\biometria\facial_auth\celeba_subset\img_align_celeba\057479.jpg,6972,False,glasses,False,0.08068012446165085,289.33089999918593
D:\Bartek\coding\biometria\facial_auth\celeba_subset\img_align_celeba\057479.jpg,6972,False,glasses,True,0.08068012446165085,296.0802000015974
D:\Bartek\coding\biometria\facial_auth\celeba_subset\img_align_celeba\066888.jpg,7222,False,mask,False,0.19719065725803375,289.4300999978441
D:\Bartek\coding\biometria\facial_auth\celeba_subset\img_align_celeba\066888.jpg,7222,False,mask,True,0.20142929255962372,296.7272999958368
D:\Bartek\coding\biometria\facial_auth\celeba_subset\img_align_celeba\164441.jpg,1435,False,glasses,False,0.12281409651041031,302.4793000004138
D:\Bartek\coding\biometria\facial_auth\celeba_subset\img_align_celeba\164441.jpg,1435,False,glasses,True,0.12281409651041031,308.0139999947278
D:\Bartek\coding\biometria\facial_auth\celeba_subset\img_align_celeba\045573.jpg,9489,False,mask,False,0.10952074080705643,308.4840000010445
D:\Bartek\coding\biometria\facial_auth\celeba_subset\img_align_celeba\045573.jpg,9489,False,mask,True,0.1186181902885437,11470.511999999871
D:\Bartek\coding\biometria\facial_auth\celeba_subset\img_align_celeba\101275.jpg,1154,False,glasses,False,0.12544097006320953,287.5708999999915
D:\Bartek\coding\biometria\facial_auth\celeba_subset\img_align_celeba\101275.jpg,1154,False,glasses,True,0.12544097006320953,295.1918000035221
D:\Bartek\coding\biometria\facial_auth\celeba_subset\img_align_celeba\092195.jpg,3200,False,mask,False,0.5509058833122253,298.24640000151703
D:\Bartek\coding\biometria\facial_auth\celeba_subset\img_align_celeba\092195.jpg,3200,False,mask,True,0.5545374155044556,299.2641000018921
D:\Bartek\coding\biometria\facial_auth\celeba_subset\img_align_celeba\150171.jpg,4150,False,glasses,False,0.22425933182239532,298.13519999879645
D:\Bartek\coding\biometria\facial_auth\celeba_subset\img_align_celeba\150171.jpg,4150,False,glasses,True,0.22425933182239532,299.9180000042543
D:\Bartek\coding\biometria\facial_auth\celeba_subset\img_align_celeba\008512.jpg,9478,False,mask,False,0.04555990546941757,307.28609999641776
D:\Bartek\coding\biometria\facial_auth\celeba_subset\img_align_celeba\008512.jpg,9478,False,mask,True,0.05348212644457817,11414.84070000297
D:\Bartek\coding\biometria\facial_auth\celeba_subset\img_align_celeba\122999.jpg,4196,False,glasses,False,0.13113325834274292,289.841300000262
D:\Bartek\coding\biometria\facial_auth\celeba_subset\img_align_celeba\122999.jpg,4196,False,glasses,True,0.13113325834274292,295.0750000018161
D:\Bartek\coding\biometria\facial_auth\celeba_subset\img_align_celeba\196919.jpg,7088,False,mask,False,0.05733267217874527,309.3335000012303
D:\Bartek\coding\biometria\facial_auth\celeba_subset\img_align_celeba\196919.jpg,7088,False,mask,True,0.06574855744838715,294.23400000086986
D:\Bartek\coding\biometria\facial_auth\celeba_subset\img_align_celeba\125657.jpg,7253,False,glasses,False,-0.05276444926857948,301.41440000443254
D:\Bartek\coding\biometria\facial_auth\celeba_subset\img_align_celeba\125657.jpg,7253,False,glasses,True,-0.05276444926857948,301.64700000023004
