image_path,claimed_identity,is_genuine,factor,enhance,score,latency_ms
D:\Bartek\coding\biometria\facial_auth\celeba_subset\img_align_celeba\182552.jpg,1154,True,2,False,0.5088565945625305,2398.6555999945267
D:\Bartek\coding\biometria\facial_auth\celeba_subset\img_align_celeba\182552.jpg,1154,True,2,True,0.47686833143234253,428.55170000257203
D:\Bartek\coding\biometria\facial_auth\celeba_subset\img_align_celeba\029838.jpg,6233,True,4,False,0.24688290059566498,285.7841000004555
D:\Bartek\coding\biometria\facial_auth\celeba_subset\img_align_celeba\029838.jpg,6233,True,4,True,0.26551148295402527,289.5656999971834
D:\Bartek\coding\biometria\facial_auth\celeba_subset\img_align_celeba\114844.jpg,1128,True,8,False,0.049539241939783096,282.81690000585513
D:\Bartek\coding\biometria\facial_auth\celeba_subset\img_align_celeba\114844.jpg,1128,True,8,True,0.04580642282962799,284.6962000039639
D:\Bartek\coding\biometria\facial_auth\celeba_subset\img_align_celeba\126462.jpg,7253,True,2,False,0.30334314703941345,285.24340000149095
D:\Bartek\coding\biometria\facial_auth\celeba_subset\img_align_celeba\126462.jpg,7253,True,2,True,0.2708450257778168,900.8438000018941
D:\Bartek\coding\biometria\facial_auth\celeba_subset\img_align_celeba\035821.jpg,4968,True,4,False,0.25853249430656433,282.8670000017155
D:\Bartek\coding\biometria\facial_auth\celeba_subset\img_align_celeba\035821.jpg,4968,True,4,True,0.3266901671886444,279.01260000362527
D:\Bartek\coding\biometria\facial_auth\celeba_subset\img_align_celeba\117103.jpg,975,True,8,False,0.04783681035041809,273.94810000259895
D:\Bartek\coding\biometria\facial_auth\celeba_subset\img_align_celeba\117103.jpg,975,True,8,True,0.055252738296985626,286.9596999953501
D:\Bartek\coding\biometria\facial_auth\celeba_subset\img_align_celeba\017442.jpg,7338,True,2,False,0.4322994351387024,318.3887000050163
D:\Bartek\coding\biometria\facial_auth\celeba_subset\img_align_celeba\017442.jpg,7338,True,2,True,0.47525113821029663,299.8070000030566
D:\Bartek\coding\biometria\facial_auth\celeba_subset\img_align_celeba\031248.jpg,5648,True,4,False,0.14316560328006744,297.0690000001923
D:\Bartek\coding\biometria\facial_auth\celeba_subset\img_align_celeba\031248.jpg,5648,True,4,True,0.1928296685218811,297.99780000030296
D:\Bartek\coding\biometria\facial_auth\celeba_subset\img_align_celeba\023315.jpg,9688,True,8,False,0.02963990718126297,273.97259999997914
D:\Bartek\coding\biometria\facial_auth\celeba_subset\img_align_celeba\023315.jpg,9688,True,8,True,0.031436383724212646,430.40080000355374
D:\Bartek\coding\biometria\facial_auth\celeba_subset\img_align_celeba\187727.jpg,6195,True,2,False,0.37006476521492004,285.58499999780906
D:\Bartek\coding\biometria\facial_auth\celeba_subset\img_align_celeba\187727.jpg,6195,True,2,True,0.34934231638908386,303.3119999963674
D:\Bartek\coding\biometria\facial_auth\celeba_subset\img_align_celeba\154541.jpg,494,True,4,False,0.40481385588645935,281.4243000029819
D:\Bartek\coding\biometria\facial_auth\celeba_subset\img_align_celeba\154541.jpg,494,True,4,True,0.46965184807777405,291.5543000053731
D:\Bartek\coding\biometria\facial_auth\celeba_subset\img_align_celeba\131165.jpg,1147,True,8,False,0.06616011261940002,291.00159999507014
D:\Bartek\coding\biometria\facial_auth\celeba_subset\img_align_celeba\131165.jpg,1147,True,8,True,0.05878414958715439,290.67079999367706
D:\Bartek\coding\biometria\facial_auth\celeba_subset\img_align_celeba\104914.jpg,7222,True,2,False,0.41253724694252014,290.86349999852246
D:\Bartek\coding\biometria\facial_auth\celeba_subset\img_align_celeba\104914.jpg,7222,True,2,True,0.45243552327156067,292.93499999766937
D:\Bartek\coding\biometria\facial_auth\celeba_subset\img_align_celeba\021154.jpg,898,True,4,False,0.42945706844329834,289.9401999966358
D:\Bartek\coding\biometria\facial_auth\celeba_subset\img_align_celeba\021154.jpg,898,True,4,True,0.2876548171043396,296.7062999960035
D:\Bartek\coding\biometria\facial_auth\celeba_subset\img_align_celeba\029772.jpg,7222,True,8,False,0.12851625680923462,296.638100000564
D:\Bartek\coding\biometria\facial_auth\celeba_subset\img_align_celeba\029772.jpg,7222,True,8,True,0.11438190191984177,292.65660000237403
D:\Bartek\coding\biometria\facial_auth\celeba_subset\img_align_celeba\005710.jpg,7422,True,2,False,0.41688424348831177,290.9312999981921
D:\Bartek\coding\biometria\facial_auth\celeba_subset\img_align_celeba\005710.jpg,7422,True,2,True,0.3314754366874695,225.2312000055099
D:\Bartek\coding\biometria\facial_auth\celeba_subset\img_align_celeba\006012.jpg,5672,True,4,False,0.25551095604896545,278.0803999994532
D:\Bartek\coding\biometria\facial_auth\celeba_subset\img_align_celeba\006012.jpg,5672,True,4,True,0.38084858655929565,300.10520000359975
D:\Bartek\coding\biometria\facial_auth\celeba_subset\img_align_celeba\017190.jpg,6368,True,8,False,0.07637124508619308,287.572099994577
D:\Bartek\coding\biometria\facial_auth\celeba_subset\img_align_celeba\017190.jpg,6368,True,8,True,0.07381164282560349,286.08369999710703
D:\Bartek\coding\biometria\facial_auth\celeba_subset\img_align_celeba\001045.jpg,4150,True,2,False,0.5180079936981201,282.22619999723975
D:\Bartek\coding\biometria\facial_auth\celeba_subset\img_align_celeba\001045.jpg,4150,True,2,True,0.48418644070625305,290.96410000056494
D:\Bartek\coding\biometria\facial_auth\celeba_subset\img_align_celeba\046765.jpg,6806,True,4,False,0.5217039585113525,284.1905000022962
D:\Bartek\coding\biometria\facial_auth\celeba_subset\img_align_celeba\046765.jpg,6806,True,4,True,0.4824322462081909,284.06680000625784
D:\Bartek\coding\biometria\facial_auth\celeba_subset\img_align_celeba\123880.jpg,5099,True,8,False,0.02749558910727501,296.99320000509033
D:\Bartek\coding\biometria\facial_auth\celeba_subset\img_align_celeba\123880.jpg,5099,True,8,True,0.009862853214144707,287.4539000040386
D:\Bartek\coding\biometria\facial_auth\celeba_subset\img_align_celeba\157894.jpg,8,True,2,False,0.6650941967964172,281.1145999949076
D:\Bartek\coding\biometria\facial_auth\celeba_subset\img_align_celeba\157894.jpg,8,True,2,True,0.6937543749809265,283.089899996412
D:\Bartek\coding\biometria\facial_auth\celeba_subset\img_align_celeba\014739.jpg,6136,True,4,False,0.3209093511104584,284.9884000024758
D:\Bartek\coding\biometria\facial_auth\celeba_subset\img_align_celeba\014739.jpg,6136,True,4,True,0.2808230221271515,290.05030000553234
D:\Bartek\coding\biometria\facial_auth\celeba_subset\img_align_celeba\057479.jpg,5238,True,8,False,0.023406611755490303,294.63050000049407
D:\Bartek\coding\biometria\facial_auth\celeba_subset\img_align_celeba\057479.jpg,5238,True,8,True,0.024750612676143646,305.14750000293134
D:\Bartek\coding\biometria\facial_auth\celeba_subset\img_align_celeba\029464.jpg,6170,True,2,False,0.8235282897949219,284.32579999935115
D:\Bartek\coding\biometria\facial_auth\celeba_subset\img_align_celeba\029464.jpg,6170,True,2,True,0.7202574014663696,292.5410000025295
D:\Bartek\coding\biometria\facial_auth\celeba_subset\img_align_celeba\061852.jpg,8,True,4,False,0.2791845202445984,284.28929999790853
D:\Bartek\coding\biometria\facial_auth\celeba_subset\img_align_celeba\061852.jpg,8,True,4,True,0.3026583194732666,288.7661999993725
D:\Bartek\coding\biometria\facial_auth\celeba_subset\img_align_celeba\110424.jpg,2926,True,8,False,0.038907796144485474,290.94980000081705
D:\Bartek\coding\biometria\facial_auth\celeba_subset\img_align_celeba\110424.jpg,2926,True,8,True,0.055725716054439545,287.91549999732524
D:\Bartek\coding\biometria\facial_auth\celeba_subset\img_align_celeba\136949.jpg,9478,True,2,False,0.6420577764511108,287.92210000392515
D:\Bartek\coding\biometria\facial_auth\celeba_subset\img_align_celeba\136949.jpg,9478,True,2,True,0.6101513504981995,298.90270000032615
D:\Bartek\coding\biometria\facial_auth\celeba_subset\img_align_celeba\066888.jpg,5656,True,4,False,0.35982197523117065,276.51679999689804
D:\Bartek\coding\biometria\facial_auth\celeba_subset\img_align_celeba\066888.jpg,5656,True,4,True,0.3937253952026367,279.2141999962041
D:\Bartek\coding\biometria\facial_auth\celeba_subset\img_align_celeba\106981.jpg,644,True,8,False,0.04943300783634186,276.2970000039786
D:\Bartek\coding\biometria\facial_auth\celeba_subset\img_align_celeba\106981.jpg,644,True,8,True,0.04974563419818878,292.40890000073705
D:\Bartek\coding\biometria\facial_auth\celeba_subset\img_align_celeba\104393.jpg,9093,True,2,False,0.48948946595191956,287.78349999629427
D:\Bartek\coding\biometria\facial_auth\celeba_subset\img_align_celeba\104393.jpg,9093,True,2,True,0.4690224528312683,295.64229999959935
D:\Bartek\coding\biometria\facial_auth\celeba_subset\img_align_celeba\194610.jpg,6195,True,4,False,0.2781887352466583,293.59600000316277
D:\Bartek\coding\biometria\facial_auth\celeba_subset\img_align_celeba\194610.jpg,6195,True,4,True,0.1771014779806137,318.5432000027504
D:\Bartek\coding\biometria\facial_auth\celeba_subset\img_align_celeba\188971.jpg,9632,True,8,False,0.09124423563480377,272.99240000138525
D:\Bartek\coding\biometria\facial_auth\celeba_subset\img_align_celeba\188971.jpg,9632,True,8,True,0.054886654019355774,285.82879999885336
D:\Bartek\coding\biometria\facial_auth\celeba_subset\img_align_celeba\178308.jpg,3877,True,2,False,0.5767117738723755,296.28219999722205
D:\Bartek\coding\biometria\facial_auth\celeba_subset\img_align_celeba\178308.jpg,3877,True,2,True,0.5064305663108826,283.4817000039038
D:\Bartek\coding\biometria\facial_auth\celeba_subset\img_align_celeba\124309.jpg,8834,True,4,False,0.3751477897167206,293.3465999958571
D:\Bartek\coding\biometria\facial_auth\celeba_subset\img_align_celeba\124309.jpg,8834,True,4,True,0.3640673756599426,226.4876000044751
D:\Bartek\coding\biometria\facial_auth\celeba_subset\img_align_celeba\107478.jpg,8971,True,8,False,0.055643536150455475,283.67429999343585
D:\Bartek\coding\biometria\facial_auth\celeba_subset\img_align_celeba\107478.jpg,8971,True,8,True,0.044583141803741455,300.91430000175023
D:\Bartek\coding\biometria\facial_auth\celeba_subset\img_align_celeba\099000.jpg,8971,True,2,False,0.725529670715332,289.28499999892665
D:\Bartek\coding\biometria\facial_auth\celeba_subset\img_align_celeba\099000.jpg,8971,True,2,True,0.6636106967926025,295.79000000376254
D:\Bartek\coding\biometria\facial_auth\celeba_subset\img_align_celeba\015772.jpg,6086,True,4,False,0.26128271222114563,288.62130000197794
D:\Bartek\coding\biometria\facial_auth\celeba_subset\img_align_celeba\015772.jpg,6086,True,4,True,0.5001909136772156,287.15859999647364
D:\Bartek\coding\biometria\facial_auth\celeba_subset\img_align_celeba\100818.jpg,7253,True,8,False,0.1353294998407364,291.9785999984015
D:\Bartek\coding\biometria\facial_auth\celeba_subset\img_align_celeba\100818.jpg,7253,True,8,True,0.13192667067050934,289.8622000066098
D:\Bartek\coding\biometria\facial_auth\celeba_subset\img_align_celeba\172109.jpg,205,True,2,False,0.07901499420404434,292.5060999987181
D:\Bartek\coding\biometria\facial_auth\celeba_subset\img_align_celeba\172109.jpg,205,True,2,True,0.07445995509624481,297.3664000019198
D:\Bartek\coding\biometria\facial_auth\celeba_subset\img_align_celeba\095572.jpg,5099,True,4,False,0.7086884379386902,286.39860000112094
D:\Bartek\coding\biometria\facial_auth\celeba_subset\img_align_celeba\095572.jpg,5099,True,4,True,0.5408129096031189,288.36320000118576
D:\Bartek\coding\biometria\facial_auth\celeba_subset\img_align_celeba\145567.jpg,3655,True,8,False,0.4781583845615387,288.8734000007389
D:\Bartek\coding\biometria\facial_auth\celeba_subset\img_align_celeba\145567.jpg,3655,True,8,True,0.4635705351829529,285.4167999976198
D:\Bartek\coding\biometria\facial_auth\celeba_subset\img_align_celeba\112183.jpg,9144,True,2,False,0.7524563670158386,290.55760000483133
D:\Bartek\coding\biometria\facial_auth\celeba_subset\img_align_celeba\112183.jpg,9144,True,2,True,0.6644001603126526,288.69330000452464
D:\Bartek\coding\biometria\facial_auth\celeba_subset\img_align_celeba\025110.jpg,5747,True,4,False,0.3590213656425476,284.87329999916255
D:\Bartek\coding\biometria\facial_auth\celeba_subset\img_align_celeba\025110.jpg,5747,True,4,True,0.3742477595806122,286.78470000158995
D:\Bartek\coding\biometria\facial_auth\celeba_subset\img_align_celeba\128215.jpg,4150,True,8,False,-0.002823958406224847,278.9437000028556
D:\Bartek\coding\biometria\facial_auth\celeba_subset\img_align_celeba\128215.jpg,4150,True,8,True,0.006374719087034464,287.0500999997603
D:\Bartek\coding\biometria\facial_auth\celeba_subset\img_align_celeba\175087.jpg,190,True,2,False,0.5826392769813538,274.72259999922244
D:\Bartek\coding\biometria\facial_auth\celeba_subset\img_align_celeba\175087.jpg,190,True,2,True,0.5418009161949158,281.7319999958272
D:\Bartek\coding\biometria\facial_auth\celeba_subset\img_align_celeba\059246.jpg,310,True,4,False,0.3833310008049011,289.9507000038284
D:\Bartek\coding\biometria\facial_auth\celeba_subset\img_align_celeba\059246.jpg,310,True,4,True,0.20560279488563538,290.5419000016991
D:\Bartek\coding\biometria\facial_auth\celeba_subset\img_align_celeba\105348.jpg,4936,True,8,False,0.05873068794608116,277.6972000065143
D:\Bartek\coding\biometria\facial_auth\celeba_subset\img_align_celeba\105348.jpg,4936,True,8,True,0.09194821119308472,282.185699994443
D:\Bartek\coding\biometria\facial_auth\celeba_subset\img_align_celeba\009263.jpg,6719,True,2,False,0.2383308708667755,284.63519999786513
D:\Bartek\coding\biometria\facial_auth\celeba_subset\img_align_celeba\009263.jpg,6719,True,2,True,0.2482403665781021,298.00450000038836
D:\Bartek\coding\biometria\facial_auth\celeba_subset\img_align_celeba\033658.jpg,9828,True,4,False,0.33113569021224976,313.4567999950377
D:\Bartek\coding\biometria\facial_auth\celeba_subset\img_align_celeba\033658.jpg,9828,True,4,True,0.33442214131355286,278.61269999993965
D:\Bartek\coding\biometria\facial_auth\celeba_subset\img_align_celeba\169052.jpg,3877,True,8,False,0.03646732121706009,283.69260000181384
D:\Bartek\coding\biometria\facial_auth\celeba_subset\img_align_celeba\169052.jpg,3877,True,8,True,0.026251522824168205,284.8782000000938
D:\Bartek\coding\biometria\facial_auth\celeba_subset\img_align_celeba\172907.jpg,4069,True,2,False,0.5015842318534851,284.62329999456415
D:\Bartek\coding\biometria\facial_auth\celeba_subset\img_align_celeba\172907.jpg,4069,True,2,True,0.42398154735565186,297.013399998832
D:\Bartek\coding\biometria\facial_auth\celeba_subset\img_align_celeba\155073.jpg,7524,True,4,False,0.2946675419807434,284.84629999729805
D:\Bartek\coding\biometria\facial_auth\celeba_subset\img_align_celeba\155073.jpg,7524,True,4,True,0.17703576385974884,290.47170000558253
D:\Bartek\coding\biometria\facial_auth\celeba_subset\img_align_celeba\114735.jpg,8971,True,8,False,0.07604173570871353,287.3548999996274
D:\Bartek\coding\biometria\facial_auth\celeba_subset\img_align_celeba\114735.jpg,8971,True,8,True,0.0807226300239563,276.92450000176905
D:\Bartek\coding\biometria\facial_auth\celeba_subset\img_align_celeba\065390.jpg,2926,True,2,False,0.37542614340782166,283.18940000463044
D:\Bartek\coding\biometria\facial_auth\celeba_subset\img_align_celeba\065390.jpg,2926,True,2,True,0.37664172053337097,281.9678000014392
D:\Bartek\coding\biometria\facial_auth\celeba_subset\img_align_celeba\059009.jpg,1167,True,4,False,0.3448944091796875,284.0429999996559
D:\Bartek\coding\biometria\facial_auth\celeba_subset\img_align_celeba\059009.jpg,1167,True,4,True,0.3575131595134735,282.5885999991442
D:\Bartek\coding\biometria\facial_auth\celeba_subset\img_align_celeba\187578.jpg,5033,True,8,False,0.06621727347373962,282.0495000050869
D:\Bartek\coding\biometria\facial_auth\celeba_subset\img_align_celeba\187578.jpg,5033,True,8,True,0.07488847523927689,284.84550000575837
D:\Bartek\coding\biometria\facial_auth\celeba_subset\img_align_celeba\129124.jpg,9688,True,2,False,0.6495599150657654,294.430599999032
D:\Bartek\coding\biometria\facial_auth\celeba_subset\img_align_celeba\129124.jpg,9688,True,2,True,0.6648557186126709,286.72999999980675
D:\Bartek\coding\biometria\facial_auth\celeba_subset\img_align_celeba\174168.jpg,1154,True,4,False,0.2622787356376648,285.47940000134986
D:\Bartek\coding\biometria\facial_auth\celeba_subset\img_align_celeba\174168.jpg,1154,True,4,True,0.3567631244659424,286.62079999776324
D:\Bartek\coding\biometria\facial_auth\celeba_subset\img_align_celeba\170149.jpg,205,True,8,False,0.049493808299303055,283.08149999793386
D:\Bartek\coding\biometria\facial_auth\celeba_subset\img_align_celeba\170149.jpg,205,True,8,True,0.05480356514453888,289.01200000109384
D:\Bartek\coding\biometria\facial_auth\celeba_subset\img_align_celeba\057419.jpg,1435,True,2,False,0.48585668206214905,286.2195999987307
D:\Bartek\coding\biometria\facial_auth\celeba_subset\img_align_celeba\057419.jpg,1435,True,2,True,0.43333056569099426,292.0684999990044
D:\Bartek\coding\biometria\facial_auth\celeba_subset\img_align_celeba\185034.jpg,9489,True,4,False,0.6080484986305237,289.12010000203736
D:\Bartek\coding\biometria\facial_auth\celeba_subset\img_align_celeba\185034.jpg,9489,True,4,True,0.5467068552970886,283.2838000031188
D:\Bartek\coding\biometria\facial_auth\celeba_subset\img_align_celeba\118467.jpg,5246,True,8,False,0.08644116669893265,283.1458000000566
D:\Bartek\coding\biometria\facial_auth\celeba_subset\img_align_celeba\118467.jpg,5246,True,8,True,0.10672955214977264,287.7936000004411
D:\Bartek\coding\biometria\facial_auth\celeba_subset\img_align_celeba\046864.jpg,1435,True,2,False,0.5789726376533508,284.5807000048808
D:\Bartek\coding\biometria\facial_auth\celeba_subset\img_align_celeba\046864.jpg,1435,True,2,True,0.5498608946800232,295.79410000587814
D:\Bartek\coding\biometria\facial_auth\celeba_subset\img_align_celeba\128293.jpg,5747,True,4,False,0.4606732726097107,284.2062999989139
D:\Bartek\coding\biometria\facial_auth\celeba_subset\img_align_celeba\128293.jpg,5747,True,4,True,0.42472535371780396,291.9368000002578
D:\Bartek\coding\biometria\facial_auth\celeba_subset\img_align_celeba\183306.jpg,6195,True,8,False,0.4371681809425354,285.7113999998546
D:\Bartek\coding\biometria\facial_auth\celeba_subset\img_align_celeba\183306.jpg,6195,True,8,True,0.4337450861930847,293.01410000334727
D:\Bartek\coding\biometria\facial_auth\celeba_subset\img_align_celeba\056843.jpg,6806,True,2,False,0.6891764402389526,289.56710000056773
D:\Bartek\coding\biometria\facial_auth\celeba_subset\img_align_celeba\056843.jpg,6806,True,2,True,0.6953372359275818,308.1549999988056
D:\Bartek\coding\biometria\facial_auth\celeba_subset\img_align_celeba\200757.jpg,5872,True,4,False,0.36447182297706604,284.41770000063116
D:\Bartek\coding\biometria\facial_auth\celeba_subset\img_align_celeba\200757.jpg,5872,True,4,True,0.31617164611816406,291.0520000004908
D:\Bartek\coding\biometria\facial_auth\celeba_subset\img_align_celeba\076427.jpg,655,True,8,False,0.0976286232471466,284.3499000009615
D:\Bartek\coding\biometria\facial_auth\celeba_subset\img_align_celeba\076427.jpg,655,True,8,True,0.09171569347381592,281.26740000152495
D:\Bartek\coding\biometria\facial_auth\celeba_subset\img_align_celeba\005657.jpg,1147,True,2,False,0.609584391117096,289.42479999386705
D:\Bartek\coding\biometria\facial_auth\celeba_subset\img_align_celeba\005657.jpg,1147,True,2,True,0.626291811466217,300.372999998217
D:\Bartek\coding\biometria\facial_auth\celeba_subset\img_align_celeba\035751.jpg,4929,True,4,False,0.5011031031608582,279.32410000357777
D:\Bartek\coding\biometria\facial_auth\celeba_subset\img_align_celeba\035751.jpg,4929,True,4,True,0.4900316298007965,292.71080000035
D:\Bartek\coding\biometria\facial_auth\celeba_subset\img_align_celeba\199824.jpg,7088,True,8,False,0.04775156080722809,286.1463000008371
D:\Bartek\coding\biometria\facial_auth\celeba_subset\img_align_celeba\199824.jpg,7088,True,8,True,0.05290023982524872,285.2115000059712
D:\Bartek\coding\biometria\facial_auth\celeba_subset\img_align_celeba\181250.jpg,913,True,2,False,0.7836035490036011,282.34710000106134
D:\Bartek\coding\biometria\facial_auth\celeba_subset\img_align_celeba\181250.jpg,913,True,2,True,0.7697188258171082,290.7933000024059
D:\Bartek\coding\biometria\facial_auth\celeba_subset\img_align_celeba\054840.jpg,7422,True,4,False,0.28122568130493164,284.5891000033589
D:\Bartek\coding\biometria\facial_auth\celeba_subset\img_align_celeba\054840.jpg,7422,True,4,True,0.2188476026058197,284.28250000433763
D:\Bartek\coding\biometria\facial_auth\celeba_subset\img_align_celeba\141742.jpg,5648,True,8,False,0.04486015811562538,279.27449999697274
D:\Bartek\coding\biometria\facial_auth\celeba_subset\img_align_celeba\141742.jpg,5648,True,8,True,0.01706664077937603,285.58580000390066
D:\Bartek\coding\biometria\facial_auth\celeba_subset\img_align_celeba\178458.jpg,1154,True,2,False,0.5697495937347412,284.2099999979837
D:\Bartek\coding\biometria\facial_auth\celeba_subset\img_align_celeba\178458.jpg,1154,True,2,True,0.5225640535354614,288.9525999999023
D:\Bartek\coding\biometria\facial_auth\celeba_subset\img_align_celeba\180819.jpg,190,True,4,False,0.4297250509262085,277.8831999967224
D:\Bartek\coding\biometria\facial_auth\celeba_subset\img_align_celeba\180819.jpg,190,True,4,True,0.2690916061401367,293.9459000044735
D:\Bartek\coding\biometria\facial_auth\celeba_subset\img_align_celeba\097124.jpg,1128,True,8,False,0.04619039595127106,281.42940000543604
D:\Bartek\coding\biometria\facial_auth\celeba_subset\img_align_celeba\097124.jpg,1128,True,8,True,0.04615261033177376,279.9068999956944
D:\Bartek\coding\biometria\facial_auth\celeba_subset\img_align_celeba\158681.jpg,6806,True,2,False,0.9244316816329956,274.9266000028001
D:\Bartek\coding\biometria\facial_auth\celeba_subset\img_align_celeba\158681.jpg,6806,True,2,True,0.8786948323249817,284.46809999877587
D:\Bartek\coding\biometria\facial_auth\celeba_subset\img_align_celeba\071290.jpg,9144,True,4,False,0.6870002746582031,291.2660000001779
D:\Bartek\coding\biometria\facial_auth\celeba_subset\img_align_celeba\071290.jpg,9144,True,4,True,0.6322430968284607,296.8916999961948
D:\Bartek\coding\biometria\facial_auth\celeba_subset\img_align_celeba\097453.jpg,4870,True,8,False,0.13726386427879333,285.5820000040694
D:\Bartek\coding\biometria\facial_auth\celeba_subset\img_align_celeba\097453.jpg,4870,True,8,True,0.13557372987270355,293.25779999635415
D:\Bartek\coding\biometria\facial_auth\celeba_subset\img_align_celeba\017606.jpg,9688,True,2,False,0.6087859272956848,284.96219999942696
D:\Bartek\coding\biometria\facial_auth\celeba_subset\img_align_celeba\017606.jpg,9688,True,2,True,0.6506621837615967,295.07749999902444
D:\Bartek\coding\biometria\facial_auth\celeba_subset\img_align_celeba\040925.jpg,4150,True,4,False,0.32244873046875,286.7407000012463
D:\Bartek\coding\biometria\facial_auth\celeba_subset\img_align_celeba\040925.jpg,4150,True,4,True,0.2855988144874573,297.1227999951225
D:\Bartek\coding\biometria\facial_auth\celeba_subset\img_align_celeba\103329.jpg,8091,True,8,False,0.07292180508375168,300.4046999994898
D:\Bartek\coding\biometria\facial_auth\celeba_subset\img_align_celeba\103329.jpg,8091,True,8,True,0.0736713781952858,297.0426000028965
D:\Bartek\coding\biometria\facial_auth\celeba_subset\img_align_celeba\089186.jpg,975,True,2,False,0.21238650381565094,304.65719999483554
D:\Bartek\coding\biometria\facial_auth\celeba_subset\img_align_celeba\089186.jpg,975,True,2,True,0.2851119339466095,289.40139999758685
D:\Bartek\coding\biometria\facial_auth\celeba_subset\img_align_celeba\113121.jpg,5648,True,4,False,0.12568272650241852,280.89840000029653
D:\Bartek\coding\biometria\facial_auth\celeba_subset\img_align_celeba\113121.jpg,5648,True,4,True,0.4191574156284332,292.81609999452485
D:\Bartek\coding\biometria\facial_auth\celeba_subset\img_align_celeba\182530.jpg,1350,True,8,False,0.03377046063542366,289.867299994512
D:\Bartek\coding\biometria\facial_auth\celeba_subset\img_align_celeba\182530.jpg,1350,True,8,True,0.03993162512779236,280.2899000016623
D:\Bartek\coding\biometria\facial_auth\celeba_subset\img_align_celeba\198974.jpg,5872,True,2,False,0.47488147020339966,294.5296999969287
D:\Bartek\coding\biometria\facial_auth\celeba_subset\img_align_celeba\198974.jpg,5872,True,2,True,0.42542585730552673,286.9991999978083
D:\Bartek\coding\biometria\facial_auth\celeba_subset\img_align_celeba\008925.jpg,6368,True,4,False,0.2804507315158844,280.90440000232775
D:\Bartek\coding\biometria\facial_auth\celeba_subset\img_align_celeba\008925.jpg,6368,True,4,True,0.2991850674152374,283.3422999974573
D:\Bartek\coding\biometria\facial_auth\celeba_subset\img_align_celeba\170013.jpg,1154,True,8,False,0.07600247114896774,274.0462000001571
D:\Bartek\coding\biometria\facial_auth\celeba_subset\img_align_celeba\170013.jpg,1154,True,8,True,0.07668808102607727,281.5517999988515
D:\Bartek\coding\biometria\facial_auth\celeba_subset\img_align_celeba\178265.jpg,3200,True,2,False,0.6068375110626221,287.20289999910165
D:\Bartek\coding\biometria\facial_auth\celeba_subset\img_align_celeba\178265.jpg,3200,True,2,True,0.5479354858398438,295.5805000019609
D:\Bartek\coding\biometria\facial_auth\celeba_subset\img_align_celeba\137740.jpg,8,True,4,False,0.42000630497932434,291.64899999886984
D:\Bartek\coding\biometria\facial_auth\celeba_subset\img_align_celeba\137740.jpg,8,True,4,True,0.3260820806026459,288.8457999943057
D:\Bartek\coding\biometria\facial_auth\celeba_subset\img_align_celeba\093844.jpg,6277,True,8,False,0.051157522946596146,292.14569999749074
D:\Bartek\coding\biometria\facial_auth\celeba_subset\img_align_celeba\093844.jpg,6277,True,8,True,0.05360409989953041,285.93199999886565
D:\Bartek\coding\biometria\facial_auth\celeba_subset\img_align_celeba\123400.jpg,2835,True,2,False,0.330990731716156,289.9342000018805
D:\Bartek\coding\biometria\facial_auth\celeba_subset\img_align_celeba\123400.jpg,2835,True,2,True,0.26586267352104187,299.79460000322433
D:\Bartek\coding\biometria\facial_auth\celeba_subset\img_align_celeba\116833.jpg,7524,True,4,False,0.39357584714889526,284.8156999971252
D:\Bartek\coding\biometria\facial_auth\celeba_subset\img_align_celeba\116833.jpg,7524,True,4,True,0.47096261382102966,285.3133999960846
D:\Bartek\coding\biometria\facial_auth\celeba_subset\img_align_celeba\161411.jpg,8834,True,8,False,0.023469913750886917,287.2830000051181
D:\Bartek\coding\biometria\facial_auth\celeba_subset\img_align_celeba\161411.jpg,8834,True,8,True,0.03162411227822304,286.1695999963558
D:\Bartek\coding\biometria\facial_auth\celeba_subset\img_align_celeba\038062.jpg,5780,True,2,False,0.555690348148346,288.6367999963113
D:\Bartek\coding\biometria\facial_auth\celeba_subset\img_align_celeba\038062.jpg,5780,True,2,True,0.5587903261184692,289.9952999941888
D:\Bartek\coding\biometria\facial_auth\celeba_subset\img_align_celeba\069344.jpg,5437,True,4,False,0.5005433559417725,284.26259999832837
D:\Bartek\coding\biometria\facial_auth\celeba_subset\img_align_celeba\069344.jpg,5437,True,4,True,0.43047475814819336,292.5909999976284
D:\Bartek\coding\biometria\facial_auth\celeba_subset\img_align_celeba\074119.jpg,6086,True,8,False,0.10128903388977051,284.6798000027775
D:\Bartek\coding\biometria\facial_auth\celeba_subset\img_align_celeba\074119.jpg,6086,True,8,True,0.10935451090335846,293.632399996568
D:\Bartek\coding\biometria\facial_auth\celeba_subset\img_align_celeba\049378.jpg,8908,True,2,False,0.4460810124874115,281.7748999950709
D:\Bartek\coding\biometria\facial_auth\celeba_subset\img_align_celeba\049378.jpg,8908,True,2,True,0.3840164840221405,283.0885000003036
D:\Bartek\coding\biometria\facial_auth\celeba_subset\img_align_celeba\056698.jpg,6368,True,4,False,0.46617838740348816,287.830599998415
D:\Bartek\coding\biometria\facial_auth\celeba_subset\img_align_celeba\056698.jpg,6368,True,4,True,0.4788762927055359,291.8372999993153
D:\Bartek\coding\biometria\facial_auth\celeba_subset\img_align_celeba\121781.jpg,5246,True,8,False,0.10061820596456528,285.9766999972635
D:\Bartek\coding\biometria\facial_auth\celeba_subset\img_align_celeba\121781.jpg,5246,True,8,True,0.1019330695271492,284.7570999947493
D:\Bartek\coding\biometria\facial_auth\celeba_subset\img_align_celeba\002751.jpg,8971,True,2,False,0.5762205719947815,279.9053999988246
D:\Bartek\coding\biometria\facial_auth\celeba_subset\img_align_celeba\002751.jpg,8971,True,2,True,0.45504775643348694,298.5130999950343
D:\Bartek\coding\biometria\facial_auth\celeba_subset\img_align_celeba\062352.jpg,7338,True,4,False,0.44268715381622314,287.25370000029216
D:\Bartek\coding\biometria\facial_auth\celeba_subset\img_align_celeba\062352.jpg,7338,True,4,True,0.4650600850582123,291.30309999891324
D:\Bartek\coding\biometria\facial_auth\celeba_subset\img_align_celeba\013229.jpg,5210,True,8,False,0.09601103514432907,285.2243999950588
D:\Bartek\coding\biometria\facial_auth\celeba_subset\img_align_celeba\013229.jpg,5210,True,8,True,0.08315422385931015,285.1836999980151
D:\Bartek\coding\biometria\facial_auth\celeba_subset\img_align_celeba\042346.jpg,5210,True,2,False,0.42516636848449707,282.5241000027745
D:\Bartek\coding\biometria\facial_auth\celeba_subset\img_align_celeba\042346.jpg,5210,True,2,True,0.4161234200000763,275.7606999948621
D:\Bartek\coding\biometria\facial_auth\celeba_subset\img_align_celeba\173351.jpg,1154,True,4,False,0.39986491203308105,278.6220999987563
D:\Bartek\coding\biometria\facial_auth\celeba_subset\img_align_celeba\173351.jpg,1154,True,4,True,0.45222651958465576,280.00510000129
D:\Bartek\coding\biometria\facial_auth\celeba_subset\img_align_celeba\082111.jpg,1167,True,8,False,0.07727202773094177,292.4261000007391
D:\Bartek\coding\biometria\facial_auth\celeba_subset\img_align_celeba\082111.jpg,1167,True,8,True,0.08529356867074966,274.95379999891156
D:\Bartek\coding\biometria\facial_auth\celeba_subset\img_align_celeba\139962.jpg,9000,True,2,False,0.7612804174423218,284.35539999918547
D:\Bartek\coding\biometria\facial_auth\celeba_subset\img_align_celeba\139962.jpg,9000,True,2,True,0.7626426815986633,298.30719999881694
D:\Bartek\coding\biometria\facial_auth\celeba_subset\img_align_celeba\031902.jpg,4196,True,4,False,0.4012625813484192,276.87620000506286
D:\Bartek\coding\biometria\facial_auth\celeba_subset\img_align_celeba\031902.jpg,4196,True,4,True,0.3921564221382141,289.6054000011645
D:\Bartek\coding\biometria\facial_auth\celeba_subset\img_align_celeba\077673.jpg,655,True,8,False,0.10138652473688126,271.04339999641525
D:\Bartek\coding\biometria\facial_auth\celeba_subset\img_align_celeba\077673.jpg,655,True,8,True,0.11353502422571182,288.0927999940468
D:\Bartek\coding\biometria\facial_auth\celeba_subset\img_align_celeba\172924.jpg,1154,True,2,False,0.5673781633377075,307.2345000036876
D:\Bartek\coding\biometria\facial_auth\celeba_subset\img_align_celeba\172924.jpg,1154,True,2,True,0.5792971849441528,297.32330000115326
D:\Bartek\coding\biometria\facial_auth\celeba_subset\img_align_celeba\085897.jpg,2814,True,4,False,0.42738983035087585,289.9424999995972
D:\Bartek\coding\biometria\facial_auth\celeba_subset\img_align_celeba\085897.jpg,2814,True,4,True,0.456182599067688,294.67989999830024
D:\Bartek\coding\biometria\facial_auth\celeba_subset\img_align_celeba\007272.jpg,2814,True,8,False,0.03841717913746834,279.56280000216793
D:\Bartek\coding\biometria\facial_auth\celeba_subset\img_align_celeba\007272.jpg,2814,True,8,True,0.03202412649989128,282.30440000334056
D:\Bartek\coding\biometria\facial_auth\celeba_subset\img_align_celeba\099127.jpg,8971,True,2,False,0.5934734344482422,288.6092999979155
D:\Bartek\coding\biometria\facial_auth\celeba_subset\img_align_celeba\099127.jpg,8971,True,2,True,0.5047562122344971,289.259300006961
D:\Bartek\coding\biometria\facial_auth\celeba_subset\img_align_celeba\016418.jpg,5064,True,4,False,0.6936069130897522,280.7240999973146
D:\Bartek\coding\biometria\facial_auth\celeba_subset\img_align_celeba\016418.jpg,5064,True,4,True,0.5242747664451599,295.66239999985555
D:\Bartek\coding\biometria\facial_auth\celeba_subset\img_align_celeba\058039.jpg,9910,True,8,False,0.96811842918396,278.9604999998119
D:\Bartek\coding\biometria\facial_auth\celeba_subset\img_align_celeba\058039.jpg,9910,True,8,True,0.958625853061676,284.8045999999158
D:\Bartek\coding\biometria\facial_auth\celeba_subset\img_align_celeba\012303.jpg,1435,True,2,False,0.5077791213989258,285.7586999962223
D:\Bartek\coding\biometria\facial_auth\celeba_subset\img_align_celeba\012303.jpg,1435,True,2,True,0.5003228187561035,306.88849999569356
D:\Bartek\coding\biometria\facial_auth\celeba_subset\img_align_celeba\188545.jpg,8027,True,4,False,0.6013659834861755,287.9068999973242
D:\Bartek\coding\biometria\facial_auth\celeba_subset\img_align_celeba\188545.jpg,8027,True,4,True,0.544078528881073,300.2775999993901
D:\Bartek\coding\biometria\facial_auth\celeba_subset\img_align_celeba\196293.jpg,8027,True,8,False,0.10426189005374908,286.79920000286074
D:\Bartek\coding\biometria\facial_auth\celeba_subset\img_align_celeba\196293.jpg,8027,True,8,True,0.11051030457019806,291.95250000339
D:\Bartek\coding\biometria\facial_auth\celeba_subset\img_align_celeba\012100.jpg,6136,True,2,False,0.09568177908658981,288.17829999752576
D:\Bartek\coding\biometria\facial_auth\celeba_subset\img_align_celeba\012100.jpg,6136,True,2,True,0.0450206883251667,292.13500000332715
D:\Bartek\coding\biometria\facial_auth\celeba_subset\img_align_celeba\014683.jpg,6368,True,4,False,0.39227327704429626,287.0942000008654
D:\Bartek\coding\biometria\facial_auth\celeba_subset\img_align_celeba\014683.jpg,6368,True,4,True,0.41269785165786743,289.82579999865266
D:\Bartek\coding\biometria\facial_auth\celeba_subset\img_align_celeba\083471.jpg,9300,True,8,False,0.24193720519542694,279.26960000331746
D:\Bartek\coding\biometria\facial_auth\celeba_subset\img_align_celeba\083471.jpg,9300,True,8,True,0.23576638102531433,288.5669000024791
D:\Bartek\coding\biometria\facial_auth\celeba_subset\img_align_celeba\123742.jpg,6086,True,2,False,0.3195434510707855,287.48110000015004
D:\Bartek\coding\biometria\facial_auth\celeba_subset\img_align_celeba\123742.jpg,6086,True,2,True,0.2579256296157837,229.7203999987687
D:\Bartek\coding\biometria\facial_auth\celeba_subset\img_align_celeba\170111.jpg,3236,True,4,False,0.30943048000335693,280.7249000034062
D:\Bartek\coding\biometria\facial_auth\celeba_subset\img_align_celeba\170111.jpg,3236,True,4,True,0.29128578305244446,290.8910999976797
D:\Bartek\coding\biometria\facial_auth\celeba_subset\img_align_celeba\179453.jpg,1154,True,8,False,0.06939220428466797,287.3554000034346
D:\Bartek\coding\biometria\facial_auth\celeba_subset\img_align_celeba\179453.jpg,1154,True,8,True,0.09862922877073288,293.4629000010318
D:\Bartek\coding\biometria\facial_auth\celeba_subset\img_align_celeba\088035.jpg,644,True,2,False,0.7438115477561951,289.3932000006316
D:\Bartek\coding\biometria\facial_auth\celeba_subset\img_align_celeba\088035.jpg,644,True,2,True,0.6220574378967285,296.49329999665497
D:\Bartek\coding\biometria\facial_auth\celeba_subset\img_align_celeba\112605.jpg,5099,True,4,False,0.4215371012687683,292.53109999990556
D:\Bartek\coding\biometria\facial_auth\celeba_subset\img_align_celeba\112605.jpg,5099,True,4,True,0.44004181027412415,285.90709999843966
D:\Bartek\coding\biometria\facial_auth\celeba_subset\img_align_celeba\041303.jpg,7253,True,8,False,0.1342458575963974,290.22980000445386
D:\Bartek\coding\biometria\facial_auth\celeba_subset\img_align_celeba\041303.jpg,7253,True,8,True,0.1001194566488266,278.38429999974323
D:\Bartek\coding\biometria\facial_auth\celeba_subset\img_align_celeba\179162.jpg,205,True,2,False,0.23266121745109558,286.0097000011592
D:\Bartek\coding\biometria\facial_auth\celeba_subset\img_align_celeba\179162.jpg,205,True,2,True,0.2395988255739212,294.271500002651
D:\Bartek\coding\biometria\facial_auth\celeba_subset\img_align_celeba\155019.jpg,5591,True,4,False,0.35015618801116943,266.1026000059792
D:\Bartek\coding\biometria\facial_auth\celeba_subset\img_align_celeba\155019.jpg,5591,True,4,True,0.39288729429244995,272.0049000054132
D:\Bartek\coding\biometria\facial_auth\celeba_subset\img_align_celeba\179069.jpg,1154,True,8,False,0.08417516201734543,285.0938999981736
D:\Bartek\coding\biometria\facial_auth\celeba_subset\img_align_celeba\179069.jpg,1154,True,8,True,0.10449203848838806,293.5129999968922
D:\Bartek\coding\biometria\facial_auth\celeba_subset\img_align_celeba\139473.jpg,6806,True,2,False,0.6689640879631042,293.56019999977434
D:\Bartek\coding\biometria\facial_auth\celeba_subset\img_align_celeba\139473.jpg,6806,True,2,True,0.6456536054611206,293.9992000028724
D:\Bartek\coding\biometria\facial_auth\celeba_subset\img_align_celeba\041907.jpg,6368,True,4,False,0.2192954570055008,286.16439999314025
D:\Bartek\coding\biometria\facial_auth\celeba_subset\img_align_celeba\041907.jpg,6368,True,4,True,0.25912368297576904,285.6781000009505
D:\Bartek\coding\biometria\facial_auth\celeba_subset\img_align_celeba\127104.jpg,6983,True,8,False,0.14834770560264587,286.1250999994809
D:\Bartek\coding\biometria\facial_auth\celeba_subset\img_align_celeba\127104.jpg,6983,True,8,True,0.1749361753463745,291.71969999879366
D:\Bartek\coding\biometria\facial_auth\celeba_subset\img_align_celeba\124648.jpg,878,True,2,False,0.7330158948898315,291.206299996702
D:\Bartek\coding\biometria\facial_auth\celeba_subset\img_align_celeba\124648.jpg,878,True,2,True,0.6754002571105957,297.677599999588
D:\Bartek\coding\biometria\facial_auth\celeba_subset\img_align_celeba\044004.jpg,7422,True,4,False,0.7715875506401062,284.5750000051339
D:\Bartek\coding\biometria\facial_auth\celeba_subset\img_align_celeba\044004.jpg,7422,True,4,True,0.740382194519043,284.2144999958691
D:\Bartek\coding\biometria\facial_auth\celeba_subset\img_align_celeba\087429.jpg,1128,True,8,False,0.0413791686296463,275.31810000073165
D:\Bartek\coding\biometria\facial_auth\celeba_subset\img_align_celeba\087429.jpg,1128,True,8,True,0.05602547526359558,281.0308999978588
D:\Bartek\coding\biometria\facial_auth\celeba_subset\img_align_celeba\189663.jpg,8936,True,2,False,0.3455410599708557,284.11200000118697
D:\Bartek\coding\biometria\facial_auth\celeba_subset\img_align_celeba\189663.jpg,8936,True,2,True,0.31510886549949646,290.148499996576
D:\Bartek\coding\biometria\facial_auth\celeba_subset\img_align_celeba\019471.jpg,655,True,4,False,0.3226998746395111,280.50989999610465
D:\Bartek\coding\biometria\facial_auth\celeba_subset\img_align_celeba\019471.jpg,655,True,4,True,0.26985761523246765,285.2506000053836
D:\Bartek\coding\biometria\facial_auth\celeba_subset\img_align_celeba\115959.jpg,7338,True,8,False,0.1389145404100418,283.43499999755295
D:\Bartek\coding\biometria\facial_auth\celeba_subset\img_align_celeba\115959.jpg,7338,True,8,True,0.16584452986717224,280.4924000010942
D:\Bartek\coding\biometria\facial_auth\celeba_subset\img_align_celeba\108820.jpg,3655,True,2,False,0.453818678855896,276.60219999961555
D:\Bartek\coding\biometria\facial_auth\celeba_subset\img_align_celeba\108820.jpg,3655,True,2,True,0.454373836517334,280.8375000022352
D:\Bartek\coding\biometria\facial_auth\celeba_subset\img_align_celeba\065194.jpg,7222,True,4,False,0.5027298331260681,282.63180000067223
D:\Bartek\coding\biometria\facial_auth\celeba_subset\img_align_celeba\065194.jpg,7222,True,4,True,0.40977075695991516,290.03670000383863
D:\Bartek\coding\biometria\facial_auth\celeba_subset\img_align_celeba\082401.jpg,494,True,8,False,0.13785134255886078,289.0843999994104
D:\Bartek\coding\biometria\facial_auth\celeba_subset\img_align_celeba\082401.jpg,494,True,8,True,0.12075066566467285,287.71579999738606
D:\Bartek\coding\biometria\facial_auth\celeba_subset\img_align_celeba\000160.jpg,1435,True,2,False,0.5654482245445251,295.5593999940902
D:\Bartek\coding\biometria\facial_auth\celeba_subset\img_align_celeba\000160.jpg,1435,True,2,True,0.5532408952713013,282.4897999962559
D:\Bartek\coding\biometria\facial_auth\celeba_subset\img_align_celeba\191786.jpg,8936,True,4,False,0.28464293479919434,283.1055000060587
D:\Bartek\coding\biometria\facial_auth\celeba_subset\img_align_celeba\191786.jpg,8936,True,4,True,0.2666029632091522,284.75809999508783
D:\Bartek\coding\biometria\facial_auth\celeba_subset\img_align_celeba\031781.jpg,8834,True,8,False,0.02065430022776127,286.17709999525687
D:\Bartek\coding\biometria\facial_auth\celeba_subset\img_align_celeba\031781.jpg,8834,True,8,True,0.01045213732868433,351.0913999998593
D:\Bartek\coding\biometria\facial_auth\celeba_subset\img_align_celeba\126389.jpg,4870,True,2,False,0.30064937472343445,281.03140000166604
D:\Bartek\coding\biometria\facial_auth\celeba_subset\img_align_celeba\126389.jpg,4870,True,2,True,0.3758896589279175,287.69289999763714
D:\Bartek\coding\biometria\facial_auth\celeba_subset\img_align_celeba\161504.jpg,5064,True,4,False,0.7066701650619507,282.23000000434695
D:\Bartek\coding\biometria\facial_auth\celeba_subset\img_align_celeba\161504.jpg,5064,True,4,True,0.8501041531562805,283.19200000260025
D:\Bartek\coding\biometria\facial_auth\celeba_subset\img_align_celeba\007227.jpg,655,True,8,False,0.07800542563199997,285.7979999971576
D:\Bartek\coding\biometria\facial_auth\celeba_subset\img_align_celeba\007227.jpg,655,True,8,True,0.06493016332387924,287.380599998869
D:\Bartek\coding\biometria\facial_auth\celeba_subset\img_align_celeba\063825.jpg,1435,True,2,False,0.3328544795513153,284.22780000255443
D:\Bartek\coding\biometria\facial_auth\celeba_subset\img_align_celeba\063825.jpg,1435,True,2,True,0.29304689168930054,286.33740000077523
D:\Bartek\coding\biometria\facial_auth\celeba_subset\img_align_celeba\201206.jpg,5791,True,4,False,0.3216879069805145,281.46140000171727
D:\Bartek\coding\biometria\facial_auth\celeba_subset\img_align_celeba\201206.jpg,5791,True,4,True,0.2885749936103821,282.24430000409484
D:\Bartek\coding\biometria\facial_auth\celeba_subset\img_align_celeba\149072.jpg,4936,True,8,False,0.05225427448749542,283.25069999846164
D:\Bartek\coding\biometria\facial_auth\celeba_subset\img_align_celeba\149072.jpg,4936,True,8,True,0.03564298525452614,289.2610999988392
D:\Bartek\coding\biometria\facial_auth\celeba_subset\img_align_celeba\169295.jpg,1350,True,2,False,0.7256531715393066,289.0196000007563
D:\Bartek\coding\biometria\facial_auth\celeba_subset\img_align_celeba\169295.jpg,1350,True,2,True,0.6429560780525208,303.82580000150483
D:\Bartek\coding\biometria\facial_auth\celeba_subset\img_align_celeba\031415.jpg,5648,True,4,False,0.34744352102279663,280.0656000035815
D:\Bartek\coding\biometria\facial_auth\celeba_subset\img_align_celeba\031415.jpg,5648,True,4,True,0.2769814431667328,288.4367000006023
D:\Bartek\coding\biometria\facial_auth\celeba_subset\img_align_celeba\156005.jpg,8091,True,8,False,0.07890573889017105,273.8729999982752
D:\Bartek\coding\biometria\facial_auth\celeba_subset\img_align_celeba\156005.jpg,8091,True,8,True,0.07249151915311813,279.73149999888847
D:\Bartek\coding\biometria\facial_auth\celeba_subset\img_align_celeba\114529.jpg,7253,True,2,False,0.36765193939208984,279.1413000013563
D:\Bartek\coding\biometria\facial_auth\celeba_subset\img_align_celeba\114529.jpg,7253,True,2,True,0.3674899935722351,289.2694999973173
D:\Bartek\coding\biometria\facial_auth\celeba_subset\img_align_celeba\179737.jpg,1120,True,4,False,0.3751106858253479,286.01329999946756
D:\Bartek\coding\biometria\facial_auth\celeba_subset\img_align_celeba\179737.jpg,1120,True,4,True,0.45572003722190857,292.19300000113435
D:\Bartek\coding\biometria\facial_auth\celeba_subset\img_align_celeba\026310.jpg,1149,True,8,False,0.03469846770167351,283.13730000081705
D:\Bartek\coding\biometria\facial_auth\celeba_subset\img_align_celeba\026310.jpg,1149,True,8,True,0.02211335301399231,290.85269999632146
D:\Bartek\coding\biometria\facial_auth\celeba_subset\img_align_celeba\031610.jpg,310,True,2,False,0.37798547744750977,294.12280000542523
D:\Bartek\coding\biometria\facial_auth\celeba_subset\img_align_celeba\031610.jpg,310,True,2,True,0.39529120922088623,237.41960000188556
D:\Bartek\coding\biometria\facial_auth\celeba_subset\img_align_celeba\159039.jpg,5127,True,4,False,0.3047410547733307,274.85409999644617
D:\Bartek\coding\biometria\facial_auth\celeba_subset\img_align_celeba\159039.jpg,5127,True,4,True,0.2542044222354889,289.23569999460597
D:\Bartek\coding\biometria\facial_auth\celeba_subset\img_align_celeba\005218.jpg,5656,True,8,False,0.10210806876420975,286.15410000202246
D:\Bartek\coding\biometria\facial_auth\celeba_subset\img_align_celeba\005218.jpg,5656,True,8,True,0.09666945040225983,300.6988999986788
D:\Bartek\coding\biometria\facial_auth\celeba_subset\img_align_celeba\040233.jpg,898,True,2,False,0.45612767338752747,276.28980000008596
D:\Bartek\coding\biometria\facial_auth\celeba_subset\img_align_celeba\040233.jpg,898,True,2,True,0.40521904826164246,285.913800005801
D:\Bartek\coding\biometria\facial_auth\celeba_subset\img_align_celeba\098203.jpg,4196,True,4,False,0.3242310583591461,289.83220000372967
D:\Bartek\coding\biometria\facial_auth\celeba_subset\img_align_celeba\098203.jpg,4196,True,4,True,0.2531188130378723,295.83699999784585
D:\Bartek\coding\biometria\facial_auth\celeba_subset\img_align_celeba\188521.jpg,5791,True,8,False,0.043655455112457275,281.75349999946775
D:\Bartek\coding\biometria\facial_auth\celeba_subset\img_align_celeba\188521.jpg,5791,True,8,True,0.05383240431547165,286.0835999963456
D:\Bartek\coding\biometria\facial_auth\celeba_subset\img_align_celeba\199029.jpg,9489,True,2,False,0.7900899052619934,286.6061000022455
D:\Bartek\coding\biometria\facial_auth\celeba_subset\img_align_celeba\199029.jpg,9489,True,2,True,0.7456278800964355,275.161699995806
D:\Bartek\coding\biometria\facial_auth\celeba_subset\img_align_celeba\071366.jpg,9144,True,4,False,0.5325343608856201,286.648300003435
D:\Bartek\coding\biometria\facial_auth\celeba_subset\img_align_celeba\071366.jpg,9144,True,4,True,0.4052658975124359,288.22679999575485
D:\Bartek\coding\biometria\facial_auth\celeba_subset\img_align_celeba\063110.jpg,878,True,8,False,0.00894954614341259,283.7364000006346
D:\Bartek\coding\biometria\facial_auth\celeba_subset\img_align_celeba\063110.jpg,878,True,8,True,-0.0008616619743406773,280.85899999859976
D:\Bartek\coding\biometria\facial_auth\celeba_subset\img_align_celeba\172677.jpg,3236,True,2,False,0.6537673473358154,300.1308999955654
D:\Bartek\coding\biometria\facial_auth\celeba_subset\img_align_celeba\172677.jpg,3236,True,2,True,0.5821332931518555,299.52989999583224
D:\Bartek\coding\biometria\facial_auth\celeba_subset\img_align_celeba\201629.jpg,8415,True,4,False,0.5827593207359314,286.0145999948145
D:\Bartek\coding\biometria\facial_auth\celeba_subset\img_align_celeba\201629.jpg,8415,True,4,True,0.4244672954082489,287.7258000007714
D:\Bartek\coding\biometria\facial_auth\celeba_subset\img_align_celeba\023207.jpg,7524,True,8,False,0.9500804543495178,294.33440000138944
D:\Bartek\coding\biometria\facial_auth\celeba_subset\img_align_celeba\023207.jpg,7524,True,8,True,0.9655451774597168,293.9055000024382
D:\Bartek\coding\biometria\facial_auth\celeba_subset\img_align_celeba\133414.jpg,7338,True,2,False,0.619570255279541,305.0701999964076
D:\Bartek\coding\biometria\facial_auth\celeba_subset\img_align_celeba\133414.jpg,7338,True,2,True,0.6958120465278625,284.0809000044828
D:\Bartek\coding\biometria\facial_auth\celeba_subset\img_align_celeba\003995.jpg,5190,True,4,False,0.36298471689224243,282.9381999981706
D:\Bartek\coding\biometria\facial_auth\celeba_subset\img_align_celeba\003995.jpg,5190,True,4,True,0.45926985144615173,287.8493999960483
D:\Bartek\coding\biometria\facial_auth\celeba_subset\img_align_celeba\110682.jpg,6972,True,8,False,0.05216872692108154,282.69779999391176
D:\Bartek\coding\biometria\facial_auth\celeba_subset\img_align_celeba\110682.jpg,6972,True,8,True,0.07271470129489899,289.0142000032938
D:\Bartek\coding\biometria\facial_auth\celeba_subset\img_align_celeba\121407.jpg,5246,True,2,False,0.31863003969192505,288.44219999882625
D:\Bartek\coding\biometria\facial_auth\celeba_subset\img_align_celeba\121407.jpg,5246,True,2,True,0.23363903164863586,293.859400000656
D:\Bartek\coding\biometria\facial_auth\celeba_subset\img_align_celeba\011090.jpg,8091,True,4,False,0.4640806317329407,289.4925000000512
D:\Bartek\coding\biometria\facial_auth\celeba_subset\img_align_celeba\011090.jpg,8091,True,4,True,0.5020296573638916,292.8107000043383
D:\Bartek\coding\biometria\facial_auth\celeba_subset\img_align_celeba\193551.jpg,8415,True,8,False,0.1058974489569664,279.6424999978626
D:\Bartek\coding\biometria\facial_auth\celeba_subset\img_align_celeba\193551.jpg,8415,True,8,True,0.08324707299470901,294.59720000158995
D:\Bartek\coding\biometria\facial_auth\celeba_subset\img_align_celeba\168314.jpg,1120,True,2,False,0.4231070280075073,290.97989999718266
D:\Bartek\coding\biometria\facial_auth\celeba_subset\img_align_celeba\168314.jpg,1120,True,2,True,0.39951175451278687,283.18880000006175
D:\Bartek\coding\biometria\facial_auth\celeba_subset\img_align_celeba\137251.jpg,1104,True,4,False,0.4456663429737091,274.76069999829633
D:\Bartek\coding\biometria\facial_auth\celeba_subset\img_align_celeba\137251.jpg,1104,True,4,True,0.3916317820549011,291.1571000004187
D:\Bartek\coding\biometria\facial_auth\celeba_subset\img_align_celeba\144524.jpg,8908,True,8,False,0.9171584844589233,306.28779999824474
D:\Bartek\coding\biometria\facial_auth\celeba_subset\img_align_celeba\144524.jpg,8908,True,8,True,0.9124211668968201,290.02980000223033
D:\Bartek\coding\biometria\facial_auth\celeba_subset\img_align_celeba\119961.jpg,5238,True,2,False,0.5725382566452026,285.91700000106357
D:\Bartek\coding\biometria\facial_auth\celeba_subset\img_align_celeba\119961.jpg,5238,True,2,True,0.49995627999305725,296.5011999986018
D:\Bartek\coding\biometria\facial_auth\celeba_subset\img_align_celeba\166378.jpg,1120,True,4,False,0.35179659724235535,279.0424000049825
D:\Bartek\coding\biometria\facial_auth\celeba_subset\img_align_celeba\166378.jpg,1120,True,4,True,0.2474856972694397,301.5543000001344
D:\Bartek\coding\biometria\facial_auth\celeba_subset\img_align_celeba\070084.jpg,9093,True,8,False,0.12643592059612274,295.0512000024901
D:\Bartek\coding\biometria\facial_auth\celeba_subset\img_align_celeba\070084.jpg,9093,True,8,True,0.12924952805042267,295.61590000230353
D:\Bartek\coding\biometria\facial_auth\celeba_subset\img_align_celeba\153457.jpg,1149,True,2,False,0.6102185845375061,288.72250000131316
D:\Bartek\coding\biometria\facial_auth\celeba_subset\img_align_celeba\153457.jpg,1149,True,2,True,0.5603687763214111,295.13930000393884
D:\Bartek\coding\biometria\facial_auth\celeba_subset\img_align_celeba\084944.jpg,1147,True,4,False,0.3899635374546051,290.07300000375835
D:\Bartek\coding\biometria\facial_auth\celeba_subset\img_align_celeba\084944.jpg,1147,True,4,True,0.3724178373813629,287.9241999980877
D:\Bartek\coding\biometria\facial_auth\celeba_subset\img_align_celeba\017468.jpg,9828,True,8,False,0.034362707287073135,284.9401999992551
D:\Bartek\coding\biometria\facial_auth\celeba_subset\img_align_celeba\017468.jpg,9828,True,8,True,0.04449755325913429,282.2273999991012
D:\Bartek\coding\biometria\facial_auth\celeba_subset\img_align_celeba\020817.jpg,4968,True,2,False,0.45133548974990845,289.75939999509137
D:\Bartek\coding\biometria\facial_auth\celeba_subset\img_align_celeba\020817.jpg,4968,True,2,True,0.36008355021476746,223.5623000015039
D:\Bartek\coding\biometria\facial_auth\celeba_subset\img_align_celeba\191105.jpg,8027,True,4,False,0.5359055995941162,284.99619999638526
D:\Bartek\coding\biometria\facial_auth\celeba_subset\img_align_celeba\191105.jpg,8027,True,4,True,0.4641210734844208,294.5294999954058
D:\Bartek\coding\biometria\facial_auth\celeba_subset\img_align_celeba\200125.jpg,5872,True,8,False,0.14380760490894318,283.9640000020154
D:\Bartek\coding\biometria\facial_auth\celeba_subset\img_align_celeba\200125.jpg,5872,True,8,True,0.1412144899368286,312.0615999941947
D:\Bartek\coding\biometria\facial_auth\celeba_subset\img_align_celeba\103516.jpg,4196,True,2,False,0.5995793342590332,289.24130000086734
D:\Bartek\coding\biometria\facial_auth\celeba_subset\img_align_celeba\103516.jpg,4196,True,2,True,0.570061981678009,296.5344999975059
D:\Bartek\coding\biometria\facial_auth\celeba_subset\img_align_celeba\106996.jpg,5922,True,4,False,0.394803911447525,282.99600000173086
D:\Bartek\coding\biometria\facial_auth\celeba_subset\img_align_celeba\106996.jpg,5922,True,4,True,0.4395698010921478,287.3433999993722
D:\Bartek\coding\biometria\facial_auth\celeba_subset\img_align_celeba\053473.jpg,4196,True,8,False,0.3679543733596802,293.92509999888716
D:\Bartek\coding\biometria\facial_auth\celeba_subset\img_align_celeba\053473.jpg,4196,True,8,True,0.33869901299476624,291.1409000007552
D:\Bartek\coding\biometria\facial_auth\celeba_subset\img_align_celeba\198456.jpg,5872,True,2,False,0.4212011694908142,278.4329999994952
D:\Bartek\coding\biometria\facial_auth\celeba_subset\img_align_celeba\198456.jpg,5872,True,2,True,0.296785831451416,284.07519999746
D:\Bartek\coding\biometria\facial_auth\celeba_subset\img_align_celeba\044236.jpg,5099,True,4,False,0.4340009391307831,285.3017000015825
D:\Bartek\coding\biometria\facial_auth\celeba_subset\img_align_celeba\044236.jpg,5099,True,4,True,0.39398354291915894,286.4955999975791
D:\Bartek\coding\biometria\facial_auth\celeba_subset\img_align_celeba\010582.jpg,7222,True,8,False,0.133419930934906,284.4230000046082
D:\Bartek\coding\biometria\facial_auth\celeba_subset\img_align_celeba\010582.jpg,7222,True,8,True,0.09767363220453262,282.0521999965422
D:\Bartek\coding\biometria\facial_auth\celeba_subset\img_align_celeba\034507.jpg,6456,True,2,False,0.614872395992279,280.3931999951601
D:\Bartek\coding\biometria\facial_auth\celeba_subset\img_align_celeba\034507.jpg,6456,True,2,True,0.5556196570396423,285.42889999516774
D:\Bartek\coding\biometria\facial_auth\celeba_subset\img_align_celeba\074437.jpg,3336,True,4,False,0.11909269541501999,286.3407999975607
D:\Bartek\coding\biometria\facial_auth\celeba_subset\img_align_celeba\074437.jpg,3336,True,4,True,0.151076540350914,300.1351999992039
D:\Bartek\coding\biometria\facial_auth\celeba_subset\img_align_celeba\136535.jpg,1435,True,8,False,0.02772838994860649,290.2622000037809
D:\Bartek\coding\biometria\facial_auth\celeba_subset\img_align_celeba\136535.jpg,1435,True,8,True,0.028774060308933258,286.70229999988806
D:\Bartek\coding\biometria\facial_auth\celeba_subset\img_align_celeba\173622.jpg,2177,True,2,False,0.3425450325012207,282.15820000332315
D:\Bartek\coding\biometria\facial_auth\celeba_subset\img_align_celeba\173622.jpg,2177,True,2,True,0.4532848596572876,301.3083999976516
D:\Bartek\coding\biometria\facial_auth\celeba_subset\img_align_celeba\024714.jpg,5210,True,4,False,0.1561189442873001,290.5864999993355
D:\Bartek\coding\biometria\facial_auth\celeba_subset\img_align_celeba\024714.jpg,5210,True,4,True,0.2484397143125534,287.5748000005842
D:\Bartek\coding\biometria\facial_auth\celeba_subset\img_align_celeba\044294.jpg,5246,True,8,False,0.09765968471765518,282.06499999942025
D:\Bartek\coding\biometria\facial_auth\celeba_subset\img_align_celeba\044294.jpg,5246,True,8,True,0.10006607323884964,290.57369999645744
D:\Bartek\coding\biometria\facial_auth\celeba_subset\img_align_celeba\109402.jpg,1435,True,2,False,0.613307774066925,285.1615000035963
D:\Bartek\coding\biometria\facial_auth\celeba_subset\img_align_celeba\109402.jpg,1435,True,2,True,0.5747144222259521,286.9884000028833
D:\Bartek\coding\biometria\facial_auth\celeba_subset\img_align_celeba\090612.jpg,494,True,4,False,0.21093109250068665,275.0984000012977
D:\Bartek\coding\biometria\facial_auth\celeba_subset\img_align_celeba\090612.jpg,494,True,4,True,0.26602137088775635,278.2440999944811
D:\Bartek\coding\biometria\facial_auth\celeba_subset\img_align_celeba\180264.jpg,1120,True,8,False,-0.012873033061623573,277.0837000061874
D:\Bartek\coding\biometria\facial_auth\celeba_subset\img_align_celeba\180264.jpg,1120,True,8,True,-0.0024481462314724922,288.0051000029198
D:\Bartek\coding\biometria\facial_auth\celeba_subset\img_align_celeba\085275.jpg,7338,True,2,False,0.550899863243103,290.4703000021982
D:\Bartek\coding\biometria\facial_auth\celeba_subset\img_align_celeba\085275.jpg,7338,True,2,True,0.6122051477432251,295.18780000216793
D:\Bartek\coding\biometria\facial_auth\celeba_subset\img_align_celeba\123925.jpg,5210,True,4,False,0.519126832485199,287.4404999965918
D:\Bartek\coding\biometria\facial_auth\celeba_subset\img_align_celeba\123925.jpg,5210,True,4,True,0.5639444589614868,276.8428999988828
D:\Bartek\coding\biometria\facial_auth\celeba_subset\img_align_celeba\181731.jpg,190,True,8,False,0.11639036983251572,292.56290000193985
D:\Bartek\coding\biometria\facial_auth\celeba_subset\img_align_celeba\181731.jpg,190,True,8,True,0.12576723098754883,288.00780000165105
D:\Bartek\coding\biometria\facial_auth\celeba_subset\img_align_celeba\182171.jpg,205,True,2,False,0.49555087089538574,285.09219999978086
D:\Bartek\coding\biometria\facial_auth\celeba_subset\img_align_celeba\182171.jpg,205,True,2,True,0.5357706546783447,280.5307999951765
D:\Bartek\coding\biometria\facial_auth\celeba_subset\img_align_celeba\181551.jpg,3877,True,4,False,0.35786786675453186,284.34399999969173
D:\Bartek\coding\biometria\facial_auth\celeba_subset\img_align_celeba\181551.jpg,3877,True,4,True,0.35758909583091736,284.77679999923566
D:\Bartek\coding\biometria\facial_auth\celeba_subset\img_align_celeba\178090.jpg,1154,True,8,False,0.07734756171703339,280.6999000022188
D:\Bartek\coding\biometria\facial_auth\celeba_subset\img_align_celeba\178090.jpg,1154,True,8,True,0.07363682985305786,289.2738000009558
D:\Bartek\coding\biometria\facial_auth\celeba_subset\img_align_celeba\132299.jpg,2814,True,2,False,0.5518622398376465,285.1532999993651
D:\Bartek\coding\biometria\facial_auth\celeba_subset\img_align_celeba\132299.jpg,2814,True,2,True,0.5809907913208008,292.28690000309143
D:\Bartek\coding\biometria\facial_auth\celeba_subset\img_align_celeba\149162.jpg,9534,True,4,False,0.5196548700332642,284.76709999813465
D:\Bartek\coding\biometria\facial_auth\celeba_subset\img_align_celeba\149162.jpg,9534,True,4,True,0.5287310481071472,277.74110000609653
D:\Bartek\coding\biometria\facial_auth\celeba_subset\img_align_celeba\043690.jpg,3336,True,8,False,0.04646538570523262,282.17230000154814
D:\Bartek\coding\biometria\facial_auth\celeba_subset\img_align_celeba\043690.jpg,3336,True,8,True,0.04525192826986313,312.1781000008923
D:\Bartek\coding\biometria\facial_auth\celeba_subset\img_align_celeba\133993.jpg,1128,True,2,False,0.6437567472457886,313.4401999996044
D:\Bartek\coding\biometria\facial_auth\celeba_subset\img_align_celeba\133993.jpg,1128,True,2,True,0.6344650387763977,322.9741999966791
D:\Bartek\coding\biometria\facial_auth\celeba_subset\img_align_celeba\158983.jpg,310,True,4,False,0.28550606966018677,293.5178999978234
D:\Bartek\coding\biometria\facial_auth\celeba_subset\img_align_celeba\158983.jpg,310,True,4,True,0.34543219208717346,287.08479999477277
D:\Bartek\coding\biometria\facial_auth\celeba_subset\img_align_celeba\183506.jpg,6195,True,8,False,0.46539196372032166,284.50380000140285
D:\Bartek\coding\biometria\facial_auth\celeba_subset\img_align_celeba\183506.jpg,6195,True,8,True,0.4698314964771271,288.7546000056318
D:\Bartek\coding\biometria\facial_auth\celeba_subset\img_align_celeba\100683.jpg,6983,True,2,False,0.47203633189201355,283.7945999999647
D:\Bartek\coding\biometria\facial_auth\celeba_subset\img_align_celeba\100683.jpg,6983,True,2,True,0.41571569442749023,296.70959999930346
D:\Bartek\coding\biometria\facial_auth\celeba_subset\img_align_celeba\046652.jpg,5064,True,4,False,0.6909715533256531,282.85869999672286
D:\Bartek\coding\biometria\facial_auth\celeba_subset\img_align_celeba\046652.jpg,5064,True,4,True,0.682646632194519,291.6715000028489
D:\Bartek\coding\biometria\facial_auth\celeba_subset\img_align_celeba\128772.jpg,5437,True,8,False,0.1725643128156662,291.31210000196006
D:\Bartek\coding\biometria\facial_auth\celeba_subset\img_align_celeba\128772.jpg,5437,True,8,True,0.15998493134975433,287.17970000434434
D:\Bartek\coding\biometria\facial_auth\celeba_subset\img_align_celeba\190537.jpg,8415,True,2,False,0.38558849692344666,292.61350000160746
D:\Bartek\coding\biometria\facial_auth\celeba_subset\img_align_celeba\190537.jpg,8415,True,2,True,0.41925811767578125,288.6609999986831
D:\Bartek\coding\biometria\facial_auth\celeba_subset\img_align_celeba\005680.jpg,6277,True,4,False,0.07121486216783524,287.90870000375435
D:\Bartek\coding\biometria\facial_auth\celeba_subset\img_align_celeba\005680.jpg,6277,True,4,True,0.2009124755859375,292.71000000153435
D:\Bartek\coding\biometria\facial_auth\celeba_subset\img_align_celeba\109888.jpg,8908,True,8,False,0.9181039333343506,286.5745000017341
D:\Bartek\coding\biometria\facial_auth\celeba_subset\img_align_celeba\109888.jpg,8908,True,8,True,0.8845572471618652,293.7043999991147
D:\Bartek\coding\biometria\facial_auth\celeba_subset\img_align_celeba\182505.jpg,3877,True,2,False,0.24317817389965057,293.5719000015524
D:\Bartek\coding\biometria\facial_auth\celeba_subset\img_align_celeba\182505.jpg,3877,True,2,True,0.27234917879104614,289.84720000153175
D:\Bartek\coding\biometria\facial_auth\celeba_subset\img_align_celeba\162372.jpg,5534,True,4,False,0.23140843212604523,307.5832000031369
D:\Bartek\coding\biometria\facial_auth\celeba_subset\img_align_celeba\162372.jpg,5534,True,4,True,0.15022529661655426,277.79949999967357
D:\Bartek\coding\biometria\facial_auth\celeba_subset\img_align_celeba\177009.jpg,3877,True,8,False,0.026529662311077118,282.95609999622684
D:\Bartek\coding\biometria\facial_auth\celeba_subset\img_align_celeba\177009.jpg,3877,True,8,True,0.02931986004114151,277.6486000002478
D:\Bartek\coding\biometria\facial_auth\celeba_subset\img_align_celeba\097036.jpg,655,True,2,False,0.614854633808136,282.74709999823244
D:\Bartek\coding\biometria\facial_auth\celeba_subset\img_align_celeba\097036.jpg,655,True,2,True,0.5186082720756531,287.42110000166576
D:\Bartek\coding\biometria\facial_auth\celeba_subset\img_align_celeba\184888.jpg,6528,True,4,False,0.3795144259929657,280.93449999869335
D:\Bartek\coding\biometria\facial_auth\celeba_subset\img_align_celeba\184888.jpg,6528,True,4,True,0.31755298376083374,288.754200002586
D:\Bartek\coding\biometria\facial_auth\celeba_subset\img_align_celeba\038250.jpg,5190,True,8,False,0.028988398611545563,287.26520000054734
D:\Bartek\coding\biometria\facial_auth\celeba_subset\img_align_celeba\038250.jpg,5190,True,8,True,0.04073772579431534,285.5492000016966
D:\Bartek\coding\biometria\facial_auth\celeba_subset\img_align_celeba\010163.jpg,3655,True,2,False,0.45086362957954407,282.7506999965408
D:\Bartek\coding\biometria\facial_auth\celeba_subset\img_align_celeba\010163.jpg,3655,True,2,True,0.34334710240364075,294.92719999689143
D:\Bartek\coding\biometria\facial_auth\celeba_subset\img_align_celeba\093762.jpg,655,True,4,False,0.31045761704444885,282.6472000015201
D:\Bartek\coding\biometria\facial_auth\celeba_subset\img_align_celeba\093762.jpg,655,True,4,True,0.2926371991634369,289.9011999979848
D:\Bartek\coding\biometria\facial_auth\celeba_subset\img_align_celeba\115638.jpg,310,True,8,False,0.2978655993938446,291.44149999774527
D:\Bartek\coding\biometria\facial_auth\celeba_subset\img_align_celeba\115638.jpg,310,True,8,True,0.290790855884552,293.72780000267085
D:\Bartek\coding\biometria\facial_auth\celeba_subset\img_align_celeba\016528.jpg,1147,True,2,False,0.5823276042938232,290.31620000023395
D:\Bartek\coding\biometria\facial_auth\celeba_subset\img_align_celeba\016528.jpg,1147,True,2,True,0.5768393874168396,288.24680000252556
D:\Bartek\coding\biometria\facial_auth\celeba_subset\img_align_celeba\014548.jpg,6456,True,4,False,0.3415175974369049,289.7517000019434
D:\Bartek\coding\biometria\facial_auth\celeba_subset\img_align_celeba\014548.jpg,6456,True,4,True,0.38764750957489014,278.38550000160467
D:\Bartek\coding\biometria\facial_auth\celeba_subset\img_align_celeba\014101.jpg,9534,True,8,False,0.24424593150615692,281.36739999899874
D:\Bartek\coding\biometria\facial_auth\celeba_subset\img_align_celeba\014101.jpg,9534,True,8,True,0.26306113600730896,284.3014000027324
D:\Bartek\coding\biometria\facial_auth\celeba_subset\img_align_celeba\178718.jpg,190,True,2,False,0.39771777391433716,289.15499999857275
D:\Bartek\coding\biometria\facial_auth\celeba_subset\img_align_celeba\178718.jpg,190,True,2,True,0.34724947810173035,298.1253000034485
D:\Bartek\coding\biometria\facial_auth\celeba_subset\img_align_celeba\125549.jpg,7103,True,4,False,0.12954293191432953,279.221900003904
D:\Bartek\coding\biometria\facial_auth\celeba_subset\img_align_celeba\125549.jpg,7103,True,4,True,0.3004385232925415,285.09139999368927
D:\Bartek\coding\biometria\facial_auth\celeba_subset\img_align_celeba\124216.jpg,8834,True,8,False,0.04509707912802696,281.9813000023714
D:\Bartek\coding\biometria\facial_auth\celeba_subset\img_align_celeba\124216.jpg,8834,True,8,True,0.03730267658829689,291.2780000042403
D:\Bartek\coding\biometria\facial_auth\celeba_subset\img_align_celeba\044906.jpg,5747,True,2,False,0.5644446015357971,284.9532999971416
D:\Bartek\coding\biometria\facial_auth\celeba_subset\img_align_celeba\044906.jpg,5747,True,2,True,0.4887674152851105,297.9313999967417
D:\Bartek\coding\biometria\facial_auth\celeba_subset\img_align_celeba\156608.jpg,5672,True,4,False,0.41943055391311646,283.01630000350997
D:\Bartek\coding\biometria\facial_auth\celeba_subset\img_align_celeba\156608.jpg,5672,True,4,True,0.3489014804363251,278.9623999997275
D:\Bartek\coding\biometria\facial_auth\celeba_subset\img_align_celeba\109257.jpg,1128,True,8,False,0.029893184080719948,283.7779999972554
D:\Bartek\coding\biometria\facial_auth\celeba_subset\img_align_celeba\109257.jpg,1128,True,8,True,0.03168871998786926,295.9164999992936
D:\Bartek\coding\biometria\facial_auth\celeba_subset\img_align_celeba\025911.jpg,7422,True,2,False,0.56111079454422,283.93599999981234
D:\Bartek\coding\biometria\facial_auth\celeba_subset\img_align_celeba\025911.jpg,7422,True,2,True,0.6142553091049194,312.04759999673115
D:\Bartek\coding\biometria\facial_auth\celeba_subset\img_align_celeba\192491.jpg,5033,True,4,False,0.3953438103199005,275.21790000173496
D:\Bartek\coding\biometria\facial_auth\celeba_subset\img_align_celeba\192491.jpg,5033,True,4,True,0.4405006766319275,284.63759999431204
D:\Bartek\coding\biometria\facial_auth\celeba_subset\img_align_celeba\136572.jpg,4968,True,8,False,0.1453561931848526,279.96169999823906
D:\Bartek\coding\biometria\facial_auth\celeba_subset\img_align_celeba\136572.jpg,4968,True,8,True,0.13352477550506592,280.1528000054532
D:\Bartek\coding\biometria\facial_auth\celeba_subset\img_align_celeba\091878.jpg,5672,True,2,False,0.40239226818084717,287.3706999962451
D:\Bartek\coding\biometria\facial_auth\celeba_subset\img_align_celeba\091878.jpg,5672,True,2,True,0.3597964644432068,281.6702999989502
D:\Bartek\coding\biometria\facial_auth\celeba_subset\img_align_celeba\062705.jpg,1128,True,4,False,0.43310546875,285.35569999803556
D:\Bartek\coding\biometria\facial_auth\celeba_subset\img_align_celeba\062705.jpg,1128,True,4,True,0.5182159543037415,291.46549999859417
D:\Bartek\coding\biometria\facial_auth\celeba_subset\img_align_celeba\172977.jpg,3236,True,8,False,0.010218426585197449,281.1844000025303
D:\Bartek\coding\biometria\facial_auth\celeba_subset\img_align_celeba\172977.jpg,3236,True,8,True,0.019969919696450233,290.7171999977436
D:\Bartek\coding\biometria\facial_auth\celeba_subset\img_align_celeba\032368.jpg,5437,True,2,False,0.588258683681488,284.9662000007811
D:\Bartek\coding\biometria\facial_auth\celeba_subset\img_align_celeba\032368.jpg,5437,True,2,True,0.5675966143608093,284.65570000116713
D:\Bartek\coding\biometria\facial_auth\celeba_subset\img_align_celeba\091765.jpg,7338,True,4,False,0.26677608489990234,292.1091999960481
D:\Bartek\coding\biometria\facial_auth\celeba_subset\img_align_celeba\091765.jpg,7338,True,4,True,0.27627959847450256,301.8634999971255
D:\Bartek\coding\biometria\facial_auth\celeba_subset\img_align_celeba\023249.jpg,9478,True,8,False,0.04395940527319908,289.8457000046619
D:\Bartek\coding\biometria\facial_auth\celeba_subset\img_align_celeba\023249.jpg,9478,True,8,True,0.035280704498291016,292.42789999989327
D:\Bartek\coding\biometria\facial_auth\celeba_subset\img_align_celeba\061551.jpg,2835,True,2,False,0.3157725930213928,290.1826000015717
D:\Bartek\coding\biometria\facial_auth\celeba_subset\img_align_celeba\061551.jpg,2835,True,2,True,0.2816530168056488,297.6328000004287
D:\Bartek\coding\biometria\facial_auth\celeba_subset\img_align_celeba\171205.jpg,3236,True,4,False,0.24067422747612,284.15810000296915
D:\Bartek\coding\biometria\facial_auth\celeba_subset\img_align_celeba\171205.jpg,3236,True,4,True,0.26900923252105713,290.0736000010511
D:\Bartek\coding\biometria\facial_auth\celeba_subset\img_align_celeba\185878.jpg,9489,True,8,False,0.1210213452577591,279.08880000177305
D:\Bartek\coding\biometria\facial_auth\celeba_subset\img_align_celeba\185878.jpg,9489,True,8,True,0.11487839370965958,284.3345000001136
D:\Bartek\coding\biometria\facial_auth\celeba_subset\img_align_celeba\012915.jpg,5246,True,2,False,0.27288854122161865,290.15549999894574
D:\Bartek\coding\biometria\facial_auth\celeba_subset\img_align_celeba\012915.jpg,5246,True,2,True,0.31581106781959534,306.0559999939869
D:\Bartek\coding\biometria\facial_auth\celeba_subset\img_align_celeba\037923.jpg,5190,True,4,False,0.26838210225105286,287.530900001002
D:\Bartek\coding\biometria\facial_auth\celeba_subset\img_align_celeba\037923.jpg,5190,True,4,True,0.32004064321517944,287.9815999986022
D:\Bartek\coding\biometria\facial_auth\celeba_subset\img_align_celeba\187881.jpg,5872,True,8,False,0.139869824051857,280.51469999627443
D:\Bartek\coding\biometria\facial_auth\celeba_subset\img_align_celeba\187881.jpg,5872,True,8,True,0.13515228033065796,280.6383999995887
D:\Bartek\coding\biometria\facial_auth\celeba_subset\img_align_celeba\038491.jpg,4929,True,2,False,0.3523002564907074,285.29559999878984
D:\Bartek\coding\biometria\facial_auth\celeba_subset\img_align_celeba\038491.jpg,4929,True,2,True,0.3159656226634979,288.7628999960725
D:\Bartek\coding\biometria\facial_auth\celeba_subset\img_align_celeba\100751.jpg,5747,True,4,False,0.446756511926651,289.8836000022129
D:\Bartek\coding\biometria\facial_auth\celeba_subset\img_align_celeba\100751.jpg,5747,True,4,True,0.3621183931827545,292.5431999974535
D:\Bartek\coding\biometria\facial_auth\celeba_subset\img_align_celeba\180118.jpg,2177,True,8,False,0.9393495917320251,302.6850999958697
D:\Bartek\coding\biometria\facial_auth\celeba_subset\img_align_celeba\180118.jpg,2177,True,8,True,0.9344132542610168,289.9900000047637
D:\Bartek\coding\biometria\facial_auth\celeba_subset\img_align_celeba\177990.jpg,205,True,2,False,0.5049354434013367,306.6132000021753
D:\Bartek\coding\biometria\facial_auth\celeba_subset\img_align_celeba\177990.jpg,205,True,2,True,0.43512412905693054,292.5316000037128
D:\Bartek\coding\biometria\facial_auth\celeba_subset\img_align_celeba\067888.jpg,9828,True,4,False,0.48464131355285645,284.70470000320347
D:\Bartek\coding\biometria\facial_auth\celeba_subset\img_align_celeba\067888.jpg,9828,True,4,True,0.4176039397716522,287.7275999999256
D:\Bartek\coding\biometria\facial_auth\celeba_subset\img_align_celeba\098436.jpg,5656,True,8,False,0.09184562414884567,284.37570000096457
D:\Bartek\coding\biometria\facial_auth\celeba_subset\img_align_celeba\098436.jpg,5656,True,8,True,0.09843643009662628,281.3643999979831
D:\Bartek\coding\biometria\facial_auth\celeba_subset\img_align_celeba\180466.jpg,1120,True,2,False,0.4860292375087738,285.39920000184793
D:\Bartek\coding\biometria\facial_auth\celeba_subset\img_align_celeba\180466.jpg,1120,True,2,True,0.4864629805088043,295.2032000030158
D:\Bartek\coding\biometria\facial_auth\celeba_subset\img_align_celeba\160984.jpg,8,True,4,False,0.49659115076065063,286.567200004356
D:\Bartek\coding\biometria\facial_auth\celeba_subset\img_align_celeba\160984.jpg,8,True,4,True,0.5759506821632385,299.7678000028827
D:\Bartek\coding\biometria\facial_auth\celeba_subset\img_align_celeba\061252.jpg,6806,True,8,False,0.02579285204410553,278.6564999987604
D:\Bartek\coding\biometria\facial_auth\celeba_subset\img_align_celeba\061252.jpg,6806,True,8,True,0.020790619775652885,277.6998999979696
D:\Bartek\coding\biometria\facial_auth\celeba_subset\img_align_celeba\154628.jpg,5064,True,2,False,0.8955661654472351,278.5560999982408
D:\Bartek\coding\biometria\facial_auth\celeba_subset\img_align_celeba\154628.jpg,5064,True,2,True,0.8929570913314819,287.5519000008353
D:\Bartek\coding\biometria\facial_auth\celeba_subset\img_align_celeba\054354.jpg,4929,True,4,False,0.26866111159324646,286.46309999749064
D:\Bartek\coding\biometria\facial_auth\celeba_subset\img_align_celeba\054354.jpg,4929,True,4,True,0.24407008290290833,285.12330000376096
D:\Bartek\coding\biometria\facial_auth\celeba_subset\img_align_celeba\193305.jpg,6528,True,8,False,0.5155925750732422,277.43159999954514
D:\Bartek\coding\biometria\facial_auth\celeba_subset\img_align_celeba\193305.jpg,6528,True,8,True,0.5058444142341614,289.83310000330675
D:\Bartek\coding\biometria\facial_auth\celeba_subset\img_align_celeba\114858.jpg,1147,True,2,False,0.46147751808166504,287.9047000024002
D:\Bartek\coding\biometria\facial_auth\celeba_subset\img_align_celeba\114858.jpg,1147,True,2,True,0.45890575647354126,287.34090000216383
D:\Bartek\coding\biometria\facial_auth\celeba_subset\img_align_celeba\025021.jpg,9478,True,4,False,0.5593241453170776,284.59730000031414
D:\Bartek\coding\biometria\facial_auth\celeba_subset\img_align_celeba\025021.jpg,9478,True,4,True,0.6133474111557007,293.2811999999103
D:\Bartek\coding\biometria\facial_auth\celeba_subset\img_align_celeba\007433.jpg,5922,True,8,False,0.1002056747674942,284.49969999928726
D:\Bartek\coding\biometria\facial_auth\celeba_subset\img_align_celeba\007433.jpg,5922,True,8,True,0.1093866303563118,288.89429999981076
D:\Bartek\coding\biometria\facial_auth\celeba_subset\img_align_celeba\193319.jpg,6195,True,2,False,0.38208284974098206,284.06879999965895
D:\Bartek\coding\biometria\facial_auth\celeba_subset\img_align_celeba\193319.jpg,6195,True,2,True,0.3522222340106964,290.1359000024968
D:\Bartek\coding\biometria\facial_auth\celeba_subset\img_align_celeba\131248.jpg,9000,True,4,False,0.41889092326164246,287.34499999700347
D:\Bartek\coding\biometria\facial_auth\celeba_subset\img_align_celeba\131248.jpg,9000,True,4,True,0.4076017439365387,295.30910000175936
D:\Bartek\coding\biometria\facial_auth\celeba_subset\img_align_celeba\113004.jpg,1435,True,8,False,0.04022086411714554,287.5359000026947
D:\Bartek\coding\biometria\facial_auth\celeba_subset\img_align_celeba\113004.jpg,1435,True,8,True,0.032902903854846954,289.4058999954723
D:\Bartek\coding\biometria\facial_auth\celeba_subset\img_align_celeba\146542.jpg,9144,True,2,False,0.3539477288722992,288.03809999953955
D:\Bartek\coding\biometria\facial_auth\celeba_subset\img_align_celeba\146542.jpg,9144,True,2,True,0.30599987506866455,283.7005999972462
D:\Bartek\coding\biometria\facial_auth\celeba_subset\img_align_celeba\132781.jpg,5672,True,4,False,0.40084555745124817,296.5589000014006
D:\Bartek\coding\biometria\facial_auth\celeba_subset\img_align_celeba\132781.jpg,5672,True,4,True,0.32353436946868896,285.631699996884
D:\Bartek\coding\biometria\facial_auth\celeba_subset\img_align_celeba\175978.jpg,205,True,8,False,0.05955176800489426,294.0415999983088
D:\Bartek\coding\biometria\facial_auth\celeba_subset\img_align_celeba\175978.jpg,205,True,8,True,0.05885619297623634,284.09009999450063
D:\Bartek\coding\biometria\facial_auth\celeba_subset\img_align_celeba\202441.jpg,6528,True,2,False,0.4970777928829193,275.6738999960362
D:\Bartek\coding\biometria\facial_auth\celeba_subset\img_align_celeba\202441.jpg,6528,True,2,True,0.44235295057296753,279.22079999552807
D:\Bartek\coding\biometria\facial_auth\celeba_subset\img_align_celeba\000131.jpg,7222,True,4,False,0.3322562873363495,212.8694999992149
D:\Bartek\coding\biometria\facial_auth\celeba_subset\img_align_celeba\000131.jpg,7222,True,4,True,0.3297714293003082,277.9085000001942
D:\Bartek\coding\biometria\facial_auth\celeba_subset\img_align_celeba\151863.jpg,7222,True,8,False,0.09539563953876495,276.65049999632174
D:\Bartek\coding\biometria\facial_auth\celeba_subset\img_align_celeba\151863.jpg,7222,True,8,True,0.09259983152151108,289.23979999672156
D:\Bartek\coding\biometria\facial_auth\celeba_subset\img_align_celeba\142235.jpg,5780,True,2,False,0.5474393963813782,291.8948000005912
D:\Bartek\coding\biometria\facial_auth\celeba_subset\img_align_celeba\142235.jpg,5780,True,2,True,0.5496389269828796,283.945399998629
D:\Bartek\coding\biometria\facial_auth\celeba_subset\img_align_celeba\135764.jpg,8091,True,4,False,0.49125251173973083,285.62200000305893
D:\Bartek\coding\biometria\facial_auth\celeba_subset\img_align_celeba\135764.jpg,8091,True,4,True,0.5102877020835876,291.6232999996282
D:\Bartek\coding\biometria\facial_auth\celeba_subset\img_align_celeba\111988.jpg,7253,True,8,False,0.1385040581226349,288.414599999669
D:\Bartek\coding\biometria\facial_auth\celeba_subset\img_align_celeba\111988.jpg,7253,True,8,True,0.12765078246593475,281.113799996092
D:\Bartek\coding\biometria\facial_auth\celeba_subset\img_align_celeba\166195.jpg,913,True,2,False,0.8410937786102295,278.94490000471706
D:\Bartek\coding\biometria\facial_auth\celeba_subset\img_align_celeba\166195.jpg,913,True,2,True,0.7941182851791382,292.2139000002062
D:\Bartek\coding\biometria\facial_auth\celeba_subset\img_align_celeba\148514.jpg,5064,True,4,False,0.7306408286094666,288.37989999738056
D:\Bartek\coding\biometria\facial_auth\celeba_subset\img_align_celeba\148514.jpg,5064,True,4,True,0.8359555602073669,286.387600004673
D:\Bartek\coding\biometria\facial_auth\celeba_subset\img_align_celeba\067098.jpg,6233,True,8,False,0.20324869453907013,289.98029999638675
D:\Bartek\coding\biometria\facial_auth\celeba_subset\img_align_celeba\067098.jpg,6233,True,8,True,0.22810304164886475,285.7596000030753
D:\Bartek\coding\biometria\facial_auth\celeba_subset\img_align_celeba\138602.jpg,5099,True,2,False,0.6905177235603333,282.3613000000478
D:\Bartek\coding\biometria\facial_auth\celeba_subset\img_align_celeba\138602.jpg,5099,True,2,True,0.6873252987861633,291.83069999999134
D:\Bartek\coding\biometria\facial_auth\celeba_subset\img_align_celeba\072577.jpg,8748,True,4,False,0.4646790623664856,290.0325000009616
D:\Bartek\coding\biometria\facial_auth\celeba_subset\img_align_celeba\072577.jpg,8748,True,4,True,0.47315603494644165,292.2018000026583
D:\Bartek\coding\biometria\facial_auth\celeba_subset\img_align_celeba\166661.jpg,2177,True,8,False,0.9322632551193237,282.70879999763565
D:\Bartek\coding\biometria\facial_auth\celeba_subset\img_align_celeba\166661.jpg,2177,True,8,True,0.9279237389564514,303.24160000600386
D:\Bartek\coding\biometria\facial_auth\celeba_subset\img_align_celeba\139598.jpg,1128,True,2,False,0.5378291010856628,281.77169999980833
D:\Bartek\coding\biometria\facial_auth\celeba_subset\img_align_celeba\139598.jpg,1128,True,2,True,0.4959423840045929,280.29489999607904
D:\Bartek\coding\biometria\facial_auth\celeba_subset\img_align_celeba\194818.jpg,8027,True,4,False,0.2892422080039978,279.91340000153286
D:\Bartek\coding\biometria\facial_auth\celeba_subset\img_align_celeba\194818.jpg,8027,True,4,True,0.3208792507648468,285.86109999741893
D:\Bartek\coding\biometria\facial_auth\celeba_subset\img_align_celeba\153869.jpg,644,True,8,False,0.016645925119519234,280.158699999447
D:\Bartek\coding\biometria\facial_auth\celeba_subset\img_align_celeba\153869.jpg,644,True,8,True,0.017784660682082176,285.4956000010134
D:\Bartek\coding\biometria\facial_auth\celeba_subset\img_align_celeba\039024.jpg,7338,True,2,False,0.524182915687561,284.68489999795565
D:\Bartek\coding\biometria\facial_auth\celeba_subset\img_align_celeba\039024.jpg,7338,True,2,True,0.5450516939163208,231.30249999667285
D:\Bartek\coding\biometria\facial_auth\celeba_subset\img_align_celeba\082803.jpg,2814,True,4,False,0.27529585361480713,279.3122000002768
D:\Bartek\coding\biometria\facial_auth\celeba_subset\img_align_celeba\082803.jpg,2814,True,4,True,0.13697293400764465,280.9326999995392
D:\Bartek\coding\biometria\facial_auth\celeba_subset\img_align_celeba\037613.jpg,9478,True,8,False,0.04030546173453331,303.8250999961747
D:\Bartek\coding\biometria\facial_auth\celeba_subset\img_align_celeba\037613.jpg,9478,True,8,True,0.04089711979031563,287.82139999384526
D:\Bartek\coding\biometria\facial_auth\celeba_subset\img_align_celeba\191940.jpg,6195,True,2,False,0.450770765542984,279.6202000026824
D:\Bartek\coding\biometria\facial_auth\celeba_subset\img_align_celeba\191940.jpg,6195,True,2,True,0.41628405451774597,281.5021000060369
D:\Bartek\coding\biometria\facial_auth\celeba_subset\img_align_celeba\033529.jpg,878,True,4,False,0.4871082603931427,284.29659999528667
D:\Bartek\coding\biometria\facial_auth\celeba_subset\img_align_celeba\033529.jpg,878,True,4,True,0.46544596552848816,285.2947999999742
D:\Bartek\coding\biometria\facial_auth\celeba_subset\img_align_celeba\178532.jpg,1350,True,8,False,0.024562247097492218,287.36249999928987
D:\Bartek\coding\biometria\facial_auth\celeba_subset\img_align_celeba\178532.jpg,1350,True,8,True,0.02627556398510933,285.0386999998591
D:\Bartek\coding\biometria\facial_auth\celeba_subset\img_align_celeba\181475.jpg,2177,True,2,False,0.2909931540489197,288.98940000362927
D:\Bartek\coding\biometria\facial_auth\celeba_subset\img_align_celeba\181475.jpg,2177,True,2,True,0.19637662172317505,290.3927000006661
D:\Bartek\coding\biometria\facial_auth\celeba_subset\img_align_celeba\161310.jpg,6806,True,4,False,0.59527987241745,283.7454000036814
D:\Bartek\coding\biometria\facial_auth\celeba_subset\img_align_celeba\161310.jpg,6806,True,4,True,0.6202040314674377,300.15600000479026
D:\Bartek\coding\biometria\facial_auth\celeba_subset\img_align_celeba\194539.jpg,6195,True,8,False,0.45943552255630493,281.8440999981249
D:\Bartek\coding\biometria\facial_auth\celeba_subset\img_align_celeba\194539.jpg,6195,True,8,True,0.46387484669685364,286.5155000035884
D:\Bartek\coding\biometria\facial_auth\celeba_subset\img_align_celeba\180584.jpg,1120,True,2,False,0.6510319113731384,286.46930000104476
D:\Bartek\coding\biometria\facial_auth\celeba_subset\img_align_celeba\180584.jpg,1120,True,2,True,0.5579111576080322,294.67660000227625
D:\Bartek\coding\biometria\facial_auth\celeba_subset\img_align_celeba\080937.jpg,9478,True,4,False,0.6053295135498047,285.36239999812096
D:\Bartek\coding\biometria\facial_auth\celeba_subset\img_align_celeba\080937.jpg,9478,True,4,True,0.5935705900192261,290.6121999985771
D:\Bartek\coding\biometria\facial_auth\celeba_subset\img_align_celeba\157903.jpg,6086,True,8,False,0.07869478315114975,288.3804000011878
D:\Bartek\coding\biometria\facial_auth\celeba_subset\img_align_celeba\157903.jpg,6086,True,8,True,0.07841493934392929,280.67539999756264
D:\Bartek\coding\biometria\facial_auth\celeba_subset\img_align_celeba\131034.jpg,310,True,2,False,0.2423161268234253,291.0813999988022
D:\Bartek\coding\biometria\facial_auth\celeba_subset\img_align_celeba\131034.jpg,310,True,2,True,0.2215999960899353,295.0882999939495
D:\Bartek\coding\biometria\facial_auth\celeba_subset\img_align_celeba\109046.jpg,655,True,4,False,0.3107151687145233,284.1707999978098
D:\Bartek\coding\biometria\facial_auth\celeba_subset\img_align_celeba\109046.jpg,655,True,4,True,0.24690811336040497,294.1530999960378
D:\Bartek\coding\biometria\facial_auth\celeba_subset\img_align_celeba\111834.jpg,5780,True,8,False,0.2328525334596634,280.6477999984054
D:\Bartek\coding\biometria\facial_auth\celeba_subset\img_align_celeba\111834.jpg,5780,True,8,True,0.26312536001205444,284.2169999930775
D:\Bartek\coding\biometria\facial_auth\celeba_subset\img_align_celeba\020798.jpg,5534,True,2,False,0.7312386631965637,280.1720999996178
D:\Bartek\coding\biometria\facial_auth\celeba_subset\img_align_celeba\020798.jpg,5534,True,2,True,0.5571699738502502,286.6435999967507
D:\Bartek\coding\biometria\facial_auth\celeba_subset\img_align_celeba\059202.jpg,4150,True,4,False,0.5048334002494812,314.64969999797177
D:\Bartek\coding\biometria\facial_auth\celeba_subset\img_align_celeba\059202.jpg,4150,True,4,True,0.4513131082057953,285.76080000493675
D:\Bartek\coding\biometria\facial_auth\celeba_subset\img_align_celeba\055840.jpg,655,True,8,False,0.07694322615861893,285.1029000012204
D:\Bartek\coding\biometria\facial_auth\celeba_subset\img_align_celeba\055840.jpg,655,True,8,True,0.08066967129707336,276.5594000011333
D:\Bartek\coding\biometria\facial_auth\celeba_subset\img_align_celeba\014731.jpg,2814,True,2,False,0.6359791159629822,278.98580000328366
D:\Bartek\coding\biometria\facial_auth\celeba_subset\img_align_celeba\014731.jpg,2814,True,2,True,0.5244046449661255,285.0003999992623
D:\Bartek\coding\biometria\facial_auth\celeba_subset\img_align_celeba\122195.jpg,7422,True,4,False,0.5524882674217224,277.81659999891417
D:\Bartek\coding\biometria\facial_auth\celeba_subset\img_align_celeba\122195.jpg,7422,True,4,True,0.5891534090042114,306.0115999978734
D:\Bartek\coding\biometria\facial_auth\celeba_subset\img_align_celeba\130933.jpg,898,True,8,False,0.30252498388290405,282.9483999958029
D:\Bartek\coding\biometria\facial_auth\celeba_subset\img_align_celeba\130933.jpg,898,True,8,True,0.27533480525016785,276.5291000032448
D:\Bartek\coding\biometria\facial_auth\celeba_subset\img_align_celeba\123981.jpg,6170,True,2,False,0.881180465221405,279.5566000058898
D:\Bartek\coding\biometria\facial_auth\celeba_subset\img_align_celeba\123981.jpg,6170,True,2,True,0.8313031792640686,222.54940000129864
D:\Bartek\coding\biometria\facial_auth\celeba_subset\img_align_celeba\150171.jpg,7338,True,4,False,0.3258786201477051,277.8558999998495
D:\Bartek\coding\biometria\facial_auth\celeba_subset\img_align_celeba\150171.jpg,7338,True,4,True,0.4272884726524353,281.37319999950705
D:\Bartek\coding\biometria\facial_auth\celeba_subset\img_align_celeba\058817.jpg,644,True,8,False,0.027039382606744766,273.79500000097323
D:\Bartek\coding\biometria\facial_auth\celeba_subset\img_align_celeba\058817.jpg,644,True,8,True,0.058220889419317245,284.0823000005912
D:\Bartek\coding\biometria\facial_auth\celeba_subset\img_align_celeba\055785.jpg,4968,True,2,False,0.4838840961456299,286.7455000014161
D:\Bartek\coding\biometria\facial_auth\celeba_subset\img_align_celeba\055785.jpg,4968,True,2,True,0.3843863904476166,288.3116999946651
D:\Bartek\coding\biometria\facial_auth\celeba_subset\img_align_celeba\175982.jpg,2177,True,4,False,0.8111065030097961,278.4313000011025
D:\Bartek\coding\biometria\facial_auth\celeba_subset\img_align_celeba\175982.jpg,2177,True,4,True,0.7731061577796936,281.245600002876
D:\Bartek\coding\biometria\facial_auth\celeba_subset\img_align_celeba\133183.jpg,9828,True,8,False,0.035567305982112885,271.47010000044247
D:\Bartek\coding\biometria\facial_auth\celeba_subset\img_align_celeba\133183.jpg,9828,True,8,True,0.04576782137155533,272.5415999957477
D:\Bartek\coding\biometria\facial_auth\celeba_subset\img_align_celeba\160752.jpg,6719,True,2,False,0.48425087332725525,280.2999000050477
D:\Bartek\coding\biometria\facial_auth\celeba_subset\img_align_celeba\160752.jpg,6719,True,2,True,0.4828759729862213,283.91260000353213
D:\Bartek\coding\biometria\facial_auth\celeba_subset\img_align_celeba\190600.jpg,8415,True,4,False,0.676002025604248,303.65409999649273
D:\Bartek\coding\biometria\facial_auth\celeba_subset\img_align_celeba\190600.jpg,8415,True,4,True,0.6230193376541138,295.786999995471
D:\Bartek\coding\biometria\facial_auth\celeba_subset\img_align_celeba\152338.jpg,6170,True,8,False,0.04553897678852081,304.43820000073174
D:\Bartek\coding\biometria\facial_auth\celeba_subset\img_align_celeba\152338.jpg,6170,True,8,True,0.06576666235923767,309.00110000220593
D:\Bartek\coding\biometria\facial_auth\celeba_subset\img_align_celeba\066995.jpg,8971,True,2,False,0.3888302743434906,286.9205000024522
D:\Bartek\coding\biometria\facial_auth\celeba_subset\img_align_celeba\066995.jpg,8971,True,2,True,0.37259232997894287,287.92280000197934
D:\Bartek\coding\biometria\facial_auth\celeba_subset\img_align_celeba\070850.jpg,9478,True,4,False,0.21174687147140503,284.8816999976407
D:\Bartek\coding\biometria\facial_auth\celeba_subset\img_align_celeba\070850.jpg,9478,True,4,True,0.030201371759176254,308.33939999865834
D:\Bartek\coding\biometria\facial_auth\celeba_subset\img_align_celeba\116821.jpg,5238,True,8,False,0.036927931010723114,291.1498000030406
D:\Bartek\coding\biometria\facial_auth\celeba_subset\img_align_celeba\116821.jpg,5238,True,8,True,0.045834675431251526,302.4870000008377
D:\Bartek\coding\biometria\facial_auth\celeba_subset\img_align_celeba\067365.jpg,6806,True,2,False,0.7631490230560303,280.4586000056588
D:\Bartek\coding\biometria\facial_auth\celeba_subset\img_align_celeba\067365.jpg,6806,True,2,True,0.7322009801864624,291.6784999979427
D:\Bartek\coding\biometria\facial_auth\celeba_subset\img_align_celeba\079338.jpg,5210,True,4,False,0.5692381858825684,287.39609999320237
D:\Bartek\coding\biometria\facial_auth\celeba_subset\img_align_celeba\079338.jpg,5210,True,4,True,0.5539808869361877,291.79999999905704
D:\Bartek\coding\biometria\facial_auth\celeba_subset\img_align_celeba\123442.jpg,6806,True,8,False,0.03747390955686569,281.3107999972999
D:\Bartek\coding\biometria\facial_auth\celeba_subset\img_align_celeba\123442.jpg,6806,True,8,True,0.0034316391684114933,278.9159000021755
D:\Bartek\coding\biometria\facial_auth\celeba_subset\img_align_celeba\198052.jpg,6195,True,2,False,0.34790781140327454,291.3369000016246
D:\Bartek\coding\biometria\facial_auth\celeba_subset\img_align_celeba\198052.jpg,6195,True,2,True,0.3093961775302887,294.0348999982234
D:\Bartek\coding\biometria\facial_auth\celeba_subset\img_align_celeba\177735.jpg,190,True,4,False,0.32268521189689636,303.9502000028733
D:\Bartek\coding\biometria\facial_auth\celeba_subset\img_align_celeba\177735.jpg,190,True,4,True,0.3112945854663849,285.2171999984421
D:\Bartek\coding\biometria\facial_auth\celeba_subset\img_align_celeba\023382.jpg,7253,True,8,False,0.1374281495809555,279.91019999899436
D:\Bartek\coding\biometria\facial_auth\celeba_subset\img_align_celeba\023382.jpg,7253,True,8,True,0.11909583956003189,289.36719999910565
D:\Bartek\coding\biometria\facial_auth\celeba_subset\img_align_celeba\139630.jpg,5672,True,2,False,0.6064785122871399,290.67439999926137
D:\Bartek\coding\biometria\facial_auth\celeba_subset\img_align_celeba\139630.jpg,5672,True,2,True,0.48435497283935547,293.6360999956378
D:\Bartek\coding\biometria\facial_auth\celeba_subset\img_align_celeba\049305.jpg,5210,True,4,False,0.24855364859104156,289.22240000247257
D:\Bartek\coding\biometria\facial_auth\celeba_subset\img_align_celeba\049305.jpg,5210,True,4,True,0.24431487917900085,291.4403999966453
D:\Bartek\coding\biometria\facial_auth\celeba_subset\img_align_celeba\008237.jpg,1104,True,8,False,-0.01609291322529316,284.0737000005902
D:\Bartek\coding\biometria\facial_auth\celeba_subset\img_align_celeba\008237.jpg,1104,True,8,True,-0.009008325636386871,292.51239999575773
D:\Bartek\coding\biometria\facial_auth\celeba_subset\img_align_celeba\006575.jpg,5780,True,2,False,0.4726475477218628,225.25270000187447
D:\Bartek\coding\biometria\facial_auth\celeba_subset\img_align_celeba\006575.jpg,5780,True,2,True,0.46582910418510437,297.1183999979985
D:\Bartek\coding\biometria\facial_auth\celeba_subset\img_align_celeba\056862.jpg,6719,True,4,False,0.5034478306770325,280.64029999950435
D:\Bartek\coding\biometria\facial_auth\celeba_subset\img_align_celeba\056862.jpg,6719,True,4,True,0.3738604485988617,288.17919999710284
D:\Bartek\coding\biometria\facial_auth\celeba_subset\img_align_celeba\176949.jpg,4185,True,8,False,0.12717489898204803,286.283800000092
D:\Bartek\coding\biometria\facial_auth\celeba_subset\img_align_celeba\176949.jpg,4185,True,8,True,0.13793666660785675,287.8244000021368
D:\Bartek\coding\biometria\facial_auth\celeba_subset\img_align_celeba\162906.jpg,1120,True,2,False,0.6766020655632019,279.29089999815915
D:\Bartek\coding\biometria\facial_auth\celeba_subset\img_align_celeba\162906.jpg,1120,True,2,True,0.7266091704368591,294.18489999807207
D:\Bartek\coding\biometria\facial_auth\celeba_subset\img_align_celeba\171847.jpg,3236,True,4,False,0.22225485742092133,284.93790000356967
D:\Bartek\coding\biometria\facial_auth\celeba_subset\img_align_celeba\171847.jpg,3236,True,4,True,0.19293977320194244,284.8314000002574
D:\Bartek\coding\biometria\facial_auth\celeba_subset\img_align_celeba\054674.jpg,5238,True,8,False,0.030264636501669884,282.16140000586165
D:\Bartek\coding\biometria\facial_auth\celeba_subset\img_align_celeba\054674.jpg,5238,True,8,True,0.05565348640084267,287.6052999999956
D:\Bartek\coding\biometria\facial_auth\celeba_subset\img_align_celeba\180177.jpg,3236,True,2,False,0.4901474416255951,287.3801000023377
D:\Bartek\coding\biometria\facial_auth\celeba_subset\img_align_celeba\180177.jpg,3236,True,2,True,0.5045762062072754,285.2488999997149
D:\Bartek\coding\biometria\facial_auth\celeba_subset\img_align_celeba\056555.jpg,5648,True,4,False,0.6458847522735596,284.085999999661
D:\Bartek\coding\biometria\facial_auth\celeba_subset\img_align_celeba\056555.jpg,5648,True,4,True,0.5909406542778015,282.6299000007566
D:\Bartek\coding\biometria\facial_auth\celeba_subset\img_align_celeba\118124.jpg,5747,True,8,False,0.10385076701641083,278.1098999985261
D:\Bartek\coding\biometria\facial_auth\celeba_subset\img_align_celeba\118124.jpg,5747,True,8,True,0.0852663591504097,282.83640000154264
D:\Bartek\coding\biometria\facial_auth\celeba_subset\img_align_celeba\011102.jpg,6170,True,2,False,0.8223503828048706,287.4364000017522
D:\Bartek\coding\biometria\facial_auth\celeba_subset\img_align_celeba\011102.jpg,6170,True,2,True,0.7277534008026123,291.4477999947849
D:\Bartek\coding\biometria\facial_auth\celeba_subset\img_align_celeba\063877.jpg,5747,True,4,False,0.2736288011074066,287.12829999858513
D:\Bartek\coding\biometria\facial_auth\celeba_subset\img_align_celeba\063877.jpg,5747,True,4,True,0.3226797878742218,291.3096999982372
D:\Bartek\coding\biometria\facial_auth\celeba_subset\img_align_celeba\138248.jpg,4929,True,8,False,0.015727827325463295,288.9537000010023
D:\Bartek\coding\biometria\facial_auth\celeba_subset\img_align_celeba\138248.jpg,4929,True,8,True,0.02276524528861046,278.4163000033004
D:\Bartek\coding\biometria\facial_auth\celeba_subset\img_align_celeba\077108.jpg,3655,True,2,False,0.4265000820159912,283.22680000565015
D:\Bartek\coding\biometria\facial_auth\celeba_subset\img_align_celeba\077108.jpg,3655,True,2,True,0.3629363775253296,311.86670000170125
D:\Bartek\coding\biometria\facial_auth\celeba_subset\img_align_celeba\077214.jpg,6170,True,4,False,0.8604222536087036,281.99169999425067
D:\Bartek\coding\biometria\facial_auth\celeba_subset\img_align_celeba\077214.jpg,6170,True,4,True,0.7241888642311096,279.0526000026148
D:\Bartek\coding\biometria\facial_auth\celeba_subset\img_align_celeba\144927.jpg,9910,True,8,False,0.9696972966194153,282.9275999974925
D:\Bartek\coding\biometria\facial_auth\celeba_subset\img_align_celeba\144927.jpg,9910,True,8,True,0.9575676321983337,277.6856000054977
D:\Bartek\coding\biometria\facial_auth\celeba_subset\img_align_celeba\193414.jpg,6528,True,2,False,0.5723555684089661,282.81069999502506
D:\Bartek\coding\biometria\facial_auth\celeba_subset\img_align_celeba\193414.jpg,6528,True,2,True,0.5657378435134888,289.194499993755
D:\Bartek\coding\biometria\facial_auth\celeba_subset\img_align_celeba\092321.jpg,5099,True,4,False,0.633316695690155,291.58969999843976
D:\Bartek\coding\biometria\facial_auth\celeba_subset\img_align_celeba\092321.jpg,5099,True,4,True,0.6141522526741028,283.2431999995606
D:\Bartek\coding\biometria\facial_auth\celeba_subset\img_align_celeba\061296.jpg,8748,True,8,False,0.08143296837806702,281.7166999957408
D:\Bartek\coding\biometria\facial_auth\celeba_subset\img_align_celeba\061296.jpg,8748,True,8,True,0.10640112310647964,292.61469999619294
D:\Bartek\coding\biometria\facial_auth\celeba_subset\img_align_celeba\057489.jpg,975,True,2,False,0.42909204959869385,283.88170000107493
D:\Bartek\coding\biometria\facial_auth\celeba_subset\img_align_celeba\057489.jpg,975,True,2,True,0.4293228089809418,301.24919999798294
D:\Bartek\coding\biometria\facial_auth\celeba_subset\img_align_celeba\140917.jpg,644,True,4,False,0.44620776176452637,271.28519999678247
D:\Bartek\coding\biometria\facial_auth\celeba_subset\img_align_celeba\140917.jpg,644,True,4,True,0.33394360542297363,292.86819999833824
D:\Bartek\coding\biometria\facial_auth\celeba_subset\img_align_celeba\069910.jpg,6086,True,8,False,0.08262288570404053,286.0932000039611
D:\Bartek\coding\biometria\facial_auth\celeba_subset\img_align_celeba\069910.jpg,6086,True,8,True,0.08296609669923782,284.5302999994601
D:\Bartek\coding\biometria\facial_auth\celeba_subset\img_align_celeba\023763.jpg,4929,True,2,False,0.6659547090530396,286.32959999958985
D:\Bartek\coding\biometria\facial_auth\celeba_subset\img_align_celeba\023763.jpg,4929,True,2,True,0.645172655582428,280.4701999993995
D:\Bartek\coding\biometria\facial_auth\celeba_subset\img_align_celeba\029203.jpg,8834,True,4,False,0.343429297208786,281.98189999966417
D:\Bartek\coding\biometria\facial_auth\celeba_subset\img_align_celeba\029203.jpg,8834,True,4,True,0.4109054505825043,291.9885000010254
D:\Bartek\coding\biometria\facial_auth\celeba_subset\img_align_celeba\115932.jpg,8908,True,8,False,0.9300417900085449,277.7548000012757
D:\Bartek\coding\biometria\facial_auth\celeba_subset\img_align_celeba\115932.jpg,8908,True,8,True,0.9286253452301025,283.8250999993761
D:\Bartek\coding\biometria\facial_auth\celeba_subset\img_align_celeba\041441.jpg,5127,True,2,False,0.44942155480384827,291.3738999995985
D:\Bartek\coding\biometria\facial_auth\celeba_subset\img_align_celeba\041441.jpg,5127,True,2,True,0.40340739488601685,291.0273999950732
D:\Bartek\coding\biometria\facial_auth\celeba_subset\img_align_celeba\180933.jpg,1350,True,4,False,0.4255843162536621,286.7506999973557
D:\Bartek\coding\biometria\facial_auth\celeba_subset\img_align_celeba\180933.jpg,1350,True,4,True,0.38399451971054077,285.03700000146637
D:\Bartek\coding\biometria\facial_auth\celeba_subset\img_align_celeba\089265.jpg,8971,True,8,False,0.052265461534261703,289.58540000166977
D:\Bartek\coding\biometria\facial_auth\celeba_subset\img_align_celeba\089265.jpg,8971,True,8,True,0.038501787930727005,286.7619000026025
D:\Bartek\coding\biometria\facial_auth\celeba_subset\img_align_celeba\149391.jpg,655,True,2,False,0.5647913813591003,279.20540000195615
D:\Bartek\coding\biometria\facial_auth\celeba_subset\img_align_celeba\149391.jpg,655,True,2,True,0.5521999001502991,284.18729999975767
D:\Bartek\coding\biometria\facial_auth\celeba_subset\img_align_celeba\190792.jpg,6528,True,4,False,0.4523739516735077,282.3755000063102
D:\Bartek\coding\biometria\facial_auth\celeba_subset\img_align_celeba\190792.jpg,6528,True,4,True,0.3487806022167206,288.287000003038
D:\Bartek\coding\biometria\facial_auth\celeba_subset\img_align_celeba\012588.jpg,5127,True,8,False,0.010277286171913147,278.7608999933582
D:\Bartek\coding\biometria\facial_auth\celeba_subset\img_align_celeba\012588.jpg,5127,True,8,True,0.016779601573944092,285.2908999993815
D:\Bartek\coding\biometria\facial_auth\celeba_subset\img_align_celeba\087736.jpg,1147,True,2,False,0.584087073802948,305.69090000062715
D:\Bartek\coding\biometria\facial_auth\celeba_subset\img_align_celeba\087736.jpg,1147,True,2,True,0.6263902187347412,282.0802999995067
D:\Bartek\coding\biometria\facial_auth\celeba_subset\img_align_celeba\060862.jpg,5922,True,4,False,0.36468276381492615,284.25079999578884
D:\Bartek\coding\biometria\facial_auth\celeba_subset\img_align_celeba\060862.jpg,5922,True,4,True,0.3488686680793762,285.83819999767
D:\Bartek\coding\biometria\facial_auth\celeba_subset\img_align_celeba\100997.jpg,8971,True,8,False,0.03449387103319168,286.26729999814415
D:\Bartek\coding\biometria\facial_auth\celeba_subset\img_align_celeba\100997.jpg,8971,True,8,True,0.03442531079053879,284.6231000003172
D:\Bartek\coding\biometria\facial_auth\celeba_subset\img_align_celeba\004467.jpg,6136,True,2,False,0.37594661116600037,289.63060000387486
D:\Bartek\coding\biometria\facial_auth\celeba_subset\img_align_celeba\004467.jpg,6136,True,2,True,0.36123591661453247,290.53920000296785
D:\Bartek\coding\biometria\facial_auth\celeba_subset\img_align_celeba\142793.jpg,7103,True,4,False,0.16166402399539948,281.80060000158846
D:\Bartek\coding\biometria\facial_auth\celeba_subset\img_align_celeba\142793.jpg,7103,True,4,True,0.16746275126934052,288.3862000016961
D:\Bartek\coding\biometria\facial_auth\celeba_subset\img_align_celeba\079731.jpg,2814,True,8,False,0.04182177037000656,279.86000000237254
D:\Bartek\coding\biometria\facial_auth\celeba_subset\img_align_celeba\079731.jpg,2814,True,8,True,0.039595670998096466,286.85309999855235
D:\Bartek\coding\biometria\facial_auth\celeba_subset\img_align_celeba\055093.jpg,3336,True,2,False,0.5252318382263184,293.024400001741
D:\Bartek\coding\biometria\facial_auth\celeba_subset\img_align_celeba\055093.jpg,3336,True,2,True,0.5140324831008911,298.2770000016899
D:\Bartek\coding\biometria\facial_auth\celeba_subset\img_align_celeba\188620.jpg,8027,True,4,False,0.39477604627609253,289.9872999987565
D:\Bartek\coding\biometria\facial_auth\celeba_subset\img_align_celeba\188620.jpg,8027,True,4,True,0.351421594619751,288.53060000255937
D:\Bartek\coding\biometria\facial_auth\celeba_subset\img_align_celeba\180654.jpg,3877,True,8,False,0.040862392634153366,327.09929999691667
D:\Bartek\coding\biometria\facial_auth\celeba_subset\img_align_celeba\180654.jpg,3877,True,8,True,0.05512011796236038,374.25660000008065
D:\Bartek\coding\biometria\facial_auth\celeba_subset\img_align_celeba\071071.jpg,5922,True,2,False,0.7145856022834778,341.50599999702536
D:\Bartek\coding\biometria\facial_auth\celeba_subset\img_align_celeba\071071.jpg,5922,True,2,True,0.6413238048553467,365.23229999875184
D:\Bartek\coding\biometria\facial_auth\celeba_subset\img_align_celeba\087122.jpg,5780,True,4,False,0.42228445410728455,304.74889999459265
D:\Bartek\coding\biometria\facial_auth\celeba_subset\img_align_celeba\087122.jpg,5780,True,4,True,0.38315629959106445,281.34529999806546
D:\Bartek\coding\biometria\facial_auth\celeba_subset\img_align_celeba\142408.jpg,2814,True,8,False,0.058401744812726974,281.66220000275644
D:\Bartek\coding\biometria\facial_auth\celeba_subset\img_align_celeba\142408.jpg,2814,True,8,True,0.04936542734503746,285.0862999985111
D:\Bartek\coding\biometria\facial_auth\celeba_subset\img_align_celeba\022731.jpg,8908,True,2,False,0.6631879210472107,301.3395000016317
D:\Bartek\coding\biometria\facial_auth\celeba_subset\img_align_celeba\022731.jpg,8908,True,2,True,0.5653123259544373,287.55800000362797
D:\Bartek\coding\biometria\facial_auth\celeba_subset\img_align_celeba\001642.jpg,644,True,4,False,0.10637453198432922,297.4657000013394
D:\Bartek\coding\biometria\facial_auth\celeba_subset\img_align_celeba\001642.jpg,644,True,4,True,0.1414608359336853,289.7882999968715
D:\Bartek\coding\biometria\facial_auth\celeba_subset\img_align_celeba\021768.jpg,6719,True,8,False,0.05892160162329674,287.30910000012955
D:\Bartek\coding\biometria\facial_auth\celeba_subset\img_align_celeba\021768.jpg,6719,True,8,True,0.04705440253019333,291.79659999499563
D:\Bartek\coding\biometria\facial_auth\celeba_subset\img_align_celeba\173366.jpg,190,True,2,False,0.6794249415397644,287.4542999998084
D:\Bartek\coding\biometria\facial_auth\celeba_subset\img_align_celeba\173366.jpg,190,True,2,True,0.705979585647583,297.04259999562055
D:\Bartek\coding\biometria\facial_auth\celeba_subset\img_align_celeba\021044.jpg,8834,True,4,False,0.32887038588523865,285.55860000051325
D:\Bartek\coding\biometria\facial_auth\celeba_subset\img_align_celeba\021044.jpg,8834,True,4,True,0.276528924703598,294.0080000043963
D:\Bartek\coding\biometria\facial_auth\celeba_subset\img_align_celeba\133189.jpg,1149,True,8,False,0.041024379432201385,291.5472000022419
D:\Bartek\coding\biometria\facial_auth\celeba_subset\img_align_celeba\133189.jpg,1149,True,8,True,0.02614804543554783,285.78319999360247
D:\Bartek\coding\biometria\facial_auth\celeba_subset\img_align_celeba\165673.jpg,190,True,2,False,0.6348669528961182,291.6449999975157
D:\Bartek\coding\biometria\facial_auth\celeba_subset\img_align_celeba\165673.jpg,190,True,2,True,0.6145386099815369,221.7610000006971
D:\Bartek\coding\biometria\facial_auth\celeba_subset\img_align_celeba\048199.jpg,8091,True,4,False,0.2165018916130066,276.7937000025995
D:\Bartek\coding\biometria\facial_auth\celeba_subset\img_align_celeba\048199.jpg,8091,True,4,True,0.2538834512233734,287.92950000206474
D:\Bartek\coding\biometria\facial_auth\celeba_subset\img_align_celeba\172378.jpg,3236,True,8,False,0.03733079135417938,288.83420000056503
D:\Bartek\coding\biometria\facial_auth\celeba_subset\img_align_celeba\172378.jpg,3236,True,8,True,0.06658530980348587,282.8654000040842
D:\Bartek\coding\biometria\facial_auth\celeba_subset\img_align_celeba\117198.jpg,6277,True,2,False,0.02656901627779007,277.97350000037113
D:\Bartek\coding\biometria\facial_auth\celeba_subset\img_align_celeba\117198.jpg,6277,True,2,True,0.012702462263405323,289.3287000042619
D:\Bartek\coding\biometria\facial_auth\celeba_subset\img_align_celeba\147336.jpg,8971,True,4,False,0.5196492075920105,279.3403000032413
D:\Bartek\coding\biometria\facial_auth\celeba_subset\img_align_celeba\147336.jpg,8971,True,4,True,0.4405260682106018,290.07959999580635
D:\Bartek\coding\biometria\facial_auth\celeba_subset\img_align_celeba\048423.jpg,5238,True,8,False,0.03225773200392723,283.00799999851733
D:\Bartek\coding\biometria\facial_auth\celeba_subset\img_align_celeba\048423.jpg,5238,True,8,True,0.036917392164468765,499.18590000015683
D:\Bartek\coding\biometria\facial_auth\celeba_subset\img_align_celeba\069083.jpg,4196,True,2,False,0.2750932276248932,290.5382999961148
D:\Bartek\coding\biometria\facial_auth\celeba_subset\img_align_celeba\069083.jpg,4196,True,2,True,0.241507425904274,297.383400000399
D:\Bartek\coding\biometria\facial_auth\celeba_subset\img_align_celeba\032582.jpg,8908,True,4,False,0.7261401414871216,286.04949999862583
D:\Bartek\coding\biometria\facial_auth\celeba_subset\img_align_celeba\032582.jpg,8908,True,4,True,0.7938120365142822,286.61010000359965
D:\Bartek\coding\biometria\facial_auth\celeba_subset\img_align_celeba\166159.jpg,913,True,8,False,0.021887855604290962,278.0385000005481
D:\Bartek\coding\biometria\facial_auth\celeba_subset\img_align_celeba\166159.jpg,913,True,8,True,0.05679432302713394,283.0134999967413
D:\Bartek\coding\biometria\facial_auth\celeba_subset\img_align_celeba\193890.jpg,6195,True,2,False,0.4271315634250641,282.9268000059528
D:\Bartek\coding\biometria\facial_auth\celeba_subset\img_align_celeba\193890.jpg,6195,True,2,True,0.368268758058548,289.22070000407984
D:\Bartek\coding\biometria\facial_auth\celeba_subset\img_align_celeba\039244.jpg,5591,True,4,False,0.1267966330051422,298.2149999952526
D:\Bartek\coding\biometria\facial_auth\celeba_subset\img_align_celeba\039244.jpg,5591,True,4,True,0.11329829692840576,300.79079999995884
D:\Bartek\coding\biometria\facial_auth\celeba_subset\img_align_celeba\065309.jpg,4150,True,8,False,0.0017144514713436365,287.4943999995594
D:\Bartek\coding\biometria\facial_auth\celeba_subset\img_align_celeba\065309.jpg,4150,True,8,True,0.009920830838382244,286.9097000002512
D:\Bartek\coding\biometria\facial_auth\celeba_subset\img_align_celeba\046845.jpg,6233,True,2,False,0.3100539743900299,298.2443000000785
D:\Bartek\coding\biometria\facial_auth\celeba_subset\img_align_celeba\046845.jpg,6233,True,2,True,0.26157474517822266,302.1442999961437
D:\Bartek\coding\biometria\facial_auth\celeba_subset\img_align_celeba\076179.jpg,5246,True,4,False,0.3315806984901428,289.377200002491
D:\Bartek\coding\biometria\facial_auth\celeba_subset\img_align_celeba\076179.jpg,5246,True,4,True,0.36127975583076477,283.4156999961124
D:\Bartek\coding\biometria\facial_auth\celeba_subset\img_align_celeba\111403.jpg,9144,True,8,False,0.1776505410671234,281.80080000311136
D:\Bartek\coding\biometria\facial_auth\celeba_subset\img_align_celeba\111403.jpg,9144,True,8,True,0.16834154725074768,298.94359999889275
D:\Bartek\coding\biometria\facial_auth\celeba_subset\img_align_celeba\149158.jpg,8748,True,2,False,0.550369143486023,273.1382999991183
D:\Bartek\coding\biometria\facial_auth\celeba_subset\img_align_celeba\149158.jpg,8748,True,2,True,0.5514371395111084,292.8784000032465
D:\Bartek\coding\biometria\facial_auth\celeba_subset\img_align_celeba\164640.jpg,2177,True,4,False,0.5046584606170654,312.40459999389714
D:\Bartek\coding\biometria\facial_auth\celeba_subset\img_align_celeba\164640.jpg,2177,True,4,True,0.509912371635437,281.65309999894816
D:\Bartek\coding\biometria\facial_auth\celeba_subset\img_align_celeba\113315.jpg,5246,True,8,False,0.10749317705631256,280.5158000046504
D:\Bartek\coding\biometria\facial_auth\celeba_subset\img_align_celeba\113315.jpg,5246,True,8,True,0.1214083731174469,285.59259999747155
D:\Bartek\coding\biometria\facial_auth\celeba_subset\img_align_celeba\063596.jpg,5246,True,2,False,0.32822737097740173,328.58020000276156
D:\Bartek\coding\biometria\facial_auth\celeba_subset\img_align_celeba\063596.jpg,5246,True,2,True,0.19736894965171814,291.3648000030662
D:\Bartek\coding\biometria\facial_auth\celeba_subset\img_align_celeba\025844.jpg,5922,True,4,False,0.5011813640594482,279.8564000040642
D:\Bartek\coding\biometria\facial_auth\celeba_subset\img_align_celeba\025844.jpg,5922,True,4,True,0.4542574882507324,289.4873000041116
D:\Bartek\coding\biometria\facial_auth\celeba_subset\img_align_celeba\164441.jpg,3200,True,8,False,0.5478379726409912,284.11359999881824
D:\Bartek\coding\biometria\facial_auth\celeba_subset\img_align_celeba\164441.jpg,3200,True,8,True,0.5449721217155457,287.3256999955629
D:\Bartek\coding\biometria\facial_auth\celeba_subset\img_align_celeba\112139.jpg,5672,True,2,False,0.5286353230476379,283.63260000332957
D:\Bartek\coding\biometria\facial_auth\celeba_subset\img_align_celeba\112139.jpg,5672,True,2,True,0.4154227077960968,292.15999999723863
D:\Bartek\coding\biometria\facial_auth\celeba_subset\img_align_celeba\037955.jpg,3336,True,4,False,0.4352596700191498,287.56650000286754
D:\Bartek\coding\biometria\facial_auth\celeba_subset\img_align_celeba\037955.jpg,3336,True,4,True,0.362499862909317,287.05690000060713
D:\Bartek\coding\biometria\facial_auth\celeba_subset\img_align_celeba\202384.jpg,6528,True,8,False,0.5150216221809387,292.52460000134306
D:\Bartek\coding\biometria\facial_auth\celeba_subset\img_align_celeba\202384.jpg,6528,True,8,True,0.4800252318382263,287.321099996916
D:\Bartek\coding\biometria\facial_auth\celeba_subset\img_align_celeba\009822.jpg,1149,True,2,False,0.6755200028419495,293.0713999958243
D:\Bartek\coding\biometria\facial_auth\celeba_subset\img_align_celeba\009822.jpg,1149,True,2,True,0.607302188873291,294.7465000033844
D:\Bartek\coding\biometria\facial_auth\celeba_subset\img_align_celeba\170529.jpg,190,True,4,False,0.48089075088500977,281.202400001348
D:\Bartek\coding\biometria\facial_auth\celeba_subset\img_align_celeba\170529.jpg,190,True,4,True,0.5326299667358398,287.5614000004134
D:\Bartek\coding\biometria\facial_auth\celeba_subset\img_align_celeba\066565.jpg,8091,True,8,False,0.07117252051830292,286.1828999957652
D:\Bartek\coding\biometria\facial_auth\celeba_subset\img_align_celeba\066565.jpg,8091,True,8,True,0.07418278604745865,285.5877000038163
D:\Bartek\coding\biometria\facial_auth\celeba_subset\img_align_celeba\118162.jpg,6722,True,2,False,0.3197239935398102,273.51139999518637
D:\Bartek\coding\biometria\facial_auth\celeba_subset\img_align_celeba\118162.jpg,6722,True,2,True,0.4002741575241089,279.85479999915697
D:\Bartek\coding\biometria\facial_auth\celeba_subset\img_align_celeba\194523.jpg,8415,True,4,False,0.4269660413265228,291.9049999982235
D:\Bartek\coding\biometria\facial_auth\celeba_subset\img_align_celeba\194523.jpg,8415,True,4,True,0.39527466893196106,285.55420000338927
D:\Bartek\coding\biometria\facial_auth\celeba_subset\img_align_celeba\164600.jpg,3200,True,8,False,0.5270279049873352,281.70759999920847
D:\Bartek\coding\biometria\facial_auth\celeba_subset\img_align_celeba\164600.jpg,3200,True,8,True,0.5250426530838013,289.4968999971752
D:\Bartek\coding\biometria\facial_auth\celeba_subset\img_align_celeba\120247.jpg,9093,True,2,False,0.40674275159835815,288.8673000052222
D:\Bartek\coding\biometria\facial_auth\celeba_subset\img_align_celeba\120247.jpg,9093,True,2,True,0.34756314754486084,293.1091999998898
D:\Bartek\coding\biometria\facial_auth\celeba_subset\img_align_celeba\008884.jpg,4150,True,4,False,0.6578665971755981,281.7622000002302
D:\Bartek\coding\biometria\facial_auth\celeba_subset\img_align_celeba\008884.jpg,4150,True,4,True,0.5474600195884705,290.1465000031749
D:\Bartek\coding\biometria\facial_auth\celeba_subset\img_align_celeba\055493.jpg,6170,True,8,False,0.0052553885616362095,285.40549999888754
D:\Bartek\coding\biometria\facial_auth\celeba_subset\img_align_celeba\055493.jpg,6170,True,8,True,0.003705177688971162,284.2543999940972
D:\Bartek\coding\biometria\facial_auth\celeba_subset\img_align_celeba\196973.jpg,5872,True,2,False,0.40295010805130005,289.8979999954463
D:\Bartek\coding\biometria\facial_auth\celeba_subset\img_align_celeba\196973.jpg,5872,True,2,True,0.3669476807117462,295.74739999952726
D:\Bartek\coding\biometria\facial_auth\celeba_subset\img_align_celeba\086205.jpg,898,True,4,False,0.34377649426460266,285.1100000043516
D:\Bartek\coding\biometria\facial_auth\celeba_subset\img_align_celeba\086205.jpg,898,True,4,True,0.3549715280532837,287.60480000346433
D:\Bartek\coding\biometria\facial_auth\celeba_subset\img_align_celeba\021490.jpg,4936,True,8,False,0.04589072987437248,286.9427999976324
D:\Bartek\coding\biometria\facial_auth\celeba_subset\img_align_celeba\021490.jpg,4936,True,8,True,0.07138817757368088,279.46240000164835
D:\Bartek\coding\biometria\facial_auth\celeba_subset\img_align_celeba\186056.jpg,9489,True,2,False,0.7483848929405212,288.7745999978506
D:\Bartek\coding\biometria\facial_auth\celeba_subset\img_align_celeba\186056.jpg,9489,True,2,True,0.6921951174736023,307.6333999997587
D:\Bartek\coding\biometria\facial_auth\celeba_subset\img_align_celeba\013980.jpg,6368,True,4,False,0.4781001806259155,279.5667000027606
D:\Bartek\coding\biometria\facial_auth\celeba_subset\img_align_celeba\013980.jpg,6368,True,4,True,0.5117682814598083,277.660100000503
D:\Bartek\coding\biometria\facial_auth\celeba_subset\img_align_celeba\080299.jpg,7524,True,8,False,0.9638174772262573,270.891300002404
D:\Bartek\coding\biometria\facial_auth\celeba_subset\img_align_celeba\080299.jpg,7524,True,8,True,0.9052772521972656,275.6932000047527
D:\Bartek\coding\biometria\facial_auth\celeba_subset\img_align_celeba\151686.jpg,6983,True,2,False,0.5539849996566772,282.9356000002008
D:\Bartek\coding\biometria\facial_auth\celeba_subset\img_align_celeba\151686.jpg,6983,True,2,True,0.628258466720581,311.1652999941725
D:\Bartek\coding\biometria\facial_auth\celeba_subset\img_align_celeba\150689.jpg,8971,True,4,False,0.3969799280166626,295.8467999997083
D:\Bartek\coding\biometria\facial_auth\celeba_subset\img_align_celeba\150689.jpg,8971,True,4,True,0.3544648289680481,300.73109999648295
D:\Bartek\coding\biometria\facial_auth\celeba_subset\img_align_celeba\006649.jpg,8091,True,8,False,0.09252190589904785,294.50740000174847
D:\Bartek\coding\biometria\facial_auth\celeba_subset\img_align_celeba\006649.jpg,8091,True,8,True,0.1003153920173645,278.42109999619424
D:\Bartek\coding\biometria\facial_auth\celeba_subset\img_align_celeba\008512.jpg,5591,True,2,False,0.44137629866600037,293.9671999993152
D:\Bartek\coding\biometria\facial_auth\celeba_subset\img_align_celeba\008512.jpg,5591,True,2,True,0.3699277639389038,285.38839999964694
D:\Bartek\coding\biometria\facial_auth\celeba_subset\img_align_celeba\003416.jpg,5190,True,4,False,0.14681404829025269,278.95059999718796
D:\Bartek\coding\biometria\facial_auth\celeba_subset\img_align_celeba\003416.jpg,5190,True,4,True,0.16974709928035736,289.2338000019663
D:\Bartek\coding\biometria\facial_auth\celeba_subset\img_align_celeba\131991.jpg,6277,True,8,False,0.05162776634097099,276.4625999989221
D:\Bartek\coding\biometria\facial_auth\celeba_subset\img_align_celeba\131991.jpg,6277,True,8,True,0.04497530311346054,286.6801999989548
D:\Bartek\coding\biometria\facial_auth\celeba_subset\img_align_celeba\050239.jpg,503,True,2,False,0.3651978373527527,290.0431999951252
D:\Bartek\coding\biometria\facial_auth\celeba_subset\img_align_celeba\050239.jpg,503,True,2,True,0.25706905126571655,302.5874999948428
D:\Bartek\coding\biometria\facial_auth\celeba_subset\img_align_celeba\042483.jpg,6456,True,4,False,0.21872028708457947,281.07189999718685
D:\Bartek\coding\biometria\facial_auth\celeba_subset\img_align_celeba\042483.jpg,6456,True,4,True,0.435930460691452,294.88320000382373
D:\Bartek\coding\biometria\facial_auth\celeba_subset\img_align_celeba\147859.jpg,4870,True,8,False,0.1365540623664856,279.1453000027104
D:\Bartek\coding\biometria\facial_auth\celeba_subset\img_align_celeba\147859.jpg,4870,True,8,True,0.11655626446008682,284.6147000018391
D:\Bartek\coding\biometria\facial_auth\celeba_subset\img_align_celeba\150975.jpg,494,True,2,False,0.14474144577980042,291.10249999939697
D:\Bartek\coding\biometria\facial_auth\celeba_subset\img_align_celeba\150975.jpg,494,True,2,True,0.15590894222259521,299.1005000003497
D:\Bartek\coding\biometria\facial_auth\celeba_subset\img_align_celeba\180828.jpg,3877,True,4,False,0.35360002517700195,285.80190000502625
D:\Bartek\coding\biometria\facial_auth\celeba_subset\img_align_celeba\180828.jpg,3877,True,4,True,0.3347192704677582,287.72240000398597
D:\Bartek\coding\biometria\facial_auth\celeba_subset\img_align_celeba\139782.jpg,1435,True,8,False,0.03454648703336716,290.0898000007146
D:\Bartek\coding\biometria\facial_auth\celeba_subset\img_align_celeba\139782.jpg,1435,True,8,True,-0.005243247374892235,315.34580000152346
D:\Bartek\coding\biometria\facial_auth\celeba_subset\img_align_celeba\181054.jpg,1154,True,2,False,0.533657431602478,281.03160000318894
D:\Bartek\coding\biometria\facial_auth\celeba_subset\img_align_celeba\181054.jpg,1154,True,2,True,0.49319812655448914,277.7137999946717
D:\Bartek\coding\biometria\facial_auth\celeba_subset\img_align_celeba\069706.jpg,503,True,4,False,0.34326720237731934,289.95699999359204
D:\Bartek\coding\biometria\facial_auth\celeba_subset\img_align_celeba\069706.jpg,503,True,4,True,0.3450932502746582,291.976300002716
D:\Bartek\coding\biometria\facial_auth\celeba_subset\img_align_celeba\065413.jpg,898,True,8,False,0.2638348639011383,277.991100003419
D:\Bartek\coding\biometria\facial_auth\celeba_subset\img_align_celeba\065413.jpg,898,True,8,True,0.26133856177330017,280.67120000196155
D:\Bartek\coding\biometria\facial_auth\celeba_subset\img_align_celeba\202260.jpg,6195,True,2,False,0.4046765863895416,283.02439999970375
D:\Bartek\coding\biometria\facial_auth\celeba_subset\img_align_celeba\202260.jpg,6195,True,2,True,0.3815782964229584,281.720499995572
D:\Bartek\coding\biometria\facial_auth\celeba_subset\img_align_celeba\093514.jpg,9939,True,4,False,0.5537823438644409,285.2448000048753
D:\Bartek\coding\biometria\facial_auth\celeba_subset\img_align_celeba\093514.jpg,9939,True,4,True,0.4971165955066681,287.88210000493564
D:\Bartek\coding\biometria\facial_auth\celeba_subset\img_align_celeba\172834.jpg,3236,True,8,False,0.025667089968919754,291.7668000009144
D:\Bartek\coding\biometria\facial_auth\celeba_subset\img_align_celeba\172834.jpg,3236,True,8,True,0.03825174272060394,293.09379999904195
D:\Bartek\coding\biometria\facial_auth\celeba_subset\img_align_celeba\121508.jpg,8748,True,2,False,0.5499798655509949,284.8375000030501
D:\Bartek\coding\biometria\facial_auth\celeba_subset\img_align_celeba\121508.jpg,8748,True,2,True,0.45320382714271545,286.5676999936113
D:\Bartek\coding\biometria\facial_auth\celeba_subset\img_align_celeba\010853.jpg,6719,True,4,False,0.03581246733665466,292.7791000038269
D:\Bartek\coding\biometria\facial_auth\celeba_subset\img_align_celeba\010853.jpg,6719,True,4,True,0.04987749084830284,279.17230000457494
D:\Bartek\coding\biometria\facial_auth\celeba_subset\img_align_celeba\121078.jpg,8091,True,8,False,0.07662737369537354,283.4069000018644
D:\Bartek\coding\biometria\facial_auth\celeba_subset\img_align_celeba\121078.jpg,8091,True,8,True,0.07414476573467255,287.1761999995215
D:\Bartek\coding\biometria\facial_auth\celeba_subset\img_align_celeba\012914.jpg,975,True,2,False,0.43886247277259827,283.2713999960106
D:\Bartek\coding\biometria\facial_auth\celeba_subset\img_align_celeba\012914.jpg,975,True,2,True,0.42793238162994385,291.3789000012912
D:\Bartek\coding\biometria\facial_auth\celeba_subset\img_align_celeba\067479.jpg,5648,True,4,False,0.3436170220375061,286.52109999529785
D:\Bartek\coding\biometria\facial_auth\celeba_subset\img_align_celeba\067479.jpg,5648,True,4,True,0.34319382905960083,286.194100001012
D:\Bartek\coding\biometria\facial_auth\celeba_subset\img_align_celeba\111824.jpg,6983,True,8,False,0.13268131017684937,284.1015000012703
D:\Bartek\coding\biometria\facial_auth\celeba_subset\img_align_celeba\111824.jpg,6983,True,8,True,0.12781044840812683,285.5746999994153
D:\Bartek\coding\biometria\facial_auth\celeba_subset\img_align_celeba\199478.jpg,5872,True,2,False,0.48872390389442444,280.64720000111265
D:\Bartek\coding\biometria\facial_auth\celeba_subset\img_align_celeba\199478.jpg,5872,True,2,True,0.3816823661327362,289.69019999931334
D:\Bartek\coding\biometria\facial_auth\celeba_subset\img_align_celeba\010150.jpg,8834,True,4,False,0.42572176456451416,283.3475000006729
D:\Bartek\coding\biometria\facial_auth\celeba_subset\img_align_celeba\010150.jpg,8834,True,4,True,0.47717171907424927,290.9972000052221
D:\Bartek\coding\biometria\facial_auth\celeba_subset\img_align_celeba\032692.jpg,4870,True,8,False,0.1173417717218399,294.9166000034893
D:\Bartek\coding\biometria\facial_auth\celeba_subset\img_align_celeba\032692.jpg,4870,True,8,True,0.1252298653125763,288.2231999974465
D:\Bartek\coding\biometria\facial_auth\celeba_subset\img_align_celeba\062940.jpg,7524,True,2,False,0.25559350848197937,289.42929999902844
D:\Bartek\coding\biometria\facial_auth\celeba_subset\img_align_celeba\062940.jpg,7524,True,2,True,0.32439348101615906,295.2358999973512
D:\Bartek\coding\biometria\facial_auth\celeba_subset\img_align_celeba\190153.jpg,7088,True,4,False,0.29461273550987244,282.8445000050124
D:\Bartek\coding\biometria\facial_auth\celeba_subset\img_align_celeba\190153.jpg,7088,True,4,True,0.28302326798439026,303.018599995994
D:\Bartek\coding\biometria\facial_auth\celeba_subset\img_align_celeba\162704.jpg,5780,True,8,False,0.22543498873710632,302.8397000016412
D:\Bartek\coding\biometria\facial_auth\celeba_subset\img_align_celeba\162704.jpg,5780,True,8,True,0.21685615181922913,288.4272000010242
D:\Bartek\coding\biometria\facial_auth\celeba_subset\img_align_celeba\112151.jpg,5210,True,2,False,0.723965048789978,279.8860000038985
D:\Bartek\coding\biometria\facial_auth\celeba_subset\img_align_celeba\112151.jpg,5210,True,2,True,0.6484255194664001,281.1996000018553
D:\Bartek\coding\biometria\facial_auth\celeba_subset\img_align_celeba\081748.jpg,6719,True,4,False,0.2691032290458679,279.60539999912726
D:\Bartek\coding\biometria\facial_auth\celeba_subset\img_align_celeba\081748.jpg,6719,True,4,True,0.2684968113899231,279.45069999987027
D:\Bartek\coding\biometria\facial_auth\celeba_subset\img_align_celeba\161075.jpg,9000,True,8,False,0.030759431421756744,288.6670000007143
D:\Bartek\coding\biometria\facial_auth\celeba_subset\img_align_celeba\161075.jpg,9000,True,8,True,0.06131909042596817,283.0264000003808
D:\Bartek\coding\biometria\facial_auth\celeba_subset\img_align_celeba\156231.jpg,4870,True,2,False,0.2862752079963684,287.00319999916246
D:\Bartek\coding\biometria\facial_auth\celeba_subset\img_align_celeba\156231.jpg,4870,True,2,True,0.27717432379722595,286.6262999959872
D:\Bartek\coding\biometria\facial_auth\celeba_subset\img_align_celeba\096066.jpg,6806,True,4,False,0.4141504764556885,283.3249000032083
D:\Bartek\coding\biometria\facial_auth\celeba_subset\img_align_celeba\096066.jpg,6806,True,4,True,0.4237736463546753,287.8595000001951
D:\Bartek\coding\biometria\facial_auth\celeba_subset\img_align_celeba\166957.jpg,4069,True,8,False,0.09738341718912125,283.35010000591865
D:\Bartek\coding\biometria\facial_auth\celeba_subset\img_align_celeba\166957.jpg,4069,True,8,True,0.08970770984888077,289.88899999967543
D:\Bartek\coding\biometria\facial_auth\celeba_subset\img_align_celeba\130262.jpg,8834,True,2,False,0.016727128997445107,221.07300000061514
D:\Bartek\coding\biometria\facial_auth\celeba_subset\img_align_celeba\130262.jpg,8834,True,2,True,0.5930777788162231,224.2885999949067
D:\Bartek\coding\biometria\facial_auth\celeba_subset\img_align_celeba\108106.jpg,5656,True,4,False,0.2851567268371582,279.0222000039648
D:\Bartek\coding\biometria\facial_auth\celeba_subset\img_align_celeba\108106.jpg,5656,True,4,True,0.25261974334716797,287.6531000001705
D:\Bartek\coding\biometria\facial_auth\celeba_subset\img_align_celeba\085228.jpg,494,True,8,False,0.13156980276107788,284.4951000006404
D:\Bartek\coding\biometria\facial_auth\celeba_subset\img_align_celeba\085228.jpg,494,True,8,True,0.12847301363945007,282.0491000020411
D:\Bartek\coding\biometria\facial_auth\celeba_subset\img_align_celeba\174180.jpg,2177,True,2,False,0.3888910710811615,288.36609999416396
D:\Bartek\coding\biometria\facial_auth\celeba_subset\img_align_celeba\174180.jpg,2177,True,2,True,0.49935415387153625,301.68789999879664
D:\Bartek\coding\biometria\facial_auth\celeba_subset\img_align_celeba\195866.jpg,8936,True,4,False,0.28499582409858704,287.02740000153426
D:\Bartek\coding\biometria\facial_auth\celeba_subset\img_align_celeba\195866.jpg,8936,True,4,True,0.3451368808746338,284.62889999354957
D:\Bartek\coding\biometria\facial_auth\celeba_subset\img_align_celeba\167637.jpg,3877,True,8,False,0.043541934341192245,286.6680000006454
D:\Bartek\coding\biometria\facial_auth\celeba_subset\img_align_celeba\167637.jpg,3877,True,8,True,0.04803590849041939,290.7934999966528
D:\Bartek\coding\biometria\facial_auth\celeba_subset\img_align_celeba\065517.jpg,4936,True,2,False,0.5833552479743958,283.1447999997181
D:\Bartek\coding\biometria\facial_auth\celeba_subset\img_align_celeba\065517.jpg,4936,True,2,True,0.5458769798278809,281.6021000035107
D:\Bartek\coding\biometria\facial_auth\celeba_subset\img_align_celeba\137687.jpg,5238,True,4,False,0.21347975730895996,278.73879999970086
D:\Bartek\coding\biometria\facial_auth\celeba_subset\img_align_celeba\137687.jpg,5238,True,4,True,0.2577444612979889,290.0844999967376
D:\Bartek\coding\biometria\facial_auth\celeba_subset\img_align_celeba\137424.jpg,4150,True,8,False,0.009067734703421593,292.30359999928623
D:\Bartek\coding\biometria\facial_auth\celeba_subset\img_align_celeba\137424.jpg,4150,True,8,True,0.03963061794638634,293.07880000123987
D:\Bartek\coding\biometria\facial_auth\celeba_subset\img_align_celeba\010123.jpg,9144,True,2,False,0.6616228222846985,295.2625999969314
D:\Bartek\coding\biometria\facial_auth\celeba_subset\img_align_celeba\010123.jpg,9144,True,2,True,0.6257064938545227,297.48539999854984
D:\Bartek\coding\biometria\facial_auth\celeba_subset\img_align_celeba\079165.jpg,975,True,4,False,0.22581133246421814,288.8411999956588
D:\Bartek\coding\biometria\facial_auth\celeba_subset\img_align_celeba\079165.jpg,975,True,4,True,0.158346489071846,315.21369999973103
D:\Bartek\coding\biometria\facial_auth\celeba_subset\img_align_celeba\023186.jpg,7253,True,8,False,0.16626639664173126,279.26060000027064
D:\Bartek\coding\biometria\facial_auth\celeba_subset\img_align_celeba\023186.jpg,7253,True,8,True,0.14149567484855652,279.0203999975347
D:\Bartek\coding\biometria\facial_auth\celeba_subset\img_align_celeba\021391.jpg,6086,True,2,False,0.6529686450958252,288.0265999992844
D:\Bartek\coding\biometria\facial_auth\celeba_subset\img_align_celeba\021391.jpg,6086,True,2,True,0.5313361883163452,907.600900005491
D:\Bartek\coding\biometria\facial_auth\celeba_subset\img_align_celeba\077146.jpg,644,True,4,False,0.3900655508041382,272.7660000018659
D:\Bartek\coding\biometria\facial_auth\celeba_subset\img_align_celeba\077146.jpg,644,True,4,True,0.39411991834640503,285.5619000038132
D:\Bartek\coding\biometria\facial_auth\celeba_subset\img_align_celeba\134357.jpg,4936,True,8,False,0.055893972516059875,283.11199999734527
D:\Bartek\coding\biometria\facial_auth\celeba_subset\img_align_celeba\134357.jpg,4936,True,8,True,0.05034030228853226,288.4464000017033
D:\Bartek\coding\biometria\facial_auth\celeba_subset\img_align_celeba\136726.jpg,8091,True,2,False,0.49736177921295166,290.0538999965647
D:\Bartek\coding\biometria\facial_auth\celeba_subset\img_align_celeba\136726.jpg,8091,True,2,True,0.4354880452156067,291.2503000043216
D:\Bartek\coding\biometria\facial_auth\celeba_subset\img_align_celeba\143755.jpg,5099,True,4,False,0.568254292011261,288.33229999872856
D:\Bartek\coding\biometria\facial_auth\celeba_subset\img_align_celeba\143755.jpg,5099,True,4,True,0.6057989001274109,295.92780000530183
D:\Bartek\coding\biometria\facial_auth\celeba_subset\img_align_celeba\085348.jpg,7524,True,8,False,0.9752432107925415,293.3779000013601
D:\Bartek\coding\biometria\facial_auth\celeba_subset\img_align_celeba\085348.jpg,7524,True,8,True,0.968208372592926,298.9372000010917
D:\Bartek\coding\biometria\facial_auth\celeba_subset\img_align_celeba\181762.jpg,3236,True,2,False,0.5218851566314697,289.63750000548316
D:\Bartek\coding\biometria\facial_auth\celeba_subset\img_align_celeba\181762.jpg,3236,True,2,True,0.5662018656730652,300.09859999699984
D:\Bartek\coding\biometria\facial_auth\celeba_subset\img_align_celeba\179698.jpg,4069,True,4,False,0.44906142354011536,283.1670999948983
D:\Bartek\coding\biometria\facial_auth\celeba_subset\img_align_celeba\179698.jpg,4069,True,4,True,0.40190204977989197,293.1873999987147
D:\Bartek\coding\biometria\facial_auth\celeba_subset\img_align_celeba\062077.jpg,6972,True,8,False,0.05377815291285515,285.8212999999523
D:\Bartek\coding\biometria\facial_auth\celeba_subset\img_align_celeba\062077.jpg,6972,True,8,True,0.05787494406104088,295.09139999572653
D:\Bartek\coding\biometria\facial_auth\celeba_subset\img_align_celeba\125662.jpg,9093,True,2,False,0.5531483888626099,288.63740000088
D:\Bartek\coding\biometria\facial_auth\celeba_subset\img_align_celeba\125662.jpg,9093,True,2,True,0.5612737536430359,290.17190000013215
D:\Bartek\coding\biometria\facial_auth\celeba_subset\img_align_celeba\060620.jpg,7103,True,4,False,0.40657374262809753,293.53469999477966
D:\Bartek\coding\biometria\facial_auth\celeba_subset\img_align_celeba\060620.jpg,7103,True,4,True,0.4120064079761505,289.34270000172546
D:\Bartek\coding\biometria\facial_auth\celeba_subset\img_align_celeba\059441.jpg,7524,True,8,False,0.9668934345245361,288.99129999626894
D:\Bartek\coding\biometria\facial_auth\celeba_subset\img_align_celeba\059441.jpg,7524,True,8,True,0.9432835578918457,291.62170000199694
D:\Bartek\coding\biometria\facial_auth\celeba_subset\img_align_celeba\198720.jpg,8415,True,2,False,0.3725917339324951,282.41719999641646
D:\Bartek\coding\biometria\facial_auth\celeba_subset\img_align_celeba\198720.jpg,8415,True,2,True,0.3724084198474884,289.7367999976268
D:\Bartek\coding\biometria\facial_auth\celeba_subset\img_align_celeba\032767.jpg,4870,True,4,False,0.2832198143005371,281.87549999711337
D:\Bartek\coding\biometria\facial_auth\celeba_subset\img_align_celeba\032767.jpg,4870,True,4,True,0.1953517347574234,299.65200000151526
D:\Bartek\coding\biometria\facial_auth\celeba_subset\img_align_celeba\087539.jpg,4659,True,8,False,0.07434193044900894,285.19909999886295
D:\Bartek\coding\biometria\facial_auth\celeba_subset\img_align_celeba\087539.jpg,4659,True,8,True,0.06846783310174942,299.24019999452867
D:\Bartek\coding\biometria\facial_auth\celeba_subset\img_align_celeba\113697.jpg,7222,True,2,False,0.5903880000114441,288.9625999960117
D:\Bartek\coding\biometria\facial_auth\celeba_subset\img_align_celeba\113697.jpg,7222,True,2,True,0.6147116422653198,296.7086000062409
D:\Bartek\coding\biometria\facial_auth\celeba_subset\img_align_celeba\010128.jpg,5591,True,4,False,0.35600945353507996,289.9872999987565
D:\Bartek\coding\biometria\facial_auth\celeba_subset\img_align_celeba\010128.jpg,5591,True,4,True,0.344613641500473,296.7276999988826
D:\Bartek\coding\biometria\facial_auth\celeba_subset\img_align_celeba\200957.jpg,5033,True,8,False,0.065408855676651,292.77300000103423
D:\Bartek\coding\biometria\facial_auth\celeba_subset\img_align_celeba\200957.jpg,5033,True,8,True,0.07192528247833252,281.2275999967824
D:\Bartek\coding\biometria\facial_auth\celeba_subset\img_align_celeba\179687.jpg,1350,True,2,False,0.5772398114204407,289.17940000246745
D:\Bartek\coding\biometria\facial_auth\celeba_subset\img_align_celeba\179687.jpg,1350,True,2,True,0.5143221616744995,293.67269999784185
D:\Bartek\coding\biometria\facial_auth\celeba_subset\img_align_celeba\192191.jpg,8027,True,4,False,0.3103809654712677,285.8198000030825
D:\Bartek\coding\biometria\facial_auth\celeba_subset\img_align_celeba\192191.jpg,8027,True,4,True,0.36813169717788696,304.83050000475487
D:\Bartek\coding\biometria\facial_auth\celeba_subset\img_align_celeba\030458.jpg,5534,True,8,False,0.08894673734903336,289.01509999559494
D:\Bartek\coding\biometria\facial_auth\celeba_subset\img_align_celeba\030458.jpg,5534,True,8,True,0.09725528955459595,292.92870000062976
D:\Bartek\coding\biometria\facial_auth\celeba_subset\img_align_celeba\127806.jpg,1149,True,2,False,0.5628006458282471,289.70030000346014
D:\Bartek\coding\biometria\facial_auth\celeba_subset\img_align_celeba\127806.jpg,1149,True,2,True,0.42518624663352966,235.26270000002114
D:\Bartek\coding\biometria\facial_auth\celeba_subset\img_align_celeba\132118.jpg,898,True,4,False,0.4120883047580719,288.9985000001616
D:\Bartek\coding\biometria\facial_auth\celeba_subset\img_align_celeba\132118.jpg,898,True,4,True,0.3289886713027954,287.43699999904493
D:\Bartek\coding\biometria\facial_auth\celeba_subset\img_align_celeba\177238.jpg,205,True,8,False,0.0280915480107069,282.24739999859594
D:\Bartek\coding\biometria\facial_auth\celeba_subset\img_align_celeba\177238.jpg,205,True,8,True,0.02945268154144287,285.11759999673814
D:\Bartek\coding\biometria\facial_auth\celeba_subset\img_align_celeba\180979.jpg,190,True,2,False,0.3045862913131714,284.11409999534953
D:\Bartek\coding\biometria\facial_auth\celeba_subset\img_align_celeba\180979.jpg,190,True,2,True,0.2723039984703064,295.8624000020791
D:\Bartek\coding\biometria\facial_auth\celeba_subset\img_align_celeba\059002.jpg,2814,True,4,False,0.646659255027771,293.23529999965103
D:\Bartek\coding\biometria\facial_auth\celeba_subset\img_align_celeba\059002.jpg,2814,True,4,True,0.6553641557693481,297.5354000009247
D:\Bartek\coding\biometria\facial_auth\celeba_subset\img_align_celeba\024848.jpg,898,True,8,False,0.26643913984298706,291.9989000001806
D:\Bartek\coding\biometria\facial_auth\celeba_subset\img_align_celeba\024848.jpg,898,True,8,True,0.2629396319389343,293.493800003489
D:\Bartek\coding\biometria\facial_auth\celeba_subset\img_align_celeba\117945.jpg,6170,True,2,False,0.8641853928565979,287.4666999996407
D:\Bartek\coding\biometria\facial_auth\celeba_subset\img_align_celeba\117945.jpg,6170,True,2,True,0.8344686031341553,295.5582999929902
D:\Bartek\coding\biometria\facial_auth\celeba_subset\img_align_celeba\118731.jpg,5437,True,4,False,0.5783392190933228,291.77850000269245
D:\Bartek\coding\biometria\facial_auth\celeba_subset\img_align_celeba\118731.jpg,5437,True,4,True,0.5513103008270264,291.97470000508474
D:\Bartek\coding\biometria\facial_auth\celeba_subset\img_align_celeba\108469.jpg,7338,True,8,False,0.15618571639060974,289.60430000006454
D:\Bartek\coding\biometria\facial_auth\celeba_subset\img_align_celeba\108469.jpg,7338,True,8,True,0.1648566573858261,291.443199996138
D:\Bartek\coding\biometria\facial_auth\celeba_subset\img_align_celeba\089925.jpg,6806,True,2,False,0.7041798830032349,288.16859999642475
D:\Bartek\coding\biometria\facial_auth\celeba_subset\img_align_celeba\089925.jpg,6806,True,2,True,0.6970481276512146,298.7104000058025
D:\Bartek\coding\biometria\facial_auth\celeba_subset\img_align_celeba\044254.jpg,9910,True,4,False,0.8383347392082214,312.5149999978021
D:\Bartek\coding\biometria\facial_auth\celeba_subset\img_align_celeba\044254.jpg,9910,True,4,True,0.7506848573684692,304.8639999979059
D:\Bartek\coding\biometria\facial_auth\celeba_subset\img_align_celeba\099148.jpg,2926,True,8,False,0.02568865567445755,302.5400999977137
D:\Bartek\coding\biometria\facial_auth\celeba_subset\img_align_celeba\099148.jpg,2926,True,8,True,0.029332950711250305,280.51180000329623
D:\Bartek\coding\biometria\facial_auth\celeba_subset\img_align_celeba\009006.jpg,8971,True,2,False,0.6759436130523682,288.4064000027138
D:\Bartek\coding\biometria\facial_auth\celeba_subset\img_align_celeba\009006.jpg,8971,True,2,True,0.5448615550994873,299.1840000031516
D:\Bartek\coding\biometria\facial_auth\celeba_subset\img_align_celeba\161342.jpg,6136,True,4,False,0.07582680881023407,293.75419999996666
D:\Bartek\coding\biometria\facial_auth\celeba_subset\img_align_celeba\161342.jpg,6136,True,4,True,0.06820087879896164,283.9508000033675
D:\Bartek\coding\biometria\facial_auth\celeba_subset\img_align_celeba\145074.jpg,8748,True,8,False,0.08995126187801361,287.098299995705
D:\Bartek\coding\biometria\facial_auth\celeba_subset\img_align_celeba\145074.jpg,8748,True,8,True,0.10519996285438538,292.37039999861736
D:\Bartek\coding\biometria\facial_auth\celeba_subset\img_align_celeba\022155.jpg,6983,True,2,False,0.39109185338020325,295.730600002571
D:\Bartek\coding\biometria\facial_auth\celeba_subset\img_align_celeba\022155.jpg,6983,True,2,True,0.32057851552963257,295.8287000001292
D:\Bartek\coding\biometria\facial_auth\celeba_subset\img_align_celeba\158554.jpg,1104,True,4,False,0.42251235246658325,290.0573000006261
D:\Bartek\coding\biometria\facial_auth\celeba_subset\img_align_celeba\158554.jpg,1104,True,4,True,0.4050155580043793,289.979699999094
D:\Bartek\coding\biometria\facial_auth\celeba_subset\img_align_celeba\026628.jpg,4150,True,8,False,0.006361220497637987,287.55989999626763
D:\Bartek\coding\biometria\facial_auth\celeba_subset\img_align_celeba\026628.jpg,4150,True,8,True,0.02282750979065895,287.1828999996069
D:\Bartek\coding\biometria\facial_auth\celeba_subset\img_align_celeba\160740.jpg,6806,True,2,False,0.7204572558403015,291.15029999957187
D:\Bartek\coding\biometria\facial_auth\celeba_subset\img_align_celeba\160740.jpg,6806,True,2,True,0.6891189217567444,293.0823999995482
D:\Bartek\coding\biometria\facial_auth\celeba_subset\img_align_celeba\005338.jpg,494,True,4,False,0.13361266255378723,292.09320000518346
D:\Bartek\coding\biometria\facial_auth\celeba_subset\img_align_celeba\005338.jpg,494,True,4,True,0.13399186730384827,291.0193999996409
D:\Bartek\coding\biometria\facial_auth\celeba_subset\img_align_celeba\163527.jpg,190,True,8,False,0.12385667115449905,287.0748999994248
D:\Bartek\coding\biometria\facial_auth\celeba_subset\img_align_celeba\163527.jpg,190,True,8,True,0.13579730689525604,293.3081000010134
D:\Bartek\coding\biometria\facial_auth\celeba_subset\img_align_celeba\078120.jpg,6806,True,2,False,0.7208603620529175,294.270400001551
D:\Bartek\coding\biometria\facial_auth\celeba_subset\img_align_celeba\078120.jpg,6806,True,2,True,0.6567809581756592,293.8888999997289
D:\Bartek\coding\biometria\facial_auth\celeba_subset\img_align_celeba\158076.jpg,2814,True,4,False,0.2859976887702942,296.30599999654805
D:\Bartek\coding\biometria\facial_auth\celeba_subset\img_align_celeba\158076.jpg,2814,True,4,True,0.28895553946495056,299.27510000561597
D:\Bartek\coding\biometria\facial_auth\celeba_subset\img_align_celeba\091376.jpg,8834,True,8,False,0.025215035304427147,288.82209999574115
D:\Bartek\coding\biometria\facial_auth\celeba_subset\img_align_celeba\091376.jpg,8834,True,8,True,0.02784535475075245,290.2109999995446
D:\Bartek\coding\biometria\facial_auth\celeba_subset\img_align_celeba\068042.jpg,6086,True,2,False,0.3479801118373871,287.73240000009537
D:\Bartek\coding\biometria\facial_auth\celeba_subset\img_align_celeba\068042.jpg,6086,True,2,True,0.25355663895606995,297.46670000167796
D:\Bartek\coding\biometria\facial_auth\celeba_subset\img_align_celeba\172058.jpg,190,True,4,False,0.3945693373680115,290.9877999991295
D:\Bartek\coding\biometria\facial_auth\celeba_subset\img_align_celeba\172058.jpg,190,True,4,True,0.2967478036880493,290.2853999985382
D:\Bartek\coding\biometria\facial_auth\celeba_subset\img_align_celeba\029778.jpg,5534,True,8,False,0.07167395949363708,287.65410000050906
D:\Bartek\coding\biometria\facial_auth\celeba_subset\img_align_celeba\029778.jpg,5534,True,8,True,0.05893145501613617,292.9089000026579
D:\Bartek\coding\biometria\facial_auth\celeba_subset\img_align_celeba\069035.jpg,7524,True,2,False,0.2826395630836487,283.79490000224905
D:\Bartek\coding\biometria\facial_auth\celeba_subset\img_align_celeba\069035.jpg,7524,True,2,True,0.3402373492717743,292.6951999979792
D:\Bartek\coding\biometria\facial_auth\celeba_subset\img_align_celeba\086916.jpg,4968,True,4,False,0.27076536417007446,308.72529999760445
D:\Bartek\coding\biometria\facial_auth\celeba_subset\img_align_celeba\086916.jpg,4968,True,4,True,0.2832579016685486,290.4481000005035
D:\Bartek\coding\biometria\facial_auth\celeba_subset\img_align_celeba\112838.jpg,8834,True,8,False,0.02202918566763401,287.5050000002375
D:\Bartek\coding\biometria\facial_auth\celeba_subset\img_align_celeba\112838.jpg,8834,True,8,True,0.015117844566702843,290.674099996977
D:\Bartek\coding\biometria\facial_auth\celeba_subset\img_align_celeba\104236.jpg,8971,True,2,False,0.6256146430969238,291.3081000006059
D:\Bartek\coding\biometria\facial_auth\celeba_subset\img_align_celeba\104236.jpg,8971,True,2,True,0.5244437456130981,293.84659999777796
D:\Bartek\coding\biometria\facial_auth\celeba_subset\img_align_celeba\195695.jpg,8936,True,4,False,0.29057252407073975,296.6171000007307
D:\Bartek\coding\biometria\facial_auth\celeba_subset\img_align_celeba\195695.jpg,8936,True,4,True,0.2780041992664337,286.42820000095526
D:\Bartek\coding\biometria\facial_auth\celeba_subset\img_align_celeba\153094.jpg,5747,True,8,False,0.13835622370243073,287.8777000005357
D:\Bartek\coding\biometria\facial_auth\celeba_subset\img_align_celeba\153094.jpg,5747,True,8,True,0.14652615785598755,314.40139999904204
D:\Bartek\coding\biometria\facial_auth\celeba_subset\img_align_celeba\109653.jpg,7222,True,2,False,0.5850890278816223,301.00210000091465
D:\Bartek\coding\biometria\facial_auth\celeba_subset\img_align_celeba\109653.jpg,7222,True,2,True,0.6020992398262024,309.6609000058379
D:\Bartek\coding\biometria\facial_auth\celeba_subset\img_align_celeba\004620.jpg,4659,True,4,False,0.21105888485908508,296.43859999487177
D:\Bartek\coding\biometria\facial_auth\celeba_subset\img_align_celeba\004620.jpg,4659,True,4,True,0.3363110423088074,281.4065999991726
D:\Bartek\coding\biometria\facial_auth\celeba_subset\img_align_celeba\056636.jpg,5127,True,8,False,0.02997220866382122,287.2237999981735
D:\Bartek\coding\biometria\facial_auth\celeba_subset\img_align_celeba\056636.jpg,5127,True,8,True,0.0274187121540308,280.45600000041304
D:\Bartek\coding\biometria\facial_auth\celeba_subset\img_align_celeba\170990.jpg,1120,True,2,False,0.7012889981269836,284.8034999988158
D:\Bartek\coding\biometria\facial_auth\celeba_subset\img_align_celeba\170990.jpg,1120,True,2,True,0.684589147567749,292.7008000042406
D:\Bartek\coding\biometria\facial_auth\celeba_subset\img_align_celeba\146298.jpg,7253,True,4,False,0.2924925982952118,290.6328000026406
D:\Bartek\coding\biometria\facial_auth\celeba_subset\img_align_celeba\146298.jpg,7253,True,4,True,0.37710505723953247,294.74770000524586
D:\Bartek\coding\biometria\facial_auth\celeba_subset\img_align_celeba\175292.jpg,913,True,8,False,0.02164030447602272,285.057200002484
D:\Bartek\coding\biometria\facial_auth\celeba_subset\img_align_celeba\175292.jpg,913,True,8,True,0.023018060252070427,287.01010000077076
D:\Bartek\coding\biometria\facial_auth\celeba_subset\img_align_celeba\001093.jpg,6972,True,2,False,0.5420886874198914,290.7391999979154
D:\Bartek\coding\biometria\facial_auth\celeba_subset\img_align_celeba\001093.jpg,6972,True,2,True,0.5024831891059875,293.82640000403626
D:\Bartek\coding\biometria\facial_auth\celeba_subset\img_align_celeba\074843.jpg,6719,True,4,False,0.3436433970928192,291.5632000003825
D:\Bartek\coding\biometria\facial_auth\celeba_subset\img_align_celeba\074843.jpg,6719,True,4,True,0.33413100242614746,290.43040000397014
D:\Bartek\coding\biometria\facial_auth\celeba_subset\img_align_celeba\081857.jpg,1149,True,8,False,0.06477859616279602,288.2326000035391
D:\Bartek\coding\biometria\facial_auth\celeba_subset\img_align_celeba\081857.jpg,1149,True,8,True,0.07630638033151627,288.70569999708096
D:\Bartek\coding\biometria\facial_auth\celeba_subset\img_align_celeba\053278.jpg,4150,True,2,False,0.6006219387054443,292.07209999731276
D:\Bartek\coding\biometria\facial_auth\celeba_subset\img_align_celeba\053278.jpg,4150,True,2,True,0.5303732752799988,298.89059999550227
D:\Bartek\coding\biometria\facial_auth\celeba_subset\img_align_celeba\069373.jpg,5064,True,4,False,0.23359155654907227,289.8166000013589
D:\Bartek\coding\biometria\facial_auth\celeba_subset\img_align_celeba\069373.jpg,5064,True,4,True,0.31342968344688416,295.25500000454485
D:\Bartek\coding\biometria\facial_auth\celeba_subset\img_align_celeba\037269.jpg,7103,True,8,False,0.057174813002347946,285.2331999965827
D:\Bartek\coding\biometria\facial_auth\celeba_subset\img_align_celeba\037269.jpg,7103,True,8,True,0.05234239250421524,296.2982000026386
D:\Bartek\coding\biometria\facial_auth\celeba_subset\img_align_celeba\055347.jpg,5534,True,2,False,0.645270586013794,298.15019999659853
D:\Bartek\coding\biometria\facial_auth\celeba_subset\img_align_celeba\055347.jpg,5534,True,2,True,0.573495090007782,280.3081000020029
D:\Bartek\coding\biometria\facial_auth\celeba_subset\img_align_celeba\010520.jpg,5064,True,4,False,0.8653479814529419,283.09119999903487
D:\Bartek\coding\biometria\facial_auth\celeba_subset\img_align_celeba\010520.jpg,5064,True,4,True,0.814466118812561,290.6538000024739
D:\Bartek\coding\biometria\facial_auth\celeba_subset\img_align_celeba\101818.jpg,6086,True,8,False,0.059948910027742386,293.0410999979358
D:\Bartek\coding\biometria\facial_auth\celeba_subset\img_align_celeba\101818.jpg,6086,True,8,True,0.06051965430378914,315.33889999991516
D:\Bartek\coding\biometria\facial_auth\celeba_subset\img_align_celeba\101316.jpg,6233,True,2,False,0.32077285647392273,286.28000000026077
D:\Bartek\coding\biometria\facial_auth\celeba_subset\img_align_celeba\101316.jpg,6233,True,2,True,0.3842649757862091,293.38450000068406
D:\Bartek\coding\biometria\facial_auth\celeba_subset\img_align_celeba\038186.jpg,310,True,4,False,0.297951340675354,285.038900001382
D:\Bartek\coding\biometria\facial_auth\celeba_subset\img_align_celeba\038186.jpg,310,True,4,True,0.29087334871292114,293.0768000005628
D:\Bartek\coding\biometria\facial_auth\celeba_subset\img_align_celeba\088962.jpg,494,True,8,False,0.12606525421142578,286.75059999659425
D:\Bartek\coding\biometria\facial_auth\celeba_subset\img_align_celeba\088962.jpg,494,True,8,True,0.14058558642864227,299.22800000349525
D:\Bartek\coding\biometria\facial_auth\celeba_subset\img_align_celeba\153129.jpg,6233,True,2,False,0.43036094307899475,284.4477000035113
D:\Bartek\coding\biometria\facial_auth\celeba_subset\img_align_celeba\153129.jpg,6233,True,2,True,0.41907215118408203,293.74530000495724
D:\Bartek\coding\biometria\facial_auth\celeba_subset\img_align_celeba\147630.jpg,3336,True,4,False,0.12900882959365845,293.4093000003486
D:\Bartek\coding\biometria\facial_auth\celeba_subset\img_align_celeba\147630.jpg,3336,True,4,True,0.175379678606987,292.94089999893913
D:\Bartek\coding\biometria\facial_auth\celeba_subset\img_align_celeba\051915.jpg,6972,True,8,False,0.04329816251993179,286.0947000008309
D:\Bartek\coding\biometria\facial_auth\celeba_subset\img_align_celeba\051915.jpg,6972,True,8,True,0.04473100230097771,296.084300003713
D:\Bartek\coding\biometria\facial_auth\celeba_subset\img_align_celeba\037315.jpg,5747,True,2,False,0.3892761468887329,291.9359000006807
D:\Bartek\coding\biometria\facial_auth\celeba_subset\img_align_celeba\037315.jpg,5747,True,2,True,0.3519531190395355,293.8828999976977
D:\Bartek\coding\biometria\facial_auth\celeba_subset\img_align_celeba\073096.jpg,1104,True,4,False,0.003673827275633812,296.1217999982182
D:\Bartek\coding\biometria\facial_auth\celeba_subset\img_align_celeba\073096.jpg,1104,True,4,True,-0.01468939334154129,295.99720000260277
D:\Bartek\coding\biometria\facial_auth\celeba_subset\img_align_celeba\176617.jpg,1154,True,8,False,0.09081105887889862,285.6030000039027
D:\Bartek\coding\biometria\facial_auth\celeba_subset\img_align_celeba\176617.jpg,1154,True,8,True,0.09258071333169937,294.3352000002051
D:\Bartek\coding\biometria\facial_auth\celeba_subset\img_align_celeba\111613.jpg,5534,True,2,False,0.6569576859474182,283.4817999973893
D:\Bartek\coding\biometria\facial_auth\celeba_subset\img_align_celeba\111613.jpg,5534,True,2,True,0.5714862942695618,296.2411000044085
D:\Bartek\coding\biometria\facial_auth\celeba_subset\img_align_celeba\119102.jpg,494,True,4,False,0.36769968271255493,287.2510000015609
D:\Bartek\coding\biometria\facial_auth\celeba_subset\img_align_celeba\119102.jpg,494,True,4,True,0.540885329246521,290.1371999978437
D:\Bartek\coding\biometria\facial_auth\celeba_subset\img_align_celeba\186233.jpg,6195,True,8,False,0.45442360639572144,288.0351999992854
D:\Bartek\coding\biometria\facial_auth\celeba_subset\img_align_celeba\186233.jpg,6195,True,8,True,0.46199873089790344,286.9801999986521
D:\Bartek\coding\biometria\facial_auth\celeba_subset\img_align_celeba\193063.jpg,7088,True,2,False,0.2639857232570648,287.9447000013897
D:\Bartek\coding\biometria\facial_auth\celeba_subset\img_align_celeba\193063.jpg,7088,True,2,True,0.22837483882904053,273.786800004018
D:\Bartek\coding\biometria\facial_auth\celeba_subset\img_align_celeba\035153.jpg,2926,True,4,False,0.3861871659755707,277.8325000035693
D:\Bartek\coding\biometria\facial_auth\celeba_subset\img_align_celeba\035153.jpg,2926,True,4,True,0.28003451228141785,294.57660000480246
D:\Bartek\coding\biometria\facial_auth\celeba_subset\img_align_celeba\019851.jpg,4870,True,8,False,0.2509344518184662,279.78880000591744
D:\Bartek\coding\biometria\facial_auth\celeba_subset\img_align_celeba\019851.jpg,4870,True,8,True,0.33616548776626587,307.6556000014534
D:\Bartek\coding\biometria\facial_auth\celeba_subset\img_align_celeba\181914.jpg,4069,True,2,False,0.661985456943512,279.4512000036775
D:\Bartek\coding\biometria\facial_auth\celeba_subset\img_align_celeba\181914.jpg,4069,True,2,True,0.565020740032196,288.6279000013019
D:\Bartek\coding\biometria\facial_auth\celeba_subset\img_align_celeba\182576.jpg,205,True,4,False,0.30846524238586426,295.6971999956295
D:\Bartek\coding\biometria\facial_auth\celeba_subset\img_align_celeba\182576.jpg,205,True,4,True,0.2910204231739044,301.3520000022254
D:\Bartek\coding\biometria\facial_auth\celeba_subset\img_align_celeba\012403.jpg,2926,True,8,False,0.03761381283402443,294.2428000023938
D:\Bartek\coding\biometria\facial_auth\celeba_subset\img_align_celeba\012403.jpg,2926,True,8,True,0.027617773041129112,290.98050000175135
D:\Bartek\coding\biometria\facial_auth\celeba_subset\img_align_celeba\151313.jpg,5656,True,2,False,0.10648500919342041,305.1447999969241
D:\Bartek\coding\biometria\facial_auth\celeba_subset\img_align_celeba\151313.jpg,5656,True,2,True,0.18712936341762543,289.2439999995986
D:\Bartek\coding\biometria\facial_auth\celeba_subset\img_align_celeba\073166.jpg,5437,True,4,False,0.2677401304244995,287.72179999941727
D:\Bartek\coding\biometria\facial_auth\celeba_subset\img_align_celeba\073166.jpg,5437,True,4,True,0.2539934515953064,291.7941000050632
D:\Bartek\coding\biometria\facial_auth\celeba_subset\img_align_celeba\031727.jpg,8748,True,8,False,0.08456182479858398,288.9422999942326
D:\Bartek\coding\biometria\facial_auth\celeba_subset\img_align_celeba\031727.jpg,8748,True,8,True,0.09001097083091736,288.3379999984754
D:\Bartek\coding\biometria\facial_auth\celeba_subset\img_align_celeba\113557.jpg,8834,True,2,False,0.5030803084373474,297.93639999843435
D:\Bartek\coding\biometria\facial_auth\celeba_subset\img_align_celeba\113557.jpg,8834,True,2,True,0.48587778210639954,297.9976999995415
D:\Bartek\coding\biometria\facial_auth\celeba_subset\img_align_celeba\117624.jpg,494,True,4,False,0.2382165640592575,291.061299998546
D:\Bartek\coding\biometria\facial_auth\celeba_subset\img_align_celeba\117624.jpg,494,True,4,True,0.362065851688385,288.5330999997677
D:\Bartek\coding\biometria\facial_auth\celeba_subset\img_align_celeba\187748.jpg,6195,True,8,False,0.43214690685272217,290.9044999978505
D:\Bartek\coding\biometria\facial_auth\celeba_subset\img_align_celeba\187748.jpg,6195,True,8,True,0.4405739903450012,289.40439999860246
D:\Bartek\coding\biometria\facial_auth\celeba_subset\img_align_celeba\022803.jpg,8908,True,2,False,0.9277787804603577,300.2338000005693
D:\Bartek\coding\biometria\facial_auth\celeba_subset\img_align_celeba\022803.jpg,8908,True,2,True,0.9247097373008728,303.81340000167256
D:\Bartek\coding\biometria\facial_auth\celeba_subset\img_align_celeba\178367.jpg,2177,True,4,False,0.42070505023002625,280.9941000014078
D:\Bartek\coding\biometria\facial_auth\celeba_subset\img_align_celeba\178367.jpg,2177,True,4,True,0.4419160783290863,291.43330000079004
D:\Bartek\coding\biometria\facial_auth\celeba_subset\img_align_celeba\016347.jpg,644,True,8,False,0.04461892321705818,346.57290000177454
D:\Bartek\coding\biometria\facial_auth\celeba_subset\img_align_celeba\016347.jpg,644,True,8,True,0.05589412897825241,281.5461999998661
D:\Bartek\coding\biometria\facial_auth\celeba_subset\img_align_celeba\194543.jpg,9632,True,2,False,0.44781750440597534,289.6567999996478
D:\Bartek\coding\biometria\facial_auth\celeba_subset\img_align_celeba\194543.jpg,9632,True,2,True,0.4067162275314331,299.14589999680175
D:\Bartek\coding\biometria\facial_auth\celeba_subset\img_align_celeba\043740.jpg,7338,True,4,False,0.4109935760498047,285.8341999963159
D:\Bartek\coding\biometria\facial_auth\celeba_subset\img_align_celeba\043740.jpg,7338,True,4,True,0.44701188802719116,291.3479000053485
D:\Bartek\coding\biometria\facial_auth\celeba_subset\img_align_celeba\102020.jpg,5238,True,8,False,0.0157740730792284,293.6489999992773
D:\Bartek\coding\biometria\facial_auth\celeba_subset\img_align_celeba\102020.jpg,5238,True,8,True,0.04140614718198776,312.52929999754997
D:\Bartek\coding\biometria\facial_auth\celeba_subset\img_align_celeba\180716.jpg,205,True,2,False,0.4823867678642273,290.25010000623297
D:\Bartek\coding\biometria\facial_auth\celeba_subset\img_align_celeba\180716.jpg,205,True,2,True,0.46794643998146057,295.09669999970356
D:\Bartek\coding\biometria\facial_auth\celeba_subset\img_align_celeba\177132.jpg,3877,True,4,False,0.5197787284851074,282.7857000011136
D:\Bartek\coding\biometria\facial_auth\celeba_subset\img_align_celeba\177132.jpg,3877,True,4,True,0.46778854727745056,308.4292999992613
D:\Bartek\coding\biometria\facial_auth\celeba_subset\img_align_celeba\102985.jpg,1149,True,8,False,0.07448305934667587,275.8551999941119
D:\Bartek\coding\biometria\facial_auth\celeba_subset\img_align_celeba\102985.jpg,1149,True,8,True,0.06320875883102417,286.78950000175973
D:\Bartek\coding\biometria\facial_auth\celeba_subset\img_align_celeba\141146.jpg,3336,True,2,False,0.28140687942504883,293.17689999879804
D:\Bartek\coding\biometria\facial_auth\celeba_subset\img_align_celeba\141146.jpg,3336,True,2,True,0.28200292587280273,296.48859999724664
D:\Bartek\coding\biometria\facial_auth\celeba_subset\img_align_celeba\101221.jpg,7524,True,4,False,0.2114894688129425,280.02550000383053
D:\Bartek\coding\biometria\facial_auth\celeba_subset\img_align_celeba\101221.jpg,7524,True,4,True,0.1830250769853592,293.9812000040547
D:\Bartek\coding\biometria\facial_auth\celeba_subset\img_align_celeba\067663.jpg,9910,True,8,False,0.9639794826507568,292.81349999655504
D:\Bartek\coding\biometria\facial_auth\celeba_subset\img_align_celeba\067663.jpg,9910,True,8,True,0.9664695858955383,296.7944999982137
D:\Bartek\coding\biometria\facial_auth\celeba_subset\img_align_celeba\133966.jpg,5238,True,2,False,0.7005155086517334,288.2504000008339
D:\Bartek\coding\biometria\facial_auth\celeba_subset\img_align_celeba\133966.jpg,5238,True,2,True,0.7115693092346191,300.4544000068563
D:\Bartek\coding\biometria\facial_auth\celeba_subset\img_align_celeba\096686.jpg,6806,True,4,False,0.4673314094543457,284.08330000092974
D:\Bartek\coding\biometria\facial_auth\celeba_subset\img_align_celeba\096686.jpg,6806,True,4,True,0.4737311601638794,289.76110000076005
D:\Bartek\coding\biometria\facial_auth\celeba_subset\img_align_celeba\111177.jpg,7422,True,8,False,0.7666771411895752,297.14229999808595
D:\Bartek\coding\biometria\facial_auth\celeba_subset\img_align_celeba\111177.jpg,7422,True,8,True,0.7680818438529968,303.7964000031934
D:\Bartek\coding\biometria\facial_auth\celeba_subset\img_align_celeba\063417.jpg,898,True,2,False,0.3942578136920929,295.78659999970114
D:\Bartek\coding\biometria\facial_auth\celeba_subset\img_align_celeba\063417.jpg,898,True,2,True,0.38355010747909546,299.0037999988999
D:\Bartek\coding\biometria\facial_auth\celeba_subset\img_align_celeba\170259.jpg,913,True,4,False,0.529004693031311,278.90779999870574
D:\Bartek\coding\biometria\facial_auth\celeba_subset\img_align_celeba\170259.jpg,913,True,4,True,0.3392091989517212,286.2953000003472
D:\Bartek\coding\biometria\facial_auth\celeba_subset\img_align_celeba\190913.jpg,9489,True,8,False,0.1372985988855362,287.58989999914775
D:\Bartek\coding\biometria\facial_auth\celeba_subset\img_align_celeba\190913.jpg,9489,True,8,True,0.19340629875659943,281.86879999702796
D:\Bartek\coding\biometria\facial_auth\celeba_subset\img_align_celeba\028927.jpg,8971,True,2,False,0.6424311995506287,285.3513000009116
D:\Bartek\coding\biometria\facial_auth\celeba_subset\img_align_celeba\028927.jpg,8971,True,2,True,0.6271829605102539,289.6335999976145
D:\Bartek\coding\biometria\facial_auth\celeba_subset\img_align_celeba\013153.jpg,1435,True,4,False,0.5128462314605713,289.65400000015507
D:\Bartek\coding\biometria\facial_auth\celeba_subset\img_align_celeba\013153.jpg,1435,True,4,True,0.520946741104126,291.0814999995637
D:\Bartek\coding\biometria\facial_auth\celeba_subset\img_align_celeba\182107.jpg,205,True,8,False,0.06860209256410599,286.26559999975143
D:\Bartek\coding\biometria\facial_auth\celeba_subset\img_align_celeba\182107.jpg,205,True,8,True,0.07076968997716904,287.28399999818066
D:\Bartek\coding\biometria\facial_auth\celeba_subset\img_align_celeba\031369.jpg,7103,True,2,False,0.4549819231033325,286.79120000015246
D:\Bartek\coding\biometria\facial_auth\celeba_subset\img_align_celeba\031369.jpg,7103,True,2,True,0.496646910905838,285.8981999961543
D:\Bartek\coding\biometria\facial_auth\celeba_subset\img_align_celeba\121279.jpg,8,True,4,False,0.08354121446609497,290.0880999950459
D:\Bartek\coding\biometria\facial_auth\celeba_subset\img_align_celeba\121279.jpg,8,True,4,True,0.1832183450460434,293.4060000043246
D:\Bartek\coding\biometria\facial_auth\celeba_subset\img_align_celeba\135443.jpg,5064,True,8,False,0.034870896488428116,291.06469999533147
D:\Bartek\coding\biometria\facial_auth\celeba_subset\img_align_celeba\135443.jpg,5064,True,8,True,0.03678124025464058,280.4600000017672
D:\Bartek\coding\biometria\facial_auth\celeba_subset\img_align_celeba\024368.jpg,7103,True,2,False,0.34942004084587097,294.47540000546724
D:\Bartek\coding\biometria\facial_auth\celeba_subset\img_align_celeba\024368.jpg,7103,True,2,True,0.263379842042923,313.1431000001612
D:\Bartek\coding\biometria\facial_auth\celeba_subset\img_align_celeba\045304.jpg,4870,True,4,False,0.39903420209884644,280.4303999946569
D:\Bartek\coding\biometria\facial_auth\celeba_subset\img_align_celeba\045304.jpg,4870,True,4,True,0.30492284893989563,293.6939999999595
D:\Bartek\coding\biometria\facial_auth\celeba_subset\img_align_celeba\202541.jpg,5872,True,8,False,0.1418604850769043,294.8614999986603
D:\Bartek\coding\biometria\facial_auth\celeba_subset\img_align_celeba\202541.jpg,5872,True,8,True,0.14643003046512604,304.01659999915864
D:\Bartek\coding\biometria\facial_auth\celeba_subset\img_align_celeba\018153.jpg,1128,True,2,False,0.6644334197044373,301.4800000019022
D:\Bartek\coding\biometria\facial_auth\celeba_subset\img_align_celeba\018153.jpg,1128,True,2,True,0.6117101907730103,297.8138999969815
D:\Bartek\coding\biometria\facial_auth\celeba_subset\img_align_celeba\048985.jpg,2814,True,4,False,0.5059062838554382,279.86170000076527
D:\Bartek\coding\biometria\facial_auth\celeba_subset\img_align_celeba\048985.jpg,2814,True,4,True,0.4686727821826935,284.1372999973828
D:\Bartek\coding\biometria\facial_auth\celeba_subset\img_align_celeba\003447.jpg,8748,True,8,False,0.060171253979206085,282.62939999694936
D:\Bartek\coding\biometria\facial_auth\celeba_subset\img_align_celeba\003447.jpg,8748,True,8,True,0.08340685814619064,296.7860000062501
D:\Bartek\coding\biometria\facial_auth\celeba_subset\img_align_celeba\024886.jpg,1128,True,2,False,0.7410446405410767,295.5895999984932
D:\Bartek\coding\biometria\facial_auth\celeba_subset\img_align_celeba\024886.jpg,1128,True,2,True,0.6739178895950317,295.758799999021
D:\Bartek\coding\biometria\facial_auth\celeba_subset\img_align_celeba\032759.jpg,1149,True,4,False,0.37157580256462097,280.7214999993448
D:\Bartek\coding\biometria\facial_auth\celeba_subset\img_align_celeba\032759.jpg,1149,True,4,True,0.31423112750053406,285.94580000208225
D:\Bartek\coding\biometria\facial_auth\celeba_subset\img_align_celeba\105095.jpg,9144,True,8,False,0.1706838607788086,281.85189999931026
D:\Bartek\coding\biometria\facial_auth\celeba_subset\img_align_celeba\105095.jpg,9144,True,8,True,0.17221716046333313,289.1635999985738
D:\Bartek\coding\biometria\facial_auth\celeba_subset\img_align_celeba\021944.jpg,6456,True,2,False,0.39504775404930115,285.7455999983358
D:\Bartek\coding\biometria\facial_auth\celeba_subset\img_align_celeba\021944.jpg,6456,True,2,True,0.34387481212615967,294.71400000329595
D:\Bartek\coding\biometria\facial_auth\celeba_subset\img_align_celeba\107263.jpg,1435,True,4,False,0.39840373396873474,284.82989999611164
D:\Bartek\coding\biometria\facial_auth\celeba_subset\img_align_celeba\107263.jpg,1435,True,4,True,0.4042142927646637,292.39529999904335
D:\Bartek\coding\biometria\facial_auth\celeba_subset\img_align_celeba\162744.jpg,6722,True,8,False,0.06873113662004471,290.6009000071208
D:\Bartek\coding\biometria\facial_auth\celeba_subset\img_align_celeba\162744.jpg,6722,True,8,True,0.06909595429897308,289.9442000052659
D:\Bartek\coding\biometria\facial_auth\celeba_subset\img_align_celeba\065620.jpg,5190,True,2,False,0.4302836060523987,286.2703999999212
D:\Bartek\coding\biometria\facial_auth\celeba_subset\img_align_celeba\065620.jpg,5190,True,2,True,0.46048176288604736,219.17269999539712
D:\Bartek\coding\biometria\facial_auth\celeba_subset\img_align_celeba\095668.jpg,8091,True,4,False,0.13876944780349731,281.5534999972442
D:\Bartek\coding\biometria\facial_auth\celeba_subset\img_align_celeba\095668.jpg,8091,True,4,True,0.13248243927955627,282.7160999950138
D:\Bartek\coding\biometria\facial_auth\celeba_subset\img_align_celeba\047407.jpg,3336,True,8,False,0.051001667976379395,285.99709999980405
D:\Bartek\coding\biometria\facial_auth\celeba_subset\img_align_celeba\047407.jpg,3336,True,8,True,0.045623768121004105,283.62660000129836
D:\Bartek\coding\biometria\facial_auth\celeba_subset\img_align_celeba\030080.jpg,1149,True,2,False,0.7336286902427673,295.6510000003618
D:\Bartek\coding\biometria\facial_auth\celeba_subset\img_align_celeba\030080.jpg,1149,True,2,True,0.5938423275947571,300.9214999983669
D:\Bartek\coding\biometria\facial_auth\celeba_subset\img_align_celeba\128248.jpg,2926,True,4,False,0.0385289303958416,292.0109999977285
D:\Bartek\coding\biometria\facial_auth\celeba_subset\img_align_celeba\128248.jpg,2926,True,4,True,0.030412523075938225,289.4751999992877
D:\Bartek\coding\biometria\facial_auth\celeba_subset\img_align_celeba\152198.jpg,4936,True,8,False,0.05133448541164398,286.7919999989681
D:\Bartek\coding\biometria\facial_auth\celeba_subset\img_align_celeba\152198.jpg,4936,True,8,True,0.07607731968164444,284.3358000027365
D:\Bartek\coding\biometria\facial_auth\celeba_subset\img_align_celeba\033056.jpg,5656,True,2,False,0.3444790542125702,308.104200004891
D:\Bartek\coding\biometria\facial_auth\celeba_subset\img_align_celeba\033056.jpg,5656,True,2,True,0.3491053283214569,285.46320000168635
D:\Bartek\coding\biometria\facial_auth\celeba_subset\img_align_celeba\187307.jpg,8415,True,4,False,0.5306596755981445,283.0065000016475
D:\Bartek\coding\biometria\facial_auth\celeba_subset\img_align_celeba\187307.jpg,8415,True,4,True,0.5038883686065674,291.3094999967143
D:\Bartek\coding\biometria\facial_auth\celeba_subset\img_align_celeba\134714.jpg,503,True,8,False,0.32835710048675537,277.2744000030798
D:\Bartek\coding\biometria\facial_auth\celeba_subset\img_align_celeba\134714.jpg,503,True,8,True,0.3353017270565033,278.5001000011107
D:\Bartek\coding\biometria\facial_auth\celeba_subset\img_align_celeba\104676.jpg,9093,True,2,False,0.27864372730255127,279.28260000044247
D:\Bartek\coding\biometria\facial_auth\celeba_subset\img_align_celeba\104676.jpg,9093,True,2,True,0.4260592460632324,288.96119999990333
D:\Bartek\coding\biometria\facial_auth\celeba_subset\img_align_celeba\181902.jpg,3236,True,4,False,0.3594435155391693,285.26879999844823
D:\Bartek\coding\biometria\facial_auth\celeba_subset\img_align_celeba\181902.jpg,3236,True,4,True,0.3219134509563446,286.4950000002864
D:\Bartek\coding\biometria\facial_auth\celeba_subset\img_align_celeba\159200.jpg,9688,True,8,False,0.03672664985060692,278.5459000006085
D:\Bartek\coding\biometria\facial_auth\celeba_subset\img_align_celeba\159200.jpg,9688,True,8,True,0.03654048219323158,287.6399000015226
D:\Bartek\coding\biometria\facial_auth\celeba_subset\img_align_celeba\197465.jpg,6528,True,2,False,0.6570010185241699,281.7397000035271
D:\Bartek\coding\biometria\facial_auth\celeba_subset\img_align_celeba\197465.jpg,6528,True,2,True,0.5425558090209961,292.2227000017301
D:\Bartek\coding\biometria\facial_auth\celeba_subset\img_align_celeba\172411.jpg,205,True,4,False,0.22642962634563446,290.3479000015068
D:\Bartek\coding\biometria\facial_auth\celeba_subset\img_align_celeba\172411.jpg,205,True,4,True,0.1851421296596527,283.69650000240654
D:\Bartek\coding\biometria\facial_auth\celeba_subset\img_align_celeba\078965.jpg,8,True,8,False,0.04258115962147713,289.5661000002292
D:\Bartek\coding\biometria\facial_auth\celeba_subset\img_align_celeba\078965.jpg,8,True,8,True,0.06840351969003677,282.5370999998995
D:\Bartek\coding\biometria\facial_auth\celeba_subset\img_align_celeba\084506.jpg,7253,True,2,False,0.39668142795562744,288.13649999938207
D:\Bartek\coding\biometria\facial_auth\celeba_subset\img_align_celeba\084506.jpg,7253,True,2,True,0.32843172550201416,288.5037000014563
D:\Bartek\coding\biometria\facial_auth\celeba_subset\img_align_celeba\119445.jpg,898,True,4,False,0.2951015532016754,278.1590000013239
D:\Bartek\coding\biometria\facial_auth\celeba_subset\img_align_celeba\119445.jpg,898,True,4,True,0.2692956328392029,283.57710000273073
D:\Bartek\coding\biometria\facial_auth\celeba_subset\img_align_celeba\050610.jpg,3336,True,8,False,0.065816231071949,276.8705999988015
D:\Bartek\coding\biometria\facial_auth\celeba_subset\img_align_celeba\050610.jpg,3336,True,8,True,0.0585353821516037,284.29090000281576
D:\Bartek\coding\biometria\facial_auth\celeba_subset\img_align_celeba\026730.jpg,9828,True,2,False,0.5436392426490784,284.36669999791775
D:\Bartek\coding\biometria\facial_auth\celeba_subset\img_align_celeba\026730.jpg,9828,True,2,True,0.5330765247344971,288.88399999414105
D:\Bartek\coding\biometria\facial_auth\celeba_subset\img_align_celeba\160891.jpg,310,True,4,False,0.38462740182876587,282.14549999393057
D:\Bartek\coding\biometria\facial_auth\celeba_subset\img_align_celeba\160891.jpg,310,True,4,True,0.26817023754119873,288.73510000266833
D:\Bartek\coding\biometria\facial_auth\celeba_subset\img_align_celeba\123739.jpg,6719,True,8,False,0.06530620157718658,282.5576000032015
D:\Bartek\coding\biometria\facial_auth\celeba_subset\img_align_celeba\123739.jpg,6719,True,8,True,0.07104235887527466,286.923100000422
D:\Bartek\coding\biometria\facial_auth\celeba_subset\img_align_celeba\056178.jpg,975,True,2,False,0.4192352592945099,287.0935999962967
D:\Bartek\coding\biometria\facial_auth\celeba_subset\img_align_celeba\056178.jpg,975,True,2,True,0.4719150960445404,303.98849999619415
D:\Bartek\coding\biometria\facial_auth\celeba_subset\img_align_celeba\052459.jpg,4659,True,4,False,0.011055461131036282,286.51060000265716
D:\Bartek\coding\biometria\facial_auth\celeba_subset\img_align_celeba\052459.jpg,4659,True,4,True,0.03663337975740433,285.14439999707974
D:\Bartek\coding\biometria\facial_auth\celeba_subset\img_align_celeba\195011.jpg,8936,True,8,False,0.06643892079591751,290.0969000038458
D:\Bartek\coding\biometria\facial_auth\celeba_subset\img_align_celeba\195011.jpg,8936,True,8,True,0.0592244528234005,301.2537999966298
D:\Bartek\coding\biometria\facial_auth\celeba_subset\img_align_celeba\097813.jpg,9093,True,2,False,0.3372572064399719,277.14279999781866
D:\Bartek\coding\biometria\facial_auth\celeba_subset\img_align_celeba\097813.jpg,9093,True,2,True,0.3045251965522766,280.2023000040208
D:\Bartek\coding\biometria\facial_auth\celeba_subset\img_align_celeba\182074.jpg,1350,True,4,False,0.6335167288780212,282.10219999891706
D:\Bartek\coding\biometria\facial_auth\celeba_subset\img_align_celeba\182074.jpg,1350,True,4,True,0.6453754305839539,287.7373000010266
D:\Bartek\coding\biometria\facial_auth\celeba_subset\img_align_celeba\154399.jpg,4150,True,8,False,0.0180339515209198,283.3174000043073
D:\Bartek\coding\biometria\facial_auth\celeba_subset\img_align_celeba\154399.jpg,4150,True,8,True,0.01812337525188923,272.5328999949852
D:\Bartek\coding\biometria\facial_auth\celeba_subset\img_align_celeba\201059.jpg,7088,True,2,False,0.25896257162094116,274.9247000028845
D:\Bartek\coding\biometria\facial_auth\celeba_subset\img_align_celeba\201059.jpg,7088,True,2,True,0.2320704460144043,278.093799999624
D:\Bartek\coding\biometria\facial_auth\celeba_subset\img_align_celeba\069653.jpg,1147,True,4,False,0.4063526391983032,288.2857000004151
D:\Bartek\coding\biometria\facial_auth\celeba_subset\img_align_celeba\069653.jpg,1147,True,4,True,0.4499374032020569,315.67899999936344
D:\Bartek\coding\biometria\facial_auth\celeba_subset\img_align_celeba\065152.jpg,7422,True,8,False,0.7790077924728394,300.415099998645
D:\Bartek\coding\biometria\facial_auth\celeba_subset\img_align_celeba\065152.jpg,7422,True,8,True,0.7759692072868347,314.7132999947644
D:\Bartek\coding\biometria\facial_auth\celeba_subset\img_align_celeba\022418.jpg,5922,True,2,False,0.3355695307254791,301.3963999983389
D:\Bartek\coding\biometria\facial_auth\celeba_subset\img_align_celeba\022418.jpg,5922,True,2,True,0.3469654321670532,290.46059999382123
D:\Bartek\coding\biometria\facial_auth\celeba_subset\img_align_celeba\095371.jpg,5780,True,4,False,0.298565536737442,289.9270999987493
D:\Bartek\coding\biometria\facial_auth\celeba_subset\img_align_celeba\095371.jpg,5780,True,4,True,0.3108569085597992,291.3734999965527
D:\Bartek\coding\biometria\facial_auth\celeba_subset\img_align_celeba\139337.jpg,8748,True,8,False,0.11505727469921112,282.64599999965867
D:\Bartek\coding\biometria\facial_auth\celeba_subset\img_align_celeba\139337.jpg,8748,True,8,True,0.1708730310201645,295.69449999689823
D:\Bartek\coding\biometria\facial_auth\celeba_subset\img_align_celeba\128455.jpg,7422,True,2,False,0.7631977200508118,289.9822000035783
D:\Bartek\coding\biometria\facial_auth\celeba_subset\img_align_celeba\128455.jpg,7422,True,2,True,0.4211695194244385,299.03709999780403
D:\Bartek\coding\biometria\facial_auth\celeba_subset\img_align_celeba\143996.jpg,2926,True,4,False,0.28244903683662415,285.92090000165626
D:\Bartek\coding\biometria\facial_auth\celeba_subset\img_align_celeba\143996.jpg,2926,True,4,True,0.2150268703699112,289.49509999802103
D:\Bartek\coding\biometria\facial_auth\celeba_subset\img_align_celeba\040371.jpg,7338,True,8,False,0.17071758210659027,290.1112000035937
D:\Bartek\coding\biometria\facial_auth\celeba_subset\img_align_celeba\040371.jpg,7338,True,8,True,0.1634274423122406,283.6699999970733
D:\Bartek\coding\biometria\facial_auth\celeba_subset\img_align_celeba\114933.jpg,5922,True,2,False,0.5040925145149231,288.073900002928
D:\Bartek\coding\biometria\facial_auth\celeba_subset\img_align_celeba\114933.jpg,5922,True,2,True,0.4677833020687103,289.68539999914356
D:\Bartek\coding\biometria\facial_auth\celeba_subset\img_align_celeba\002541.jpg,2926,True,4,False,0.37188827991485596,285.5291999949259
D:\Bartek\coding\biometria\facial_auth\celeba_subset\img_align_celeba\002541.jpg,2926,True,4,True,0.3325065076351166,293.6805999997887
D:\Bartek\coding\biometria\facial_auth\celeba_subset\img_align_celeba\194794.jpg,8415,True,8,False,0.09934180229902267,287.18020000087563
D:\Bartek\coding\biometria\facial_auth\celeba_subset\img_align_celeba\194794.jpg,8415,True,8,True,0.06648439913988113,287.0820999960415
D:\Bartek\coding\biometria\facial_auth\celeba_subset\img_align_celeba\029190.jpg,6456,True,2,False,0.4175219237804413,288.46209999755956
D:\Bartek\coding\biometria\facial_auth\celeba_subset\img_align_celeba\029190.jpg,6456,True,2,True,0.4539431929588318,281.3845000055153
D:\Bartek\coding\biometria\facial_auth\celeba_subset\img_align_celeba\060466.jpg,9688,True,4,False,0.5940574407577515,277.5251000057324
D:\Bartek\coding\biometria\facial_auth\celeba_subset\img_align_celeba\060466.jpg,9688,True,4,True,0.6090614795684814,283.60670000256505
D:\Bartek\coding\biometria\facial_auth\celeba_subset\img_align_celeba\137797.jpg,4659,True,8,False,0.09914927929639816,288.02230000292184
D:\Bartek\coding\biometria\facial_auth\celeba_subset\img_align_celeba\137797.jpg,4659,True,8,True,0.0889260470867157,276.8568999963463
D:\Bartek\coding\biometria\facial_auth\celeba_subset\img_align_celeba\187227.jpg,5872,True,2,False,0.48905375599861145,279.28180000162683
D:\Bartek\coding\biometria\facial_auth\celeba_subset\img_align_celeba\187227.jpg,5872,True,2,True,0.42218315601348877,294.8522999940906
D:\Bartek\coding\biometria\facial_auth\celeba_subset\img_align_celeba\192581.jpg,8027,True,4,False,0.33771899342536926,288.78139999869745
D:\Bartek\coding\biometria\facial_auth\celeba_subset\img_align_celeba\192581.jpg,8027,True,4,True,0.42699965834617615,298.5356999997748
D:\Bartek\coding\biometria\facial_auth\celeba_subset\img_align_celeba\194347.jpg,9489,True,8,False,0.11364253610372543,283.9061999984551
D:\Bartek\coding\biometria\facial_auth\celeba_subset\img_align_celeba\194347.jpg,9489,True,8,True,0.10018064081668854,289.02560000278754
D:\Bartek\coding\biometria\facial_auth\celeba_subset\img_align_celeba\169910.jpg,1120,True,2,False,0.9414762854576111,287.674799998058
D:\Bartek\coding\biometria\facial_auth\celeba_subset\img_align_celeba\169910.jpg,1120,True,2,True,0.8412002325057983,299.11429999629036
D:\Bartek\coding\biometria\facial_auth\celeba_subset\img_align_celeba\154454.jpg,8748,True,4,False,0.22222577035427094,283.5858000034932
D:\Bartek\coding\biometria\facial_auth\celeba_subset\img_align_celeba\154454.jpg,8748,True,4,True,0.2966623902320862,285.518000004231
D:\Bartek\coding\biometria\facial_auth\celeba_subset\img_align_celeba\113515.jpg,6136,True,8,False,0.08455513417720795,284.6664000026067
D:\Bartek\coding\biometria\facial_auth\celeba_subset\img_align_celeba\113515.jpg,6136,True,8,True,0.06877793371677399,293.48839999875054
D:\Bartek\coding\biometria\facial_auth\celeba_subset\img_align_celeba\043140.jpg,5672,True,2,False,0.4630526006221771,288.20360000099754
D:\Bartek\coding\biometria\facial_auth\celeba_subset\img_align_celeba\043140.jpg,5672,True,2,True,0.43519002199172974,294.3565000023227
D:\Bartek\coding\biometria\facial_auth\celeba_subset\img_align_celeba\083995.jpg,2926,True,4,False,0.20564612746238708,288.0721999972593
D:\Bartek\coding\biometria\facial_auth\celeba_subset\img_align_celeba\083995.jpg,2926,True,4,True,0.2474907487630844,291.7689000023529
D:\Bartek\coding\biometria\facial_auth\celeba_subset\img_align_celeba\137959.jpg,8908,True,8,False,0.926967203617096,285.7759000035003
D:\Bartek\coding\biometria\facial_auth\celeba_subset\img_align_celeba\137959.jpg,8908,True,8,True,0.9241429567337036,305.24480000167387
D:\Bartek\coding\biometria\facial_auth\celeba_subset\img_align_celeba\076593.jpg,9910,True,2,False,0.16947215795516968,290.62030000204686
D:\Bartek\coding\biometria\facial_auth\celeba_subset\img_align_celeba\076593.jpg,9910,True,2,True,0.17141643166542053,296.94049999670824
D:\Bartek\coding\biometria\facial_auth\celeba_subset\img_align_celeba\185198.jpg,8415,True,4,False,0.48026737570762634,292.35200000402983
D:\Bartek\coding\biometria\facial_auth\celeba_subset\img_align_celeba\185198.jpg,8415,True,4,True,0.45423632860183716,288.7523000026704
D:\Bartek\coding\biometria\facial_auth\celeba_subset\img_align_celeba\046024.jpg,5127,True,8,False,0.022606343030929565,298.35910000110744
D:\Bartek\coding\biometria\facial_auth\celeba_subset\img_align_celeba\046024.jpg,5127,True,8,True,-0.003087048651650548,284.6071000021766
D:\Bartek\coding\biometria\facial_auth\celeba_subset\img_align_celeba\030170.jpg,5099,True,2,False,0.7272177934646606,287.35130000131903
D:\Bartek\coding\biometria\facial_auth\celeba_subset\img_align_celeba\030170.jpg,5099,True,2,True,0.7580813765525818,294.3770999991102
D:\Bartek\coding\biometria\facial_auth\celeba_subset\img_align_celeba\092342.jpg,1128,True,4,False,0.3778032660484314,289.3941000002087
D:\Bartek\coding\biometria\facial_auth\celeba_subset\img_align_celeba\092342.jpg,1128,True,4,True,0.3907341957092285,289.0784000046551
D:\Bartek\coding\biometria\facial_auth\celeba_subset\img_align_celeba\053746.jpg,7524,True,8,False,0.980110228061676,293.5823000007076
D:\Bartek\coding\biometria\facial_auth\celeba_subset\img_align_celeba\053746.jpg,7524,True,8,True,0.9704331755638123,289.32679999707034
D:\Bartek\coding\biometria\facial_auth\celeba_subset\img_align_celeba\030929.jpg,975,True,2,False,0.548396646976471,292.4009000053047
D:\Bartek\coding\biometria\facial_auth\celeba_subset\img_align_celeba\030929.jpg,975,True,2,True,0.5153696537017822,287.2101999964798
D:\Bartek\coding\biometria\facial_auth\celeba_subset\img_align_celeba\004260.jpg,9828,True,4,False,0.4965558648109436,306.98449999908917
D:\Bartek\coding\biometria\facial_auth\celeba_subset\img_align_celeba\004260.jpg,9828,True,4,True,0.4046086072921753,285.66520000458695
D:\Bartek\coding\biometria\facial_auth\celeba_subset\img_align_celeba\097431.jpg,5656,True,8,False,0.09338891506195068,285.0722000002861
D:\Bartek\coding\biometria\facial_auth\celeba_subset\img_align_celeba\097431.jpg,5656,True,8,True,0.09336049854755402,287.4177999983658
D:\Bartek\coding\biometria\facial_auth\celeba_subset\img_align_celeba\166253.jpg,3200,True,2,False,0.6250596642494202,292.66680000000633
D:\Bartek\coding\biometria\facial_auth\celeba_subset\img_align_celeba\166253.jpg,3200,True,2,True,0.49081093072891235,292.0829000067897
D:\Bartek\coding\biometria\facial_auth\celeba_subset\img_align_celeba\182865.jpg,6528,True,4,False,0.44673725962638855,284.6057999995537
D:\Bartek\coding\biometria\facial_auth\celeba_subset\img_align_celeba\182865.jpg,6528,True,4,True,0.5193134546279907,286.4610999968136
D:\Bartek\coding\biometria\facial_auth\celeba_subset\img_align_celeba\038978.jpg,8971,True,8,False,0.04843487590551376,285.2666999970097
D:\Bartek\coding\biometria\facial_auth\celeba_subset\img_align_celeba\038978.jpg,8971,True,8,True,0.038058362901210785,292.27109999919776
D:\Bartek\coding\biometria\facial_auth\celeba_subset\img_align_celeba\148337.jpg,7338,True,2,False,0.2637038826942444,286.78889999719104
D:\Bartek\coding\biometria\facial_auth\celeba_subset\img_align_celeba\148337.jpg,7338,True,2,True,0.27222880721092224,290.5384999976377
D:\Bartek\coding\biometria\facial_auth\celeba_subset\img_align_celeba\177519.jpg,3200,True,4,False,0.5236113667488098,286.4689999987604
D:\Bartek\coding\biometria\facial_auth\celeba_subset\img_align_celeba\177519.jpg,3200,True,4,True,0.4803900420665741,296.6718000025139
D:\Bartek\coding\biometria\facial_auth\celeba_subset\img_align_celeba\110829.jpg,5656,True,8,False,0.09801922738552094,288.1299000000581
D:\Bartek\coding\biometria\facial_auth\celeba_subset\img_align_celeba\110829.jpg,5656,True,8,True,0.1137203797698021,286.98219999932917
D:\Bartek\coding\biometria\facial_auth\celeba_subset\img_align_celeba\112600.jpg,8834,True,2,False,0.5387038588523865,296.65139999997336
D:\Bartek\coding\biometria\facial_auth\celeba_subset\img_align_celeba\112600.jpg,8834,True,2,True,0.5287308692932129,295.33050000463845
D:\Bartek\coding\biometria\facial_auth\celeba_subset\img_align_celeba\154413.jpg,4870,True,4,False,0.31529974937438965,284.8941999982344
D:\Bartek\coding\biometria\facial_auth\celeba_subset\img_align_celeba\154413.jpg,4870,True,4,True,0.3137686550617218,292.5348999997368
D:\Bartek\coding\biometria\facial_auth\celeba_subset\img_align_celeba\141952.jpg,6456,True,8,False,0.23570722341537476,280.3806000010809
D:\Bartek\coding\biometria\facial_auth\celeba_subset\img_align_celeba\141952.jpg,6456,True,8,True,0.24108853936195374,286.06260000378825
D:\Bartek\coding\biometria\facial_auth\celeba_subset\img_align_celeba\124546.jpg,1147,True,2,False,0.47379860281944275,288.8898000019253
D:\Bartek\coding\biometria\facial_auth\celeba_subset\img_align_celeba\124546.jpg,1147,True,2,True,0.48588263988494873,292.25570000562584
D:\Bartek\coding\biometria\facial_auth\celeba_subset\img_align_celeba\124443.jpg,1435,True,4,False,0.42122259736061096,284.0809999979683
D:\Bartek\coding\biometria\facial_auth\celeba_subset\img_align_celeba\124443.jpg,1435,True,4,True,0.4799771308898926,287.25500000291504
D:\Bartek\coding\biometria\facial_auth\celeba_subset\img_align_celeba\162821.jpg,3200,True,8,False,0.5434513092041016,285.37299999879906
D:\Bartek\coding\biometria\facial_auth\celeba_subset\img_align_celeba\162821.jpg,3200,True,8,True,0.543207049369812,279.3418999935966
D:\Bartek\coding\biometria\facial_auth\celeba_subset\img_align_celeba\152797.jpg,644,True,2,False,0.5502671599388123,281.0592000023462
D:\Bartek\coding\biometria\facial_auth\celeba_subset\img_align_celeba\152797.jpg,644,True,2,True,0.4352070391178131,281.84350000083214
D:\Bartek\coding\biometria\facial_auth\celeba_subset\img_align_celeba\195333.jpg,5575,True,4,False,0.5401228070259094,286.8549000049825
D:\Bartek\coding\biometria\facial_auth\celeba_subset\img_align_celeba\195333.jpg,5575,True,4,True,0.5398802757263184,299.30409999360563
D:\Bartek\coding\biometria\facial_auth\celeba_subset\img_align_celeba\008465.jpg,9000,True,8,False,0.036217477172613144,288.23739999643294
D:\Bartek\coding\biometria\facial_auth\celeba_subset\img_align_celeba\008465.jpg,9000,True,8,True,0.029320266097784042,286.3491999960388
D:\Bartek\coding\biometria\facial_auth\celeba_subset\img_align_celeba\077342.jpg,1147,True,2,False,0.24745014309883118,283.3390999949188
D:\Bartek\coding\biometria\facial_auth\celeba_subset\img_align_celeba\077342.jpg,1147,True,2,True,0.3719041049480438,253.91510000190465
D:\Bartek\coding\biometria\facial_auth\celeba_subset\img_align_celeba\063286.jpg,4659,True,4,False,0.36117374897003174,280.09100000053877
D:\Bartek\coding\biometria\facial_auth\celeba_subset\img_align_celeba\063286.jpg,4659,True,4,True,0.35672762989997864,292.8246000010404
D:\Bartek\coding\biometria\facial_auth\celeba_subset\img_align_celeba\198698.jpg,6528,True,8,False,0.5178738832473755,286.7647999955807
D:\Bartek\coding\biometria\facial_auth\celeba_subset\img_align_celeba\198698.jpg,6528,True,8,True,0.4939348101615906,280.03300000273157
D:\Bartek\coding\biometria\facial_auth\celeba_subset\img_align_celeba\146473.jpg,898,True,2,False,0.5072166323661804,282.9263000021456
D:\Bartek\coding\biometria\facial_auth\celeba_subset\img_align_celeba\146473.jpg,898,True,2,True,0.5439050197601318,295.11880000063684
D:\Bartek\coding\biometria\facial_auth\celeba_subset\img_align_celeba\166107.jpg,205,True,4,False,0.3111850917339325,285.28770000411896
D:\Bartek\coding\biometria\facial_auth\celeba_subset\img_align_celeba\166107.jpg,205,True,4,True,0.328084796667099,293.00209999928484
D:\Bartek\coding\biometria\facial_auth\celeba_subset\img_align_celeba\046887.jpg,4936,True,8,False,0.04658650606870651,292.0559999984107
D:\Bartek\coding\biometria\facial_auth\celeba_subset\img_align_celeba\046887.jpg,4936,True,8,True,0.04899252951145172,286.9483999966178
D:\Bartek\coding\biometria\facial_auth\celeba_subset\img_align_celeba\188408.jpg,8415,True,2,False,0.709518313407898,283.3029000030365
D:\Bartek\coding\biometria\facial_auth\celeba_subset\img_align_celeba\188408.jpg,8415,True,2,True,0.5909833908081055,287.4907000004896
D:\Bartek\coding\biometria\facial_auth\celeba_subset\img_align_celeba\110694.jpg,898,True,4,False,0.3249219059944153,301.12309999822173
D:\Bartek\coding\biometria\facial_auth\celeba_subset\img_align_celeba\110694.jpg,898,True,4,True,0.33523398637771606,290.4225000020233
D:\Bartek\coding\biometria\facial_auth\celeba_subset\img_align_celeba\092361.jpg,8,True,8,False,0.010441368445754051,285.8771000028355
D:\Bartek\coding\biometria\facial_auth\celeba_subset\img_align_celeba\092361.jpg,8,True,8,True,0.02352891117334366,279.3055000001914
D:\Bartek\coding\biometria\facial_auth\celeba_subset\img_align_celeba\072850.jpg,7222,True,2,False,0.5761433839797974,287.7869000003557
D:\Bartek\coding\biometria\facial_auth\celeba_subset\img_align_celeba\072850.jpg,7222,True,2,True,0.5946361422538757,221.99510000064038
D:\Bartek\coding\biometria\facial_auth\celeba_subset\img_align_celeba\187054.jpg,5872,True,4,False,0.42220407724380493,276.58250000240514
D:\Bartek\coding\biometria\facial_auth\celeba_subset\img_align_celeba\187054.jpg,5872,True,4,True,0.3777245283126831,280.5086999942432
D:\Bartek\coding\biometria\facial_auth\celeba_subset\img_align_celeba\091739.jpg,5246,True,8,False,0.09840057045221329,296.555900000385
D:\Bartek\coding\biometria\facial_auth\celeba_subset\img_align_celeba\091739.jpg,5246,True,8,True,0.10684062540531158,287.64349999983096
D:\Bartek\coding\biometria\facial_auth\celeba_subset\img_align_celeba\185888.jpg,8415,True,2,False,0.08477281779050827,216.11590000247816
D:\Bartek\coding\biometria\facial_auth\celeba_subset\img_align_celeba\185888.jpg,8415,True,2,True,0.05499044060707092,285.777600001893
D:\Bartek\coding\biometria\facial_auth\celeba_subset\img_align_celeba\043484.jpg,9828,True,4,False,0.1476794332265854,284.8996000029729
D:\Bartek\coding\biometria\facial_auth\celeba_subset\img_align_celeba\043484.jpg,9828,True,4,True,0.46653929352760315,287.94299999572104
D:\Bartek\coding\biometria\facial_auth\celeba_subset\img_align_celeba\035909.jpg,8748,True,8,False,0.0724409818649292,284.0392999933101
D:\Bartek\coding\biometria\facial_auth\celeba_subset\img_align_celeba\035909.jpg,8748,True,8,True,0.09207771718502045,290.618999999424
D:\Bartek\coding\biometria\facial_auth\celeba_subset\img_align_celeba\057492.jpg,1128,True,2,False,0.48325708508491516,283.04950000165263
D:\Bartek\coding\biometria\facial_auth\celeba_subset\img_align_celeba\057492.jpg,1128,True,2,True,0.4201775789260864,287.01740000542486
D:\Bartek\coding\biometria\facial_auth\celeba_subset\img_align_celeba\148294.jpg,494,True,4,False,0.3302532136440277,292.91940000257455
D:\Bartek\coding\biometria\facial_auth\celeba_subset\img_align_celeba\148294.jpg,494,True,4,True,0.31635338068008423,297.1543000021484
D:\Bartek\coding\biometria\facial_auth\celeba_subset\img_align_celeba\056430.jpg,878,True,8,False,0.0031028669327497482,290.00680000171997
D:\Bartek\coding\biometria\facial_auth\celeba_subset\img_align_celeba\056430.jpg,878,True,8,True,-0.004530956037342548,282.7067999969586
D:\Bartek\coding\biometria\facial_auth\celeba_subset\img_align_celeba\091484.jpg,9300,True,2,False,0.299919068813324,305.38420000084443
D:\Bartek\coding\biometria\facial_auth\celeba_subset\img_align_celeba\091484.jpg,9300,True,2,True,0.2693011164665222,286.29260000161594
D:\Bartek\coding\biometria\facial_auth\celeba_subset\img_align_celeba\018766.jpg,6722,True,4,False,0.1393982470035553,283.3615999988979
D:\Bartek\coding\biometria\facial_auth\celeba_subset\img_align_celeba\018766.jpg,6722,True,4,True,0.12297189235687256,285.9013000052073
D:\Bartek\coding\biometria\facial_auth\celeba_subset\img_align_celeba\054688.jpg,5648,True,8,False,0.0753231942653656,278.0480000001262
D:\Bartek\coding\biometria\facial_auth\celeba_subset\img_align_celeba\054688.jpg,5648,True,8,True,0.05857529118657112,286.6619999986142
D:\Bartek\coding\biometria\facial_auth\celeba_subset\img_align_celeba\139400.jpg,2926,True,2,False,0.34847748279571533,283.658700005617
D:\Bartek\coding\biometria\facial_auth\celeba_subset\img_align_celeba\139400.jpg,2926,True,2,True,0.25281161069869995,219.81629999936558
D:\Bartek\coding\biometria\facial_auth\celeba_subset\img_align_celeba\031144.jpg,6368,True,4,False,0.2648119628429413,278.73019999969983
D:\Bartek\coding\biometria\facial_auth\celeba_subset\img_align_celeba\031144.jpg,6368,True,4,True,0.3162204921245575,285.7041000024765
D:\Bartek\coding\biometria\facial_auth\celeba_subset\img_align_celeba\152377.jpg,2926,True,8,False,0.042643334716558456,286.13120000227354
D:\Bartek\coding\biometria\facial_auth\celeba_subset\img_align_celeba\152377.jpg,2926,True,8,True,0.04179026186466217,289.1605000040727
D:\Bartek\coding\biometria\facial_auth\celeba_subset\img_align_celeba\024370.jpg,1104,True,2,False,0.550162136554718,284.5569999990403
D:\Bartek\coding\biometria\facial_auth\celeba_subset\img_align_celeba\024370.jpg,1104,True,2,True,0.574496865272522,290.42439999466296
D:\Bartek\coding\biometria\facial_auth\celeba_subset\img_align_celeba\131627.jpg,7524,True,4,False,0.42497357726097107,295.1374999975087
D:\Bartek\coding\biometria\facial_auth\celeba_subset\img_align_celeba\131627.jpg,7524,True,4,True,0.3182099461555481,282.52819999761414
D:\Bartek\coding\biometria\facial_auth\celeba_subset\img_align_celeba\003841.jpg,4936,True,8,False,0.06934700906276703,286.83250000176486
D:\Bartek\coding\biometria\facial_auth\celeba_subset\img_align_celeba\003841.jpg,4936,True,8,True,0.06660231947898865,289.1818999996758
D:\Bartek\coding\biometria\facial_auth\celeba_subset\img_align_celeba\081107.jpg,8748,True,2,False,0.630962073802948,284.35970000282396
D:\Bartek\coding\biometria\facial_auth\celeba_subset\img_align_celeba\081107.jpg,8748,True,2,True,0.5903748869895935,288.7782000034349
D:\Bartek\coding\biometria\facial_auth\celeba_subset\img_align_celeba\045831.jpg,5780,True,4,False,0.30384042859077454,290.2892000056454
D:\Bartek\coding\biometria\facial_auth\celeba_subset\img_align_celeba\045831.jpg,5780,True,4,True,0.3819945752620697,296.5727999981027
D:\Bartek\coding\biometria\facial_auth\celeba_subset\img_align_celeba\023065.jpg,5238,True,8,False,0.03818146511912346,285.62950000195997
D:\Bartek\coding\biometria\facial_auth\celeba_subset\img_align_celeba\023065.jpg,5238,True,8,True,0.05854268744587898,287.7742999990005
D:\Bartek\coding\biometria\facial_auth\celeba_subset\img_align_celeba\082593.jpg,7222,True,2,False,0.5065835118293762,286.56469999987166
D:\Bartek\coding\biometria\facial_auth\celeba_subset\img_align_celeba\082593.jpg,7222,True,2,True,0.5192407965660095,291.5815000014845
D:\Bartek\coding\biometria\facial_auth\celeba_subset\img_align_celeba\034660.jpg,6170,True,4,False,0.8905914425849915,284.9941999957082
D:\Bartek\coding\biometria\facial_auth\celeba_subset\img_align_celeba\034660.jpg,6170,True,4,True,0.8441632986068726,285.4114999936428
D:\Bartek\coding\biometria\facial_auth\celeba_subset\img_align_celeba\061035.jpg,8748,True,8,False,0.11270064115524292,280.8976000014809
D:\Bartek\coding\biometria\facial_auth\celeba_subset\img_align_celeba\061035.jpg,8748,True,8,True,0.18771255016326904,285.62549999332987
D:\Bartek\coding\biometria\facial_auth\celeba_subset\img_align_celeba\093508.jpg,494,True,2,False,0.3270440101623535,286.8961999993189
D:\Bartek\coding\biometria\facial_auth\celeba_subset\img_align_celeba\093508.jpg,494,True,2,True,0.3232281804084778,296.60799999692244
D:\Bartek\coding\biometria\facial_auth\celeba_subset\img_align_celeba\122978.jpg,7222,True,4,False,0.46298646926879883,288.13060000538826
D:\Bartek\coding\biometria\facial_auth\celeba_subset\img_align_celeba\122978.jpg,7222,True,4,True,0.44037386775016785,279.11780000431463
D:\Bartek\coding\biometria\facial_auth\celeba_subset\img_align_celeba\044524.jpg,9144,True,8,False,0.18218427896499634,277.80499999789754
D:\Bartek\coding\biometria\facial_auth\celeba_subset\img_align_celeba\044524.jpg,9144,True,8,True,0.17665502429008484,298.17760000150884
D:\Bartek\coding\biometria\facial_auth\celeba_subset\img_align_celeba\156382.jpg,6136,True,2,False,0.5674223899841309,283.95450000243727
D:\Bartek\coding\biometria\facial_auth\celeba_subset\img_align_celeba\156382.jpg,6136,True,2,True,0.5388134121894836,293.14960000192514
D:\Bartek\coding\biometria\facial_auth\celeba_subset\img_align_celeba\063991.jpg,1104,True,4,False,0.007856483571231365,282.72860000288347
D:\Bartek\coding\biometria\facial_auth\celeba_subset\img_align_celeba\063991.jpg,1104,True,4,True,0.014303980395197868,287.17820000019856
D:\Bartek\coding\biometria\facial_auth\celeba_subset\img_align_celeba\072904.jpg,3336,True,8,False,0.04418746381998062,288.7501000004704
D:\Bartek\coding\biometria\facial_auth\celeba_subset\img_align_celeba\072904.jpg,3336,True,8,True,0.04104654863476753,291.92350000084843
D:\Bartek\coding\biometria\facial_auth\celeba_subset\img_align_celeba\167772.jpg,4185,True,2,False,0.45293861627578735,290.0653999968199
D:\Bartek\coding\biometria\facial_auth\celeba_subset\img_align_celeba\167772.jpg,4185,True,2,True,0.47869980335235596,224.23530000378378
D:\Bartek\coding\biometria\facial_auth\celeba_subset\img_align_celeba\097482.jpg,5099,True,4,False,0.4348395764827728,280.7505000018864
D:\Bartek\coding\biometria\facial_auth\celeba_subset\img_align_celeba\097482.jpg,5099,True,4,True,0.4027635455131531,286.4752000023145
D:\Bartek\coding\biometria\facial_auth\celeba_subset\img_align_celeba\168857.jpg,2177,True,8,False,0.9351527094841003,291.8299000011757
D:\Bartek\coding\biometria\facial_auth\celeba_subset\img_align_celeba\168857.jpg,2177,True,8,True,0.9293502569198608,288.05109999666456
D:\Bartek\coding\biometria\facial_auth\celeba_subset\img_align_celeba\002426.jpg,2814,True,2,False,0.49239403009414673,285.30160000082105
D:\Bartek\coding\biometria\facial_auth\celeba_subset\img_align_celeba\002426.jpg,2814,True,2,True,0.41740503907203674,289.9085000026389
D:\Bartek\coding\biometria\facial_auth\celeba_subset\img_align_celeba\043031.jpg,4150,True,4,False,0.330766499042511,285.22890000022016
D:\Bartek\coding\biometria\facial_auth\celeba_subset\img_align_celeba\043031.jpg,4150,True,4,True,0.3415389358997345,294.42350000317674
D:\Bartek\coding\biometria\facial_auth\celeba_subset\img_align_celeba\171631.jpg,190,True,8,False,0.10717464983463287,284.4907000035164
D:\Bartek\coding\biometria\facial_auth\celeba_subset\img_align_celeba\171631.jpg,190,True,8,True,0.09508227556943893,292.95640000054846
D:\Bartek\coding\biometria\facial_auth\celeba_subset\img_align_celeba\022495.jpg,5672,True,2,False,0.3830176293849945,287.4549999978626
D:\Bartek\coding\biometria\facial_auth\celeba_subset\img_align_celeba\022495.jpg,5672,True,2,True,0.3762998878955841,294.0883999981452
D:\Bartek\coding\biometria\facial_auth\celeba_subset\img_align_celeba\051995.jpg,655,True,4,False,0.31348541378974915,295.6156000000192
D:\Bartek\coding\biometria\facial_auth\celeba_subset\img_align_celeba\051995.jpg,655,True,4,True,0.24929310381412506,286.78499999659834
D:\Bartek\coding\biometria\facial_auth\celeba_subset\img_align_celeba\174539.jpg,205,True,8,False,0.05804974585771561,286.87599999830127
D:\Bartek\coding\biometria\facial_auth\celeba_subset\img_align_celeba\174539.jpg,205,True,8,True,0.050484586507081985,295.0708999997005
D:\Bartek\coding\biometria\facial_auth\celeba_subset\img_align_celeba\108269.jpg,3336,True,2,False,0.5413848757743835,279.1942000039853
D:\Bartek\coding\biometria\facial_auth\celeba_subset\img_align_celeba\108269.jpg,3336,True,2,True,0.4557700753211975,286.43860000011045
D:\Bartek\coding\biometria\facial_auth\celeba_subset\img_align_celeba\198564.jpg,9489,True,4,False,0.23859678208827972,282.8406000044197
D:\Bartek\coding\biometria\facial_auth\celeba_subset\img_align_celeba\198564.jpg,9489,True,4,True,0.21304874122142792,286.02529999625403
D:\Bartek\coding\biometria\facial_auth\celeba_subset\img_align_celeba\022607.jpg,7338,True,8,False,0.130994513630867,287.0667000024696
D:\Bartek\coding\biometria\facial_auth\celeba_subset\img_align_celeba\022607.jpg,7338,True,8,True,0.12249094247817993,284.32189999875845
D:\Bartek\coding\biometria\facial_auth\celeba_subset\img_align_celeba\033145.jpg,3655,True,2,False,0.4744759798049927,297.5518000021111
D:\Bartek\coding\biometria\facial_auth\celeba_subset\img_align_celeba\033145.jpg,3655,True,2,True,0.4277358651161194,289.6949999994831
D:\Bartek\coding\biometria\facial_auth\celeba_subset\img_align_celeba\094081.jpg,5672,True,4,False,0.40126046538352966,286.79640000336803
D:\Bartek\coding\biometria\facial_auth\celeba_subset\img_align_celeba\094081.jpg,5672,True,4,True,0.29129984974861145,293.0281000008108
D:\Bartek\coding\biometria\facial_auth\celeba_subset\img_align_celeba\169002.jpg,3877,True,8,False,0.023308411240577698,304.204000000027
D:\Bartek\coding\biometria\facial_auth\celeba_subset\img_align_celeba\169002.jpg,3877,True,8,True,0.025559300556778908,278.03729999868665
D:\Bartek\coding\biometria\facial_auth\celeba_subset\img_align_celeba\039635.jpg,975,True,2,False,0.45973724126815796,292.52640000049723
D:\Bartek\coding\biometria\facial_auth\celeba_subset\img_align_celeba\039635.jpg,975,True,2,True,0.4942227303981781,307.7199000035762
D:\Bartek\coding\biometria\facial_auth\celeba_subset\img_align_celeba\147024.jpg,3336,True,4,False,0.2598510980606079,272.4041999972542
D:\Bartek\coding\biometria\facial_auth\celeba_subset\img_align_celeba\147024.jpg,3336,True,4,True,0.38147324323654175,274.8994999928982
D:\Bartek\coding\biometria\facial_auth\celeba_subset\img_align_celeba\194071.jpg,8936,True,8,False,0.08096647262573242,274.70780000294326
D:\Bartek\coding\biometria\facial_auth\celeba_subset\img_align_celeba\194071.jpg,8936,True,8,True,0.07781217247247696,276.1255000004894
D:\Bartek\coding\biometria\facial_auth\celeba_subset\img_align_celeba\128970.jpg,2835,True,2,False,0.37311840057373047,271.96160000312375
D:\Bartek\coding\biometria\facial_auth\celeba_subset\img_align_celeba\128970.jpg,2835,True,2,True,0.257390558719635,276.7184000040288
D:\Bartek\coding\biometria\facial_auth\celeba_subset\img_align_celeba\116525.jpg,5656,True,4,False,0.27615341544151306,285.6635999996797
D:\Bartek\coding\biometria\facial_auth\celeba_subset\img_align_celeba\116525.jpg,5656,True,4,True,0.24481335282325745,301.91370000102324
D:\Bartek\coding\biometria\facial_auth\celeba_subset\img_align_celeba\194314.jpg,5575,True,8,False,0.10193368047475815,296.0239999956684
D:\Bartek\coding\biometria\facial_auth\celeba_subset\img_align_celeba\194314.jpg,5575,True,8,True,0.17808593809604645,306.4770999990287
D:\Bartek\coding\biometria\facial_auth\celeba_subset\img_align_celeba\116504.jpg,3336,True,2,False,0.24782703816890717,313.118600002781
D:\Bartek\coding\biometria\facial_auth\celeba_subset\img_align_celeba\116504.jpg,3336,True,2,True,0.2539590895175934,298.9521999988938
D:\Bartek\coding\biometria\facial_auth\celeba_subset\img_align_celeba\157736.jpg,7422,True,4,False,0.7541064023971558,278.3659999986412
D:\Bartek\coding\biometria\facial_auth\celeba_subset\img_align_celeba\157736.jpg,7422,True,4,True,0.6566417217254639,284.4237000026624
D:\Bartek\coding\biometria\facial_auth\celeba_subset\img_align_celeba\165477.jpg,3236,True,8,False,0.03991983085870743,280.0102000037441
D:\Bartek\coding\biometria\facial_auth\celeba_subset\img_align_celeba\165477.jpg,3236,True,8,True,0.16151434183120728,285.8236999963992
D:\Bartek\coding\biometria\facial_auth\celeba_subset\img_align_celeba\046422.jpg,6277,True,2,False,0.17713850736618042,280.8039000010467
D:\Bartek\coding\biometria\facial_auth\celeba_subset\img_align_celeba\046422.jpg,6277,True,2,True,0.18621329963207245,286.8374999961816
D:\Bartek\coding\biometria\facial_auth\celeba_subset\img_align_celeba\191572.jpg,8936,True,4,False,0.33611083030700684,283.3355000038864
D:\Bartek\coding\biometria\facial_auth\celeba_subset\img_align_celeba\191572.jpg,8936,True,4,True,0.3046693801879883,285.15950000291923
D:\Bartek\coding\biometria\facial_auth\celeba_subset\img_align_celeba\099135.jpg,5747,True,8,False,0.12206251919269562,284.36169999622507
D:\Bartek\coding\biometria\facial_auth\celeba_subset\img_align_celeba\099135.jpg,5747,True,8,True,0.11541159451007843,301.37989999639103
D:\Bartek\coding\biometria\facial_auth\celeba_subset\img_align_celeba\070348.jpg,5656,True,2,False,0.37019065022468567,286.3311999972211
D:\Bartek\coding\biometria\facial_auth\celeba_subset\img_align_celeba\070348.jpg,5656,True,2,True,0.31494173407554626,286.7723000017577
D:\Bartek\coding\biometria\facial_auth\celeba_subset\img_align_celeba\039336.jpg,5672,True,4,False,0.2967049777507782,280.4262999998173
D:\Bartek\coding\biometria\facial_auth\celeba_subset\img_align_celeba\039336.jpg,5672,True,4,True,0.3200731575489044,287.037699999928
D:\Bartek\coding\biometria\facial_auth\celeba_subset\img_align_celeba\087256.jpg,1128,True,8,False,0.032614197582006454,276.7956999960006
D:\Bartek\coding\biometria\facial_auth\celeba_subset\img_align_celeba\087256.jpg,1128,True,8,True,0.05578891187906265,291.97279999789316
D:\Bartek\coding\biometria\facial_auth\celeba_subset\img_align_celeba\166026.jpg,4069,True,2,False,0.6595397591590881,288.3813000007649
D:\Bartek\coding\biometria\facial_auth\celeba_subset\img_align_celeba\166026.jpg,4069,True,2,True,0.5559121370315552,284.8433000035584
D:\Bartek\coding\biometria\facial_auth\celeba_subset\img_align_celeba\107040.jpg,2814,True,4,False,0.1934589445590973,289.53469999396475
D:\Bartek\coding\biometria\facial_auth\celeba_subset\img_align_celeba\107040.jpg,2814,True,4,True,0.2942783832550049,306.6753999955836
D:\Bartek\coding\biometria\facial_auth\celeba_subset\img_align_celeba\084043.jpg,5246,True,8,False,0.09449805319309235,280.9726999985287
D:\Bartek\coding\biometria\facial_auth\celeba_subset\img_align_celeba\084043.jpg,5246,True,8,True,0.1120847761631012,287.7239000008558
D:\Bartek\coding\biometria\facial_auth\celeba_subset\img_align_celeba\009865.jpg,7222,True,2,False,0.5484364628791809,285.4023999971105
D:\Bartek\coding\biometria\facial_auth\celeba_subset\img_align_celeba\009865.jpg,7222,True,2,True,0.5115013122558594,290.71400000248104
D:\Bartek\coding\biometria\facial_auth\celeba_subset\img_align_celeba\076103.jpg,6368,True,4,False,0.5248982310295105,283.8884999946458
D:\Bartek\coding\biometria\facial_auth\celeba_subset\img_align_celeba\076103.jpg,6368,True,4,True,0.48569196462631226,291.9731000001775
D:\Bartek\coding\biometria\facial_auth\celeba_subset\img_align_celeba\110786.jpg,1104,True,8,False,-0.012002327479422092,286.3991999984137
D:\Bartek\coding\biometria\facial_auth\celeba_subset\img_align_celeba\110786.jpg,1104,True,8,True,-0.011052172631025314,298.7705999985337
D:\Bartek\coding\biometria\facial_auth\celeba_subset\img_align_celeba\023097.jpg,9093,True,2,False,0.5030142068862915,287.49080000125105
D:\Bartek\coding\biometria\facial_auth\celeba_subset\img_align_celeba\023097.jpg,9093,True,2,True,0.45563963055610657,294.33589999825926
D:\Bartek\coding\biometria\facial_auth\celeba_subset\img_align_celeba\003910.jpg,6170,True,4,False,0.7838686108589172,284.7183000048972
D:\Bartek\coding\biometria\facial_auth\celeba_subset\img_align_celeba\003910.jpg,6170,True,4,True,0.41233834624290466,289.8002000001725
D:\Bartek\coding\biometria\facial_auth\celeba_subset\img_align_celeba\108246.jpg,644,True,8,False,0.1194630041718483,290.91609999886714
D:\Bartek\coding\biometria\facial_auth\celeba_subset\img_align_celeba\108246.jpg,644,True,8,True,0.2612956166267395,287.1087000021362
D:\Bartek\coding\biometria\facial_auth\celeba_subset\img_align_celeba\082719.jpg,2926,True,2,False,0.34545227885246277,291.4729000040097
D:\Bartek\coding\biometria\facial_auth\celeba_subset\img_align_celeba\082719.jpg,2926,True,2,True,0.34939324855804443,299.9968000003719
D:\Bartek\coding\biometria\facial_auth\celeba_subset\img_align_celeba\005877.jpg,6983,True,4,False,0.2598029375076294,283.2706000044709
D:\Bartek\coding\biometria\facial_auth\celeba_subset\img_align_celeba\005877.jpg,6983,True,4,True,0.4104125499725342,288.17939999862574
D:\Bartek\coding\biometria\facial_auth\celeba_subset\img_align_celeba\025607.jpg,5246,True,8,False,0.10494045168161392,286.0736999937217
D:\Bartek\coding\biometria\facial_auth\celeba_subset\img_align_celeba\025607.jpg,5246,True,8,True,0.1142493262887001,295.65980000188574
D:\Bartek\coding\biometria\facial_auth\celeba_subset\img_align_celeba\111193.jpg,4929,True,2,False,0.4355382025241852,284.96549999545095
D:\Bartek\coding\biometria\facial_auth\celeba_subset\img_align_celeba\111193.jpg,4929,True,2,True,0.4107912480831146,285.2361000041128
D:\Bartek\coding\biometria\facial_auth\celeba_subset\img_align_celeba\035498.jpg,5780,True,4,False,0.4215710163116455,288.26110000227345
D:\Bartek\coding\biometria\facial_auth\celeba_subset\img_align_celeba\035498.jpg,5780,True,4,True,0.32399943470954895,290.88700000284007
D:\Bartek\coding\biometria\facial_auth\celeba_subset\img_align_celeba\133760.jpg,5190,True,8,False,0.02427581697702408,285.23649999988265
D:\Bartek\coding\biometria\facial_auth\celeba_subset\img_align_celeba\133760.jpg,5190,True,8,True,0.025950271636247635,281.7827999970177
D:\Bartek\coding\biometria\facial_auth\celeba_subset\img_align_celeba\006131.jpg,898,True,2,False,0.28047704696655273,291.38000000239117
D:\Bartek\coding\biometria\facial_auth\celeba_subset\img_align_celeba\006131.jpg,898,True,2,True,0.24403750896453857,284.45120000105817
D:\Bartek\coding\biometria\facial_auth\celeba_subset\img_align_celeba\178846.jpg,1120,True,4,False,0.5580247640609741,284.4474000012269
D:\Bartek\coding\biometria\facial_auth\celeba_subset\img_align_celeba\178846.jpg,1120,True,4,True,0.5197346210479736,220.70410000014817
D:\Bartek\coding\biometria\facial_auth\celeba_subset\img_align_celeba\075674.jpg,5210,True,8,False,0.08077278733253479,283.6325999960536
D:\Bartek\coding\biometria\facial_auth\celeba_subset\img_align_celeba\075674.jpg,5210,True,8,True,0.07026485353708267,279.95589999773074
D:\Bartek\coding\biometria\facial_auth\celeba_subset\img_align_celeba\015885.jpg,5922,True,2,False,0.612370491027832,282.07440000551287
D:\Bartek\coding\biometria\facial_auth\celeba_subset\img_align_celeba\015885.jpg,5922,True,2,True,0.613075852394104,274.367699996219
D:\Bartek\coding\biometria\facial_auth\celeba_subset\img_align_celeba\000639.jpg,7524,True,4,False,0.4636220932006836,303.45040000247536
D:\Bartek\coding\biometria\facial_auth\celeba_subset\img_align_celeba\000639.jpg,7524,True,4,True,0.20755401253700256,279.86320000491105
D:\Bartek\coding\biometria\facial_auth\celeba_subset\img_align_celeba\167917.jpg,2177,True,8,False,0.9245374202728271,279.814699999406
D:\Bartek\coding\biometria\facial_auth\celeba_subset\img_align_celeba\167917.jpg,2177,True,8,True,0.9187066555023193,287.90619999927003
D:\Bartek\coding\biometria\facial_auth\celeba_subset\img_align_celeba\109255.jpg,8748,True,2,False,0.5493679046630859,292.0536000019638
D:\Bartek\coding\biometria\facial_auth\celeba_subset\img_align_celeba\109255.jpg,8748,True,2,True,0.52180016040802,288.91640000074403
D:\Bartek\coding\biometria\facial_auth\celeba_subset\img_align_celeba\095777.jpg,9910,True,4,False,0.2801445424556732,285.2024999956484
D:\Bartek\coding\biometria\facial_auth\celeba_subset\img_align_celeba\095777.jpg,9910,True,4,True,0.3268361985683441,289.5979000022635
D:\Bartek\coding\biometria\facial_auth\celeba_subset\img_align_celeba\088356.jpg,8091,True,8,False,0.0927501693367958,288.3992999995826
D:\Bartek\coding\biometria\facial_auth\celeba_subset\img_align_celeba\088356.jpg,8091,True,8,True,0.10130094736814499,288.22719999880064
D:\Bartek\coding\biometria\facial_auth\celeba_subset\img_align_celeba\010898.jpg,4870,True,2,False,0.409914493560791,288.1739000004018
D:\Bartek\coding\biometria\facial_auth\celeba_subset\img_align_celeba\010898.jpg,4870,True,2,True,0.3973965644836426,290.2146999986144
D:\Bartek\coding\biometria\facial_auth\celeba_subset\img_align_celeba\023849.jpg,5190,True,4,False,0.25375956296920776,282.24929999851156
D:\Bartek\coding\biometria\facial_auth\celeba_subset\img_align_celeba\023849.jpg,5190,True,4,True,0.32440346479415894,295.6666000027326
D:\Bartek\coding\biometria\facial_auth\celeba_subset\img_align_celeba\054233.jpg,6983,True,8,False,0.14810195565223694,280.89400000317255
D:\Bartek\coding\biometria\facial_auth\celeba_subset\img_align_celeba\054233.jpg,6983,True,8,True,0.16877363622188568,279.60259999963455
D:\Bartek\coding\biometria\facial_auth\celeba_subset\img_align_celeba\140263.jpg,9093,True,2,False,0.41112807393074036,286.7428999961703
D:\Bartek\coding\biometria\facial_auth\celeba_subset\img_align_celeba\140263.jpg,9093,True,2,True,0.4895980954170227,295.57460000069113
D:\Bartek\coding\biometria\facial_auth\celeba_subset\img_align_celeba\129768.jpg,6368,True,4,False,0.304026335477829,282.6093999974546
D:\Bartek\coding\biometria\facial_auth\celeba_subset\img_align_celeba\129768.jpg,6368,True,4,True,0.3215979039669037,282.4112999951467
D:\Bartek\coding\biometria\facial_auth\celeba_subset\img_align_celeba\101021.jpg,878,True,8,False,0.022740144282579422,285.1042999973288
D:\Bartek\coding\biometria\facial_auth\celeba_subset\img_align_celeba\101021.jpg,878,True,8,True,0.02341742068529129,288.42200000508456
D:\Bartek\coding\biometria\facial_auth\celeba_subset\img_align_celeba\133042.jpg,8748,True,2,False,0.6275613307952881,289.81970000313595
D:\Bartek\coding\biometria\facial_auth\celeba_subset\img_align_celeba\133042.jpg,8748,True,2,True,0.5829616785049438,291.14689999551047
D:\Bartek\coding\biometria\facial_auth\celeba_subset\img_align_celeba\150129.jpg,6086,True,4,False,0.390970379114151,282.03019999637036
D:\Bartek\coding\biometria\facial_auth\celeba_subset\img_align_celeba\150129.jpg,6086,True,4,True,0.22159534692764282,288.8242999979411
D:\Bartek\coding\biometria\facial_auth\celeba_subset\img_align_celeba\086573.jpg,494,True,8,False,0.11724219471216202,285.417499995674
D:\Bartek\coding\biometria\facial_auth\celeba_subset\img_align_celeba\086573.jpg,494,True,8,True,0.14432387053966522,291.16330000397284
D:\Bartek\coding\biometria\facial_auth\celeba_subset\img_align_celeba\162245.jpg,4929,True,2,False,0.6085882186889648,282.94820000155596
D:\Bartek\coding\biometria\facial_auth\celeba_subset\img_align_celeba\162245.jpg,4929,True,2,True,0.5962381362915039,291.6047000035178
D:\Bartek\coding\biometria\facial_auth\celeba_subset\img_align_celeba\045233.jpg,975,True,4,False,0.1417577564716339,290.7521999950404
D:\Bartek\coding\biometria\facial_auth\celeba_subset\img_align_celeba\045233.jpg,975,True,4,True,0.1340174525976181,292.013099999167
D:\Bartek\coding\biometria\facial_auth\celeba_subset\img_align_celeba\030626.jpg,5210,True,8,False,0.05977412313222885,284.25280000374187
D:\Bartek\coding\biometria\facial_auth\celeba_subset\img_align_celeba\030626.jpg,5210,True,8,True,0.10285422205924988,287.03829999722075
D:\Bartek\coding\biometria\facial_auth\celeba_subset\img_align_celeba\023935.jpg,6170,True,2,False,0.8967692852020264,289.63439999643015
D:\Bartek\coding\biometria\facial_auth\celeba_subset\img_align_celeba\023935.jpg,6170,True,2,True,0.7691850662231445,304.09640000289073
D:\Bartek\coding\biometria\facial_auth\celeba_subset\img_align_celeba\149968.jpg,5780,True,4,False,0.45119398832321167,276.7801000009058
D:\Bartek\coding\biometria\facial_auth\celeba_subset\img_align_celeba\149968.jpg,5780,True,4,True,0.3721831142902374,288.3891999954358
D:\Bartek\coding\biometria\facial_auth\celeba_subset\img_align_celeba\195374.jpg,9489,True,8,False,0.13949429988861084,292.8955000024871
D:\Bartek\coding\biometria\facial_auth\celeba_subset\img_align_celeba\195374.jpg,9489,True,8,True,0.14902730286121368,284.50339999835705
D:\Bartek\coding\biometria\facial_auth\celeba_subset\img_align_celeba\039201.jpg,9688,True,2,False,0.7112287282943726,279.1972000050009
D:\Bartek\coding\biometria\facial_auth\celeba_subset\img_align_celeba\039201.jpg,9688,True,2,True,0.6977041363716125,287.0485999956145
D:\Bartek\coding\biometria\facial_auth\celeba_subset\img_align_celeba\061550.jpg,6806,True,4,False,0.472478449344635,283.3475000006729
D:\Bartek\coding\biometria\facial_auth\celeba_subset\img_align_celeba\061550.jpg,6806,True,4,True,0.42912164330482483,294.9570999990101
D:\Bartek\coding\biometria\facial_auth\celeba_subset\img_align_celeba\096131.jpg,7338,True,8,False,0.14715294539928436,287.69350000220584
D:\Bartek\coding\biometria\facial_auth\celeba_subset\img_align_celeba\096131.jpg,7338,True,8,True,0.14441870152950287,288.38189999805763
D:\Bartek\coding\biometria\facial_auth\celeba_subset\img_align_celeba\051819.jpg,8971,True,2,False,0.4842893183231354,322.2901000044658
D:\Bartek\coding\biometria\facial_auth\celeba_subset\img_align_celeba\051819.jpg,8971,True,2,True,0.46431484818458557,287.34460000123363
D:\Bartek\coding\biometria\facial_auth\celeba_subset\img_align_celeba\032851.jpg,6806,True,4,False,0.6847605109214783,291.32989999925485
D:\Bartek\coding\biometria\facial_auth\celeba_subset\img_align_celeba\032851.jpg,6806,True,4,True,0.6951983571052551,288.5755000024801
D:\Bartek\coding\biometria\facial_auth\celeba_subset\img_align_celeba\110432.jpg,2814,True,8,False,0.052339907735586166,282.85760000289883
D:\Bartek\coding\biometria\facial_auth\celeba_subset\img_align_celeba\110432.jpg,2814,True,8,True,0.03604251518845558,293.2924999986426
D:\Bartek\coding\biometria\facial_auth\celeba_subset\img_align_celeba\069389.jpg,6719,True,2,False,0.4826938509941101,281.20119999948656
D:\Bartek\coding\biometria\facial_auth\celeba_subset\img_align_celeba\069389.jpg,6719,True,2,True,0.5108441114425659,290.93770000326913
D:\Bartek\coding\biometria\facial_auth\celeba_subset\img_align_celeba\077059.jpg,7524,True,4,False,0.3848715126514435,284.00130000227364
D:\Bartek\coding\biometria\facial_auth\celeba_subset\img_align_celeba\077059.jpg,7524,True,4,True,0.19491347670555115,290.89699999894947
D:\Bartek\coding\biometria\facial_auth\celeba_subset\img_align_celeba\049260.jpg,6722,True,8,False,0.06750540435314178,289.3744999964838
D:\Bartek\coding\biometria\facial_auth\celeba_subset\img_align_celeba\049260.jpg,6722,True,8,True,0.07135400176048279,284.0823000005912
D:\Bartek\coding\biometria\facial_auth\celeba_subset\img_align_celeba\156480.jpg,7422,True,2,False,0.7817654609680176,287.9100999998627
D:\Bartek\coding\biometria\facial_auth\celeba_subset\img_align_celeba\156480.jpg,7422,True,2,True,0.7757282853126526,289.5810999980313
D:\Bartek\coding\biometria\facial_auth\celeba_subset\img_align_celeba\167432.jpg,1120,True,4,False,0.39494192600250244,280.1065000021481
D:\Bartek\coding\biometria\facial_auth\celeba_subset\img_align_celeba\167432.jpg,1120,True,4,True,0.2928134500980377,286.9423000011011
D:\Bartek\coding\biometria\facial_auth\celeba_subset\img_align_celeba\138286.jpg,1149,True,8,False,0.04990691319108009,283.5702999946079
D:\Bartek\coding\biometria\facial_auth\celeba_subset\img_align_celeba\138286.jpg,1149,True,8,True,0.06054859235882759,286.44180000264896
D:\Bartek\coding\biometria\facial_auth\celeba_subset\img_align_celeba\162046.jpg,8834,True,2,False,0.5853236317634583,286.4780999952927
D:\Bartek\coding\biometria\facial_auth\celeba_subset\img_align_celeba\162046.jpg,8834,True,2,True,0.6121775507926941,296.7782000050647
D:\Bartek\coding\biometria\facial_auth\celeba_subset\img_align_celeba\196286.jpg,8415,True,4,False,0.6063046455383301,289.61510000226554
D:\Bartek\coding\biometria\facial_auth\celeba_subset\img_align_celeba\196286.jpg,8415,True,4,True,0.5216848850250244,284.9673999953666
D:\Bartek\coding\biometria\facial_auth\celeba_subset\img_align_celeba\174745.jpg,3877,True,8,False,0.028644148260354996,285.0877999953809
D:\Bartek\coding\biometria\facial_auth\celeba_subset\img_align_celeba\174745.jpg,3877,True,8,True,0.029245153069496155,290.69880000315607
D:\Bartek\coding\biometria\facial_auth\celeba_subset\img_align_celeba\039238.jpg,8,True,2,False,0.5644093155860901,284.9488000065321
D:\Bartek\coding\biometria\facial_auth\celeba_subset\img_align_celeba\039238.jpg,8,True,2,True,0.5217941999435425,287.56109999812907
D:\Bartek\coding\biometria\facial_auth\celeba_subset\img_align_celeba\078102.jpg,5922,True,4,False,0.5023587346076965,284.0622999938205
D:\Bartek\coding\biometria\facial_auth\celeba_subset\img_align_celeba\078102.jpg,5922,True,4,True,0.40283507108688354,282.88449999672594
D:\Bartek\coding\biometria\facial_auth\celeba_subset\img_align_celeba\175289.jpg,205,True,8,False,0.0477583222091198,287.7109000037308
D:\Bartek\coding\biometria\facial_auth\celeba_subset\img_align_celeba\175289.jpg,205,True,8,True,0.05582378804683685,297.8702000036719
D:\Bartek\coding\biometria\facial_auth\celeba_subset\img_align_celeba\094138.jpg,644,True,2,False,0.7430430054664612,284.38300000561867
D:\Bartek\coding\biometria\facial_auth\celeba_subset\img_align_celeba\094138.jpg,644,True,2,True,0.6837636828422546,283.0667000016547
D:\Bartek\coding\biometria\facial_auth\celeba_subset\img_align_celeba\042113.jpg,6456,True,4,False,0.3190329372882843,283.35069999593543
D:\Bartek\coding\biometria\facial_auth\celeba_subset\img_align_celeba\042113.jpg,6456,True,4,True,0.3022057116031647,285.6076000025496
D:\Bartek\coding\biometria\facial_auth\celeba_subset\img_align_celeba\065105.jpg,5672,True,8,False,0.096712626516819,277.46489999844925
D:\Bartek\coding\biometria\facial_auth\celeba_subset\img_align_celeba\065105.jpg,5672,True,8,True,0.10375284403562546,286.9373000066844
D:\Bartek\coding\biometria\facial_auth\celeba_subset\img_align_celeba\195140.jpg,5575,True,2,False,0.5814981460571289,292.21160000452073
D:\Bartek\coding\biometria\facial_auth\celeba_subset\img_align_celeba\195140.jpg,5575,True,2,True,0.5276864171028137,293.6293000020669
D:\Bartek\coding\biometria\facial_auth\celeba_subset\img_align_celeba\190733.jpg,9632,True,4,False,0.38978704810142517,285.1645000046119
D:\Bartek\coding\biometria\facial_auth\celeba_subset\img_align_celeba\190733.jpg,9632,True,4,True,0.33491426706314087,288.19620000285795
D:\Bartek\coding\biometria\facial_auth\celeba_subset\img_align_celeba\043908.jpg,4870,True,8,False,0.12572486698627472,293.0638000034378
D:\Bartek\coding\biometria\facial_auth\celeba_subset\img_align_celeba\043908.jpg,4870,True,8,True,0.10990514606237411,287.9882999986876
D:\Bartek\coding\biometria\facial_auth\celeba_subset\img_align_celeba\112261.jpg,9144,True,2,False,0.557400107383728,285.58219999831636
D:\Bartek\coding\biometria\facial_auth\celeba_subset\img_align_celeba\112261.jpg,9144,True,2,True,0.5157623887062073,301.99010000069393
D:\Bartek\coding\biometria\facial_auth\celeba_subset\img_align_celeba\104509.jpg,4936,True,4,False,0.208548441529274,286.84050000447314
D:\Bartek\coding\biometria\facial_auth\celeba_subset\img_align_celeba\104509.jpg,4936,True,4,True,0.4079781770706177,288.75320000224747
D:\Bartek\coding\biometria\facial_auth\celeba_subset\img_align_celeba\190207.jpg,5575,True,8,False,0.09978403896093369,283.01330000249436
D:\Bartek\coding\biometria\facial_auth\celeba_subset\img_align_celeba\190207.jpg,5575,True,8,True,0.09708862006664276,287.8528000001097
D:\Bartek\coding\biometria\facial_auth\celeba_subset\img_align_celeba\159657.jpg,8091,True,2,False,0.3939286172389984,288.5147999986657
D:\Bartek\coding\biometria\facial_auth\celeba_subset\img_align_celeba\159657.jpg,8091,True,2,True,0.39676737785339355,293.4929999973974
D:\Bartek\coding\biometria\facial_auth\celeba_subset\img_align_celeba\145574.jpg,1435,True,4,False,0.33000311255455017,292.5353000027826
D:\Bartek\coding\biometria\facial_auth\celeba_subset\img_align_celeba\145574.jpg,1435,True,4,True,0.31842049956321716,287.3373000038555
D:\Bartek\coding\biometria\facial_auth\celeba_subset\img_align_celeba\011536.jpg,6719,True,8,False,0.06185359135270119,290.07370000181254
D:\Bartek\coding\biometria\facial_auth\celeba_subset\img_align_celeba\011536.jpg,6719,True,8,True,0.06383547931909561,298.4323000055156
D:\Bartek\coding\biometria\facial_auth\celeba_subset\img_align_celeba\030348.jpg,9300,True,2,False,0.38821184635162354,293.02589999861084
D:\Bartek\coding\biometria\facial_auth\celeba_subset\img_align_celeba\030348.jpg,9300,True,2,True,0.31831592321395874,289.023500001349
D:\Bartek\coding\biometria\facial_auth\celeba_subset\img_align_celeba\193087.jpg,5872,True,4,False,0.32438093423843384,284.9634999947739
D:\Bartek\coding\biometria\facial_auth\celeba_subset\img_align_celeba\193087.jpg,5872,True,4,True,0.3049205541610718,287.20019999309443
D:\Bartek\coding\biometria\facial_auth\celeba_subset\img_align_celeba\057416.jpg,6136,True,8,False,0.09464167803525925,310.5065999989165
D:\Bartek\coding\biometria\facial_auth\celeba_subset\img_align_celeba\057416.jpg,6136,True,8,True,0.09774520248174667,276.7921999984537
D:\Bartek\coding\biometria\facial_auth\celeba_subset\img_align_celeba\041086.jpg,7222,True,2,False,0.407955527305603,279.30989999731537
D:\Bartek\coding\biometria\facial_auth\celeba_subset\img_align_celeba\041086.jpg,7222,True,2,True,0.3332081437110901,287.898700000369
D:\Bartek\coding\biometria\facial_auth\celeba_subset\img_align_celeba\169619.jpg,3236,True,4,False,0.39000511169433594,283.70369999902323
D:\Bartek\coding\biometria\facial_auth\celeba_subset\img_align_celeba\169619.jpg,3236,True,4,True,0.45752808451652527,279.54350000072736
D:\Bartek\coding\biometria\facial_auth\celeba_subset\img_align_celeba\006338.jpg,5656,True,8,False,0.10500086843967438,274.9134999976377
D:\Bartek\coding\biometria\facial_auth\celeba_subset\img_align_celeba\006338.jpg,5656,True,8,True,0.10735045373439789,282.3913000029279
D:\Bartek\coding\biometria\facial_auth\celeba_subset\img_align_celeba\103634.jpg,5672,True,2,False,0.1243165135383606,283.71509999851696
D:\Bartek\coding\biometria\facial_auth\celeba_subset\img_align_celeba\103634.jpg,5672,True,2,True,0.13904719054698944,288.56159999850206
D:\Bartek\coding\biometria\facial_auth\celeba_subset\img_align_celeba\186425.jpg,5575,True,4,False,0.45522668957710266,289.26679999858607
D:\Bartek\coding\biometria\facial_auth\celeba_subset\img_align_celeba\186425.jpg,5575,True,4,True,0.46717795729637146,281.82010000455193
D:\Bartek\coding\biometria\facial_auth\celeba_subset\img_align_celeba\016658.jpg,4150,True,8,False,0.020645562559366226,283.53470000001835
D:\Bartek\coding\biometria\facial_auth\celeba_subset\img_align_celeba\016658.jpg,4150,True,8,True,0.10464432090520859,288.61970000434667
D:\Bartek\coding\biometria\facial_auth\celeba_subset\img_align_celeba\024769.jpg,9939,True,2,False,0.769088625907898,280.7883999994374
D:\Bartek\coding\biometria\facial_auth\celeba_subset\img_align_celeba\024769.jpg,9939,True,2,True,0.7438269257545471,290.6868999998551
D:\Bartek\coding\biometria\facial_auth\celeba_subset\img_align_celeba\119763.jpg,5238,True,4,False,0.3661191463470459,292.019699998491
D:\Bartek\coding\biometria\facial_auth\celeba_subset\img_align_celeba\119763.jpg,5238,True,4,True,0.36770185828208923,294.0697000012733
D:\Bartek\coding\biometria\facial_auth\celeba_subset\img_align_celeba\192408.jpg,8415,True,8,False,0.05502111837267876,288.16110000479966
D:\Bartek\coding\biometria\facial_auth\celeba_subset\img_align_celeba\192408.jpg,8415,True,8,True,0.08728566020727158,283.55840000585886
D:\Bartek\coding\biometria\facial_auth\celeba_subset\img_align_celeba\065690.jpg,8971,True,2,False,0.3999129831790924,285.827400002745
D:\Bartek\coding\biometria\facial_auth\celeba_subset\img_align_celeba\065690.jpg,8971,True,2,True,0.3893892168998718,289.462699998694
D:\Bartek\coding\biometria\facial_auth\celeba_subset\img_align_celeba\117501.jpg,9000,True,4,False,0.5924394130706787,283.1346000020858
D:\Bartek\coding\biometria\facial_auth\celeba_subset\img_align_celeba\117501.jpg,9000,True,4,True,0.5158627033233643,295.67739999765763
D:\Bartek\coding\biometria\facial_auth\celeba_subset\img_align_celeba\034973.jpg,5064,True,8,False,0.031906288117170334,288.5775000031572
D:\Bartek\coding\biometria\facial_auth\celeba_subset\img_align_celeba\034973.jpg,5064,True,8,True,0.036558423191308975,288.4508999995887
D:\Bartek\coding\biometria\facial_auth\celeba_subset\img_align_celeba\044204.jpg,1149,True,2,False,0.387699156999588,286.1668000041391
D:\Bartek\coding\biometria\facial_auth\celeba_subset\img_align_celeba\044204.jpg,1149,True,2,True,0.3215514123439789,292.6911000031396
D:\Bartek\coding\biometria\facial_auth\celeba_subset\img_align_celeba\118331.jpg,4968,True,4,False,0.5652984976768494,289.4506000011461
D:\Bartek\coding\biometria\facial_auth\celeba_subset\img_align_celeba\118331.jpg,4968,True,4,True,0.4438095986843109,296.57399999996414
D:\Bartek\coding\biometria\facial_auth\celeba_subset\img_align_celeba\164841.jpg,1120,True,8,False,-0.0075400033965706825,288.564900001802
D:\Bartek\coding\biometria\facial_auth\celeba_subset\img_align_celeba\164841.jpg,1120,True,8,True,0.009014928713440895,282.33239999826765
D:\Bartek\coding\biometria\facial_auth\celeba_subset\img_align_celeba\072063.jpg,5437,True,2,False,0.4713519215583801,284.68340000108583
D:\Bartek\coding\biometria\facial_auth\celeba_subset\img_align_celeba\072063.jpg,5437,True,2,True,0.4244007468223572,289.3206000007922
D:\Bartek\coding\biometria\facial_auth\celeba_subset\img_align_celeba\049695.jpg,9478,True,4,False,0.49322837591171265,286.4915000027395
D:\Bartek\coding\biometria\facial_auth\celeba_subset\img_align_celeba\049695.jpg,9478,True,4,True,0.4873737096786499,306.50689999311
D:\Bartek\coding\biometria\facial_auth\celeba_subset\img_align_celeba\080321.jpg,9939,True,8,False,0.019304612651467323,283.9499999972759
D:\Bartek\coding\biometria\facial_auth\celeba_subset\img_align_celeba\080321.jpg,9939,True,8,True,0.047690968960523605,288.9999999970314
D:\Bartek\coding\biometria\facial_auth\celeba_subset\img_align_celeba\136883.jpg,6722,True,2,False,0.2216331660747528,281.13289999600966
D:\Bartek\coding\biometria\facial_auth\celeba_subset\img_align_celeba\136883.jpg,6722,True,2,True,0.1679527461528778,279.94849999959115
D:\Bartek\coding\biometria\facial_auth\celeba_subset\img_align_celeba\110804.jpg,9000,True,4,False,0.6341725587844849,319.009200000437
D:\Bartek\coding\biometria\facial_auth\celeba_subset\img_align_celeba\110804.jpg,9000,True,4,True,0.5761153697967529,296.2766999989981
D:\Bartek\coding\biometria\facial_auth\celeba_subset\img_align_celeba\062464.jpg,7338,True,8,False,0.16181693971157074,293.0625000008149
D:\Bartek\coding\biometria\facial_auth\celeba_subset\img_align_celeba\062464.jpg,7338,True,8,True,0.15157444775104523,291.1463999989792
D:\Bartek\coding\biometria\facial_auth\celeba_subset\img_align_celeba\138018.jpg,9093,True,2,False,0.27447640895843506,282.8726000007009
D:\Bartek\coding\biometria\facial_auth\celeba_subset\img_align_celeba\138018.jpg,9093,True,2,True,0.3133876621723175,300.0070999987656
D:\Bartek\coding\biometria\facial_auth\celeba_subset\img_align_celeba\090441.jpg,5210,True,4,False,0.5601328611373901,282.35850000055507
D:\Bartek\coding\biometria\facial_auth\celeba_subset\img_align_celeba\090441.jpg,5210,True,4,True,0.5240815877914429,290.29889999947045
D:\Bartek\coding\biometria\facial_auth\celeba_subset\img_align_celeba\144801.jpg,5190,True,8,False,0.01952216774225235,284.9597000022186
D:\Bartek\coding\biometria\facial_auth\celeba_subset\img_align_celeba\144801.jpg,5190,True,8,True,0.015317232348024845,283.9368999993894
D:\Bartek\coding\biometria\facial_auth\celeba_subset\img_align_celeba\167499.jpg,3236,True,2,False,0.5646688938140869,284.92439999536145
D:\Bartek\coding\biometria\facial_auth\celeba_subset\img_align_celeba\167499.jpg,3236,True,2,True,0.5536760687828064,289.1245999999228
D:\Bartek\coding\biometria\facial_auth\celeba_subset\img_align_celeba\040805.jpg,7524,True,4,False,0.1391499936580658,286.3020000004326
D:\Bartek\coding\biometria\facial_auth\celeba_subset\img_align_celeba\040805.jpg,7524,True,4,True,0.20489484071731567,282.88050000264775
D:\Bartek\coding\biometria\facial_auth\celeba_subset\img_align_celeba\059289.jpg,1149,True,8,False,0.04523473232984543,281.08529999735765
D:\Bartek\coding\biometria\facial_auth\celeba_subset\img_align_celeba\059289.jpg,1149,True,8,True,0.030642542988061905,294.0099999977974
D:\Bartek\coding\biometria\facial_auth\celeba_subset\img_align_celeba\093329.jpg,4659,True,2,False,0.38448992371559143,299.8330000045826
D:\Bartek\coding\biometria\facial_auth\celeba_subset\img_align_celeba\093329.jpg,4659,True,2,True,0.2720627188682556,308.09749999752967
D:\Bartek\coding\biometria\facial_auth\celeba_subset\img_align_celeba\178250.jpg,1154,True,4,False,0.39932262897491455,293.93740000523394
D:\Bartek\coding\biometria\facial_auth\celeba_subset\img_align_celeba\178250.jpg,1154,True,4,True,0.31708571314811707,292.9548999964027
D:\Bartek\coding\biometria\facial_auth\celeba_subset\img_align_celeba\121009.jpg,8,True,8,False,0.010441368445754051,286.718600000313
D:\Bartek\coding\biometria\facial_auth\celeba_subset\img_align_celeba\121009.jpg,8,True,8,True,0.02352891117334366,288.31479999644216
D:\Bartek\coding\biometria\facial_auth\celeba_subset\img_align_celeba\118421.jpg,1104,True,2,False,0.4796667695045471,287.93710000172723
D:\Bartek\coding\biometria\facial_auth\celeba_subset\img_align_celeba\118421.jpg,1104,True,2,True,0.4784272015094757,293.36390000389656
D:\Bartek\coding\biometria\facial_auth\celeba_subset\img_align_celeba\170218.jpg,913,True,4,False,0.4970394968986511,279.86049999890383
D:\Bartek\coding\biometria\facial_auth\celeba_subset\img_align_celeba\170218.jpg,913,True,4,True,0.3706679344177246,292.6478000008501
D:\Bartek\coding\biometria\facial_auth\celeba_subset\img_align_celeba\013485.jpg,6136,True,8,False,0.10109467059373856,288.11709999718005
D:\Bartek\coding\biometria\facial_auth\celeba_subset\img_align_celeba\013485.jpg,6136,True,8,True,0.09001954644918442,288.8453000050504
D:\Bartek\coding\biometria\facial_auth\celeba_subset\img_align_celeba\112281.jpg,6368,True,2,False,0.6480993628501892,292.9519999961485
D:\Bartek\coding\biometria\facial_auth\celeba_subset\img_align_celeba\112281.jpg,6368,True,2,True,0.5754855871200562,308.5441000002902
D:\Bartek\coding\biometria\facial_auth\celeba_subset\img_align_celeba\089054.jpg,2926,True,4,False,0.24193190038204193,286.7268000045442
D:\Bartek\coding\biometria\facial_auth\celeba_subset\img_align_celeba\089054.jpg,2926,True,4,True,0.2079542577266693,285.3303000010783
D:\Bartek\coding\biometria\facial_auth\celeba_subset\img_align_celeba\100773.jpg,8,True,8,False,0.029253173619508743,290.8727000030922
D:\Bartek\coding\biometria\facial_auth\celeba_subset\img_align_celeba\100773.jpg,8,True,8,True,0.011095027439296246,305.97839999973075
D:\Bartek\coding\biometria\facial_auth\celeba_subset\img_align_celeba\065258.jpg,6277,True,2,False,0.08284451812505722,291.0524000035366
D:\Bartek\coding\biometria\facial_auth\celeba_subset\img_align_celeba\065258.jpg,6277,True,2,True,0.12497226893901825,286.95410000364063
D:\Bartek\coding\biometria\facial_auth\celeba_subset\img_align_celeba\028310.jpg,1104,True,4,False,0.5228314995765686,288.2769999996526
D:\Bartek\coding\biometria\facial_auth\celeba_subset\img_align_celeba\028310.jpg,1104,True,4,True,0.551041841506958,290.32249999727355
D:\Bartek\coding\biometria\facial_auth\celeba_subset\img_align_celeba\200834.jpg,5033,True,8,False,0.05742818862199783,283.7264999980107
D:\Bartek\coding\biometria\facial_auth\celeba_subset\img_align_celeba\200834.jpg,5033,True,8,True,0.04961914196610451,285.5463999949279
D:\Bartek\coding\biometria\facial_auth\celeba_subset\img_align_celeba\108168.jpg,5780,True,2,False,0.602636992931366,283.4647000054247
D:\Bartek\coding\biometria\facial_auth\celeba_subset\img_align_celeba\108168.jpg,5780,True,2,True,0.5517837405204773,307.34300000040093
D:\Bartek\coding\biometria\facial_auth\celeba_subset\img_align_celeba\014721.jpg,8091,True,4,False,0.10947734117507935,314.6508999998332
D:\Bartek\coding\biometria\facial_auth\celeba_subset\img_align_celeba\014721.jpg,8091,True,4,True,0.05564875900745392,310.0367000006372
D:\Bartek\coding\biometria\facial_auth\celeba_subset\img_align_celeba\166803.jpg,3200,True,8,False,0.5416621565818787,274.8644000021159
D:\Bartek\coding\biometria\facial_auth\celeba_subset\img_align_celeba\166803.jpg,3200,True,8,True,0.5420441031455994,286.43079999892507
D:\Bartek\coding\biometria\facial_auth\celeba_subset\img_align_celeba\035676.jpg,1128,True,2,False,0.6382116675376892,284.5681999970111
D:\Bartek\coding\biometria\facial_auth\celeba_subset\img_align_celeba\035676.jpg,1128,True,2,True,0.5900958180427551,286.47710000223015
D:\Bartek\coding\biometria\facial_auth\celeba_subset\img_align_celeba\183541.jpg,6195,True,4,False,0.33544740080833435,290.30469999997877
D:\Bartek\coding\biometria\facial_auth\celeba_subset\img_align_celeba\183541.jpg,6195,True,4,True,0.28866705298423767,292.00329999730457
D:\Bartek\coding\biometria\facial_auth\celeba_subset\img_align_celeba\128446.jpg,9093,True,8,False,0.132600799202919,286.0556000014185
D:\Bartek\coding\biometria\facial_auth\celeba_subset\img_align_celeba\128446.jpg,9093,True,8,True,0.1261875480413437,295.00890000053914
D:\Bartek\coding\biometria\facial_auth\celeba_subset\img_align_celeba\067588.jpg,4936,True,2,False,0.10193012654781342,288.0005999977584
D:\Bartek\coding\biometria\facial_auth\celeba_subset\img_align_celeba\067588.jpg,4936,True,2,True,0.1028730720281601,292.06900000281166
D:\Bartek\coding\biometria\facial_auth\celeba_subset\img_align_celeba\175825.jpg,2177,True,4,False,0.38632556796073914,288.7968000068213
D:\Bartek\coding\biometria\facial_auth\celeba_subset\img_align_celeba\175825.jpg,2177,True,4,True,0.39874714612960815,291.07680000015534
D:\Bartek\coding\biometria\facial_auth\celeba_subset\img_align_celeba\125128.jpg,4936,True,8,False,0.054776620119810104,292.31650000292575
D:\Bartek\coding\biometria\facial_auth\celeba_subset\img_align_celeba\125128.jpg,4936,True,8,True,0.058974992483854294,285.0696999958018
D:\Bartek\coding\biometria\facial_auth\celeba_subset\img_align_celeba\086063.jpg,5437,True,2,False,0.8124122619628906,285.0938999981736
D:\Bartek\coding\biometria\facial_auth\celeba_subset\img_align_celeba\086063.jpg,5437,True,2,True,0.7015863060951233,294.65690000506584
D:\Bartek\coding\biometria\facial_auth\celeba_subset\img_align_celeba\168624.jpg,913,True,4,False,0.3104094862937927,288.94169999693986
D:\Bartek\coding\biometria\facial_auth\celeba_subset\img_align_celeba\168624.jpg,913,True,4,True,0.2642723619937897,290.68330000154674
D:\Bartek\coding\biometria\facial_auth\celeba_subset\img_align_celeba\109867.jpg,2926,True,8,False,0.054237887263298035,287.7987000028952
D:\Bartek\coding\biometria\facial_auth\celeba_subset\img_align_celeba\109867.jpg,2926,True,8,True,-0.00506141223013401,294.434800001909
D:\Bartek\coding\biometria\facial_auth\celeba_subset\img_align_celeba\156692.jpg,5648,True,2,False,0.6065936088562012,304.8082000022987
D:\Bartek\coding\biometria\facial_auth\celeba_subset\img_align_celeba\156692.jpg,5648,True,2,True,0.5532696843147278,283.2708999994793
D:\Bartek\coding\biometria\facial_auth\celeba_subset\img_align_celeba\122456.jpg,7103,True,4,False,0.2570718228816986,285.87420000258135
D:\Bartek\coding\biometria\facial_auth\celeba_subset\img_align_celeba\122456.jpg,7103,True,4,True,0.2734515368938446,290.02870000113035
D:\Bartek\coding\biometria\facial_auth\celeba_subset\img_align_celeba\001661.jpg,6806,True,8,False,0.018847843632102013,289.3980999942869
D:\Bartek\coding\biometria\facial_auth\celeba_subset\img_align_celeba\001661.jpg,6806,True,8,True,0.01442542765289545,274.038900002779
D:\Bartek\coding\biometria\facial_auth\celeba_subset\img_align_celeba\104550.jpg,2835,True,2,False,0.43362346291542053,271.8754999950761
D:\Bartek\coding\biometria\facial_auth\celeba_subset\img_align_celeba\104550.jpg,2835,True,2,True,0.4250008463859558,290.8430000024964
D:\Bartek\coding\biometria\facial_auth\celeba_subset\img_align_celeba\026452.jpg,655,True,4,False,0.3171983063220978,308.8198999976157
D:\Bartek\coding\biometria\facial_auth\celeba_subset\img_align_celeba\026452.jpg,655,True,4,True,0.24915286898612976,283.2860999988043
D:\Bartek\coding\biometria\facial_auth\celeba_subset\img_align_celeba\031634.jpg,9300,True,8,False,0.22754433751106262,297.28310000064084
D:\Bartek\coding\biometria\facial_auth\celeba_subset\img_align_celeba\031634.jpg,9300,True,8,True,0.23308022320270538,311.553500003356
D:\Bartek\coding\biometria\facial_auth\celeba_subset\img_align_celeba\083644.jpg,5747,True,2,False,0.34041479229927063,298.3955999952741
D:\Bartek\coding\biometria\facial_auth\celeba_subset\img_align_celeba\083644.jpg,5747,True,2,True,0.24622930586338043,295.0857999967411
D:\Bartek\coding\biometria\facial_auth\celeba_subset\img_align_celeba\029478.jpg,6136,True,4,False,0.457444429397583,285.10889999597566
D:\Bartek\coding\biometria\facial_auth\celeba_subset\img_align_celeba\029478.jpg,6136,True,4,True,0.2961539328098297,291.0379000022658
D:\Bartek\coding\biometria\facial_auth\celeba_subset\img_align_celeba\122999.jpg,5534,True,8,False,0.1299096792936325,288.01039999962086
D:\Bartek\coding\biometria\facial_auth\celeba_subset\img_align_celeba\122999.jpg,5534,True,8,True,0.13076385855674744,282.81520000018645
D:\Bartek\coding\biometria\facial_auth\celeba_subset\img_align_celeba\005130.jpg,4150,True,2,False,0.5975236296653748,286.23110000626184
D:\Bartek\coding\biometria\facial_auth\celeba_subset\img_align_celeba\005130.jpg,4150,True,2,True,0.5475763082504272,290.4613999999128
D:\Bartek\coding\biometria\facial_auth\celeba_subset\img_align_celeba\090995.jpg,1149,True,4,False,0.3004929721355438,288.3559999972931
D:\Bartek\coding\biometria\facial_auth\celeba_subset\img_align_celeba\090995.jpg,1149,True,4,True,0.27780312299728394,289.38409999682335
D:\Bartek\coding\biometria\facial_auth\celeba_subset\img_align_celeba\009777.jpg,2835,True,8,False,0.04982225224375725,279.443600004015
D:\Bartek\coding\biometria\facial_auth\celeba_subset\img_align_celeba\009777.jpg,2835,True,8,True,0.05002651363611221,282.568499998888
D:\Bartek\coding\biometria\facial_auth\celeba_subset\img_align_celeba\177019.jpg,4069,True,2,False,0.5606609582901001,285.275800000818
D:\Bartek\coding\biometria\facial_auth\celeba_subset\img_align_celeba\177019.jpg,4069,True,2,True,0.47827574610710144,289.2294999983278
D:\Bartek\coding\biometria\facial_auth\celeba_subset\img_align_celeba\129295.jpg,1147,True,4,False,0.5168099403381348,286.48270000121556
D:\Bartek\coding\biometria\facial_auth\celeba_subset\img_align_celeba\129295.jpg,1147,True,4,True,0.5374419093132019,290.4110000017681
D:\Bartek\coding\biometria\facial_auth\celeba_subset\img_align_celeba\146045.jpg,4659,True,8,False,0.06633611023426056,289.5901000010781
D:\Bartek\coding\biometria\facial_auth\celeba_subset\img_align_celeba\146045.jpg,4659,True,8,True,0.0725085660815239,296.12729999644216
D:\Bartek\coding\biometria\facial_auth\celeba_subset\img_align_celeba\119873.jpg,5190,True,2,False,0.4366004467010498,286.0539000030258
D:\Bartek\coding\biometria\facial_auth\celeba_subset\img_align_celeba\119873.jpg,5190,True,2,True,0.49044716358184814,285.92200000275625
D:\Bartek\coding\biometria\facial_auth\celeba_subset\img_align_celeba\028909.jpg,5656,True,4,False,0.12623153626918793,283.7985000005574
D:\Bartek\coding\biometria\facial_auth\celeba_subset\img_align_celeba\028909.jpg,5656,True,4,True,0.14005020260810852,282.25649999512825
D:\Bartek\coding\biometria\facial_auth\celeba_subset\img_align_celeba\020805.jpg,494,True,8,False,0.10470957309007645,292.87509999994654
D:\Bartek\coding\biometria\facial_auth\celeba_subset\img_align_celeba\020805.jpg,494,True,8,True,0.12110137939453125,287.2424000015599
D:\Bartek\coding\biometria\facial_auth\celeba_subset\img_align_celeba\177578.jpg,190,True,2,False,0.5420178174972534,282.23699999944074
D:\Bartek\coding\biometria\facial_auth\celeba_subset\img_align_celeba\177578.jpg,190,True,2,True,0.43467408418655396,290.56959999434184
D:\Bartek\coding\biometria\facial_auth\celeba_subset\img_align_celeba\066737.jpg,7422,True,4,False,0.7753778100013733,293.0835000006482
D:\Bartek\coding\biometria\facial_auth\celeba_subset\img_align_celeba\066737.jpg,7422,True,4,True,0.7812204957008362,295.9550000014133
D:\Bartek\coding\biometria\facial_auth\celeba_subset\img_align_celeba\078441.jpg,5437,True,8,False,0.13422974944114685,292.29559999657795
D:\Bartek\coding\biometria\facial_auth\celeba_subset\img_align_celeba\078441.jpg,5437,True,8,True,0.1416701078414917,291.6874000002281
D:\Bartek\coding\biometria\facial_auth\celeba_subset\img_align_celeba\129187.jpg,5238,True,2,False,0.7921487092971802,289.97939999680966
D:\Bartek\coding\biometria\facial_auth\celeba_subset\img_align_celeba\129187.jpg,5238,True,2,True,0.7574295401573181,297.01919999934034
D:\Bartek\coding\biometria\facial_auth\celeba_subset\img_align_celeba\018534.jpg,5210,True,4,False,0.48775574564933777,288.00780000165105
D:\Bartek\coding\biometria\facial_auth\celeba_subset\img_align_celeba\018534.jpg,5210,True,4,True,0.44266122579574585,293.09000000648666
D:\Bartek\coding\biometria\facial_auth\celeba_subset\img_align_celeba\114750.jpg,6277,True,8,False,0.06106751784682274,290.4644999944139
D:\Bartek\coding\biometria\facial_auth\celeba_subset\img_align_celeba\114750.jpg,6277,True,8,True,0.08811446279287338,288.64679999969667
D:\Bartek\coding\biometria\facial_auth\celeba_subset\img_align_celeba\164652.jpg,913,True,2,False,0.8881504535675049,284.47639999649255
D:\Bartek\coding\biometria\facial_auth\celeba_subset\img_align_celeba\164652.jpg,913,True,2,True,0.8523815274238586,289.0683999939938
D:\Bartek\coding\biometria\facial_auth\celeba_subset\img_align_celeba\000370.jpg,3655,True,4,False,0.4939619302749634,291.8537000005017
D:\Bartek\coding\biometria\facial_auth\celeba_subset\img_align_celeba\000370.jpg,3655,True,4,True,0.38096532225608826,288.93179999431595
D:\Bartek\coding\biometria\facial_auth\celeba_subset\img_align_celeba\123523.jpg,9688,True,8,False,0.05012476444244385,288.49620000255527
D:\Bartek\coding\biometria\facial_auth\celeba_subset\img_align_celeba\123523.jpg,9688,True,8,True,0.09135746955871582,286.15349999745376
D:\Bartek\coding\biometria\facial_auth\celeba_subset\img_align_celeba\172516.jpg,1120,True,2,False,0.4412611722946167,289.4109999979264
D:\Bartek\coding\biometria\facial_auth\celeba_subset\img_align_celeba\172516.jpg,1120,True,2,True,0.44302716851234436,292.544199997792
D:\Bartek\coding\biometria\facial_auth\celeba_subset\img_align_celeba\101068.jpg,5672,True,4,False,0.35176053643226624,282.10090000357013
D:\Bartek\coding\biometria\facial_auth\celeba_subset\img_align_celeba\101068.jpg,5672,True,4,True,0.3168197274208069,289.17570000339765
D:\Bartek\coding\biometria\facial_auth\celeba_subset\img_align_celeba\181473.jpg,1154,True,8,False,0.10476081073284149,290.4292999955942
D:\Bartek\coding\biometria\facial_auth\celeba_subset\img_align_celeba\181473.jpg,1154,True,8,True,0.21087776124477386,283.1593000009889
D:\Bartek\coding\biometria\facial_auth\celeba_subset\img_align_celeba\063463.jpg,5238,True,2,False,0.7812533974647522,294.1026000044076
D:\Bartek\coding\biometria\facial_auth\celeba_subset\img_align_celeba\063463.jpg,5238,True,2,True,0.7730271816253662,298.48540000239154
D:\Bartek\coding\biometria\facial_auth\celeba_subset\img_align_celeba\163625.jpg,4069,True,4,False,0.5019160509109497,282.82620000391034
D:\Bartek\coding\biometria\facial_auth\celeba_subset\img_align_celeba\163625.jpg,4069,True,4,True,0.5328302979469299,274.9912000072072
D:\Bartek\coding\biometria\facial_auth\celeba_subset\img_align_celeba\196401.jpg,8027,True,8,False,0.10440418124198914,289.23280000162777
D:\Bartek\coding\biometria\facial_auth\celeba_subset\img_align_celeba\196401.jpg,8027,True,8,True,0.12155463546514511,286.004800000228
D:\Bartek\coding\biometria\facial_auth\celeba_subset\img_align_celeba\199347.jpg,8936,True,2,False,0.521710216999054,284.3492000029073
D:\Bartek\coding\biometria\facial_auth\celeba_subset\img_align_celeba\199347.jpg,8936,True,2,True,0.46994155645370483,293.3245000021998
D:\Bartek\coding\biometria\facial_auth\celeba_subset\img_align_celeba\160546.jpg,5064,True,4,False,0.6452559232711792,296.9656999994186
D:\Bartek\coding\biometria\facial_auth\celeba_subset\img_align_celeba\160546.jpg,5064,True,4,True,0.4581155776977539,296.6907000009087
D:\Bartek\coding\biometria\facial_auth\celeba_subset\img_align_celeba\146485.jpg,8091,True,8,False,0.06261247396469116,281.67019999818876
D:\Bartek\coding\biometria\facial_auth\celeba_subset\img_align_celeba\146485.jpg,8091,True,8,True,0.06753048300743103,297.2583000009763
D:\Bartek\coding\biometria\facial_auth\celeba_subset\img_align_celeba\186776.jpg,5033,True,2,False,0.22133390605449677,291.14580000168644
D:\Bartek\coding\biometria\facial_auth\celeba_subset\img_align_celeba\186776.jpg,5033,True,2,True,0.21207712590694427,295.52930000500055
D:\Bartek\coding\biometria\facial_auth\celeba_subset\img_align_celeba\045183.jpg,4196,True,4,False,0.33487698435783386,287.2004000018933
D:\Bartek\coding\biometria\facial_auth\celeba_subset\img_align_celeba\045183.jpg,4196,True,4,True,0.3400420844554901,291.54649999691173
D:\Bartek\coding\biometria\facial_auth\celeba_subset\img_align_celeba\112263.jpg,6806,True,8,False,0.04193330183625221,281.0085999954026
D:\Bartek\coding\biometria\facial_auth\celeba_subset\img_align_celeba\112263.jpg,6806,True,8,True,0.02366657741367817,286.2959999984014
D:\Bartek\coding\biometria\facial_auth\celeba_subset\img_align_celeba\044464.jpg,5672,True,2,False,0.5157304406166077,296.4046999986749
D:\Bartek\coding\biometria\facial_auth\celeba_subset\img_align_celeba\044464.jpg,5672,True,2,True,0.48271432518959045,289.660599999479
D:\Bartek\coding\biometria\facial_auth\celeba_subset\img_align_celeba\190793.jpg,5791,True,4,False,0.46966874599456787,279.6760000055656
D:\Bartek\coding\biometria\facial_auth\celeba_subset\img_align_celeba\190793.jpg,5791,True,4,True,0.44383805990219116,295.7181000019773
D:\Bartek\coding\biometria\facial_auth\celeba_subset\img_align_celeba\195678.jpg,8936,True,8,False,0.0655079185962677,289.1952999998466
D:\Bartek\coding\biometria\facial_auth\celeba_subset\img_align_celeba\195678.jpg,8936,True,8,True,0.07318827509880066,286.74319999845466
D:\Bartek\coding\biometria\facial_auth\celeba_subset\img_align_celeba\150830.jpg,1435,True,2,False,0.5805799961090088,284.0211000002455
D:\Bartek\coding\biometria\facial_auth\celeba_subset\img_align_celeba\150830.jpg,1435,True,2,True,0.48929649591445923,296.09630000049947
D:\Bartek\coding\biometria\facial_auth\celeba_subset\img_align_celeba\088448.jpg,5780,True,4,False,0.5899533629417419,280.3593999997247
D:\Bartek\coding\biometria\facial_auth\celeba_subset\img_align_celeba\088448.jpg,5780,True,4,True,0.5200726389884949,296.6759000046295
D:\Bartek\coding\biometria\facial_auth\celeba_subset\img_align_celeba\170751.jpg,1154,True,8,False,0.09151939302682877,285.1818999988609
D:\Bartek\coding\biometria\facial_auth\celeba_subset\img_align_celeba\170751.jpg,1154,True,8,True,0.0806703269481659,284.3546000003698
D:\Bartek\coding\biometria\facial_auth\celeba_subset\img_align_celeba\107496.jpg,8748,True,2,False,0.46078044176101685,288.67329999775393
D:\Bartek\coding\biometria\facial_auth\celeba_subset\img_align_celeba\107496.jpg,8748,True,2,True,0.45484763383865356,292.0016000061878
D:\Bartek\coding\biometria\facial_auth\celeba_subset\img_align_celeba\036626.jpg,6719,True,4,False,0.3650455176830292,289.2320999962976
D:\Bartek\coding\biometria\facial_auth\celeba_subset\img_align_celeba\036626.jpg,6719,True,4,True,0.26237577199935913,292.45559999981197
D:\Bartek\coding\biometria\facial_auth\celeba_subset\img_align_celeba\171737.jpg,205,True,8,False,0.0654061883687973,287.6544000027934
D:\Bartek\coding\biometria\facial_auth\celeba_subset\img_align_celeba\171737.jpg,205,True,8,True,0.048649728298187256,287.75319999840576
D:\Bartek\coding\biometria\facial_auth\celeba_subset\img_align_celeba\045431.jpg,5648,True,2,False,0.5979076623916626,282.85740000137594
D:\Bartek\coding\biometria\facial_auth\celeba_subset\img_align_celeba\045431.jpg,5648,True,2,True,0.5781625509262085,290.8864999990328
D:\Bartek\coding\biometria\facial_auth\celeba_subset\img_align_celeba\202375.jpg,9489,True,4,False,0.5604249238967896,391.5765999990981
D:\Bartek\coding\biometria\facial_auth\celeba_subset\img_align_celeba\202375.jpg,9489,True,4,True,0.5442551374435425,288.26159999880474
D:\Bartek\coding\biometria\facial_auth\celeba_subset\img_align_celeba\148073.jpg,5238,True,8,False,0.018489031121134758,282.69770000042627
D:\Bartek\coding\biometria\facial_auth\celeba_subset\img_align_celeba\148073.jpg,5238,True,8,True,0.02056315913796425,294.0405000044848
D:\Bartek\coding\biometria\facial_auth\celeba_subset\img_align_celeba\003148.jpg,1147,True,2,False,0.35528475046157837,286.77089999837335
D:\Bartek\coding\biometria\facial_auth\celeba_subset\img_align_celeba\003148.jpg,1147,True,2,True,0.37871769070625305,316.2589999992633
D:\Bartek\coding\biometria\facial_auth\celeba_subset\img_align_celeba\145712.jpg,644,True,4,False,0.35278940200805664,274.81779999652645
D:\Bartek\coding\biometria\facial_auth\celeba_subset\img_align_celeba\145712.jpg,644,True,4,True,0.45598122477531433,287.77390000323066
D:\Bartek\coding\biometria\facial_auth\celeba_subset\img_align_celeba\070725.jpg,975,True,8,False,0.04510820657014847,294.92390000086743
D:\Bartek\coding\biometria\facial_auth\celeba_subset\img_align_celeba\070725.jpg,975,True,8,True,0.0555558055639267,292.66500000085216
D:\Bartek\coding\biometria\facial_auth\celeba_subset\img_align_celeba\079133.jpg,5672,True,2,False,0.4872426986694336,296.4207000040915
D:\Bartek\coding\biometria\facial_auth\celeba_subset\img_align_celeba\079133.jpg,5672,True,2,True,0.5111752152442932,296.89800000051036
D:\Bartek\coding\biometria\facial_auth\celeba_subset\img_align_celeba\109883.jpg,8834,True,4,False,0.24389789998531342,288.2529999988037
D:\Bartek\coding\biometria\facial_auth\celeba_subset\img_align_celeba\109883.jpg,8834,True,4,True,0.30498817563056946,292.8025000001071
D:\Bartek\coding\biometria\facial_auth\celeba_subset\img_align_celeba\037397.jpg,5238,True,8,False,0.0254982877522707,286.8735000010929
D:\Bartek\coding\biometria\facial_auth\celeba_subset\img_align_celeba\037397.jpg,5238,True,8,True,0.021928181871771812,282.8159999990021
D:\Bartek\coding\biometria\facial_auth\celeba_subset\img_align_celeba\012893.jpg,6136,True,2,False,0.6688759922981262,285.781999999017
D:\Bartek\coding\biometria\facial_auth\celeba_subset\img_align_celeba\012893.jpg,6136,True,2,True,0.6266782879829407,299.91039999731584
D:\Bartek\coding\biometria\facial_auth\celeba_subset\img_align_celeba\128307.jpg,6456,True,4,False,0.2474377155303955,291.8708999932278
D:\Bartek\coding\biometria\facial_auth\celeba_subset\img_align_celeba\128307.jpg,6456,True,4,True,0.1907532513141632,291.7553000006592
D:\Bartek\coding\biometria\facial_auth\celeba_subset\img_align_celeba\125614.jpg,9300,True,8,False,0.23988349735736847,293.71659999742405
D:\Bartek\coding\biometria\facial_auth\celeba_subset\img_align_celeba\125614.jpg,9300,True,8,True,0.2411356419324875,294.5097999981954
D:\Bartek\coding\biometria\facial_auth\celeba_subset\img_align_celeba\009592.jpg,9478,True,2,False,0.5333148241043091,291.13430000143126
D:\Bartek\coding\biometria\facial_auth\celeba_subset\img_align_celeba\009592.jpg,9478,True,2,True,0.5289658904075623,281.7912000027718
D:\Bartek\coding\biometria\facial_auth\celeba_subset\img_align_celeba\084710.jpg,6136,True,4,False,0.3932863175868988,279.6382000015001
D:\Bartek\coding\biometria\facial_auth\celeba_subset\img_align_celeba\084710.jpg,6136,True,4,True,0.3980860114097595,283.9095000017551
D:\Bartek\coding\biometria\facial_auth\celeba_subset\img_align_celeba\060083.jpg,9688,True,8,False,0.0607469417154789,276.30190000490984
D:\Bartek\coding\biometria\facial_auth\celeba_subset\img_align_celeba\060083.jpg,9688,True,8,True,0.05559170991182327,281.61769999860553
D:\Bartek\coding\biometria\facial_auth\celeba_subset\img_align_celeba\021895.jpg,9688,True,2,False,0.5593745708465576,288.42620000068564
D:\Bartek\coding\biometria\facial_auth\celeba_subset\img_align_celeba\021895.jpg,9688,True,2,True,0.6064622402191162,287.40499999548774
D:\Bartek\coding\biometria\facial_auth\celeba_subset\img_align_celeba\123138.jpg,5238,True,4,False,0.4990234971046448,284.4390000027488
D:\Bartek\coding\biometria\facial_auth\celeba_subset\img_align_celeba\123138.jpg,5238,True,4,True,0.5298391580581665,282.8319999971427
D:\Bartek\coding\biometria\facial_auth\celeba_subset\img_align_celeba\047974.jpg,4196,True,8,False,0.37397828698158264,284.0887999991537
D:\Bartek\coding\biometria\facial_auth\celeba_subset\img_align_celeba\047974.jpg,4196,True,8,True,0.3666389286518097,298.75140000513056
D:\Bartek\coding\biometria\facial_auth\celeba_subset\img_align_celeba\166795.jpg,1154,True,2,False,0.6174765229225159,286.2033000055817
D:\Bartek\coding\biometria\facial_auth\celeba_subset\img_align_celeba\166795.jpg,1154,True,2,True,0.5675517916679382,301.2541999996756
D:\Bartek\coding\biometria\facial_auth\celeba_subset\img_align_celeba\194364.jpg,6528,True,4,False,0.5111125707626343,286.8928000025335
D:\Bartek\coding\biometria\facial_auth\celeba_subset\img_align_celeba\194364.jpg,6528,True,4,True,0.4010491967201233,296.95409999840194
D:\Bartek\coding\biometria\facial_auth\celeba_subset\img_align_celeba\142950.jpg,5099,True,8,False,0.06308291107416153,295.36219999863533
D:\Bartek\coding\biometria\facial_auth\celeba_subset\img_align_celeba\142950.jpg,5099,True,8,True,0.07384296506643295,298.42099999950733
D:\Bartek\coding\biometria\facial_auth\celeba_subset\img_align_celeba\180965.jpg,2177,True,2,False,0.8546384572982788,327.290000001085
D:\Bartek\coding\biometria\facial_auth\celeba_subset\img_align_celeba\180965.jpg,2177,True,2,True,0.8186498880386353,286.170300001686
D:\Bartek\coding\biometria\facial_auth\celeba_subset\img_align_celeba\038149.jpg,7253,True,4,False,0.26846593618392944,287.7647999994224
D:\Bartek\coding\biometria\facial_auth\celeba_subset\img_align_celeba\038149.jpg,7253,True,4,True,0.26665064692497253,280.15289999893866
D:\Bartek\coding\biometria\facial_auth\celeba_subset\img_align_celeba\064123.jpg,9000,True,8,False,0.02682390809059143,273.6688000004506
D:\Bartek\coding\biometria\facial_auth\celeba_subset\img_align_celeba\064123.jpg,9000,True,8,True,0.043192893266677856,278.96419999888167
D:\Bartek\coding\biometria\facial_auth\celeba_subset\img_align_celeba\177646.jpg,4185,True,2,False,0.42263272404670715,274.2361999989953
D:\Bartek\coding\biometria\facial_auth\celeba_subset\img_align_celeba\177646.jpg,4185,True,2,True,0.4361186921596527,287.0748999994248
D:\Bartek\coding\biometria\facial_auth\celeba_subset\img_align_celeba\147303.jpg,5922,True,4,False,0.45681196451187134,313.80560000252444
D:\Bartek\coding\biometria\facial_auth\celeba_subset\img_align_celeba\147303.jpg,5922,True,4,True,0.44557854533195496,301.51479999767616
D:\Bartek\coding\biometria\facial_auth\celeba_subset\img_align_celeba\036411.jpg,6086,True,8,False,0.07901564240455627,289.51709999819286
D:\Bartek\coding\biometria\facial_auth\celeba_subset\img_align_celeba\036411.jpg,6086,True,8,True,0.08512860536575317,298.2429999974556
D:\Bartek\coding\biometria\facial_auth\celeba_subset\img_align_celeba\015035.jpg,2926,True,2,False,0.3673694133758545,284.4643999997061
D:\Bartek\coding\biometria\facial_auth\celeba_subset\img_align_celeba\015035.jpg,2926,True,2,True,0.39125943183898926,287.06919999967795
D:\Bartek\coding\biometria\facial_auth\celeba_subset\img_align_celeba\202449.jpg,6528,True,4,False,0.461151659488678,284.99269999883836
D:\Bartek\coding\biometria\facial_auth\celeba_subset\img_align_celeba\202449.jpg,6528,True,4,True,0.4603712558746338,292.929200004437
D:\Bartek\coding\biometria\facial_auth\celeba_subset\img_align_celeba\028937.jpg,5238,True,8,False,0.027097979560494423,287.38370000064606
D:\Bartek\coding\biometria\facial_auth\celeba_subset\img_align_celeba\028937.jpg,5238,True,8,True,0.04018354415893555,283.49689999595284
D:\Bartek\coding\biometria\facial_auth\celeba_subset\img_align_celeba\150189.jpg,5190,True,2,False,0.4533976912498474,292.7873000007821
D:\Bartek\coding\biometria\facial_auth\celeba_subset\img_align_celeba\150189.jpg,5190,True,2,True,0.4357932209968567,294.6568999977899
D:\Bartek\coding\biometria\facial_auth\celeba_subset\img_align_celeba\110251.jpg,8908,True,4,False,0.9295578598976135,283.42269999848213
D:\Bartek\coding\biometria\facial_auth\celeba_subset\img_align_celeba\110251.jpg,8908,True,4,True,0.9304293990135193,290.9406000035233
D:\Bartek\coding\biometria\facial_auth\celeba_subset\img_align_celeba\105194.jpg,6456,True,8,False,0.2376108318567276,286.63000000233296
D:\Bartek\coding\biometria\facial_auth\celeba_subset\img_align_celeba\105194.jpg,6456,True,8,True,0.2244383990764618,282.0648000051733
D:\Bartek\coding\biometria\facial_auth\celeba_subset\img_align_celeba\027656.jpg,6277,True,2,False,0.01956740953028202,279.7424000018509
D:\Bartek\coding\biometria\facial_auth\celeba_subset\img_align_celeba\027656.jpg,6277,True,2,True,0.08868206292390823,300.0725000019884
D:\Bartek\coding\biometria\facial_auth\celeba_subset\img_align_celeba\108789.jpg,8,True,4,False,0.655674159526825,280.59419999772217
D:\Bartek\coding\biometria\facial_auth\celeba_subset\img_align_celeba\108789.jpg,8,True,4,True,0.6641137599945068,283.13279999565566
D:\Bartek\coding\biometria\facial_auth\celeba_subset\img_align_celeba\081855.jpg,1147,True,8,False,0.0534060001373291,276.9350000016857
D:\Bartek\coding\biometria\facial_auth\celeba_subset\img_align_celeba\081855.jpg,1147,True,8,True,0.0379343181848526,290.92929999751505
D:\Bartek\coding\biometria\facial_auth\celeba_subset\img_align_celeba\089787.jpg,4929,True,2,False,0.6759172677993774,289.9933000007877
D:\Bartek\coding\biometria\facial_auth\celeba_subset\img_align_celeba\089787.jpg,4929,True,2,True,0.6826753616333008,295.23689999768976
D:\Bartek\coding\biometria\facial_auth\celeba_subset\img_align_celeba\033677.jpg,4870,True,4,False,0.3857867419719696,284.82310000254074
D:\Bartek\coding\biometria\facial_auth\celeba_subset\img_align_celeba\033677.jpg,4870,True,4,True,0.2606944441795349,296.1949999953504
D:\Bartek\coding\biometria\facial_auth\celeba_subset\img_align_celeba\190495.jpg,9632,True,8,False,0.03760324418544769,297.9639999975916
D:\Bartek\coding\biometria\facial_auth\celeba_subset\img_align_celeba\190495.jpg,9632,True,8,True,0.028880996629595757,287.68980000313604
D:\Bartek\coding\biometria\facial_auth\celeba_subset\img_align_celeba\177209.jpg,1154,True,2,False,0.5131622552871704,286.71209999447456
D:\Bartek\coding\biometria\facial_auth\celeba_subset\img_align_celeba\177209.jpg,1154,True,2,True,0.4385659694671631,290.9332999988692
D:\Bartek\coding\biometria\facial_auth\celeba_subset\img_align_celeba\052811.jpg,6233,True,4,False,0.2017684429883957,295.1037000020733
D:\Bartek\coding\biometria\facial_auth\celeba_subset\img_align_celeba\052811.jpg,6233,True,4,True,0.2201216071844101,298.52470000332687
D:\Bartek\coding\biometria\facial_auth\celeba_subset\img_align_celeba\014470.jpg,644,True,8,False,0.045158304274082184,293.0089000001317
D:\Bartek\coding\biometria\facial_auth\celeba_subset\img_align_celeba\014470.jpg,644,True,8,True,0.03810185194015503,287.2658999986015
D:\Bartek\coding\biometria\facial_auth\celeba_subset\img_align_celeba\153894.jpg,8834,True,2,False,0.6056743860244751,222.80379999574507
D:\Bartek\coding\biometria\facial_auth\celeba_subset\img_align_celeba\153894.jpg,8834,True,2,True,0.5487526059150696,226.21880000224337
D:\Bartek\coding\biometria\facial_auth\celeba_subset\img_align_celeba\108020.jpg,9093,True,4,False,0.3152351975440979,281.6387999992003
D:\Bartek\coding\biometria\facial_auth\celeba_subset\img_align_celeba\108020.jpg,9093,True,4,True,0.36523258686065674,289.8332999975537
D:\Bartek\coding\biometria\facial_auth\celeba_subset\img_align_celeba\099865.jpg,7422,True,8,False,0.7662636041641235,297.9951999950572
D:\Bartek\coding\biometria\facial_auth\celeba_subset\img_align_celeba\099865.jpg,7422,True,8,True,0.7682294845581055,286.2786000041524
D:\Bartek\coding\biometria\facial_auth\celeba_subset\img_align_celeba\159309.jpg,9828,True,2,False,0.8991387486457825,280.4095999963465
D:\Bartek\coding\biometria\facial_auth\celeba_subset\img_align_celeba\159309.jpg,9828,True,2,True,0.7956408858299255,290.18769999674987
D:\Bartek\coding\biometria\facial_auth\celeba_subset\img_align_celeba\156185.jpg,4150,True,4,False,0.5250800251960754,289.90089999570046
D:\Bartek\coding\biometria\facial_auth\celeba_subset\img_align_celeba\156185.jpg,4150,True,4,True,0.5356157422065735,292.39500000403496
D:\Bartek\coding\biometria\facial_auth\celeba_subset\img_align_celeba\086479.jpg,7422,True,8,False,0.7533497214317322,297.10489999706624
D:\Bartek\coding\biometria\facial_auth\celeba_subset\img_align_celeba\086479.jpg,7422,True,8,True,0.7797901630401611,290.32520000328077
D:\Bartek\coding\biometria\facial_auth\celeba_subset\img_align_celeba\023449.jpg,5127,True,2,False,0.45453402400016785,291.5270000012242
D:\Bartek\coding\biometria\facial_auth\celeba_subset\img_align_celeba\023449.jpg,5127,True,2,True,0.2466166466474533,286.5529000046081
D:\Bartek\coding\biometria\facial_auth\celeba_subset\img_align_celeba\010279.jpg,2926,True,4,False,0.2756280303001404,287.5528000004124
D:\Bartek\coding\biometria\facial_auth\celeba_subset\img_align_celeba\010279.jpg,2926,True,4,True,0.2719760239124298,291.29419999662787
D:\Bartek\coding\biometria\facial_auth\celeba_subset\img_align_celeba\019558.jpg,5238,True,8,False,0.028104005381464958,289.3009000035818
D:\Bartek\coding\biometria\facial_auth\celeba_subset\img_align_celeba\019558.jpg,5238,True,8,True,0.027917880564928055,286.3913000037428
D:\Bartek\coding\biometria\facial_auth\celeba_subset\img_align_celeba\191850.jpg,9632,True,2,False,0.2754063606262207,291.49450000113575
D:\Bartek\coding\biometria\facial_auth\celeba_subset\img_align_celeba\191850.jpg,9632,True,2,True,0.222597137093544,296.15799999737646
D:\Bartek\coding\biometria\facial_auth\celeba_subset\img_align_celeba\146534.jpg,4196,True,4,False,0.3593091070652008,284.96499999891967
D:\Bartek\coding\biometria\facial_auth\celeba_subset\img_align_celeba\146534.jpg,4196,True,4,True,0.5515570640563965,292.26439999911236
D:\Bartek\coding\biometria\facial_auth\celeba_subset\img_align_celeba\022993.jpg,1167,True,8,False,0.07358992844820023,281.9697999948403
D:\Bartek\coding\biometria\facial_auth\celeba_subset\img_align_celeba\022993.jpg,1167,True,8,True,0.09610751271247864,279.0653999982169
D:\Bartek\coding\biometria\facial_auth\celeba_subset\img_align_celeba\181866.jpg,4069,True,2,False,0.7081303000450134,282.359799995902
D:\Bartek\coding\biometria\facial_auth\celeba_subset\img_align_celeba\181866.jpg,4069,True,2,True,0.615971028804779,286.2184999976307
D:\Bartek\coding\biometria\facial_auth\celeba_subset\img_align_celeba\046995.jpg,6806,True,4,False,0.5894513130187988,280.28330000233836
D:\Bartek\coding\biometria\facial_auth\celeba_subset\img_align_celeba\046995.jpg,6806,True,4,True,0.5365146398544312,298.7388999972609
D:\Bartek\coding\biometria\facial_auth\celeba_subset\img_align_celeba\081559.jpg,8748,True,8,False,0.11252301931381226,281.2530000010156
D:\Bartek\coding\biometria\facial_auth\celeba_subset\img_align_celeba\081559.jpg,8748,True,8,True,0.09477896243333817,289.47570000309497
D:\Bartek\coding\biometria\facial_auth\celeba_subset\img_align_celeba\190458.jpg,5575,True,2,False,0.4973669946193695,283.7451000013971
D:\Bartek\coding\biometria\facial_auth\celeba_subset\img_align_celeba\190458.jpg,5575,True,2,True,0.42107105255126953,291.54469999775756
D:\Bartek\coding\biometria\facial_auth\celeba_subset\img_align_celeba\038089.jpg,5648,True,4,False,0.034182094037532806,283.4676999991643
D:\Bartek\coding\biometria\facial_auth\celeba_subset\img_align_celeba\038089.jpg,5648,True,4,True,0.1673351675271988,291.6359000009834
D:\Bartek\coding\biometria\facial_auth\celeba_subset\img_align_celeba\147474.jpg,5127,True,8,False,0.04214305058121681,288.2488999966881
D:\Bartek\coding\biometria\facial_auth\celeba_subset\img_align_celeba\147474.jpg,5127,True,8,True,0.06905359029769897,288.72450000199024
D:\Bartek\coding\biometria\facial_auth\celeba_subset\img_align_celeba\061291.jpg,2814,True,2,False,0.5133814811706543,290.48039999906905
D:\Bartek\coding\biometria\facial_auth\celeba_subset\img_align_celeba\061291.jpg,2814,True,2,True,0.4389364719390869,286.66599999996834
D:\Bartek\coding\biometria\facial_auth\celeba_subset\img_align_celeba\100700.jpg,8091,True,4,False,0.5084159970283508,284.0661000009277
D:\Bartek\coding\biometria\facial_auth\celeba_subset\img_align_celeba\100700.jpg,8091,True,4,True,0.5563472509384155,297.9505999974208
D:\Bartek\coding\biometria\facial_auth\celeba_subset\img_align_celeba\031964.jpg,5656,True,8,False,0.12031403183937073,283.5913000017172
D:\Bartek\coding\biometria\facial_auth\celeba_subset\img_align_celeba\031964.jpg,5656,True,8,True,0.09565310180187225,282.4283999943873
D:\Bartek\coding\biometria\facial_auth\celeba_subset\img_align_celeba\092472.jpg,4196,True,2,False,0.6546502709388733,291.2754000062705
D:\Bartek\coding\biometria\facial_auth\celeba_subset\img_align_celeba\092472.jpg,4196,True,2,True,0.5006547570228577,300.5711000005249
D:\Bartek\coding\biometria\facial_auth\celeba_subset\img_align_celeba\148258.jpg,5591,True,4,False,0.3677976727485657,289.35490000003483
D:\Bartek\coding\biometria\facial_auth\celeba_subset\img_align_celeba\148258.jpg,5591,True,4,True,0.38411498069763184,282.1600999959628
D:\Bartek\coding\biometria\facial_auth\celeba_subset\img_align_celeba\008238.jpg,3336,True,8,False,0.06022380292415619,282.4994999973569
D:\Bartek\coding\biometria\facial_auth\celeba_subset\img_align_celeba\008238.jpg,3336,True,8,True,0.05710941553115845,298.2196000011754
D:\Bartek\coding\biometria\facial_auth\celeba_subset\img_align_celeba\124713.jpg,3336,True,2,False,0.5678658485412598,296.2203999995836
D:\Bartek\coding\biometria\facial_auth\celeba_subset\img_align_celeba\124713.jpg,3336,True,2,True,0.414081335067749,289.61900000285823
D:\Bartek\coding\biometria\facial_auth\celeba_subset\img_align_celeba\024172.jpg,8091,True,4,False,0.43550390005111694,293.36760000296636
D:\Bartek\coding\biometria\facial_auth\celeba_subset\img_align_celeba\024172.jpg,8091,True,4,True,0.40770548582077026,289.3153999975766
D:\Bartek\coding\biometria\facial_auth\celeba_subset\img_align_celeba\025789.jpg,8,True,8,False,0.039352525025606155,281.56419999868376
D:\Bartek\coding\biometria\facial_auth\celeba_subset\img_align_celeba\025789.jpg,8,True,8,True,0.046280648559331894,282.25949999614386
D:\Bartek\coding\biometria\facial_auth\celeba_subset\img_align_celeba\145575.jpg,1147,True,2,False,0.5074018836021423,286.3106000004336
D:\Bartek\coding\biometria\facial_auth\celeba_subset\img_align_celeba\145575.jpg,1147,True,2,True,0.5404999852180481,288.530300000275
D:\Bartek\coding\biometria\facial_auth\celeba_subset\img_align_celeba\102425.jpg,3655,True,4,False,0.4036884605884552,295.08469999564113
D:\Bartek\coding\biometria\facial_auth\celeba_subset\img_align_celeba\102425.jpg,3655,True,4,True,0.2895974814891815,292.1734999981709
D:\Bartek\coding\biometria\facial_auth\celeba_subset\img_align_celeba\052615.jpg,6972,True,8,False,0.042523343116045,283.29020000091987
D:\Bartek\coding\biometria\facial_auth\celeba_subset\img_align_celeba\052615.jpg,6972,True,8,True,0.036366887390613556,286.41760000027716
D:\Bartek\coding\biometria\facial_auth\celeba_subset\img_align_celeba\156401.jpg,8091,True,2,False,0.4140189588069916,286.50399999605725
D:\Bartek\coding\biometria\facial_auth\celeba_subset\img_align_celeba\156401.jpg,8091,True,2,True,0.38096004724502563,307.4149000021862
D:\Bartek\coding\biometria\facial_auth\celeba_subset\img_align_celeba\020810.jpg,3336,True,4,False,0.4894869327545166,300.7138999964809
D:\Bartek\coding\biometria\facial_auth\celeba_subset\img_align_celeba\020810.jpg,3336,True,4,True,0.48540133237838745,285.92870000284165
D:\Bartek\coding\biometria\facial_auth\celeba_subset\img_align_celeba\046629.jpg,5099,True,8,False,0.03175165131688118,284.1950000001816
D:\Bartek\coding\biometria\facial_auth\celeba_subset\img_align_celeba\046629.jpg,5099,True,8,True,0.0499936118721962,295.5920999957016
D:\Bartek\coding\biometria\facial_auth\celeba_subset\img_align_celeba\005661.jpg,9534,True,2,False,0.5519072413444519,289.58289999718545
D:\Bartek\coding\biometria\facial_auth\celeba_subset\img_align_celeba\005661.jpg,9534,True,2,True,0.43640780448913574,296.3579000061145
D:\Bartek\coding\biometria\facial_auth\celeba_subset\img_align_celeba\040776.jpg,878,True,4,False,0.49382513761520386,280.2676999999676
D:\Bartek\coding\biometria\facial_auth\celeba_subset\img_align_celeba\040776.jpg,878,True,4,True,0.43691515922546387,287.44559999904595
D:\Bartek\coding\biometria\facial_auth\celeba_subset\img_align_celeba\168226.jpg,3200,True,8,False,0.5251609683036804,281.77129999676254
D:\Bartek\coding\biometria\facial_auth\celeba_subset\img_align_celeba\168226.jpg,3200,True,8,True,0.5084897875785828,288.28280000016093
D:\Bartek\coding\biometria\facial_auth\celeba_subset\img_align_celeba\011517.jpg,5238,True,2,False,0.7296503782272339,274.10120000422467
D:\Bartek\coding\biometria\facial_auth\celeba_subset\img_align_celeba\011517.jpg,5238,True,2,True,0.7166087627410889,289.76630000397563
D:\Bartek\coding\biometria\facial_auth\celeba_subset\img_align_celeba\108589.jpg,5210,True,4,False,0.3354220390319824,289.8625000016182
D:\Bartek\coding\biometria\facial_auth\celeba_subset\img_align_celeba\108589.jpg,5210,True,4,True,0.41477829217910767,280.4261999990558
D:\Bartek\coding\biometria\facial_auth\celeba_subset\img_align_celeba\178123.jpg,190,True,8,False,0.13610318303108215,285.03230000205804
D:\Bartek\coding\biometria\facial_auth\celeba_subset\img_align_celeba\178123.jpg,190,True,8,True,0.13252076506614685,284.68960000463994
D:\Bartek\coding\biometria\facial_auth\celeba_subset\img_align_celeba\147926.jpg,7524,True,2,False,0.2789982557296753,279.0882000044803
D:\Bartek\coding\biometria\facial_auth\celeba_subset\img_align_celeba\147926.jpg,7524,True,2,True,0.2827785611152649,282.8748999963864
D:\Bartek\coding\biometria\facial_auth\celeba_subset\img_align_celeba\153415.jpg,3336,True,4,False,0.4656413793563843,284.74439999990864
D:\Bartek\coding\biometria\facial_auth\celeba_subset\img_align_celeba\153415.jpg,3336,True,4,True,0.3775925040245056,292.93609999876935
D:\Bartek\coding\biometria\facial_auth\celeba_subset\img_align_celeba\052841.jpg,6368,True,8,False,0.04954055696725845,285.10990000359016
D:\Bartek\coding\biometria\facial_auth\celeba_subset\img_align_celeba\052841.jpg,6368,True,8,True,0.05934511497616768,278.0008999980055
D:\Bartek\coding\biometria\facial_auth\celeba_subset\img_align_celeba\198834.jpg,8027,True,2,False,0.5736176371574402,284.91590000339784
D:\Bartek\coding\biometria\facial_auth\celeba_subset\img_align_celeba\198834.jpg,8027,True,2,True,0.4441584348678589,287.5997999944957
D:\Bartek\coding\biometria\facial_auth\celeba_subset\img_align_celeba\167998.jpg,2177,True,4,False,0.318301796913147,287.6109999997425
D:\Bartek\coding\biometria\facial_auth\celeba_subset\img_align_celeba\167998.jpg,2177,True,4,True,0.3080965578556061,291.93949999898905
D:\Bartek\coding\biometria\facial_auth\celeba_subset\img_align_celeba\112169.jpg,1167,True,8,False,0.07338184118270874,285.8166999940295
D:\Bartek\coding\biometria\facial_auth\celeba_subset\img_align_celeba\112169.jpg,1167,True,8,True,0.07234411686658859,284.33440000662813
D:\Bartek\coding\biometria\facial_auth\celeba_subset\img_align_celeba\162283.jpg,9478,True,2,False,0.7316440939903259,285.09240000130376
D:\Bartek\coding\biometria\facial_auth\celeba_subset\img_align_celeba\162283.jpg,9478,True,2,True,0.7140582799911499,299.44740000064485
D:\Bartek\coding\biometria\facial_auth\celeba_subset\img_align_celeba\158538.jpg,1104,True,4,False,-0.00520719401538372,281.9491999980528
D:\Bartek\coding\biometria\facial_auth\celeba_subset\img_align_celeba\158538.jpg,1104,True,4,True,0.0010629744501784444,282.27570000308333
D:\Bartek\coding\biometria\facial_auth\celeba_subset\img_align_celeba\083656.jpg,6719,True,8,False,0.046407051384449005,287.75339999992866
D:\Bartek\coding\biometria\facial_auth\celeba_subset\img_align_celeba\083656.jpg,6719,True,8,True,0.03933781012892723,285.630599995784
D:\Bartek\coding\biometria\facial_auth\celeba_subset\img_align_celeba\078681.jpg,3336,True,2,False,0.4496426582336426,284.00470000633504
D:\Bartek\coding\biometria\facial_auth\celeba_subset\img_align_celeba\078681.jpg,3336,True,2,True,0.42354726791381836,308.9131000015186
D:\Bartek\coding\biometria\facial_auth\celeba_subset\img_align_celeba\122142.jpg,6456,True,4,False,0.26789918541908264,285.7956000007107
D:\Bartek\coding\biometria\facial_auth\celeba_subset\img_align_celeba\122142.jpg,6456,True,4,True,0.2524547874927521,292.3930000033579
D:\Bartek\coding\biometria\facial_auth\celeba_subset\img_align_celeba\005730.jpg,4150,True,8,False,0.007184839341789484,284.703699995589
D:\Bartek\coding\biometria\facial_auth\celeba_subset\img_align_celeba\005730.jpg,4150,True,8,True,0.012916161678731441,294.10729999653995
D:\Bartek\coding\biometria\facial_auth\celeba_subset\img_align_celeba\200225.jpg,5791,True,2,False,0.3422718346118927,289.1546999962884
D:\Bartek\coding\biometria\facial_auth\celeba_subset\img_align_celeba\200225.jpg,5791,True,2,True,0.3082994818687439,286.67809999751626
D:\Bartek\coding\biometria\facial_auth\celeba_subset\img_align_celeba\038746.jpg,9144,True,4,False,0.5034871697425842,284.1222999995807
D:\Bartek\coding\biometria\facial_auth\celeba_subset\img_align_celeba\038746.jpg,9144,True,4,True,0.5540909171104431,290.14239999378333
D:\Bartek\coding\biometria\facial_auth\celeba_subset\img_align_celeba\195932.jpg,6528,True,8,False,0.5221108198165894,286.7636000009952
D:\Bartek\coding\biometria\facial_auth\celeba_subset\img_align_celeba\195932.jpg,6528,True,8,True,0.4952464997768402,280.2508000022499
D:\Bartek\coding\biometria\facial_auth\celeba_subset\img_align_celeba\082558.jpg,6170,True,2,False,0.8875138163566589,286.2660999962827
D:\Bartek\coding\biometria\facial_auth\celeba_subset\img_align_celeba\082558.jpg,6170,True,2,True,0.7411239743232727,290.7290000002831
D:\Bartek\coding\biometria\facial_auth\celeba_subset\img_align_celeba\131266.jpg,6368,True,4,False,0.36418893933296204,286.9202999936533
D:\Bartek\coding\biometria\facial_auth\celeba_subset\img_align_celeba\131266.jpg,6368,True,4,True,0.4140644967556,291.1123000012594
D:\Bartek\coding\biometria\facial_auth\celeba_subset\img_align_celeba\044047.jpg,6086,True,8,False,0.07464069873094559,295.0924999968265
D:\Bartek\coding\biometria\facial_auth\celeba_subset\img_align_celeba\044047.jpg,6086,True,8,True,0.06812909245491028,309.4439999986207
D:\Bartek\coding\biometria\facial_auth\celeba_subset\img_align_celeba\122365.jpg,6233,True,2,False,0.35007286071777344,273.27290000539506
D:\Bartek\coding\biometria\facial_auth\celeba_subset\img_align_celeba\122365.jpg,6233,True,2,True,0.439299613237381,283.7227999989409
D:\Bartek\coding\biometria\facial_auth\celeba_subset\img_align_celeba\065855.jpg,9828,True,4,False,0.3713821470737457,286.55330000037793
D:\Bartek\coding\biometria\facial_auth\celeba_subset\img_align_celeba\065855.jpg,9828,True,4,True,0.4057553708553314,287.69289999763714
D:\Bartek\coding\biometria\facial_auth\celeba_subset\img_align_celeba\087125.jpg,6456,True,8,False,0.2551172971725464,287.5625999949989
D:\Bartek\coding\biometria\facial_auth\celeba_subset\img_align_celeba\087125.jpg,6456,True,8,True,0.23692305386066437,288.42119999899296
D:\Bartek\coding\biometria\facial_auth\celeba_subset\img_align_celeba\095911.jpg,7253,True,2,False,0.2510444223880768,292.7354999992531
D:\Bartek\coding\biometria\facial_auth\celeba_subset\img_align_celeba\095911.jpg,7253,True,2,True,0.22167031466960907,222.0450999957393
D:\Bartek\coding\biometria\facial_auth\celeba_subset\img_align_celeba\049882.jpg,4936,True,4,False,0.5179423093795776,281.966000002285
D:\Bartek\coding\biometria\facial_auth\celeba_subset\img_align_celeba\049882.jpg,4936,True,4,True,0.3841250538825989,293.894000002183
D:\Bartek\coding\biometria\facial_auth\celeba_subset\img_align_celeba\172233.jpg,1120,True,8,False,0.008853110484778881,289.61880000133533
D:\Bartek\coding\biometria\facial_auth\celeba_subset\img_align_celeba\172233.jpg,1120,True,8,True,0.039471711963415146,290.9171999999671
D:\Bartek\coding\biometria\facial_auth\celeba_subset\img_align_celeba\008575.jpg,7222,True,2,False,0.6837849020957947,297.1927999969921
D:\Bartek\coding\biometria\facial_auth\celeba_subset\img_align_celeba\008575.jpg,7222,True,2,True,0.6580674052238464,278.95409999473486
D:\Bartek\coding\biometria\facial_auth\celeba_subset\img_align_celeba\176990.jpg,913,True,4,False,0.6530545353889465,275.7648999977391
D:\Bartek\coding\biometria\facial_auth\celeba_subset\img_align_celeba\176990.jpg,913,True,4,True,0.3345150947570801,286.2934000004316
D:\Bartek\coding\biometria\facial_auth\celeba_subset\img_align_celeba\152610.jpg,5656,True,8,False,0.11963485181331635,282.5455999991391
D:\Bartek\coding\biometria\facial_auth\celeba_subset\img_align_celeba\152610.jpg,5656,True,8,True,0.21595263481140137,277.7475999973831
D:\Bartek\coding\biometria\facial_auth\celeba_subset\img_align_celeba\178155.jpg,3236,True,2,False,0.592414915561676,302.8402999989339
D:\Bartek\coding\biometria\facial_auth\celeba_subset\img_align_celeba\178155.jpg,3236,True,2,True,0.580156147480011,292.1481999946991
D:\Bartek\coding\biometria\facial_auth\celeba_subset\img_align_celeba\042410.jpg,494,True,4,False,0.21228143572807312,288.2530000060797
D:\Bartek\coding\biometria\facial_auth\celeba_subset\img_align_celeba\042410.jpg,494,True,4,True,0.273940771818161,287.4630000005709
D:\Bartek\coding\biometria\facial_auth\celeba_subset\img_align_celeba\122455.jpg,6719,True,8,False,0.11605443805456161,292.19860000011977
D:\Bartek\coding\biometria\facial_auth\celeba_subset\img_align_celeba\122455.jpg,6719,True,8,True,0.08354413509368896,295.9110000010696
D:\Bartek\coding\biometria\facial_auth\celeba_subset\img_align_celeba\080918.jpg,2926,True,2,False,0.5619201064109802,284.24120000272524
D:\Bartek\coding\biometria\facial_auth\celeba_subset\img_align_celeba\080918.jpg,2926,True,2,True,0.4377100169658661,288.50729999976465
D:\Bartek\coding\biometria\facial_auth\celeba_subset\img_align_celeba\202565.jpg,5791,True,4,False,0.0385037399828434,300.29430000286084
D:\Bartek\coding\biometria\facial_auth\celeba_subset\img_align_celeba\202565.jpg,5791,True,4,True,0.03920745104551315,301.565900001151
D:\Bartek\coding\biometria\facial_auth\celeba_subset\img_align_celeba\153541.jpg,7222,True,8,False,0.10510043799877167,281.3957999969716
D:\Bartek\coding\biometria\facial_auth\celeba_subset\img_align_celeba\153541.jpg,7222,True,8,True,0.10809702426195145,299.2775000020629
D:\Bartek\coding\biometria\facial_auth\celeba_subset\img_align_celeba\014674.jpg,1435,True,2,False,0.5797699093818665,292.05829999409616
D:\Bartek\coding\biometria\facial_auth\celeba_subset\img_align_celeba\014674.jpg,1435,True,2,True,0.5258692502975464,294.1075999988243
D:\Bartek\coding\biometria\facial_auth\celeba_subset\img_align_celeba\103152.jpg,4936,True,4,False,0.5213248133659363,290.1824000000488
D:\Bartek\coding\biometria\facial_auth\celeba_subset\img_align_celeba\103152.jpg,4936,True,4,True,0.41703760623931885,288.22239999863086
D:\Bartek\coding\biometria\facial_auth\celeba_subset\img_align_celeba\105874.jpg,2814,True,8,False,0.04049622267484665,279.26450000086334
D:\Bartek\coding\biometria\facial_auth\celeba_subset\img_align_celeba\105874.jpg,2814,True,8,True,0.03188743069767952,283.2189000037033
D:\Bartek\coding\biometria\facial_auth\celeba_subset\img_align_celeba\016164.jpg,9000,True,2,False,0.7622156739234924,296.7556000003242
D:\Bartek\coding\biometria\facial_auth\celeba_subset\img_align_celeba\016164.jpg,9000,True,2,True,0.6845909357070923,304.580399999395
D:\Bartek\coding\biometria\facial_auth\celeba_subset\img_align_celeba\170882.jpg,913,True,4,False,0.28512245416641235,327.93279999896185
D:\Bartek\coding\biometria\facial_auth\celeba_subset\img_align_celeba\170882.jpg,913,True,4,True,0.24608184397220612,272.91719999630004
D:\Bartek\coding\biometria\facial_auth\celeba_subset\img_align_celeba\041482.jpg,1147,True,8,False,0.03741002082824707,287.2459999998682
D:\Bartek\coding\biometria\facial_auth\celeba_subset\img_align_celeba\041482.jpg,1147,True,8,True,0.04962823539972305,277.875399995537
D:\Bartek\coding\biometria\facial_auth\celeba_subset\img_align_celeba\186243.jpg,5575,True,2,False,0.4192567765712738,283.12049999658484
D:\Bartek\coding\biometria\facial_auth\celeba_subset\img_align_celeba\186243.jpg,5575,True,2,True,0.4144955277442932,296.70030000124825
D:\Bartek\coding\biometria\facial_auth\celeba_subset\img_align_celeba\182603.jpg,913,True,4,False,0.34058257937431335,285.7986000017263
D:\Bartek\coding\biometria\facial_auth\celeba_subset\img_align_celeba\182603.jpg,913,True,4,True,0.4075751304626465,287.7111999987392
D:\Bartek\coding\biometria\facial_auth\celeba_subset\img_align_celeba\133149.jpg,5099,True,8,False,0.017739947885274887,296.73149999871384
D:\Bartek\coding\biometria\facial_auth\celeba_subset\img_align_celeba\133149.jpg,5099,True,8,True,0.034391582012176514,291.1385999977938
D:\Bartek\coding\biometria\facial_auth\celeba_subset\img_align_celeba\018606.jpg,9910,True,2,False,0.2993690073490143,288.2320999997319
D:\Bartek\coding\biometria\facial_auth\celeba_subset\img_align_celeba\018606.jpg,9910,True,2,True,0.3277967572212219,289.66159999981755
D:\Bartek\coding\biometria\facial_auth\celeba_subset\img_align_celeba\060656.jpg,6368,True,4,False,0.20181111991405487,285.55629999755183
D:\Bartek\coding\biometria\facial_auth\celeba_subset\img_align_celeba\060656.jpg,6368,True,4,True,0.28772637248039246,307.0092999987537
D:\Bartek\coding\biometria\facial_auth\celeba_subset\img_align_celeba\179226.jpg,2177,True,8,False,0.9418200850486755,291.9700000056764
D:\Bartek\coding\biometria\facial_auth\celeba_subset\img_align_celeba\179226.jpg,2177,True,8,True,0.9348172545433044,276.70849999412894
D:\Bartek\coding\biometria\facial_auth\celeba_subset\img_align_celeba\143193.jpg,9828,True,2,False,0.5244283080101013,276.92159999423893
D:\Bartek\coding\biometria\facial_auth\celeba_subset\img_align_celeba\143193.jpg,9828,True,2,True,0.5584297180175781,285.01520000281744
D:\Bartek\coding\biometria\facial_auth\celeba_subset\img_align_celeba\145253.jpg,5127,True,4,False,0.44632869958877563,288.17800000251736
D:\Bartek\coding\biometria\facial_auth\celeba_subset\img_align_celeba\145253.jpg,5127,True,4,True,0.2890336215496063,306.32709999918006
D:\Bartek\coding\biometria\facial_auth\celeba_subset\img_align_celeba\192855.jpg,8415,True,8,False,0.07720828056335449,291.1300999985542
D:\Bartek\coding\biometria\facial_auth\celeba_subset\img_align_celeba\192855.jpg,8415,True,8,True,0.06599823385477066,301.1250999988988
D:\Bartek\coding\biometria\facial_auth\celeba_subset\img_align_celeba\176236.jpg,1350,True,2,False,0.6943694949150085,287.1938999960548
D:\Bartek\coding\biometria\facial_auth\celeba_subset\img_align_celeba\176236.jpg,1350,True,2,True,0.6422619223594666,291.97730000305455
D:\Bartek\coding\biometria\facial_auth\celeba_subset\img_align_celeba\173283.jpg,3877,True,4,False,0.5501368641853333,286.239499997464
D:\Bartek\coding\biometria\facial_auth\celeba_subset\img_align_celeba\173283.jpg,3877,True,4,True,0.48826777935028076,286.1241999999038
D:\Bartek\coding\biometria\facial_auth\celeba_subset\img_align_celeba\164083.jpg,1120,True,8,False,-0.0033083977177739143,287.75150000001304
D:\Bartek\coding\biometria\facial_auth\celeba_subset\img_align_celeba\164083.jpg,1120,True,8,True,-0.008214452303946018,287.6804999978049
D:\Bartek\coding\biometria\facial_auth\celeba_subset\img_align_celeba\129316.jpg,9688,True,2,False,0.7204651832580566,287.36229999776697
D:\Bartek\coding\biometria\facial_auth\celeba_subset\img_align_celeba\129316.jpg,9688,True,2,True,0.6797870397567749,291.8703999966965
D:\Bartek\coding\biometria\facial_auth\celeba_subset\img_align_celeba\052160.jpg,5534,True,4,False,0.40671586990356445,293.95170000498183
D:\Bartek\coding\biometria\facial_auth\celeba_subset\img_align_celeba\052160.jpg,5534,True,4,True,0.45783519744873047,290.39140000531916
D:\Bartek\coding\biometria\facial_auth\celeba_subset\img_align_celeba\055909.jpg,5922,True,8,False,0.13066533207893372,303.77550000412157
D:\Bartek\coding\biometria\facial_auth\celeba_subset\img_align_celeba\055909.jpg,5922,True,8,True,0.13864095509052277,313.49690000206465
D:\Bartek\coding\biometria\facial_auth\celeba_subset\img_align_celeba\078825.jpg,9910,True,2,False,0.17320431768894196,285.71370000281604
D:\Bartek\coding\biometria\facial_auth\celeba_subset\img_align_celeba\078825.jpg,9910,True,2,True,0.14237135648727417,292.1113000047626
D:\Bartek\coding\biometria\facial_auth\celeba_subset\img_align_celeba\080077.jpg,5648,True,4,False,0.7214385867118835,289.80760000558803
D:\Bartek\coding\biometria\facial_auth\celeba_subset\img_align_celeba\080077.jpg,5648,True,4,True,0.7487330436706543,287.57210000185296
D:\Bartek\coding\biometria\facial_auth\celeba_subset\img_align_celeba\019485.jpg,2814,True,8,False,0.04517463594675064,289.9853999988409
D:\Bartek\coding\biometria\facial_auth\celeba_subset\img_align_celeba\019485.jpg,2814,True,8,True,0.040906261652708054,293.5442000016337
D:\Bartek\coding\biometria\facial_auth\celeba_subset\img_align_celeba\090465.jpg,644,True,2,False,0.4905164837837219,295.8303999985219
D:\Bartek\coding\biometria\facial_auth\celeba_subset\img_align_celeba\090465.jpg,644,True,2,True,0.4364220201969147,290.81179999775486
D:\Bartek\coding\biometria\facial_auth\celeba_subset\img_align_celeba\136945.jpg,9093,True,4,False,0.3550686240196228,286.1840999976266
D:\Bartek\coding\biometria\facial_auth\celeba_subset\img_align_celeba\136945.jpg,9093,True,4,True,0.37675294280052185,287.64180000143824
D:\Bartek\coding\biometria\facial_auth\celeba_subset\img_align_celeba\084114.jpg,2814,True,8,False,0.0436527319252491,284.2146000039065
D:\Bartek\coding\biometria\facial_auth\celeba_subset\img_align_celeba\084114.jpg,2814,True,8,True,0.027343612164258957,295.7077000028221
D:\Bartek\coding\biometria\facial_auth\celeba_subset\img_align_celeba\015612.jpg,4196,True,2,False,0.30067509412765503,288.464400000521
D:\Bartek\coding\biometria\facial_auth\celeba_subset\img_align_celeba\015612.jpg,4196,True,2,True,0.3125070631504059,301.7132999957539
D:\Bartek\coding\biometria\facial_auth\celeba_subset\img_align_celeba\007530.jpg,5437,True,4,False,0.19124940037727356,289.9777999991784
D:\Bartek\coding\biometria\facial_auth\celeba_subset\img_align_celeba\007530.jpg,5437,True,4,True,0.22573718428611755,289.7277000010945
D:\Bartek\coding\biometria\facial_auth\celeba_subset\img_align_celeba\141269.jpg,5672,True,8,False,0.08179861307144165,280.9567999938736
D:\Bartek\coding\biometria\facial_auth\celeba_subset\img_align_celeba\141269.jpg,5672,True,8,True,0.06593326479196548,280.86220000113826
D:\Bartek\coding\biometria\facial_auth\celeba_subset\img_align_celeba\171634.jpg,2177,True,2,False,0.26973602175712585,282.64990000025136
D:\Bartek\coding\biometria\facial_auth\celeba_subset\img_align_celeba\171634.jpg,2177,True,2,True,0.3099997937679291,230.6626999998116
D:\Bartek\coding\biometria\facial_auth\celeba_subset\img_align_celeba\088793.jpg,6456,True,4,False,0.5616791844367981,276.79949999583187
D:\Bartek\coding\biometria\facial_auth\celeba_subset\img_align_celeba\088793.jpg,6456,True,4,True,0.4812279939651489,283.520299999509
D:\Bartek\coding\biometria\facial_auth\celeba_subset\img_align_celeba\084744.jpg,5656,True,8,False,0.11786700785160065,283.8865000012447
D:\Bartek\coding\biometria\facial_auth\celeba_subset\img_align_celeba\084744.jpg,5656,True,8,True,0.10538136959075928,286.5375000037602
D:\Bartek\coding\biometria\facial_auth\celeba_subset\img_align_celeba\048116.jpg,4196,True,2,False,0.3692628741264343,295.4041999983019
D:\Bartek\coding\biometria\facial_auth\celeba_subset\img_align_celeba\048116.jpg,4196,True,2,True,0.3475223779678345,223.0249999993248
D:\Bartek\coding\biometria\facial_auth\celeba_subset\img_align_celeba\015328.jpg,8908,True,4,False,0.6635939478874207,288.2452999983798
D:\Bartek\coding\biometria\facial_auth\celeba_subset\img_align_celeba\015328.jpg,8908,True,4,True,0.7319136261940002,291.13340000185417
D:\Bartek\coding\biometria\facial_auth\celeba_subset\img_align_celeba\155643.jpg,310,True,8,False,0.3067533075809479,285.5907999983174
D:\Bartek\coding\biometria\facial_auth\celeba_subset\img_align_celeba\155643.jpg,310,True,8,True,0.30134379863739014,289.2202000002726
D:\Bartek\coding\biometria\facial_auth\celeba_subset\img_align_celeba\100206.jpg,4196,True,2,False,0.4125398099422455,286.32560000551166
D:\Bartek\coding\biometria\facial_auth\celeba_subset\img_align_celeba\100206.jpg,4196,True,2,True,0.4745640754699707,290.9072999973432
D:\Bartek\coding\biometria\facial_auth\celeba_subset\img_align_celeba\146780.jpg,9144,True,4,False,0.5727652907371521,285.6939999983297
D:\Bartek\coding\biometria\facial_auth\celeba_subset\img_align_celeba\146780.jpg,9144,True,4,True,0.6039302349090576,298.2084000032046
D:\Bartek\coding\biometria\facial_auth\celeba_subset\img_align_celeba\094397.jpg,3655,True,8,False,0.4831447899341583,288.3228999999119
D:\Bartek\coding\biometria\facial_auth\celeba_subset\img_align_celeba\094397.jpg,3655,True,8,True,0.4716759920120239,294.40969999996014
D:\Bartek\coding\biometria\facial_auth\celeba_subset\img_align_celeba\187564.jpg,5872,True,2,False,0.3774525225162506,288.463299999421
D:\Bartek\coding\biometria\facial_auth\celeba_subset\img_align_celeba\187564.jpg,5872,True,2,True,0.43431007862091064,292.4581000042963
D:\Bartek\coding\biometria\facial_auth\celeba_subset\img_align_celeba\131239.jpg,1167,True,4,False,0.43510279059410095,283.1376000031014
D:\Bartek\coding\biometria\facial_auth\celeba_subset\img_align_celeba\131239.jpg,1167,True,4,True,0.4509865939617157,285.0754000028246
D:\Bartek\coding\biometria\facial_auth\celeba_subset\img_align_celeba\156288.jpg,494,True,8,False,0.12509359419345856,286.70579999743495
D:\Bartek\coding\biometria\facial_auth\celeba_subset\img_align_celeba\156288.jpg,494,True,8,True,0.12034168839454651,290.80180000164546
D:\Bartek\coding\biometria\facial_auth\celeba_subset\img_align_celeba\104733.jpg,644,True,2,False,0.5041736364364624,295.15169999649515
D:\Bartek\coding\biometria\facial_auth\celeba_subset\img_align_celeba\104733.jpg,644,True,2,True,0.4109441041946411,283.77550000004703
D:\Bartek\coding\biometria\facial_auth\celeba_subset\img_align_celeba\092298.jpg,9300,True,4,False,0.1025705561041832,281.516000002739
D:\Bartek\coding\biometria\facial_auth\celeba_subset\img_align_celeba\092298.jpg,9300,True,4,True,0.07157570123672485,285.9048000027542
D:\Bartek\coding\biometria\facial_auth\celeba_subset\img_align_celeba\166147.jpg,1154,True,8,False,0.08695520460605621,291.40470000129426
D:\Bartek\coding\biometria\facial_auth\celeba_subset\img_align_celeba\166147.jpg,1154,True,8,True,0.10270078480243683,285.2567000009003
D:\Bartek\coding\biometria\facial_auth\celeba_subset\img_align_celeba\046412.jpg,5210,True,2,False,0.3672853708267212,292.9212999952142
D:\Bartek\coding\biometria\facial_auth\celeba_subset\img_align_celeba\046412.jpg,5210,True,2,True,0.37501999735832214,293.96190000261413
D:\Bartek\coding\biometria\facial_auth\celeba_subset\img_align_celeba\020799.jpg,9910,True,4,False,0.9654670357704163,280.041899997741
D:\Bartek\coding\biometria\facial_auth\celeba_subset\img_align_celeba\020799.jpg,9910,True,4,True,0.972656786441803,304.1785000023083
D:\Bartek\coding\biometria\facial_auth\celeba_subset\img_align_celeba\158705.jpg,655,True,8,False,0.08837129175662994,285.93190000538016
D:\Bartek\coding\biometria\facial_auth\celeba_subset\img_align_celeba\158705.jpg,655,True,8,True,0.09568725526332855,291.9054999947548
D:\Bartek\coding\biometria\facial_auth\celeba_subset\img_align_celeba\180898.jpg,2177,True,2,False,0.4336521327495575,286.92489999957616
D:\Bartek\coding\biometria\facial_auth\celeba_subset\img_align_celeba\180898.jpg,2177,True,2,True,0.35970795154571533,296.64790000242647
D:\Bartek\coding\biometria\facial_auth\celeba_subset\img_align_celeba\039497.jpg,9910,True,4,False,0.6054313778877258,285.56899999966845
D:\Bartek\coding\biometria\facial_auth\celeba_subset\img_align_celeba\039497.jpg,9910,True,4,True,0.5993991494178772,289.13900000043213
D:\Bartek\coding\biometria\facial_auth\celeba_subset\img_align_celeba\032034.jpg,8748,True,8,False,0.10643510520458221,291.85359999974025
D:\Bartek\coding\biometria\facial_auth\celeba_subset\img_align_celeba\032034.jpg,8748,True,8,True,0.11355118453502655,291.1937999961083
D:\Bartek\coding\biometria\facial_auth\celeba_subset\img_align_celeba\102854.jpg,4659,True,2,False,0.39049041271209717,292.9121000051964
D:\Bartek\coding\biometria\facial_auth\celeba_subset\img_align_celeba\102854.jpg,4659,True,2,True,0.4251589775085449,294.23769999993965
D:\Bartek\coding\biometria\facial_auth\celeba_subset\img_align_celeba\107368.jpg,5127,True,4,False,0.4751562774181366,283.29930000472814
D:\Bartek\coding\biometria\facial_auth\celeba_subset\img_align_celeba\107368.jpg,5127,True,4,True,0.2623772919178009,290.3068000014173
D:\Bartek\coding\biometria\facial_auth\celeba_subset\img_align_celeba\074120.jpg,5747,True,8,False,0.1396220177412033,290.11069999978645
D:\Bartek\coding\biometria\facial_auth\celeba_subset\img_align_celeba\074120.jpg,5747,True,8,True,0.10637560486793518,285.0895000010496
D:\Bartek\coding\biometria\facial_auth\celeba_subset\img_align_celeba\081934.jpg,5922,True,2,False,0.5183876752853394,284.47540000342997
D:\Bartek\coding\biometria\facial_auth\celeba_subset\img_align_celeba\081934.jpg,5922,True,2,True,0.48842182755470276,284.4467999966582
D:\Bartek\coding\biometria\facial_auth\celeba_subset\img_align_celeba\152735.jpg,9910,True,4,False,0.9627996683120728,284.820499997295
D:\Bartek\coding\biometria\facial_auth\celeba_subset\img_align_celeba\152735.jpg,9910,True,4,True,0.9542146325111389,282.73530000296887
D:\Bartek\coding\biometria\facial_auth\celeba_subset\img_align_celeba\164392.jpg,3236,True,8,False,0.01960587501525879,283.04120000393596
D:\Bartek\coding\biometria\facial_auth\celeba_subset\img_align_celeba\164392.jpg,3236,True,8,True,0.027280930429697037,286.28369999933057
D:\Bartek\coding\biometria\facial_auth\celeba_subset\img_align_celeba\019686.jpg,7222,True,2,False,0.5286851525306702,291.7453999980353
D:\Bartek\coding\biometria\facial_auth\celeba_subset\img_align_celeba\019686.jpg,7222,True,2,True,0.421601265668869,296.2942000012845
D:\Bartek\coding\biometria\facial_auth\celeba_subset\img_align_celeba\016081.jpg,1149,True,4,False,0.43658003211021423,284.4358000002103
D:\Bartek\coding\biometria\facial_auth\celeba_subset\img_align_celeba\016081.jpg,1149,True,4,True,0.3195110857486725,289.9147999996785
D:\Bartek\coding\biometria\facial_auth\celeba_subset\img_align_celeba\026766.jpg,2814,True,8,False,0.04119650647044182,285.12010000122245
D:\Bartek\coding\biometria\facial_auth\celeba_subset\img_align_celeba\026766.jpg,2814,True,8,True,0.03367309644818306,290.1151000041864
D:\Bartek\coding\biometria\facial_auth\celeba_subset\img_align_celeba\077382.jpg,7103,True,2,False,0.36243829131126404,296.49249999783933
D:\Bartek\coding\biometria\facial_auth\celeba_subset\img_align_celeba\077382.jpg,7103,True,2,True,0.4615253210067749,291.14380000100937
D:\Bartek\coding\biometria\facial_auth\celeba_subset\img_align_celeba\076042.jpg,9000,True,4,False,0.5619547367095947,287.8553999980795
D:\Bartek\coding\biometria\facial_auth\celeba_subset\img_align_celeba\076042.jpg,9000,True,4,True,0.5139106512069702,286.90369999821996
D:\Bartek\coding\biometria\facial_auth\celeba_subset\img_align_celeba\003609.jpg,2835,True,8,False,0.04502039775252342,286.87039999931585
D:\Bartek\coding\biometria\facial_auth\celeba_subset\img_align_celeba\003609.jpg,2835,True,8,True,0.0050085000693798065,296.6205999982776
D:\Bartek\coding\biometria\facial_auth\celeba_subset\img_align_celeba\076942.jpg,6983,True,2,False,0.6291611194610596,302.43379999592435
D:\Bartek\coding\biometria\facial_auth\celeba_subset\img_align_celeba\076942.jpg,6983,True,2,True,0.5780640840530396,287.54530000151135
D:\Bartek\coding\biometria\facial_auth\celeba_subset\img_align_celeba\042145.jpg,4936,True,4,False,0.46335655450820923,293.9641999982996
D:\Bartek\coding\biometria\facial_auth\celeba_subset\img_align_celeba\042145.jpg,4936,True,4,True,0.3739285469055176,295.71620000206167
D:\Bartek\coding\biometria\facial_auth\celeba_subset\img_align_celeba\062797.jpg,5534,True,8,False,0.0740266740322113,278.6822999987635
D:\Bartek\coding\biometria\facial_auth\celeba_subset\img_align_celeba\062797.jpg,5534,True,8,True,0.059865325689315796,281.5651000055368
D:\Bartek\coding\biometria\facial_auth\celeba_subset\img_align_celeba\000085.jpg,5127,True,2,False,0.5929170846939087,286.24300000228686
D:\Bartek\coding\biometria\facial_auth\celeba_subset\img_align_celeba\000085.jpg,5127,True,2,True,0.4850119650363922,303.2900000034715
D:\Bartek\coding\biometria\facial_auth\celeba_subset\img_align_celeba\100906.jpg,5648,True,4,False,0.4087122678756714,285.91720000258647
D:\Bartek\coding\biometria\facial_auth\celeba_subset\img_align_celeba\100906.jpg,5648,True,4,True,0.3970334529876709,287.8906999976607
D:\Bartek\coding\biometria\facial_auth\celeba_subset\img_align_celeba\160727.jpg,6136,True,8,False,0.12142406404018402,285.7787999964785
D:\Bartek\coding\biometria\facial_auth\celeba_subset\img_align_celeba\160727.jpg,6136,True,8,True,0.11802703142166138,294.17280000052415
D:\Bartek\coding\biometria\facial_auth\celeba_subset\img_align_celeba\150435.jpg,8971,True,2,False,0.6133918762207031,291.91980000177864
D:\Bartek\coding\biometria\facial_auth\celeba_subset\img_align_celeba\150435.jpg,8971,True,2,True,0.5845727920532227,281.264099998225
D:\Bartek\coding\biometria\facial_auth\celeba_subset\img_align_celeba\130531.jpg,2926,True,4,False,0.3798191249370575,282.7952999941772
D:\Bartek\coding\biometria\facial_auth\celeba_subset\img_align_celeba\130531.jpg,2926,True,4,True,0.31329572200775146,286.15560000616824
D:\Bartek\coding\biometria\facial_auth\celeba_subset\img_align_celeba\197630.jpg,7088,True,8,False,0.07090752571821213,282.803199996124
D:\Bartek\coding\biometria\facial_auth\celeba_subset\img_align_celeba\197630.jpg,7088,True,8,True,0.05973741412162781,291.93530000338797
D:\Bartek\coding\biometria\facial_auth\celeba_subset\img_align_celeba\042709.jpg,5648,True,2,False,0.7415280938148499,278.83760000258917
D:\Bartek\coding\biometria\facial_auth\celeba_subset\img_align_celeba\042709.jpg,5648,True,2,True,0.7095233201980591,285.3447999950731
D:\Bartek\coding\biometria\facial_auth\celeba_subset\img_align_celeba\188916.jpg,7088,True,4,False,0.2037542462348938,291.0531000015908
D:\Bartek\coding\biometria\facial_auth\celeba_subset\img_align_celeba\188916.jpg,7088,True,4,True,0.2807694375514984,292.4163999996381
D:\Bartek\coding\biometria\facial_auth\celeba_subset\img_align_celeba\071046.jpg,898,True,8,False,0.3069881200790405,279.48830000241287
D:\Bartek\coding\biometria\facial_auth\celeba_subset\img_align_celeba\071046.jpg,898,True,8,True,0.3103843331336975,283.10899999632966
D:\Bartek\coding\biometria\facial_auth\celeba_subset\img_align_celeba\093556.jpg,9144,True,2,False,0.764691174030304,287.5121000033687
D:\Bartek\coding\biometria\facial_auth\celeba_subset\img_align_celeba\093556.jpg,9144,True,2,True,0.7367613911628723,292.68449999653967
D:\Bartek\coding\biometria\facial_auth\celeba_subset\img_align_celeba\193282.jpg,6195,True,4,False,0.299515038728714,292.56960000202525
D:\Bartek\coding\biometria\facial_auth\celeba_subset\img_align_celeba\193282.jpg,6195,True,4,True,0.295451283454895,288.96939999685856
D:\Bartek\coding\biometria\facial_auth\celeba_subset\img_align_celeba\000372.jpg,4150,True,8,False,0.08269660919904709,288.6188999982551
D:\Bartek\coding\biometria\facial_auth\celeba_subset\img_align_celeba\000372.jpg,4150,True,8,True,0.08625449240207672,293.10439999972004
D:\Bartek\coding\biometria\facial_auth\celeba_subset\img_align_celeba\113076.jpg,6086,True,2,False,0.10925806313753128,287.7144000012777
D:\Bartek\coding\biometria\facial_auth\celeba_subset\img_align_celeba\113076.jpg,6086,True,2,True,0.13506922125816345,299.4271999996272
D:\Bartek\coding\biometria\facial_auth\celeba_subset\img_align_celeba\072146.jpg,878,True,4,False,0.6132739186286926,278.24099999998
D:\Bartek\coding\biometria\facial_auth\celeba_subset\img_align_celeba\072146.jpg,878,True,4,True,0.45803454518318176,293.6173999987659
D:\Bartek\coding\biometria\facial_auth\celeba_subset\img_align_celeba\071856.jpg,7338,True,8,False,0.16614456474781036,284.51859999768203
D:\Bartek\coding\biometria\facial_auth\celeba_subset\img_align_celeba\071856.jpg,7338,True,8,True,0.22070030868053436,309.0444000044954
D:\Bartek\coding\biometria\facial_auth\celeba_subset\img_align_celeba\184440.jpg,8936,True,2,False,0.4421340823173523,282.6624000008451
D:\Bartek\coding\biometria\facial_auth\celeba_subset\img_align_celeba\184440.jpg,8936,True,2,True,0.4511564075946808,281.6638000003877
D:\Bartek\coding\biometria\facial_auth\celeba_subset\img_align_celeba\156886.jpg,8748,True,4,False,0.45686689019203186,282.738200003223
D:\Bartek\coding\biometria\facial_auth\celeba_subset\img_align_celeba\156886.jpg,8748,True,4,True,0.4786037504673004,290.4482000012649
D:\Bartek\coding\biometria\facial_auth\celeba_subset\img_align_celeba\110433.jpg,655,True,8,False,0.10036998242139816,285.2889999994659
D:\Bartek\coding\biometria\facial_auth\celeba_subset\img_align_celeba\110433.jpg,655,True,8,True,0.08766724914312363,289.1056000007666
D:\Bartek\coding\biometria\facial_auth\celeba_subset\img_align_celeba\096809.jpg,878,True,2,False,0.7116559743881226,288.1201999989571
D:\Bartek\coding\biometria\facial_auth\celeba_subset\img_align_celeba\096809.jpg,878,True,2,True,0.6617052555084229,289.51759999472415
D:\Bartek\coding\biometria\facial_auth\celeba_subset\img_align_celeba\185332.jpg,6528,True,4,False,0.5948246717453003,282.76320000441046
D:\Bartek\coding\biometria\facial_auth\celeba_subset\img_align_celeba\185332.jpg,6528,True,4,True,0.4876773953437805,288.1275999970967
D:\Bartek\coding\biometria\facial_auth\celeba_subset\img_align_celeba\036792.jpg,7103,True,8,False,0.0800117775797844,302.3877999949036
D:\Bartek\coding\biometria\facial_auth\celeba_subset\img_align_celeba\036792.jpg,7103,True,8,True,0.07709784060716629,294.4037000052049
D:\Bartek\coding\biometria\facial_auth\celeba_subset\img_align_celeba\063224.jpg,9093,True,2,False,0.3226572871208191,290.2237000016612
D:\Bartek\coding\biometria\facial_auth\celeba_subset\img_align_celeba\063224.jpg,9093,True,2,True,0.30162954330444336,291.30650000297464
D:\Bartek\coding\biometria\facial_auth\celeba_subset\img_align_celeba\185126.jpg,9489,True,4,False,0.6751807332038879,282.95860000071116
D:\Bartek\coding\biometria\facial_auth\celeba_subset\img_align_celeba\185126.jpg,9489,True,4,True,0.6884087324142456,282.04810000170255
D:\Bartek\coding\biometria\facial_auth\celeba_subset\img_align_celeba\031949.jpg,8,True,8,False,0.028492512181401253,281.55909999622963
D:\Bartek\coding\biometria\facial_auth\celeba_subset\img_align_celeba\031949.jpg,8,True,8,True,0.013429295271635056,280.09990000282414
D:\Bartek\coding\biometria\facial_auth\celeba_subset\img_align_celeba\163008.jpg,2177,True,2,False,0.6584754586219788,284.59689999726834
D:\Bartek\coding\biometria\facial_auth\celeba_subset\img_align_celeba\163008.jpg,2177,True,2,True,0.6128119826316833,294.6163000015076
D:\Bartek\coding\biometria\facial_auth\celeba_subset\img_align_celeba\157696.jpg,5534,True,4,False,0.45949795842170715,291.91209999407874
D:\Bartek\coding\biometria\facial_auth\celeba_subset\img_align_celeba\157696.jpg,5534,True,4,True,0.46615463495254517,291.59249999793246
D:\Bartek\coding\biometria\facial_auth\celeba_subset\img_align_celeba\011578.jpg,8,True,8,False,0.04191254451870918,282.6906999980565
D:\Bartek\coding\biometria\facial_auth\celeba_subset\img_align_celeba\011578.jpg,8,True,8,True,0.04060961306095123,285.70610000315355
D:\Bartek\coding\biometria\facial_auth\celeba_subset\img_align_celeba\054514.jpg,9688,True,2,False,0.3531304895877838,290.42859999754
D:\Bartek\coding\biometria\facial_auth\celeba_subset\img_align_celeba\054514.jpg,9688,True,2,True,0.34146469831466675,290.4749000008451
D:\Bartek\coding\biometria\facial_auth\celeba_subset\img_align_celeba\100798.jpg,8971,True,4,False,0.2764475643634796,277.1800000045914
D:\Bartek\coding\biometria\facial_auth\celeba_subset\img_align_celeba\100798.jpg,8971,True,4,True,0.30022773146629333,296.1180999991484
D:\Bartek\coding\biometria\facial_auth\celeba_subset\img_align_celeba\020235.jpg,5534,True,8,False,0.08379703015089035,286.4674999946146
D:\Bartek\coding\biometria\facial_auth\celeba_subset\img_align_celeba\020235.jpg,5534,True,8,True,0.06116630509495735,293.8810999985435
D:\Bartek\coding\biometria\facial_auth\celeba_subset\img_align_celeba\087804.jpg,1128,True,2,False,0.6711639761924744,294.97580000315793
D:\Bartek\coding\biometria\facial_auth\celeba_subset\img_align_celeba\087804.jpg,1128,True,2,True,0.6503268480300903,308.8597000023583
D:\Bartek\coding\biometria\facial_auth\celeba_subset\img_align_celeba\191698.jpg,9489,True,4,False,0.6281841397285461,275.37909999955446
D:\Bartek\coding\biometria\facial_auth\celeba_subset\img_align_celeba\191698.jpg,9489,True,4,True,0.66133713722229,289.1944000002695
D:\Bartek\coding\biometria\facial_auth\celeba_subset\img_align_celeba\011852.jpg,4150,True,8,False,0.01063359435647726,285.38120000303024
D:\Bartek\coding\biometria\facial_auth\celeba_subset\img_align_celeba\011852.jpg,4150,True,8,True,0.07813863456249237,283.1112999992911
D:\Bartek\coding\biometria\facial_auth\celeba_subset\img_align_celeba\079712.jpg,7524,True,2,False,0.3237592875957489,282.7571999951033
D:\Bartek\coding\biometria\facial_auth\celeba_subset\img_align_celeba\079712.jpg,7524,True,2,True,0.36026492714881897,299.6989000021131
D:\Bartek\coding\biometria\facial_auth\celeba_subset\img_align_celeba\054188.jpg,1149,True,4,False,0.23359759151935577,284.2183999964618
D:\Bartek\coding\biometria\facial_auth\celeba_subset\img_align_celeba\054188.jpg,1149,True,4,True,0.2358032464981079,288.1606999944779
D:\Bartek\coding\biometria\facial_auth\celeba_subset\img_align_celeba\126265.jpg,6233,True,8,False,0.2164286971092224,294.06079999898793
D:\Bartek\coding\biometria\facial_auth\celeba_subset\img_align_celeba\126265.jpg,6233,True,8,True,0.21741774678230286,291.82310000032885
D:\Bartek\coding\biometria\facial_auth\celeba_subset\img_align_celeba\079890.jpg,5534,True,2,False,0.8066198825836182,281.7843000011635
D:\Bartek\coding\biometria\facial_auth\celeba_subset\img_align_celeba\079890.jpg,5534,True,2,True,0.7375021576881409,286.51340000214987
D:\Bartek\coding\biometria\facial_auth\celeba_subset\img_align_celeba\161219.jpg,3336,True,4,False,0.2198067605495453,300.4215999972075
D:\Bartek\coding\biometria\facial_auth\celeba_subset\img_align_celeba\161219.jpg,3336,True,4,True,0.2909049093723297,284.6220999999787
D:\Bartek\coding\biometria\facial_auth\celeba_subset\img_align_celeba\175655.jpg,3200,True,8,False,0.5414746403694153,286.33370000170544
D:\Bartek\coding\biometria\facial_auth\celeba_subset\img_align_celeba\175655.jpg,3200,True,8,True,0.5480663776397705,286.91149999940535
D:\Bartek\coding\biometria\facial_auth\celeba_subset\img_align_celeba\110048.jpg,9688,True,2,False,0.3942941427230835,290.49550000490854
D:\Bartek\coding\biometria\facial_auth\celeba_subset\img_align_celeba\110048.jpg,9688,True,2,True,0.4092223048210144,291.41279999748804
D:\Bartek\coding\biometria\facial_auth\celeba_subset\img_align_celeba\025859.jpg,1149,True,4,False,0.41769686341285706,288.0917000002228
D:\Bartek\coding\biometria\facial_auth\celeba_subset\img_align_celeba\025859.jpg,1149,True,4,True,0.3318080008029938,288.2672999985516
D:\Bartek\coding\biometria\facial_auth\celeba_subset\img_align_celeba\022616.jpg,6983,True,8,False,0.15278683602809906,285.67479999765055
D:\Bartek\coding\biometria\facial_auth\celeba_subset\img_align_celeba\022616.jpg,6983,True,8,True,0.1341036558151245,288.1545000054757
D:\Bartek\coding\biometria\facial_auth\celeba_subset\img_align_celeba\116522.jpg,7524,True,2,False,0.5319675803184509,296.8579000007594
D:\Bartek\coding\biometria\facial_auth\celeba_subset\img_align_celeba\116522.jpg,7524,True,2,True,0.4506779611110687,306.3382999971509
D:\Bartek\coding\biometria\facial_auth\celeba_subset\img_align_celeba\142954.jpg,3336,True,4,False,0.3577980399131775,298.2151999967755
D:\Bartek\coding\biometria\facial_auth\celeba_subset\img_align_celeba\142954.jpg,3336,True,4,True,0.33604684472084045,304.0781000017887
D:\Bartek\coding\biometria\facial_auth\celeba_subset\img_align_celeba\183023.jpg,8415,True,8,False,0.08631610125303268,284.9304999981541
D:\Bartek\coding\biometria\facial_auth\celeba_subset\img_align_celeba\183023.jpg,8415,True,8,True,0.15259991586208344,290.07860000274377
D:\Bartek\coding\biometria\facial_auth\celeba_subset\img_align_celeba\134101.jpg,5190,True,2,False,0.28251925110816956,285.35350000311155
D:\Bartek\coding\biometria\facial_auth\celeba_subset\img_align_celeba\134101.jpg,5190,True,2,True,0.1696351170539856,288.194000000658
D:\Bartek\coding\biometria\facial_auth\celeba_subset\img_align_celeba\075064.jpg,6368,True,4,False,0.3889024555683136,294.48709999996936
D:\Bartek\coding\biometria\facial_auth\celeba_subset\img_align_celeba\075064.jpg,6368,True,4,True,0.47464075684547424,289.54659999726573
D:\Bartek\coding\biometria\facial_auth\celeba_subset\img_align_celeba\082042.jpg,6086,True,8,False,0.0842972919344902,286.5419999943697
D:\Bartek\coding\biometria\facial_auth\celeba_subset\img_align_celeba\082042.jpg,6086,True,8,True,0.07659615576267242,298.57459999766434
D:\Bartek\coding\biometria\facial_auth\celeba_subset\img_align_celeba\169730.jpg,205,True,2,False,0.27123716473579407,279.0515999950003
D:\Bartek\coding\biometria\facial_auth\celeba_subset\img_align_celeba\169730.jpg,205,True,2,True,0.21121354401111603,282.0257999992464
D:\Bartek\coding\biometria\facial_auth\celeba_subset\img_align_celeba\013073.jpg,5246,True,4,False,0.12135719507932663,310.04050000046846
D:\Bartek\coding\biometria\facial_auth\celeba_subset\img_align_celeba\013073.jpg,5246,True,4,True,0.12813027203083038,303.7437000020873
D:\Bartek\coding\biometria\facial_auth\celeba_subset\img_align_celeba\015741.jpg,6170,True,8,False,0.01999894343316555,289.2044999971404
D:\Bartek\coding\biometria\facial_auth\celeba_subset\img_align_celeba\015741.jpg,6170,True,8,True,0.007484850008040667,302.11460000282386
D:\Bartek\coding\biometria\facial_auth\celeba_subset\img_align_celeba\063464.jpg,6368,True,2,False,0.4471455216407776,290.2592999962508
D:\Bartek\coding\biometria\facial_auth\celeba_subset\img_align_celeba\063464.jpg,6368,True,2,True,0.40624377131462097,290.0768999970751
D:\Bartek\coding\biometria\facial_auth\celeba_subset\img_align_celeba\095323.jpg,7338,True,4,False,0.17031706869602203,283.44140000262996
D:\Bartek\coding\biometria\facial_auth\celeba_subset\img_align_celeba\095323.jpg,7338,True,4,True,0.20288142561912537,289.94990000501275
D:\Bartek\coding\biometria\facial_auth\celeba_subset\img_align_celeba\085986.jpg,1147,True,8,False,0.08387391269207001,295.4442999980529
D:\Bartek\coding\biometria\facial_auth\celeba_subset\img_align_celeba\085986.jpg,1147,True,8,True,0.13973434269428253,291.44410000299104
D:\Bartek\coding\biometria\facial_auth\celeba_subset\img_align_celeba\141133.jpg,878,True,2,False,0.7976853251457214,289.5340000031865
D:\Bartek\coding\biometria\facial_auth\celeba_subset\img_align_celeba\141133.jpg,878,True,2,True,0.7292737364768982,297.26609999488574
D:\Bartek\coding\biometria\facial_auth\celeba_subset\img_align_celeba\026443.jpg,9910,True,4,False,0.23902788758277893,286.09159999905387
D:\Bartek\coding\biometria\facial_auth\celeba_subset\img_align_celeba\026443.jpg,9910,True,4,True,0.19206644594669342,279.9875999990036
D:\Bartek\coding\biometria\facial_auth\celeba_subset\img_align_celeba\045573.jpg,2926,True,8,False,0.04830051213502884,284.43249999691034
D:\Bartek\coding\biometria\facial_auth\celeba_subset\img_align_celeba\045573.jpg,2926,True,8,True,0.05092576518654823,284.9452999944333
D:\Bartek\coding\biometria\facial_auth\celeba_subset\img_align_celeba\015586.jpg,6983,True,2,False,0.6631755828857422,283.3780999935698
D:\Bartek\coding\biometria\facial_auth\celeba_subset\img_align_celeba\015586.jpg,6983,True,2,True,0.6005706787109375,284.4284999955562
D:\Bartek\coding\biometria\facial_auth\celeba_subset\img_align_celeba\083840.jpg,1435,True,4,False,0.43437659740448,286.2939000042388
D:\Bartek\coding\biometria\facial_auth\celeba_subset\img_align_celeba\083840.jpg,1435,True,4,True,0.5264337658882141,291.4193000033265
D:\Bartek\coding\biometria\facial_auth\celeba_subset\img_align_celeba\042075.jpg,9478,True,8,False,0.04367617890238762,287.26040000037756
D:\Bartek\coding\biometria\facial_auth\celeba_subset\img_align_celeba\042075.jpg,9478,True,8,True,0.059725239872932434,288.8786000039545
D:\Bartek\coding\biometria\facial_auth\celeba_subset\img_align_celeba\150378.jpg,5246,True,2,False,0.21643471717834473,286.20029999729013
D:\Bartek\coding\biometria\facial_auth\celeba_subset\img_align_celeba\150378.jpg,5246,True,2,True,0.21184760332107544,288.66930000367574
D:\Bartek\coding\biometria\facial_auth\celeba_subset\img_align_celeba\066186.jpg,878,True,4,False,0.03216942399740219,290.5174999978044
D:\Bartek\coding\biometria\facial_auth\celeba_subset\img_align_celeba\066186.jpg,878,True,4,True,0.08935979753732681,297.5605000028736
D:\Bartek\coding\biometria\facial_auth\celeba_subset\img_align_celeba\170747.jpg,3200,True,8,False,0.5513797402381897,282.96819999377476
D:\Bartek\coding\biometria\facial_auth\celeba_subset\img_align_celeba\170747.jpg,3200,True,8,True,0.5415522456169128,290.6431000010343
D:\Bartek\coding\biometria\facial_auth\celeba_subset\img_align_celeba\068717.jpg,9144,True,2,False,0.5116155743598938,286.2024999994901
D:\Bartek\coding\biometria\facial_auth\celeba_subset\img_align_celeba\068717.jpg,9144,True,2,True,0.5021589398384094,288.402700003644
D:\Bartek\coding\biometria\facial_auth\celeba_subset\img_align_celeba\121211.jpg,9910,True,4,False,0.9356984496116638,286.2059000035515
D:\Bartek\coding\biometria\facial_auth\celeba_subset\img_align_celeba\121211.jpg,9910,True,4,True,0.7988296151161194,296.6258000014932
D:\Bartek\coding\biometria\facial_auth\celeba_subset\img_align_celeba\121054.jpg,1147,True,8,False,0.05682610720396042,287.51899999770103
D:\Bartek\coding\biometria\facial_auth\celeba_subset\img_align_celeba\121054.jpg,1147,True,8,True,0.07235237956047058,286.8377999984659
D:\Bartek\coding\biometria\facial_auth\celeba_subset\img_align_celeba\149321.jpg,644,True,2,False,0.7132803797721863,283.8862999997218
D:\Bartek\coding\biometria\facial_auth\celeba_subset\img_align_celeba\149321.jpg,644,True,2,True,0.6368131637573242,292.77400000137277
D:\Bartek\coding\biometria\facial_auth\celeba_subset\img_align_celeba\027323.jpg,6983,True,4,False,0.3723573684692383,283.08499999548076
D:\Bartek\coding\biometria\facial_auth\celeba_subset\img_align_celeba\027323.jpg,6983,True,4,True,0.4238460063934326,293.3520000005956
D:\Bartek\coding\biometria\facial_auth\celeba_subset\img_align_celeba\074680.jpg,5747,True,8,False,0.13385477662086487,290.221900002507
D:\Bartek\coding\biometria\facial_auth\celeba_subset\img_align_celeba\074680.jpg,5747,True,8,True,0.11232320219278336,282.24900000350317
D:\Bartek\coding\biometria\facial_auth\celeba_subset\img_align_celeba\103990.jpg,898,True,2,False,0.4398480951786041,284.2111999998451
D:\Bartek\coding\biometria\facial_auth\celeba_subset\img_align_celeba\103990.jpg,898,True,2,True,0.413184255361557,289.9392999970587
D:\Bartek\coding\biometria\facial_auth\celeba_subset\img_align_celeba\130240.jpg,3655,True,4,False,0.48481661081314087,289.98780000256374
D:\Bartek\coding\biometria\facial_auth\celeba_subset\img_align_celeba\130240.jpg,3655,True,4,True,0.2569471597671509,285.62780000356724
D:\Bartek\coding\biometria\facial_auth\celeba_subset\img_align_celeba\053934.jpg,8091,True,8,False,0.07601964473724365,285.36780000285944
D:\Bartek\coding\biometria\facial_auth\celeba_subset\img_align_celeba\053934.jpg,8091,True,8,True,0.06924811750650406,288.1749000007403
D:\Bartek\coding\biometria\facial_auth\celeba_subset\img_align_celeba\085395.jpg,6170,True,2,False,0.8897420167922974,288.3997000026284
D:\Bartek\coding\biometria\facial_auth\celeba_subset\img_align_celeba\085395.jpg,6170,True,2,True,0.7775605320930481,289.63910000311444
D:\Bartek\coding\biometria\facial_auth\celeba_subset\img_align_celeba\024519.jpg,310,True,4,False,0.3773791193962097,282.79200000542914
D:\Bartek\coding\biometria\facial_auth\celeba_subset\img_align_celeba\024519.jpg,310,True,4,True,0.3488489091396332,293.2739000025322
D:\Bartek\coding\biometria\facial_auth\celeba_subset\img_align_celeba\086426.jpg,2835,True,8,False,0.09250306338071823,283.65479999774834
D:\Bartek\coding\biometria\facial_auth\celeba_subset\img_align_celeba\086426.jpg,2835,True,8,True,0.12247220426797867,276.3111000022036
D:\Bartek\coding\biometria\facial_auth\celeba_subset\img_align_celeba\060630.jpg,6719,True,2,False,0.45614904165267944,283.6853999979212
D:\Bartek\coding\biometria\facial_auth\celeba_subset\img_align_celeba\060630.jpg,6719,True,2,True,0.340985506772995,287.55899999669055
D:\Bartek\coding\biometria\facial_auth\celeba_subset\img_align_celeba\169673.jpg,1120,True,4,False,0.38154810667037964,288.1217000031029
D:\Bartek\coding\biometria\facial_auth\celeba_subset\img_align_celeba\169673.jpg,1120,True,4,True,0.3005739748477936,289.68909999821335
D:\Bartek\coding\biometria\facial_auth\celeba_subset\img_align_celeba\098428.jpg,6136,True,8,False,0.07952117919921875,294.7913999960292
D:\Bartek\coding\biometria\facial_auth\celeba_subset\img_align_celeba\098428.jpg,6136,True,8,True,0.06054753437638283,296.8287999974564
D:\Bartek\coding\biometria\facial_auth\celeba_subset\img_align_celeba\193811.jpg,5575,True,2,False,0.4677836000919342,283.46840000449447
D:\Bartek\coding\biometria\facial_auth\celeba_subset\img_align_celeba\193811.jpg,5575,True,2,True,0.5452824831008911,288.1213000000571
D:\Bartek\coding\biometria\facial_auth\celeba_subset\img_align_celeba\013470.jpg,8971,True,4,False,0.4260554015636444,292.8271999990102
D:\Bartek\coding\biometria\facial_auth\celeba_subset\img_align_celeba\013470.jpg,8971,True,4,True,0.4745524227619171,284.95899999688845
D:\Bartek\coding\biometria\facial_auth\celeba_subset\img_align_celeba\177293.jpg,913,True,8,False,0.014608575962483883,275.9929000021657
D:\Bartek\coding\biometria\facial_auth\celeba_subset\img_align_celeba\177293.jpg,913,True,8,True,0.001980116358026862,287.3648000022513
D:\Bartek\coding\biometria\facial_auth\celeba_subset\img_align_celeba\137075.jpg,2926,True,2,False,0.31437450647354126,285.88509999826783
D:\Bartek\coding\biometria\facial_auth\celeba_subset\img_align_celeba\137075.jpg,2926,True,2,True,0.27146410942077637,300.49290000170004
D:\Bartek\coding\biometria\facial_auth\celeba_subset\img_align_celeba\106485.jpg,9534,True,4,False,0.49824419617652893,289.32150000036927
D:\Bartek\coding\biometria\facial_auth\celeba_subset\img_align_celeba\106485.jpg,9534,True,4,True,0.4756704270839691,295.0961000024108
D:\Bartek\coding\biometria\facial_auth\celeba_subset\img_align_celeba\082838.jpg,5534,True,8,False,0.0811956524848938,284.60199999972247
D:\Bartek\coding\biometria\facial_auth\celeba_subset\img_align_celeba\082838.jpg,5534,True,8,True,0.09647560864686966,314.59089999407297
D:\Bartek\coding\biometria\facial_auth\celeba_subset\img_align_celeba\135948.jpg,5210,True,2,False,0.6444317698478699,285.00950000307057
D:\Bartek\coding\biometria\facial_auth\celeba_subset\img_align_celeba\135948.jpg,5210,True,2,True,0.6173399090766907,281.7035999978543
D:\Bartek\coding\biometria\facial_auth\celeba_subset\img_align_celeba\040741.jpg,7253,True,4,False,0.6929945945739746,286.58039999572793
D:\Bartek\coding\biometria\facial_auth\celeba_subset\img_align_celeba\040741.jpg,7253,True,4,True,0.6612972021102905,285.75280000222847
D:\Bartek\coding\biometria\facial_auth\celeba_subset\img_align_celeba\191377.jpg,6528,True,8,False,0.5261859893798828,280.5526999945869
D:\Bartek\coding\biometria\facial_auth\celeba_subset\img_align_celeba\191377.jpg,6528,True,8,True,0.5466199517250061,279.76720000151545
D:\Bartek\coding\biometria\facial_auth\celeba_subset\img_align_celeba\033851.jpg,655,True,2,False,0.4456455707550049,291.3135999988299
D:\Bartek\coding\biometria\facial_auth\celeba_subset\img_align_celeba\033851.jpg,655,True,2,True,0.3447260558605194,300.5905000027269
D:\Bartek\coding\biometria\facial_auth\celeba_subset\img_align_celeba\036598.jpg,8834,True,4,False,0.2119337022304535,286.3485000052606
D:\Bartek\coding\biometria\facial_auth\celeba_subset\img_align_celeba\036598.jpg,8834,True,4,True,0.43269068002700806,292.53569999855245
D:\Bartek\coding\biometria\facial_auth\celeba_subset\img_align_celeba\078881.jpg,5747,True,8,False,0.10158003866672516,286.3234999967972
D:\Bartek\coding\biometria\facial_auth\celeba_subset\img_align_celeba\078881.jpg,5747,True,8,True,0.09787750989198685,271.7107999997097
D:\Bartek\coding\biometria\facial_auth\celeba_subset\img_align_celeba\159097.jpg,1149,True,2,False,0.5123553276062012,292.54950000176905
D:\Bartek\coding\biometria\facial_auth\celeba_subset\img_align_celeba\159097.jpg,1149,True,2,True,0.4304068386554718,285.3772000016761
D:\Bartek\coding\biometria\facial_auth\celeba_subset\img_align_celeba\128999.jpg,5656,True,4,False,0.21599386632442474,282.18029999698047
D:\Bartek\coding\biometria\facial_auth\celeba_subset\img_align_celeba\128999.jpg,5656,True,4,True,0.2936747670173645,287.61780000058934
D:\Bartek\coding\biometria\facial_auth\celeba_subset\img_align_celeba\002196.jpg,5747,True,8,False,0.12563470005989075,283.7816999963252
D:\Bartek\coding\biometria\facial_auth\celeba_subset\img_align_celeba\002196.jpg,5747,True,8,True,0.11053082346916199,289.3882000062149
D:\Bartek\coding\biometria\facial_auth\celeba_subset\img_align_celeba\058047.jpg,2926,True,2,False,0.4153432846069336,279.98659999866504
D:\Bartek\coding\biometria\facial_auth\celeba_subset\img_align_celeba\058047.jpg,2926,True,2,True,0.2912299633026123,289.47290000360226
D:\Bartek\coding\biometria\facial_auth\celeba_subset\img_align_celeba\097991.jpg,7338,True,4,False,0.4190957248210907,284.5671000031871
D:\Bartek\coding\biometria\facial_auth\celeba_subset\img_align_celeba\097991.jpg,7338,True,4,True,0.48157286643981934,292.5801999954274
D:\Bartek\coding\biometria\facial_auth\celeba_subset\img_align_celeba\112995.jpg,5190,True,8,False,0.012318849563598633,291.3864000001922
D:\Bartek\coding\biometria\facial_auth\celeba_subset\img_align_celeba\112995.jpg,5190,True,8,True,0.01139212865382433,293.3253000010154
D:\Bartek\coding\biometria\facial_auth\celeba_subset\img_align_celeba\010221.jpg,5246,True,2,False,0.4852387309074402,289.09650000423426
D:\Bartek\coding\biometria\facial_auth\celeba_subset\img_align_celeba\010221.jpg,5246,True,2,True,0.40205222368240356,290.0708000015584
D:\Bartek\coding\biometria\facial_auth\celeba_subset\img_align_celeba\157455.jpg,4870,True,4,False,0.2062382847070694,285.26099999726284
D:\Bartek\coding\biometria\facial_auth\celeba_subset\img_align_celeba\157455.jpg,4870,True,4,True,0.20828033983707428,301.9480000002659
D:\Bartek\coding\biometria\facial_auth\celeba_subset\img_align_celeba\083754.jpg,310,True,8,False,0.3256528973579407,286.6384000008111
D:\Bartek\coding\biometria\facial_auth\celeba_subset\img_align_celeba\083754.jpg,310,True,8,True,0.2982189655303955,289.80630000296514
D:\Bartek\coding\biometria\facial_auth\celeba_subset\img_align_celeba\024009.jpg,1167,True,2,False,0.613649845123291,278.5832000008668
D:\Bartek\coding\biometria\facial_auth\celeba_subset\img_align_celeba\024009.jpg,1167,True,2,True,0.5073654651641846,287.0212999987416
D:\Bartek\coding\biometria\facial_auth\celeba_subset\img_align_celeba\104520.jpg,5780,True,4,False,0.4173058867454529,217.19010000379058
D:\Bartek\coding\biometria\facial_auth\celeba_subset\img_align_celeba\104520.jpg,5780,True,4,True,0.2103816121816635,216.9852000006358
D:\Bartek\coding\biometria\facial_auth\celeba_subset\img_align_celeba\094178.jpg,310,True,8,False,0.295644074678421,276.9899999984773
D:\Bartek\coding\biometria\facial_auth\celeba_subset\img_align_celeba\094178.jpg,310,True,8,True,0.28518053889274597,299.8317999954452
D:\Bartek\coding\biometria\facial_auth\celeba_subset\img_align_celeba\070670.jpg,8834,True,2,False,0.593906581401825,277.336799998011
D:\Bartek\coding\biometria\facial_auth\celeba_subset\img_align_celeba\070670.jpg,8834,True,2,True,0.6320201754570007,294.95659999520285
D:\Bartek\coding\biometria\facial_auth\celeba_subset\img_align_celeba\171969.jpg,1120,True,4,False,0.1857118308544159,284.2783000014606
D:\Bartek\coding\biometria\facial_auth\celeba_subset\img_align_celeba\171969.jpg,1120,True,4,True,0.16354213654994965,284.3691999951261
D:\Bartek\coding\biometria\facial_auth\celeba_subset\img_align_celeba\118774.jpg,1147,True,8,False,0.06623425334692001,282.5086000011652
D:\Bartek\coding\biometria\facial_auth\celeba_subset\img_align_celeba\118774.jpg,1147,True,8,True,0.08204933255910873,285.1066999937757
D:\Bartek\coding\biometria\facial_auth\celeba_subset\img_align_celeba\143267.jpg,5656,True,2,False,0.17511536180973053,285.6150000006892
D:\Bartek\coding\biometria\facial_auth\celeba_subset\img_align_celeba\143267.jpg,5656,True,2,True,0.18721261620521545,284.12959999695886
D:\Bartek\coding\biometria\facial_auth\celeba_subset\img_align_celeba\166301.jpg,1350,True,4,False,0.4803609251976013,291.5681000013137
D:\Bartek\coding\biometria\facial_auth\celeba_subset\img_align_celeba\166301.jpg,1350,True,4,True,0.46284425258636475,300.34470000100555
D:\Bartek\coding\biometria\facial_auth\celeba_subset\img_align_celeba\145630.jpg,5127,True,8,False,-0.00543047534301877,279.12239999568556
D:\Bartek\coding\biometria\facial_auth\celeba_subset\img_align_celeba\145630.jpg,5127,True,8,True,0.010903463698923588,284.3092000039178
D:\Bartek\coding\biometria\facial_auth\celeba_subset\img_align_celeba\166478.jpg,190,True,2,False,0.5194474458694458,287.37370000453666
D:\Bartek\coding\biometria\facial_auth\celeba_subset\img_align_celeba\166478.jpg,190,True,2,True,0.4427315890789032,288.76519999903394
D:\Bartek\coding\biometria\facial_auth\celeba_subset\img_align_celeba\150900.jpg,5190,True,4,False,0.4785427153110504,284.3420000062906
D:\Bartek\coding\biometria\facial_auth\celeba_subset\img_align_celeba\150900.jpg,5190,True,4,True,0.47411423921585083,290.3227999995579
D:\Bartek\coding\biometria\facial_auth\celeba_subset\img_align_celeba\077333.jpg,7422,True,8,False,0.7817876935005188,282.1148000002722
D:\Bartek\coding\biometria\facial_auth\celeba_subset\img_align_celeba\077333.jpg,7422,True,8,True,0.7670960426330566,288.3363999935682
D:\Bartek\coding\biometria\facial_auth\celeba_subset\img_align_celeba\027392.jpg,1167,True,2,False,0.46373191475868225,292.35009999683825
D:\Bartek\coding\biometria\facial_auth\celeba_subset\img_align_celeba\027392.jpg,1167,True,2,True,0.368019700050354,298.68010000063805
D:\Bartek\coding\biometria\facial_auth\celeba_subset\img_align_celeba\055409.jpg,6086,True,4,False,0.3786824345588684,291.00190000463044
D:\Bartek\coding\biometria\facial_auth\celeba_subset\img_align_celeba\055409.jpg,6086,True,4,True,0.4327179491519928,293.0227999968338
D:\Bartek\coding\biometria\facial_auth\celeba_subset\img_align_celeba\035886.jpg,6719,True,8,False,0.04319097846746445,290.3906000065035
D:\Bartek\coding\biometria\facial_auth\celeba_subset\img_align_celeba\035886.jpg,6719,True,8,True,0.06975487619638443,289.5656000036979
D:\Bartek\coding\biometria\facial_auth\celeba_subset\img_align_celeba\173304.jpg,1120,True,2,False,0.6057602167129517,286.90369999821996
D:\Bartek\coding\biometria\facial_auth\celeba_subset\img_align_celeba\173304.jpg,1120,True,2,True,0.5754309892654419,294.10289999941597
D:\Bartek\coding\biometria\facial_auth\celeba_subset\img_align_celeba\163825.jpg,3877,True,4,False,0.45372140407562256,283.25909999693977
D:\Bartek\coding\biometria\facial_auth\celeba_subset\img_align_celeba\163825.jpg,3877,True,4,True,0.4080268144607544,294.44320000038715
D:\Bartek\coding\biometria\facial_auth\celeba_subset\img_align_celeba\067626.jpg,6719,True,8,False,0.07141882181167603,282.12290000374196
D:\Bartek\coding\biometria\facial_auth\celeba_subset\img_align_celeba\067626.jpg,6719,True,8,True,0.07738639414310455,286.2983000013628
D:\Bartek\coding\biometria\facial_auth\celeba_subset\img_align_celeba\018884.jpg,7422,True,2,False,0.7887915372848511,300.03949999809265
D:\Bartek\coding\biometria\facial_auth\celeba_subset\img_align_celeba\018884.jpg,7422,True,2,True,0.7906180620193481,294.74340000160737
D:\Bartek\coding\biometria\facial_auth\celeba_subset\img_align_celeba\177174.jpg,1120,True,4,False,0.43598026037216187,278.9690000063274
D:\Bartek\coding\biometria\facial_auth\celeba_subset\img_align_celeba\177174.jpg,1120,True,4,True,0.5241851210594177,307.4382999984664
D:\Bartek\coding\biometria\facial_auth\celeba_subset\img_align_celeba\005251.jpg,5780,True,8,False,0.27335479855537415,274.29860000120243
D:\Bartek\coding\biometria\facial_auth\celeba_subset\img_align_celeba\005251.jpg,5780,True,8,True,0.2654203474521637,285.00460000213934
D:\Bartek\coding\biometria\facial_auth\celeba_subset\img_align_celeba\047454.jpg,4929,True,2,False,0.4080958962440491,281.68880000157515
D:\Bartek\coding\biometria\facial_auth\celeba_subset\img_align_celeba\047454.jpg,4929,True,2,True,0.3909907341003418,290.2433999988716
D:\Bartek\coding\biometria\facial_auth\celeba_subset\img_align_celeba\105167.jpg,5190,True,4,False,-0.03308665752410889,288.0321999982698
D:\Bartek\coding\biometria\facial_auth\celeba_subset\img_align_celeba\105167.jpg,5190,True,4,True,0.13562992215156555,292.6662999961991
D:\Bartek\coding\biometria\facial_auth\celeba_subset\img_align_celeba\060285.jpg,9939,True,8,False,0.04799702763557434,290.763800003333
D:\Bartek\coding\biometria\facial_auth\celeba_subset\img_align_celeba\060285.jpg,9939,True,8,True,0.06382497400045395,279.6831000014208
D:\Bartek\coding\biometria\facial_auth\celeba_subset\img_align_celeba\093472.jpg,7103,True,2,False,0.34801313281059265,284.8692999978084
D:\Bartek\coding\biometria\facial_auth\celeba_subset\img_align_celeba\093472.jpg,7103,True,2,True,0.30910614132881165,283.8530000008177
D:\Bartek\coding\biometria\facial_auth\celeba_subset\img_align_celeba\069494.jpg,7422,True,4,False,0.6407039761543274,286.31330000644084
D:\Bartek\coding\biometria\facial_auth\celeba_subset\img_align_celeba\069494.jpg,7422,True,4,True,0.541411280632019,282.5937999950838
D:\Bartek\coding\biometria\facial_auth\celeba_subset\img_align_celeba\086581.jpg,5210,True,8,False,0.08830219507217407,280.75969999918016
D:\Bartek\coding\biometria\facial_auth\celeba_subset\img_align_celeba\086581.jpg,5210,True,8,True,0.07895544916391373,290.16150000097696
D:\Bartek\coding\biometria\facial_auth\celeba_subset\img_align_celeba\026133.jpg,1149,True,2,False,0.6328714489936829,287.93830000358867
D:\Bartek\coding\biometria\facial_auth\celeba_subset\img_align_celeba\026133.jpg,1149,True,2,True,0.5836377739906311,289.33369999867864
D:\Bartek\coding\biometria\facial_auth\celeba_subset\img_align_celeba\061761.jpg,5591,True,4,False,0.32730814814567566,277.89409999968484
D:\Bartek\coding\biometria\facial_auth\celeba_subset\img_align_celeba\061761.jpg,5591,True,4,True,0.38066524267196655,288.725099999283
D:\Bartek\coding\biometria\facial_auth\celeba_subset\img_align_celeba\181906.jpg,4069,True,8,False,0.06645027548074722,288.8059999968391
D:\Bartek\coding\biometria\facial_auth\celeba_subset\img_align_celeba\181906.jpg,4069,True,8,True,0.08111070841550827,278.85539999988396
D:\Bartek\coding\biometria\facial_auth\celeba_subset\img_align_celeba\189128.jpg,8027,True,2,False,0.5203179717063904,278.79769999708515
D:\Bartek\coding\biometria\facial_auth\celeba_subset\img_align_celeba\189128.jpg,8027,True,2,True,0.47001269459724426,285.865300000296
D:\Bartek\coding\biometria\facial_auth\celeba_subset\img_align_celeba\001276.jpg,7422,True,4,False,0.7641540765762329,289.5397000029334
D:\Bartek\coding\biometria\facial_auth\celeba_subset\img_align_celeba\001276.jpg,7422,True,4,True,0.7582018375396729,288.86269999929937
D:\Bartek\coding\biometria\facial_auth\celeba_subset\img_align_celeba\162567.jpg,3655,True,8,False,0.4834098219871521,292.0416999986628
D:\Bartek\coding\biometria\facial_auth\celeba_subset\img_align_celeba\162567.jpg,3655,True,8,True,0.4913930594921112,279.43950000189943
D:\Bartek\coding\biometria\facial_auth\celeba_subset\img_align_celeba\139583.jpg,5747,True,2,False,0.37586355209350586,282.63040000456385
D:\Bartek\coding\biometria\facial_auth\celeba_subset\img_align_celeba\139583.jpg,5747,True,2,True,0.36040830612182617,290.0928000017302
D:\Bartek\coding\biometria\facial_auth\celeba_subset\img_align_celeba\091053.jpg,9093,True,4,False,0.4101727306842804,283.7781999987783
D:\Bartek\coding\biometria\facial_auth\celeba_subset\img_align_celeba\091053.jpg,9093,True,4,True,0.3083643615245819,290.6297000008635
D:\Bartek\coding\biometria\facial_auth\celeba_subset\img_align_celeba\041543.jpg,5656,True,8,False,0.1737806349992752,290.81890000088606
D:\Bartek\coding\biometria\facial_auth\celeba_subset\img_align_celeba\041543.jpg,5656,True,8,True,0.22867640852928162,290.0653999968199
D:\Bartek\coding\biometria\facial_auth\celeba_subset\img_align_celeba\005886.jpg,5246,True,2,False,0.370118647813797,286.7630000037025
D:\Bartek\coding\biometria\facial_auth\celeba_subset\img_align_celeba\005886.jpg,5246,True,2,True,0.34527093172073364,296.86190000211354
D:\Bartek\coding\biometria\facial_auth\celeba_subset\img_align_celeba\057333.jpg,9828,True,4,False,0.43079808354377747,310.64860000333283
D:\Bartek\coding\biometria\facial_auth\celeba_subset\img_align_celeba\057333.jpg,9828,True,4,True,0.4424973428249359,283.3621000027051
D:\Bartek\coding\biometria\facial_auth\celeba_subset\img_align_celeba\101583.jpg,9144,True,8,False,0.17579568922519684,297.31249999895226
D:\Bartek\coding\biometria\facial_auth\celeba_subset\img_align_celeba\101583.jpg,9144,True,8,True,0.205575630068779,291.5173000001232
D:\Bartek\coding\biometria\facial_auth\celeba_subset\img_align_celeba\000387.jpg,5127,True,2,False,0.6098235249519348,285.5121999964467
D:\Bartek\coding\biometria\facial_auth\celeba_subset\img_align_celeba\000387.jpg,5127,True,2,True,0.5427435636520386,283.1923999983701
D:\Bartek\coding\biometria\facial_auth\celeba_subset\img_align_celeba\200257.jpg,8027,True,4,False,0.29045602679252625,283.66400000231806
D:\Bartek\coding\biometria\facial_auth\celeba_subset\img_align_celeba\200257.jpg,8027,True,4,True,0.26749280095100403,295.74799999682
D:\Bartek\coding\biometria\facial_auth\celeba_subset\img_align_celeba\160089.jpg,9939,True,8,False,0.05360986664891243,279.0531999999075
D:\Bartek\coding\biometria\facial_auth\celeba_subset\img_align_celeba\160089.jpg,9939,True,8,True,0.05494721233844757,276.7766999968444
D:\Bartek\coding\biometria\facial_auth\celeba_subset\img_align_celeba\024413.jpg,7524,True,2,False,0.28533777594566345,284.6021000004839
D:\Bartek\coding\biometria\facial_auth\celeba_subset\img_align_celeba\024413.jpg,7524,True,2,True,0.29094862937927246,290.2077999970061
D:\Bartek\coding\biometria\facial_auth\celeba_subset\img_align_celeba\117832.jpg,4968,True,4,False,0.2884051203727722,283.8239999982761
D:\Bartek\coding\biometria\facial_auth\celeba_subset\img_align_celeba\117832.jpg,4968,True,4,True,0.23174473643302917,289.2936999996891
D:\Bartek\coding\biometria\facial_auth\celeba_subset\img_align_celeba\140094.jpg,5648,True,8,False,0.0706232562661171,287.2245999969891
D:\Bartek\coding\biometria\facial_auth\celeba_subset\img_align_celeba\140094.jpg,5648,True,8,True,0.1111462190747261,280.13470000587404
D:\Bartek\coding\biometria\facial_auth\celeba_subset\img_align_celeba\107669.jpg,7338,True,2,False,0.5218464136123657,289.69200000574347
D:\Bartek\coding\biometria\facial_auth\celeba_subset\img_align_celeba\107669.jpg,7338,True,2,True,0.5601682662963867,303.2173000028706
D:\Bartek\coding\biometria\facial_auth\celeba_subset\img_align_celeba\158553.jpg,5922,True,4,False,0.49495622515678406,284.97950000019046
D:\Bartek\coding\biometria\facial_auth\celeba_subset\img_align_celeba\158553.jpg,5922,True,4,True,0.513729989528656,284.9895999970613
D:\Bartek\coding\biometria\facial_auth\celeba_subset\img_align_celeba\130958.jpg,5747,True,8,False,0.09661389887332916,285.1225000049453
D:\Bartek\coding\biometria\facial_auth\celeba_subset\img_align_celeba\130958.jpg,5747,True,8,True,0.08668233454227448,286.2505000011879
D:\Bartek\coding\biometria\facial_auth\celeba_subset\img_align_celeba\133015.jpg,1149,True,2,False,0.5420135855674744,286.5297999960603
D:\Bartek\coding\biometria\facial_auth\celeba_subset\img_align_celeba\133015.jpg,1149,True,2,True,0.428420752286911,289.28190000442555
D:\Bartek\coding\biometria\facial_auth\celeba_subset\img_align_celeba\057152.jpg,2835,True,4,False,0.3344871401786804,280.23989999928745
D:\Bartek\coding\biometria\facial_auth\celeba_subset\img_align_celeba\057152.jpg,2835,True,4,True,0.29327496886253357,285.7196000040858
D:\Bartek\coding\biometria\facial_auth\celeba_subset\img_align_celeba\045807.jpg,9534,True,8,False,0.26304349303245544,280.55290000338573
D:\Bartek\coding\biometria\facial_auth\celeba_subset\img_align_celeba\045807.jpg,9534,True,8,True,0.26030924916267395,288.01240000029793
D:\Bartek\coding\biometria\facial_auth\celeba_subset\img_align_celeba\164073.jpg,205,True,2,False,0.24899478256702423,292.7051000006031
D:\Bartek\coding\biometria\facial_auth\celeba_subset\img_align_celeba\164073.jpg,205,True,2,True,0.23903176188468933,292.36069999751635
D:\Bartek\coding\biometria\facial_auth\celeba_subset\img_align_celeba\004329.jpg,5127,True,4,False,0.38717249035835266,296.798100003798
D:\Bartek\coding\biometria\facial_auth\celeba_subset\img_align_celeba\004329.jpg,5127,True,4,True,0.23992648720741272,311.7281000013463
D:\Bartek\coding\biometria\facial_auth\celeba_subset\img_align_celeba\133623.jpg,5210,True,8,False,0.0777570977807045,287.6288999977987
D:\Bartek\coding\biometria\facial_auth\celeba_subset\img_align_celeba\133623.jpg,5210,True,8,True,0.08435109257698059,277.92570000019623
D:\Bartek\coding\biometria\facial_auth\celeba_subset\img_align_celeba\057467.jpg,5190,True,2,False,0.597805917263031,276.7096000025049
D:\Bartek\coding\biometria\facial_auth\celeba_subset\img_align_celeba\057467.jpg,5190,True,2,True,0.5686853528022766,312.4865999998292
D:\Bartek\coding\biometria\facial_auth\celeba_subset\img_align_celeba\191647.jpg,9632,True,4,False,0.3622755706310272,314.9723000024096
D:\Bartek\coding\biometria\facial_auth\celeba_subset\img_align_celeba\191647.jpg,9632,True,4,True,0.3749365508556366,301.90090000542114
D:\Bartek\coding\biometria\facial_auth\celeba_subset\img_align_celeba\104252.jpg,9910,True,8,False,0.9676617383956909,305.4266999970423
D:\Bartek\coding\biometria\facial_auth\celeba_subset\img_align_celeba\104252.jpg,9910,True,8,True,0.9562209248542786,304.17149999993853
D:\Bartek\coding\biometria\facial_auth\celeba_subset\img_align_celeba\129287.jpg,5246,True,2,False,0.20294630527496338,283.2799000025261
D:\Bartek\coding\biometria\facial_auth\celeba_subset\img_align_celeba\129287.jpg,5246,True,2,True,0.20980018377304077,289.5185000015772
D:\Bartek\coding\biometria\facial_auth\celeba_subset\img_align_celeba\092594.jpg,878,True,4,False,0.3200499713420868,280.6163999994169
D:\Bartek\coding\biometria\facial_auth\celeba_subset\img_align_celeba\092594.jpg,878,True,4,True,0.30682557821273804,286.7004999934579
D:\Bartek\coding\biometria\facial_auth\celeba_subset\img_align_celeba\132118.jpg,5246,False,2,False,0.033854905515909195,287.13340000103926
D:\Bartek\coding\biometria\facial_auth\celeba_subset\img_align_celeba\132118.jpg,5246,False,2,True,0.09493288397789001,307.03579999681097
D:\Bartek\coding\biometria\facial_auth\celeba_subset\img_align_celeba\054383.jpg,9478,False,4,False,0.16481196880340576,286.3641999938409
D:\Bartek\coding\biometria\facial_auth\celeba_subset\img_align_celeba\054383.jpg,9478,False,4,True,0.10347738862037659,292.71690000314265
D:\Bartek\coding\biometria\facial_auth\celeba_subset\img_align_celeba\003484.jpg,5656,False,8,False,0.07514842599630356,283.9170999941416
D:\Bartek\coding\biometria\facial_auth\celeba_subset\img_align_celeba\003484.jpg,5656,False,8,True,0.07704577594995499,283.38970000186237
D:\Bartek\coding\biometria\facial_auth\celeba_subset\img_align_celeba\099127.jpg,5872,False,2,False,0.13162162899971008,283.3293000003323
D:\Bartek\coding\biometria\facial_auth\celeba_subset\img_align_celeba\099127.jpg,5872,False,2,True,0.10037042200565338,288.46080000221264
D:\Bartek\coding\biometria\facial_auth\celeba_subset\img_align_celeba\164444.jpg,9688,False,4,False,0.004008854273706675,279.7506999995676
D:\Bartek\coding\biometria\facial_auth\celeba_subset\img_align_celeba\164444.jpg,9688,False,4,True,0.0540635846555233,282.89910000603413
D:\Bartek\coding\biometria\facial_auth\celeba_subset\img_align_celeba\021895.jpg,205,False,8,False,0.07467642426490784,277.90299999469426
D:\Bartek\coding\biometria\facial_auth\celeba_subset\img_align_celeba\021895.jpg,205,False,8,True,0.07231713086366653,288.82319999684114
D:\Bartek\coding\biometria\facial_auth\celeba_subset\img_align_celeba\105167.jpg,9939,False,2,False,-0.013365556485950947,278.99410000100033
D:\Bartek\coding\biometria\facial_auth\celeba_subset\img_align_celeba\105167.jpg,9939,False,2,True,0.06293679028749466,288.52890000416664
D:\Bartek\coding\biometria\facial_auth\celeba_subset\img_align_celeba\039497.jpg,5210,False,4,False,0.12664972245693207,284.9681000006967
D:\Bartek\coding\biometria\facial_auth\celeba_subset\img_align_celeba\039497.jpg,5210,False,4,True,0.08850237727165222,290.94339999574004
D:\Bartek\coding\biometria\facial_auth\celeba_subset\img_align_celeba\193890.jpg,5780,False,8,False,0.222499281167984,289.19350000069244
D:\Bartek\coding\biometria\facial_auth\celeba_subset\img_align_celeba\193890.jpg,5780,False,8,True,0.214421808719635,291.77090000302996
D:\Bartek\coding\biometria\facial_auth\celeba_subset\img_align_celeba\161342.jpg,310,False,2,False,0.2890508472919464,281.8685000020196
D:\Bartek\coding\biometria\facial_auth\celeba_subset\img_align_celeba\161342.jpg,310,False,2,True,0.29523149132728577,294.4218999982695
D:\Bartek\coding\biometria\facial_auth\celeba_subset\img_align_celeba\178570.jpg,5246,False,4,False,0.24449262022972107,287.15920000104234
D:\Bartek\coding\biometria\facial_auth\celeba_subset\img_align_celeba\178570.jpg,5246,False,4,True,0.22933422029018402,294.1011000002618
D:\Bartek\coding\biometria\facial_auth\celeba_subset\img_align_celeba\130262.jpg,8415,False,8,False,0.05004659295082092,292.6147000034689
D:\Bartek\coding\biometria\facial_auth\celeba_subset\img_align_celeba\130262.jpg,8415,False,8,True,0.0377143993973732,284.3548000018927
D:\Bartek\coding\biometria\facial_auth\celeba_subset\img_align_celeba\037923.jpg,9144,False,2,False,0.11785665899515152,283.3366999984719
D:\Bartek\coding\biometria\facial_auth\celeba_subset\img_align_celeba\037923.jpg,9144,False,2,True,0.07950548082590103,297.38150000048336
D:\Bartek\coding\biometria\facial_auth\celeba_subset\img_align_celeba\032692.jpg,4659,False,4,False,0.07419151067733765,285.96809999726247
D:\Bartek\coding\biometria\facial_auth\celeba_subset\img_align_celeba\032692.jpg,4659,False,4,True,0.05779673159122467,287.9356999983429
D:\Bartek\coding\biometria\facial_auth\celeba_subset\img_align_celeba\176396.jpg,4196,False,8,False,0.351457417011261,281.7834000015864
D:\Bartek\coding\biometria\facial_auth\celeba_subset\img_align_celeba\176396.jpg,4196,False,8,True,0.3547797203063965,285.35050000209594
D:\Bartek\coding\biometria\facial_auth\celeba_subset\img_align_celeba\193811.jpg,2814,False,2,False,0.20621410012245178,286.1129000011715
D:\Bartek\coding\biometria\facial_auth\celeba_subset\img_align_celeba\193811.jpg,2814,False,2,True,0.24339644610881805,280.2439999941271
D:\Bartek\coding\biometria\facial_auth\celeba_subset\img_align_celeba\078548.jpg,8908,False,4,False,0.15886016190052032,286.34570000576787
D:\Bartek\coding\biometria\facial_auth\celeba_subset\img_align_celeba\078548.jpg,8908,False,4,True,0.12744958698749542,293.03970000182744
D:\Bartek\coding\biometria\facial_auth\celeba_subset\img_align_celeba\111824.jpg,1128,False,8,False,0.04311995208263397,283.4921999965445
D:\Bartek\coding\biometria\facial_auth\celeba_subset\img_align_celeba\111824.jpg,1128,False,8,True,0.03548869490623474,282.3707000061404
D:\Bartek\coding\biometria\facial_auth\celeba_subset\img_align_celeba\169910.jpg,7422,False,2,False,0.024819066748023033,291.80680000717985
D:\Bartek\coding\biometria\facial_auth\celeba_subset\img_align_celeba\169910.jpg,7422,False,2,True,0.0338965579867363,301.16239999915706
D:\Bartek\coding\biometria\facial_auth\celeba_subset\img_align_celeba\086429.jpg,503,False,4,False,-0.13304166495800018,289.2619999984163
D:\Bartek\coding\biometria\facial_auth\celeba_subset\img_align_celeba\086429.jpg,503,False,4,True,-0.11172408610582352,223.9638000028208
D:\Bartek\coding\biometria\facial_auth\celeba_subset\img_align_celeba\159948.jpg,1147,False,8,False,0.06713167577981949,279.50869999767747
D:\Bartek\coding\biometria\facial_auth\celeba_subset\img_align_celeba\159948.jpg,1147,False,8,True,0.06058470532298088,285.8717999988585
D:\Bartek\coding\biometria\facial_auth\celeba_subset\img_align_celeba\124216.jpg,7338,False,2,False,-0.028653820976614952,292.17529999732506
D:\Bartek\coding\biometria\facial_auth\celeba_subset\img_align_celeba\124216.jpg,7338,False,2,True,0.02127138152718544,300.22530000132974
D:\Bartek\coding\biometria\facial_auth\celeba_subset\img_align_celeba\157455.jpg,6277,False,4,False,0.08618330210447311,289.3547999992734
D:\Bartek\coding\biometria\facial_auth\celeba_subset\img_align_celeba\157455.jpg,6277,False,4,True,0.09702183306217194,289.1712999989977
D:\Bartek\coding\biometria\facial_auth\celeba_subset\img_align_celeba\103053.jpg,5780,False,8,False,0.22480708360671997,288.29769999720156
D:\Bartek\coding\biometria\facial_auth\celeba_subset\img_align_celeba\103053.jpg,5780,False,8,True,0.2360655963420868,288.2460000037099
D:\Bartek\coding\biometria\facial_auth\celeba_subset\img_align_celeba\074147.jpg,878,False,2,False,0.18280711770057678,282.9340000025695
D:\Bartek\coding\biometria\facial_auth\celeba_subset\img_align_celeba\074147.jpg,878,False,2,True,0.19310493767261505,230.2884999953676
D:\Bartek\coding\biometria\facial_auth\celeba_subset\img_align_celeba\162245.jpg,2814,False,4,False,0.013259177096188068,279.8620999965351
D:\Bartek\coding\biometria\facial_auth\celeba_subset\img_align_celeba\162245.jpg,2814,False,4,True,-0.036355771124362946,207.98459999787156
D:\Bartek\coding\biometria\facial_auth\celeba_subset\img_align_celeba\114735.jpg,6233,False,8,False,0.22811563313007355,269.7379999954137
D:\Bartek\coding\biometria\facial_auth\celeba_subset\img_align_celeba\114735.jpg,6233,False,8,True,0.22458404302597046,284.8923999990802
D:\Bartek\coding\biometria\facial_auth\celeba_subset\img_align_celeba\197011.jpg,9300,False,2,False,0.1438557207584381,298.090799995407
D:\Bartek\coding\biometria\facial_auth\celeba_subset\img_align_celeba\197011.jpg,9300,False,2,True,0.15868394076824188,290.0831000006292
D:\Bartek\coding\biometria\facial_auth\celeba_subset\img_align_celeba\160891.jpg,9144,False,4,False,0.06738108396530151,279.07510000659386
D:\Bartek\coding\biometria\facial_auth\celeba_subset\img_align_celeba\160891.jpg,9144,False,4,True,0.08712190389633179,289.02860000380315
D:\Bartek\coding\biometria\facial_auth\celeba_subset\img_align_celeba\006383.jpg,5780,False,8,False,0.2317562997341156,285.5347000004258
D:\Bartek\coding\biometria\facial_auth\celeba_subset\img_align_celeba\006383.jpg,5780,False,8,True,0.1963951736688614,287.5609999973676
D:\Bartek\coding\biometria\facial_auth\celeba_subset\img_align_celeba\122195.jpg,3877,False,2,False,0.07593048363924026,285.0330000001122
D:\Bartek\coding\biometria\facial_auth\celeba_subset\img_align_celeba\122195.jpg,3877,False,2,True,0.04087144508957863,301.9112999973004
D:\Bartek\coding\biometria\facial_auth\celeba_subset\img_align_celeba\092195.jpg,8908,False,4,False,0.13875602185726166,276.5285999994376
D:\Bartek\coding\biometria\facial_auth\celeba_subset\img_align_celeba\092195.jpg,8908,False,4,True,0.0571720227599144,279.9825000038254
D:\Bartek\coding\biometria\facial_auth\celeba_subset\img_align_celeba\072850.jpg,3655,False,8,False,0.4787842035293579,286.39860000112094
D:\Bartek\coding\biometria\facial_auth\celeba_subset\img_align_celeba\072850.jpg,3655,False,8,True,0.4777955710887909,291.24420000152895
D:\Bartek\coding\biometria\facial_auth\celeba_subset\img_align_celeba\046887.jpg,5437,False,2,False,0.030978171154856682,281.44389999943087
D:\Bartek\coding\biometria\facial_auth\celeba_subset\img_align_celeba\046887.jpg,5437,False,2,True,0.07456396520137787,290.9522999980254
D:\Bartek\coding\biometria\facial_auth\celeba_subset\img_align_celeba\149321.jpg,1154,False,4,False,-0.1167074590921402,287.18850000586826
D:\Bartek\coding\biometria\facial_auth\celeba_subset\img_align_celeba\149321.jpg,1154,False,4,True,-0.01144753210246563,285.6734000015422
D:\Bartek\coding\biometria\facial_auth\celeba_subset\img_align_celeba\016253.jpg,5534,False,8,False,0.06411457806825638,285.8247000040137
D:\Bartek\coding\biometria\facial_auth\celeba_subset\img_align_celeba\016253.jpg,5534,False,8,True,0.07190398871898651,292.8864999994403
D:\Bartek\coding\biometria\facial_auth\celeba_subset\img_align_celeba\001602.jpg,8834,False,2,False,0.15547500550746918,287.13380000408506
D:\Bartek\coding\biometria\facial_auth\celeba_subset\img_align_celeba\001602.jpg,8834,False,2,True,0.1722390204668045,287.605599995004
D:\Bartek\coding\biometria\facial_auth\celeba_subset\img_align_celeba\117945.jpg,5791,False,4,False,0.15730875730514526,282.1896999957971
D:\Bartek\coding\biometria\facial_auth\celeba_subset\img_align_celeba\117945.jpg,5791,False,4,True,0.10075714439153671,282.0346000007703
D:\Bartek\coding\biometria\facial_auth\celeba_subset\img_align_celeba\172907.jpg,5747,False,8,False,0.1144624650478363,277.70170000439975
D:\Bartek\coding\biometria\facial_auth\celeba_subset\img_align_celeba\172907.jpg,5747,False,8,True,0.11371152848005295,283.41180000279564
D:\Bartek\coding\biometria\facial_auth\celeba_subset\img_align_celeba\056636.jpg,9828,False,2,False,0.08951865881681442,285.40459999931045
D:\Bartek\coding\biometria\facial_auth\celeba_subset\img_align_celeba\056636.jpg,9828,False,2,True,0.08435631543397903,288.02469999936875
D:\Bartek\coding\biometria\facial_auth\celeba_subset\img_align_celeba\065194.jpg,6136,False,4,False,0.21068042516708374,277.8773000027286
D:\Bartek\coding\biometria\facial_auth\celeba_subset\img_align_celeba\065194.jpg,6136,False,4,True,0.18879713118076324,287.7552999998443
D:\Bartek\coding\biometria\facial_auth\celeba_subset\img_align_celeba\082290.jpg,6277,False,8,False,0.05149902030825615,287.4200000005658
D:\Bartek\coding\biometria\facial_auth\celeba_subset\img_align_celeba\082290.jpg,6277,False,8,True,0.04544299095869064,284.3176000023959
D:\Bartek\coding\biometria\facial_auth\celeba_subset\img_align_celeba\100818.jpg,5648,False,2,False,0.08946080505847931,284.94140000111656
D:\Bartek\coding\biometria\facial_auth\celeba_subset\img_align_celeba\100818.jpg,5648,False,2,True,0.04709038883447647,293.5787000023993
D:\Bartek\coding\biometria\facial_auth\celeba_subset\img_align_celeba\133623.jpg,1128,False,4,False,0.04183931648731232,286.31579999637324
D:\Bartek\coding\biometria\facial_auth\celeba_subset\img_align_celeba\133623.jpg,1128,False,4,True,0.03203088417649269,287.63639999669977
D:\Bartek\coding\biometria\facial_auth\celeba_subset\img_align_celeba\032692.jpg,4936,False,8,False,0.04815492406487465,293.1914999935543
D:\Bartek\coding\biometria\facial_auth\celeba_subset\img_align_celeba\032692.jpg,4936,False,8,True,0.055084168910980225,288.23479999846313
D:\Bartek\coding\biometria\facial_auth\celeba_subset\img_align_celeba\033721.jpg,4196,False,2,False,0.09875510632991791,299.0005000028759
D:\Bartek\coding\biometria\facial_auth\celeba_subset\img_align_celeba\033721.jpg,4196,False,2,True,0.07668724656105042,234.89279999921564
D:\Bartek\coding\biometria\facial_auth\celeba_subset\img_align_celeba\037891.jpg,6136,False,4,False,0.19121356308460236,280.59130000474397
D:\Bartek\coding\biometria\facial_auth\celeba_subset\img_align_celeba\037891.jpg,6136,False,4,True,0.18690405786037445,290.04100000020117
D:\Bartek\coding\biometria\facial_auth\celeba_subset\img_align_celeba\125576.jpg,6719,False,8,False,0.04952331259846687,278.0075000046054
D:\Bartek\coding\biometria\facial_auth\celeba_subset\img_align_celeba\125576.jpg,6719,False,8,True,0.05277751013636589,283.4227000057581
D:\Bartek\coding\biometria\facial_auth\celeba_subset\img_align_celeba\161323.jpg,5780,False,2,False,0.11258301138877869,310.07539999700384
D:\Bartek\coding\biometria\facial_auth\celeba_subset\img_align_celeba\161323.jpg,5780,False,2,True,0.15753395855426788,282.5204000037047
D:\Bartek\coding\biometria\facial_auth\celeba_subset\img_align_celeba\147336.jpg,975,False,4,False,-0.03717528656125069,276.84380000573583
D:\Bartek\coding\biometria\facial_auth\celeba_subset\img_align_celeba\147336.jpg,975,False,4,True,0.12603630125522614,290.48669999610865
D:\Bartek\coding\biometria\facial_auth\celeba_subset\img_align_celeba\107040.jpg,7253,False,8,False,0.1408839076757431,291.2969999961206
D:\Bartek\coding\biometria\facial_auth\celeba_subset\img_align_celeba\107040.jpg,7253,False,8,True,0.14361199736595154,293.88909999397583
D:\Bartek\coding\biometria\facial_auth\celeba_subset\img_align_celeba\100773.jpg,2177,False,2,False,0.16936935484409332,291.61910000402713
D:\Bartek\coding\biometria\facial_auth\celeba_subset\img_align_celeba\100773.jpg,2177,False,2,True,0.21174079179763794,292.78599999815924
D:\Bartek\coding\biometria\facial_auth\celeba_subset\img_align_celeba\152600.jpg,5099,False,4,False,0.036019161343574524,287.2821999990265
D:\Bartek\coding\biometria\facial_auth\celeba_subset\img_align_celeba\152600.jpg,5099,False,4,True,0.006297842599451542,291.0469999987981
D:\Bartek\coding\biometria\facial_auth\celeba_subset\img_align_celeba\191786.jpg,7222,False,8,False,0.10257799923419952,284.43110000080196
D:\Bartek\coding\biometria\facial_auth\celeba_subset\img_align_celeba\191786.jpg,7222,False,8,True,0.09674175828695297,285.13500000553904
D:\Bartek\coding\biometria\facial_auth\celeba_subset\img_align_celeba\016880.jpg,5780,False,2,False,0.16521687805652618,281.4892999958829
D:\Bartek\coding\biometria\facial_auth\celeba_subset\img_align_celeba\016880.jpg,5780,False,2,True,0.1796363741159439,286.10709999338724
D:\Bartek\coding\biometria\facial_auth\celeba_subset\img_align_celeba\108020.jpg,3877,False,4,False,0.12296449393033981,277.730399997381
D:\Bartek\coding\biometria\facial_auth\celeba_subset\img_align_celeba\108020.jpg,3877,False,4,True,0.051976267248392105,289.2059000005247
D:\Bartek\coding\biometria\facial_auth\celeba_subset\img_align_celeba\064925.jpg,6277,False,8,False,0.046479176729917526,294.61280000396073
D:\Bartek\coding\biometria\facial_auth\celeba_subset\img_align_celeba\064925.jpg,6277,False,8,True,0.03671707957983017,298.6190000010538
D:\Bartek\coding\biometria\facial_auth\celeba_subset\img_align_celeba\108168.jpg,5672,False,2,False,0.05431022495031357,281.11019999778364
D:\Bartek\coding\biometria\facial_auth\celeba_subset\img_align_celeba\108168.jpg,5672,False,2,True,0.05547986179590225,290.8077999964007
D:\Bartek\coding\biometria\facial_auth\celeba_subset\img_align_celeba\052146.jpg,310,False,4,False,0.2940913438796997,290.8943000002182
D:\Bartek\coding\biometria\facial_auth\celeba_subset\img_align_celeba\052146.jpg,310,False,4,True,0.19099318981170654,293.07259999768576
D:\Bartek\coding\biometria\facial_auth\celeba_subset\img_align_celeba\131393.jpg,6233,False,8,False,0.22664880752563477,287.70060000533704
D:\Bartek\coding\biometria\facial_auth\celeba_subset\img_align_celeba\131393.jpg,6233,False,8,True,0.20137548446655273,297.190800003591
D:\Bartek\coding\biometria\facial_auth\celeba_subset\img_align_celeba\110694.jpg,6719,False,2,False,-0.064752496778965,282.3643000010634
D:\Bartek\coding\biometria\facial_auth\celeba_subset\img_align_celeba\110694.jpg,6719,False,2,True,-0.03105122596025467,291.0020999988774
D:\Bartek\coding\biometria\facial_auth\celeba_subset\img_align_celeba\084710.jpg,190,False,4,False,0.009204213507473469,284.60249999625375
D:\Bartek\coding\biometria\facial_auth\celeba_subset\img_align_celeba\084710.jpg,190,False,4,True,-0.05344457924365997,286.5063999997801
D:\Bartek\coding\biometria\facial_auth\celeba_subset\img_align_celeba\026133.jpg,9489,False,8,False,0.10456408560276031,285.4234999977052
D:\Bartek\coding\biometria\facial_auth\celeba_subset\img_align_celeba\026133.jpg,9489,False,8,True,0.09528860449790955,279.07100000447826
D:\Bartek\coding\biometria\facial_auth\celeba_subset\img_align_celeba\014683.jpg,6136,False,2,False,0.1369706243276596,285.01609999511857
D:\Bartek\coding\biometria\facial_auth\celeba_subset\img_align_celeba\014683.jpg,6136,False,2,True,0.12667213380336761,300.8369999952265
D:\Bartek\coding\biometria\facial_auth\celeba_subset\img_align_celeba\139630.jpg,6277,False,4,False,-0.005919076502323151,288.7588000012329
D:\Bartek\coding\biometria\facial_auth\celeba_subset\img_align_celeba\139630.jpg,6277,False,4,True,0.02089773304760456,290.84729999885894
D:\Bartek\coding\biometria\facial_auth\celeba_subset\img_align_celeba\073166.jpg,4936,False,8,False,0.05186579376459122,291.04129999905126
D:\Bartek\coding\biometria\facial_auth\celeba_subset\img_align_celeba\073166.jpg,4936,False,8,True,0.019044341519474983,299.3205999955535
D:\Bartek\coding\biometria\facial_auth\celeba_subset\img_align_celeba\059788.jpg,6277,False,2,False,0.21724653244018555,275.8661999978358
D:\Bartek\coding\biometria\facial_auth\celeba_subset\img_align_celeba\059788.jpg,6277,False,2,True,0.24938827753067017,276.4799999931711
D:\Bartek\coding\biometria\facial_auth\celeba_subset\img_align_celeba\119445.jpg,5246,False,4,False,0.03877696767449379,274.95460000500316
D:\Bartek\coding\biometria\facial_auth\celeba_subset\img_align_celeba\119445.jpg,5246,False,4,True,-0.05184939503669739,279.6604000031948
D:\Bartek\coding\biometria\facial_auth\celeba_subset\img_align_celeba\170685.jpg,6233,False,8,False,0.21707114577293396,276.4261999982409
D:\Bartek\coding\biometria\facial_auth\celeba_subset\img_align_celeba\170685.jpg,6233,False,8,True,0.19509220123291016,284.6046999984537
D:\Bartek\coding\biometria\facial_auth\celeba_subset\img_align_celeba\172022.jpg,6722,False,2,False,0.07021547853946686,294.6525000006659
D:\Bartek\coding\biometria\facial_auth\celeba_subset\img_align_celeba\172022.jpg,6722,False,2,True,0.1106811910867691,299.7438000020338
D:\Bartek\coding\biometria\facial_auth\celeba_subset\img_align_celeba\038746.jpg,9478,False,4,False,0.03169543296098709,284.59270000166725
D:\Bartek\coding\biometria\facial_auth\celeba_subset\img_align_celeba\038746.jpg,9478,False,4,True,-0.009056909009814262,304.7846999979811
D:\Bartek\coding\biometria\facial_auth\celeba_subset\img_align_celeba\127262.jpg,6086,False,8,False,0.07844659686088562,276.1141000009957
D:\Bartek\coding\biometria\facial_auth\celeba_subset\img_align_celeba\127262.jpg,6086,False,8,True,0.09726646542549133,286.53660000418313
D:\Bartek\coding\biometria\facial_auth\celeba_subset\img_align_celeba\177132.jpg,5922,False,2,False,0.10846661776304245,284.68640000210144
D:\Bartek\coding\biometria\facial_auth\celeba_subset\img_align_celeba\177132.jpg,5922,False,2,True,0.11071044206619263,289.894200002891
D:\Bartek\coding\biometria\facial_auth\celeba_subset\img_align_celeba\150689.jpg,5791,False,4,False,0.11872420459985733,284.1035999954329
D:\Bartek\coding\biometria\facial_auth\celeba_subset\img_align_celeba\150689.jpg,5791,False,4,True,0.0827467143535614,289.9478999970597
D:\Bartek\coding\biometria\facial_auth\celeba_subset\img_align_celeba\125128.jpg,6806,False,8,False,0.012512675486505032,288.5619000007864
D:\Bartek\coding\biometria\facial_auth\celeba_subset\img_align_celeba\125128.jpg,6806,False,8,True,0.006715632509440184,290.0221999952919
D:\Bartek\coding\biometria\facial_auth\celeba_subset\img_align_celeba\161328.jpg,5246,False,2,False,0.15158656239509583,289.0888000038103
D:\Bartek\coding\biometria\facial_auth\celeba_subset\img_align_celeba\161328.jpg,5246,False,2,True,0.11193099617958069,297.6388999959454
D:\Bartek\coding\biometria\facial_auth\celeba_subset\img_align_celeba\189663.jpg,3200,False,4,False,0.3492008149623871,290.52909999882104
D:\Bartek\coding\biometria\facial_auth\celeba_subset\img_align_celeba\189663.jpg,3200,False,4,True,0.18998605012893677,287.81489999528276
D:\Bartek\coding\biometria\facial_auth\celeba_subset\img_align_celeba\017606.jpg,2835,False,8,False,0.06114571914076805,287.191299998085
D:\Bartek\coding\biometria\facial_auth\celeba_subset\img_align_celeba\017606.jpg,2835,False,8,True,0.04934467002749443,279.66659999947296
D:\Bartek\coding\biometria\facial_auth\celeba_subset\img_align_celeba\154628.jpg,4196,False,2,False,0.1365150660276413,274.22289999958593
D:\Bartek\coding\biometria\facial_auth\celeba_subset\img_align_celeba\154628.jpg,4196,False,2,True,0.128218412399292,281.8366999999853
D:\Bartek\coding\biometria\facial_auth\celeba_subset\img_align_celeba\124544.jpg,8834,False,4,False,0.10426265746355057,293.1717999963439
D:\Bartek\coding\biometria\facial_auth\celeba_subset\img_align_celeba\124544.jpg,8834,False,4,True,0.12747178971767426,292.2141000017291
D:\Bartek\coding\biometria\facial_auth\celeba_subset\img_align_celeba\171298.jpg,913,False,8,False,0.03674941882491112,284.6237000048859
D:\Bartek\coding\biometria\facial_auth\celeba_subset\img_align_celeba\171298.jpg,913,False,8,True,0.03483972325921059,285.3283999938867
D:\Bartek\coding\biometria\facial_auth\celeba_subset\img_align_celeba\046412.jpg,5747,False,2,False,0.17938242852687836,290.01530000095954
D:\Bartek\coding\biometria\facial_auth\celeba_subset\img_align_celeba\046412.jpg,5747,False,2,True,0.04719673842191696,290.4374000063399
D:\Bartek\coding\biometria\facial_auth\celeba_subset\img_align_celeba\186776.jpg,9489,False,4,False,0.10757370293140411,292.00159999891184
D:\Bartek\coding\biometria\facial_auth\celeba_subset\img_align_celeba\186776.jpg,9489,False,4,True,0.1028410792350769,293.133700004546
D:\Bartek\coding\biometria\facial_auth\celeba_subset\img_align_celeba\151435.jpg,7222,False,8,False,0.1046111062169075,301.4418999955524
D:\Bartek\coding\biometria\facial_auth\celeba_subset\img_align_celeba\151435.jpg,7222,False,8,True,0.11656749248504639,277.43020000343677
D:\Bartek\coding\biometria\facial_auth\celeba_subset\img_align_celeba\114529.jpg,878,False,2,False,0.007898193784058094,279.9070000037318
D:\Bartek\coding\biometria\facial_auth\celeba_subset\img_align_celeba\114529.jpg,878,False,2,True,0.03111310675740242,286.64890000072774
D:\Bartek\coding\biometria\facial_auth\celeba_subset\img_align_celeba\105348.jpg,975,False,4,False,0.1278361827135086,292.59730000194395
D:\Bartek\coding\biometria\facial_auth\celeba_subset\img_align_celeba\105348.jpg,975,False,4,True,0.09096773713827133,287.5029000060749
D:\Bartek\coding\biometria\facial_auth\celeba_subset\img_align_celeba\074843.jpg,494,False,8,False,0.10297608375549316,299.6114999987185
D:\Bartek\coding\biometria\facial_auth\celeba_subset\img_align_celeba\074843.jpg,494,False,8,True,0.127393901348114,291.0896999965189
D:\Bartek\coding\biometria\facial_auth\celeba_subset\img_align_celeba\080684.jpg,6722,False,2,False,0.0852302759885788,286.87060000083875
D:\Bartek\coding\biometria\facial_auth\celeba_subset\img_align_celeba\080684.jpg,6722,False,2,True,0.05104063078761101,293.3502999949269
D:\Bartek\coding\biometria\facial_auth\celeba_subset\img_align_celeba\018627.jpg,4196,False,4,False,0.07515367865562439,288.06079999776557
D:\Bartek\coding\biometria\facial_auth\celeba_subset\img_align_celeba\018627.jpg,4196,False,4,True,0.0913902223110199,292.40469999786
D:\Bartek\coding\biometria\facial_auth\celeba_subset\img_align_celeba\194003.jpg,6972,False,8,False,0.03607731685042381,280.6157999948482
D:\Bartek\coding\biometria\facial_auth\celeba_subset\img_align_celeba\194003.jpg,6972,False,8,True,0.03547642007470131,280.37249999761116
D:\Bartek\coding\biometria\facial_auth\celeba_subset\img_align_celeba\088544.jpg,5575,False,2,False,0.13228623569011688,286.90780000033556
D:\Bartek\coding\biometria\facial_auth\celeba_subset\img_align_celeba\088544.jpg,5575,False,2,True,0.15713055431842804,291.41189999791095
D:\Bartek\coding\biometria\facial_auth\celeba_subset\img_align_celeba\004215.jpg,9144,False,4,False,-0.01531841792166233,294.41380000207573
D:\Bartek\coding\biometria\facial_auth\celeba_subset\img_align_celeba\004215.jpg,9144,False,4,True,0.04069296270608902,292.843899995205
D:\Bartek\coding\biometria\facial_auth\celeba_subset\img_align_celeba\091053.jpg,1167,False,8,False,0.07709124684333801,279.5641000047908
D:\Bartek\coding\biometria\facial_auth\celeba_subset\img_align_celeba\091053.jpg,1167,False,8,True,0.08216317743062973,287.9848000011407
D:\Bartek\coding\biometria\facial_auth\celeba_subset\img_align_celeba\023654.jpg,2926,False,2,False,-0.00456751836463809,278.94709999964107
D:\Bartek\coding\biometria\facial_auth\celeba_subset\img_align_celeba\023654.jpg,2926,False,2,True,-0.02082919515669346,289.1486999942572
D:\Bartek\coding\biometria\facial_auth\celeba_subset\img_align_celeba\133183.jpg,1350,False,4,False,0.06545440107584,285.834900001646
D:\Bartek\coding\biometria\facial_auth\celeba_subset\img_align_celeba\133183.jpg,1350,False,4,True,0.021625250577926636,285.7125000009546
D:\Bartek\coding\biometria\facial_auth\celeba_subset\img_align_celeba\094397.jpg,494,False,8,False,0.12943215668201447,285.8856000020751
D:\Bartek\coding\biometria\facial_auth\celeba_subset\img_align_celeba\094397.jpg,494,False,8,True,0.1315641850233078,279.7690000006696
D:\Bartek\coding\biometria\facial_auth\celeba_subset\img_align_celeba\054688.jpg,6368,False,2,False,0.05173555761575699,287.0513999951072
D:\Bartek\coding\biometria\facial_auth\celeba_subset\img_align_celeba\054688.jpg,6368,False,2,True,0.03806089237332344,298.96529999678023
D:\Bartek\coding\biometria\facial_auth\celeba_subset\img_align_celeba\172977.jpg,6086,False,4,False,0.0028363894671201706,283.9470999970217
D:\Bartek\coding\biometria\facial_auth\celeba_subset\img_align_celeba\172977.jpg,6086,False,4,True,0.06861717253923416,310.7066999946255
D:\Bartek\coding\biometria\facial_auth\celeba_subset\img_align_celeba\063997.jpg,5127,False,8,False,0.0014829692663624883,275.05760000349255
D:\Bartek\coding\biometria\facial_auth\celeba_subset\img_align_celeba\063997.jpg,5127,False,8,True,0.006501487456262112,282.00379999907454
D:\Bartek\coding\biometria\facial_auth\celeba_subset\img_align_celeba\130819.jpg,8,False,2,False,-0.07357874512672424,274.9086999974679
D:\Bartek\coding\biometria\facial_auth\celeba_subset\img_align_celeba\130819.jpg,8,False,2,True,-0.13075605034828186,279.6420000013313
D:\Bartek\coding\biometria\facial_auth\celeba_subset\img_align_celeba\199690.jpg,1350,False,4,False,0.16038668155670166,279.3314000009559
D:\Bartek\coding\biometria\facial_auth\celeba_subset\img_align_celeba\199690.jpg,1350,False,4,True,0.10331295430660248,294.9363999941852
D:\Bartek\coding\biometria\facial_auth\celeba_subset\img_align_celeba\027280.jpg,7222,False,8,False,0.10200235247612,284.7722999940743
D:\Bartek\coding\biometria\facial_auth\celeba_subset\img_align_celeba\027280.jpg,7222,False,8,True,0.0636967271566391,312.1255000005476
D:\Bartek\coding\biometria\facial_auth\celeba_subset\img_align_celeba\034507.jpg,6806,False,2,False,-0.09160569310188293,307.9098000016529
D:\Bartek\coding\biometria\facial_auth\celeba_subset\img_align_celeba\034507.jpg,6806,False,2,True,-0.10984129458665848,309.88739999884274
D:\Bartek\coding\biometria\facial_auth\celeba_subset\img_align_celeba\015667.jpg,9534,False,4,False,0.07118456065654755,304.675599996699
D:\Bartek\coding\biometria\facial_auth\celeba_subset\img_align_celeba\015667.jpg,9534,False,4,True,0.0012801700504496694,288.8344999955734
D:\Bartek\coding\biometria\facial_auth\celeba_subset\img_align_celeba\083304.jpg,1128,False,8,False,0.03755788505077362,284.3654999960563
D:\Bartek\coding\biometria\facial_auth\celeba_subset\img_align_celeba\083304.jpg,1128,False,8,True,0.03719376027584076,289.04769999644486
D:\Bartek\coding\biometria\facial_auth\celeba_subset\img_align_celeba\175289.jpg,5672,False,2,False,0.16753582656383514,296.2471999999252
D:\Bartek\coding\biometria\facial_auth\celeba_subset\img_align_celeba\175289.jpg,5672,False,2,True,0.08500927686691284,297.1538999991026
D:\Bartek\coding\biometria\facial_auth\celeba_subset\img_align_celeba\113515.jpg,1120,False,4,False,-0.0765230730175972,287.5292999960948
D:\Bartek\coding\biometria\facial_auth\celeba_subset\img_align_celeba\113515.jpg,1120,False,4,True,-0.008468814194202423,224.71620000578696
D:\Bartek\coding\biometria\facial_auth\celeba_subset\img_align_celeba\183525.jpg,4929,False,8,False,-0.025507817044854164,284.6499000006588
D:\Bartek\coding\biometria\facial_auth\celeba_subset\img_align_celeba\183525.jpg,4929,False,8,True,0.006885419599711895,289.31419999571517
D:\Bartek\coding\biometria\facial_auth\celeba_subset\img_align_celeba\037867.jpg,913,False,2,False,0.28073254227638245,292.4681000004057
D:\Bartek\coding\biometria\facial_auth\celeba_subset\img_align_celeba\037867.jpg,913,False,2,True,0.2536880671977997,303.0672000022605
D:\Bartek\coding\biometria\facial_auth\celeba_subset\img_align_celeba\054674.jpg,4968,False,4,False,0.029918810352683067,288.3039000007557
D:\Bartek\coding\biometria\facial_auth\celeba_subset\img_align_celeba\054674.jpg,4968,False,4,True,0.016976432874798775,291.1132000008365
D:\Bartek\coding\biometria\facial_auth\celeba_subset\img_align_celeba\173306.jpg,9632,False,8,False,0.04804281145334244,284.4081000002916
D:\Bartek\coding\biometria\facial_auth\celeba_subset\img_align_celeba\173306.jpg,9632,False,8,True,0.0423707515001297,292.911999997159
D:\Bartek\coding\biometria\facial_auth\celeba_subset\img_align_celeba\119873.jpg,4659,False,2,False,0.12171991914510727,289.40119999606395
D:\Bartek\coding\biometria\facial_auth\celeba_subset\img_align_celeba\119873.jpg,4659,False,2,True,0.11187811940908432,292.86580000189133
D:\Bartek\coding\biometria\facial_auth\celeba_subset\img_align_celeba\157665.jpg,975,False,4,False,0.05055084079504013,283.99199999694247
D:\Bartek\coding\biometria\facial_auth\celeba_subset\img_align_celeba\157665.jpg,975,False,4,True,0.018559586256742477,293.6405000000377
D:\Bartek\coding\biometria\facial_auth\celeba_subset\img_align_celeba\008925.jpg,5922,False,8,False,0.10206473618745804,284.39280000020517
D:\Bartek\coding\biometria\facial_auth\celeba_subset\img_align_celeba\008925.jpg,5922,False,8,True,0.10839363932609558,287.4919999958365
D:\Bartek\coding\biometria\facial_auth\celeba_subset\img_align_celeba\109046.jpg,8,False,2,False,0.046627242118120193,284.39110000181245
D:\Bartek\coding\biometria\facial_auth\celeba_subset\img_align_celeba\109046.jpg,8,False,2,True,0.04589906707406044,217.0858000026783
D:\Bartek\coding\biometria\facial_auth\celeba_subset\img_align_celeba\113976.jpg,7524,False,4,False,0.08455675095319748,277.2700999994413
D:\Bartek\coding\biometria\facial_auth\celeba_subset\img_align_celeba\113976.jpg,7524,False,4,True,0.1082976907491684,290.483700002369
D:\Bartek\coding\biometria\facial_auth\celeba_subset\img_align_celeba\165477.jpg,1149,False,8,False,0.05883188173174858,284.98709999985294
D:\Bartek\coding\biometria\facial_auth\celeba_subset\img_align_celeba\165477.jpg,1149,False,8,True,0.06357491761445999,283.4988999966299
D:\Bartek\coding\biometria\facial_auth\celeba_subset\img_align_celeba\125970.jpg,8748,False,2,False,0.17265529930591583,286.97969999484485
D:\Bartek\coding\biometria\facial_auth\celeba_subset\img_align_celeba\125970.jpg,8748,False,2,True,0.08343977481126785,287.08259999984875
D:\Bartek\coding\biometria\facial_auth\celeba_subset\img_align_celeba\057419.jpg,7222,False,4,False,0.11329473555088043,288.88569999980973
D:\Bartek\coding\biometria\facial_auth\celeba_subset\img_align_celeba\057419.jpg,7222,False,4,True,0.04925093427300453,285.1141999999527
D:\Bartek\coding\biometria\facial_auth\celeba_subset\img_align_celeba\196286.jpg,1147,False,8,False,0.06115229055285454,279.2310000004363
D:\Bartek\coding\biometria\facial_auth\celeba_subset\img_align_celeba\196286.jpg,1147,False,8,True,0.044555213302373886,283.2935000042198
D:\Bartek\coding\biometria\facial_auth\celeba_subset\img_align_celeba\038671.jpg,5033,False,2,False,0.18581734597682953,286.24459999991814
D:\Bartek\coding\biometria\facial_auth\celeba_subset\img_align_celeba\038671.jpg,5033,False,2,True,0.1653771549463272,294.3251000033342
D:\Bartek\coding\biometria\facial_auth\celeba_subset\img_align_celeba\090995.jpg,5033,False,4,False,0.0764450952410698,290.14519999327604
D:\Bartek\coding\biometria\facial_auth\celeba_subset\img_align_celeba\090995.jpg,5033,False,4,True,-0.006046168971806765,285.1566000026651
D:\Bartek\coding\biometria\facial_auth\celeba_subset\img_align_celeba\072580.jpg,6233,False,8,False,0.20274777710437775,287.24330000113696
D:\Bartek\coding\biometria\facial_auth\celeba_subset\img_align_celeba\072580.jpg,6233,False,8,True,0.20002460479736328,299.7633000049973
D:\Bartek\coding\biometria\facial_auth\celeba_subset\img_align_celeba\059441.jpg,1167,False,2,False,0.018650326877832413,285.76369999791496
D:\Bartek\coding\biometria\facial_auth\celeba_subset\img_align_celeba\059441.jpg,1167,False,2,True,0.08240379393100739,291.57670000131475
D:\Bartek\coding\biometria\facial_auth\celeba_subset\img_align_celeba\163625.jpg,5190,False,4,False,0.23850002884864807,282.97740000562044
D:\Bartek\coding\biometria\facial_auth\celeba_subset\img_align_celeba\163625.jpg,5190,False,4,True,0.2088274210691452,296.3480000034906
D:\Bartek\coding\biometria\facial_auth\celeba_subset\img_align_celeba\029203.jpg,190,False,8,False,0.11025625467300415,286.9194000013522
D:\Bartek\coding\biometria\facial_auth\celeba_subset\img_align_celeba\029203.jpg,190,False,8,True,0.12476522475481033,291.6207999951439
D:\Bartek\coding\biometria\facial_auth\celeba_subset\img_align_celeba\130240.jpg,6136,False,2,False,0.16395185887813568,280.06810000078985
D:\Bartek\coding\biometria\facial_auth\celeba_subset\img_align_celeba\130240.jpg,6136,False,2,True,0.03881176933646202,287.1356999967247
D:\Bartek\coding\biometria\facial_auth\celeba_subset\img_align_celeba\168624.jpg,1154,False,4,False,0.03385329991579056,282.7054000008502
D:\Bartek\coding\biometria\facial_auth\celeba_subset\img_align_celeba\168624.jpg,1154,False,4,True,0.02866365760564804,289.07270000490826
D:\Bartek\coding\biometria\facial_auth\celeba_subset\img_align_celeba\020151.jpg,5791,False,8,False,0.020429564639925957,289.3146000060369
D:\Bartek\coding\biometria\facial_auth\celeba_subset\img_align_celeba\020151.jpg,5791,False,8,True,0.03708808869123459,287.39140000107
D:\Bartek\coding\biometria\facial_auth\celeba_subset\img_align_celeba\167286.jpg,205,False,2,False,0.24244223535060883,279.3664999990142
D:\Bartek\coding\biometria\facial_auth\celeba_subset\img_align_celeba\167286.jpg,205,False,2,True,0.21199534833431244,278.3553999979631
D:\Bartek\coding\biometria\facial_auth\celeba_subset\img_align_celeba\058274.jpg,9300,False,4,False,0.2129533439874649,279.11260000109905
D:\Bartek\coding\biometria\facial_auth\celeba_subset\img_align_celeba\058274.jpg,9300,False,4,True,0.2030680924654007,286.8032999977004
D:\Bartek\coding\biometria\facial_auth\celeba_subset\img_align_celeba\165477.jpg,4185,False,8,False,0.14297932386398315,284.74890000507
D:\Bartek\coding\biometria\facial_auth\celeba_subset\img_align_celeba\165477.jpg,4185,False,8,True,0.1586400866508484,293.20369999913964
D:\Bartek\coding\biometria\facial_auth\celeba_subset\img_align_celeba\125994.jpg,6368,False,2,False,-0.03842272236943245,295.3836000015144
D:\Bartek\coding\biometria\facial_auth\celeba_subset\img_align_celeba\125994.jpg,6368,False,2,True,0.05908473953604698,297.21540000173263
D:\Bartek\coding\biometria\facial_auth\celeba_subset\img_align_celeba\008884.jpg,2835,False,4,False,0.10436868667602539,283.71340000012424
D:\Bartek\coding\biometria\facial_auth\celeba_subset\img_align_celeba\008884.jpg,2835,False,4,True,0.09737452864646912,288.11880000284873
D:\Bartek\coding\biometria\facial_auth\celeba_subset\img_align_celeba\090465.jpg,310,False,8,False,0.32444027066230774,283.081100002164
D:\Bartek\coding\biometria\facial_auth\celeba_subset\img_align_celeba\090465.jpg,310,False,8,True,0.30876606702804565,265.388100000564
D:\Bartek\coding\biometria\facial_auth\celeba_subset\img_align_celeba\182479.jpg,9534,False,2,False,0.01743210107088089,286.7763999965973
D:\Bartek\coding\biometria\facial_auth\celeba_subset\img_align_celeba\182479.jpg,9534,False,2,True,0.015618794597685337,301.73369999829447
D:\Bartek\coding\biometria\facial_auth\celeba_subset\img_align_celeba\124443.jpg,8,False,4,False,0.2280261218547821,281.23979999509174
D:\Bartek\coding\biometria\facial_auth\celeba_subset\img_align_celeba\124443.jpg,8,False,4,True,0.12904037535190582,282.66789999906905
D:\Bartek\coding\biometria\facial_auth\celeba_subset\img_align_celeba\178705.jpg,5238,False,8,False,0.0014504758873954415,279.6624000038719
D:\Bartek\coding\biometria\facial_auth\celeba_subset\img_align_celeba\178705.jpg,5238,False,8,True,-0.002397730015218258,298.8623999990523
D:\Bartek\coding\biometria\facial_auth\celeba_subset\img_align_celeba\027392.jpg,4929,False,2,False,0.1507001519203186,287.9832999969949
D:\Bartek\coding\biometria\facial_auth\celeba_subset\img_align_celeba\027392.jpg,4929,False,2,True,0.06878355145454407,291.6068999984418
D:\Bartek\coding\biometria\facial_auth\celeba_subset\img_align_celeba\145865.jpg,6368,False,4,False,0.044937629252672195,286.2422000034712
D:\Bartek\coding\biometria\facial_auth\celeba_subset\img_align_celeba\145865.jpg,6368,False,4,True,-0.0028954597655683756,288.4699999995064
D:\Bartek\coding\biometria\facial_auth\celeba_subset\img_align_celeba\172233.jpg,9910,False,8,False,0.9661849737167358,286.6412000003038
D:\Bartek\coding\biometria\facial_auth\celeba_subset\img_align_celeba\172233.jpg,9910,False,8,True,0.9399542808532715,282.1687999967253
D:\Bartek\coding\biometria\facial_auth\celeba_subset\img_align_celeba\114149.jpg,6528,False,2,False,-0.009600885212421417,275.7458000050974
D:\Bartek\coding\biometria\facial_auth\celeba_subset\img_align_celeba\114149.jpg,6528,False,2,True,-0.03841426596045494,285.33750000497093
D:\Bartek\coding\biometria\facial_auth\celeba_subset\img_align_celeba\018535.jpg,913,False,4,False,0.06268389523029327,293.5901999953785
D:\Bartek\coding\biometria\facial_auth\celeba_subset\img_align_celeba\018535.jpg,913,False,4,True,-0.018747519701719284,296.745200001169
D:\Bartek\coding\biometria\facial_auth\celeba_subset\img_align_celeba\057419.jpg,2177,False,8,False,0.9282428026199341,288.5265000004438
D:\Bartek\coding\biometria\facial_auth\celeba_subset\img_align_celeba\057419.jpg,2177,False,8,True,0.9303366541862488,290.1032999943709
D:\Bartek\coding\biometria\facial_auth\celeba_subset\img_align_celeba\038746.jpg,5780,False,2,False,0.1504843682050705,287.90920000028564
D:\Bartek\coding\biometria\facial_auth\celeba_subset\img_align_celeba\038746.jpg,5780,False,2,True,0.2058098316192627,300.9816999983741
D:\Bartek\coding\biometria\facial_auth\celeba_subset\img_align_celeba\179655.jpg,9144,False,4,False,0.17243070900440216,286.7409000027692
D:\Bartek\coding\biometria\facial_auth\celeba_subset\img_align_celeba\179655.jpg,9144,False,4,True,0.10268006473779678,298.74260000360664
D:\Bartek\coding\biometria\facial_auth\celeba_subset\img_align_celeba\193135.jpg,8027,False,8,False,0.07786258310079575,281.99409999797354
D:\Bartek\coding\biometria\facial_auth\celeba_subset\img_align_celeba\193135.jpg,8027,False,8,True,0.058564916253089905,285.25619999709306
D:\Bartek\coding\biometria\facial_auth\celeba_subset\img_align_celeba\144524.jpg,5033,False,2,False,0.1813388615846634,286.4594999991823
D:\Bartek\coding\biometria\facial_auth\celeba_subset\img_align_celeba\144524.jpg,5033,False,2,True,0.15803588926792145,293.393300002208
D:\Bartek\coding\biometria\facial_auth\celeba_subset\img_align_celeba\067479.jpg,5238,False,4,False,0.10896096378564835,290.3689000013401
D:\Bartek\coding\biometria\facial_auth\celeba_subset\img_align_celeba\067479.jpg,5238,False,4,True,0.10444717109203339,278.97540000412846
D:\Bartek\coding\biometria\facial_auth\celeba_subset\img_align_celeba\046179.jpg,4929,False,8,False,0.030827026814222336,282.1454000004451
D:\Bartek\coding\biometria\facial_auth\celeba_subset\img_align_celeba\046179.jpg,4929,False,8,True,0.017315350472927094,282.04449999611825
D:\Bartek\coding\biometria\facial_auth\celeba_subset\img_align_celeba\124546.jpg,9828,False,2,False,0.09360387176275253,280.7713000001968
D:\Bartek\coding\biometria\facial_auth\celeba_subset\img_align_celeba\124546.jpg,9828,False,2,True,0.06278013437986374,290.8714000004693
D:\Bartek\coding\biometria\facial_auth\celeba_subset\img_align_celeba\004329.jpg,2926,False,4,False,0.042856570333242416,277.22350000112783
D:\Bartek\coding\biometria\facial_auth\celeba_subset\img_align_celeba\004329.jpg,2926,False,4,True,0.02693045325577259,285.2517999999691
D:\Bartek\coding\biometria\facial_auth\celeba_subset\img_align_celeba\199029.jpg,5872,False,8,False,0.11016247421503067,276.73130000039237
D:\Bartek\coding\biometria\facial_auth\celeba_subset\img_align_celeba\199029.jpg,5872,False,8,True,0.10549023002386093,289.65709999465616
D:\Bartek\coding\biometria\facial_auth\celeba_subset\img_align_celeba\006950.jpg,5591,False,2,False,-0.058483779430389404,286.6881000009016
D:\Bartek\coding\biometria\facial_auth\celeba_subset\img_align_celeba\006950.jpg,5591,False,2,True,-0.008579462766647339,278.03729999868665
D:\Bartek\coding\biometria\facial_auth\celeba_subset\img_align_celeba\011852.jpg,7338,False,4,False,0.1324421465396881,285.0364999976591
D:\Bartek\coding\biometria\facial_auth\celeba_subset\img_align_celeba\011852.jpg,7338,False,4,True,0.18384717404842377,286.59970000444446
D:\Bartek\coding\biometria\facial_auth\celeba_subset\img_align_celeba\104509.jpg,6368,False,8,False,0.04854707419872284,289.73980000591837
D:\Bartek\coding\biometria\facial_auth\celeba_subset\img_align_celeba\104509.jpg,6368,False,8,True,0.04864314943552017,289.48469999886584
D:\Bartek\coding\biometria\facial_auth\celeba_subset\img_align_celeba\168857.jpg,7422,False,2,False,0.007624993100762367,291.6278999982751
D:\Bartek\coding\biometria\facial_auth\celeba_subset\img_align_celeba\168857.jpg,7422,False,2,True,0.0317852646112442,294.1054999973858
D:\Bartek\coding\biometria\facial_auth\celeba_subset\img_align_celeba\069805.jpg,7103,False,4,False,0.0627470389008522,281.27649999805726
D:\Bartek\coding\biometria\facial_auth\celeba_subset\img_align_celeba\069805.jpg,7103,False,4,True,-0.01704346016049385,297.3928999999771
D:\Bartek\coding\biometria\facial_auth\celeba_subset\img_align_celeba\027075.jpg,2814,False,8,False,0.04701140150427818,289.6528999990551
D:\Bartek\coding\biometria\facial_auth\celeba_subset\img_align_celeba\027075.jpg,2814,False,8,True,0.027046848088502884,219.34060000057798
D:\Bartek\coding\biometria\facial_auth\celeba_subset\img_align_celeba\078512.jpg,6719,False,2,False,0.12026546895503998,277.4194000012358
D:\Bartek\coding\biometria\facial_auth\celeba_subset\img_align_celeba\078512.jpg,6719,False,2,True,0.10699808597564697,290.8659000022453
D:\Bartek\coding\biometria\facial_auth\celeba_subset\img_align_celeba\043908.jpg,9144,False,4,False,0.2425704002380371,284.4751000011456
D:\Bartek\coding\biometria\facial_auth\celeba_subset\img_align_celeba\043908.jpg,9144,False,4,True,0.16943252086639404,288.38550000364194
D:\Bartek\coding\biometria\facial_auth\celeba_subset\img_align_celeba\017468.jpg,9688,False,8,False,0.039536889642477036,286.74599999794737
D:\Bartek\coding\biometria\facial_auth\celeba_subset\img_align_celeba\017468.jpg,9688,False,8,True,0.04759371653199196,280.09539999766275
D:\Bartek\coding\biometria\facial_auth\celeba_subset\img_align_celeba\094591.jpg,5190,False,2,False,0.09761528670787811,277.63060000143014
D:\Bartek\coding\biometria\facial_auth\celeba_subset\img_align_celeba\094591.jpg,5190,False,2,True,0.11237695068120956,273.5718000039924
D:\Bartek\coding\biometria\facial_auth\celeba_subset\img_align_celeba\147129.jpg,655,False,4,False,0.0753040760755539,283.9741999996477
D:\Bartek\coding\biometria\facial_auth\celeba_subset\img_align_celeba\147129.jpg,655,False,4,True,0.08437817543745041,287.5192999999854
D:\Bartek\coding\biometria\facial_auth\celeba_subset\img_align_celeba\042542.jpg,3336,False,8,False,0.056031376123428345,286.31920000043465
D:\Bartek\coding\biometria\facial_auth\celeba_subset\img_align_celeba\042542.jpg,3336,False,8,True,0.0564294196665287,288.672000002407
D:\Bartek\coding\biometria\facial_auth\celeba_subset\img_align_celeba\048985.jpg,6972,False,2,False,0.056335482746362686,286.50520000519464
D:\Bartek\coding\biometria\facial_auth\celeba_subset\img_align_celeba\048985.jpg,6972,False,2,True,0.08838381618261337,283.9029000024311
D:\Bartek\coding\biometria\facial_auth\celeba_subset\img_align_celeba\200261.jpg,8415,False,4,False,0.11948173493146896,282.6375000004191
D:\Bartek\coding\biometria\facial_auth\celeba_subset\img_align_celeba\200261.jpg,8415,False,4,True,0.11868787556886673,297.6675999962026
D:\Bartek\coding\biometria\facial_auth\celeba_subset\img_align_celeba\146473.jpg,310,False,8,False,0.29796314239501953,287.26450000249315
D:\Bartek\coding\biometria\facial_auth\celeba_subset\img_align_celeba\146473.jpg,310,False,8,True,0.2811564803123474,288.04390000004787
D:\Bartek\coding\biometria\facial_auth\celeba_subset\img_align_celeba\189128.jpg,6277,False,2,False,0.11416711658239365,285.4252000033739
D:\Bartek\coding\biometria\facial_auth\celeba_subset\img_align_celeba\189128.jpg,6277,False,2,True,0.1490599811077118,289.8981999969692
D:\Bartek\coding\biometria\facial_auth\celeba_subset\img_align_celeba\078965.jpg,4659,False,4,False,0.1284007877111435,287.58599999855505
D:\Bartek\coding\biometria\facial_auth\celeba_subset\img_align_celeba\078965.jpg,4659,False,4,True,0.17593175172805786,288.61679999681655
D:\Bartek\coding\biometria\facial_auth\celeba_subset\img_align_celeba\119038.jpg,7422,False,8,False,0.7653400897979736,519.1616000010981
D:\Bartek\coding\biometria\facial_auth\celeba_subset\img_align_celeba\119038.jpg,7422,False,8,True,0.7575905323028564,265.8265999998548
D:\Bartek\coding\biometria\facial_auth\celeba_subset\img_align_celeba\088448.jpg,5747,False,2,False,0.11273571848869324,276.0662000000593
D:\Bartek\coding\biometria\facial_auth\celeba_subset\img_align_celeba\088448.jpg,5747,False,2,True,0.13012005388736725,286.8860000016866
D:\Bartek\coding\biometria\facial_auth\celeba_subset\img_align_celeba\046845.jpg,5872,False,4,False,0.011825920082628727,285.0239999970654
D:\Bartek\coding\biometria\facial_auth\celeba_subset\img_align_celeba\046845.jpg,5872,False,4,True,0.043496474623680115,295.24099999980535
D:\Bartek\coding\biometria\facial_auth\celeba_subset\img_align_celeba\021059.jpg,5534,False,8,False,0.06770256906747818,286.71200000098906
D:\Bartek\coding\biometria\facial_auth\celeba_subset\img_align_celeba\021059.jpg,5534,False,8,True,0.08078262209892273,280.83329999935813
D:\Bartek\coding\biometria\facial_auth\celeba_subset\img_align_celeba\005886.jpg,7103,False,2,False,0.06509501487016678,284.9735999989207
D:\Bartek\coding\biometria\facial_auth\celeba_subset\img_align_celeba\005886.jpg,7103,False,2,True,0.05806199833750725,290.8960999993724
D:\Bartek\coding\biometria\facial_auth\celeba_subset\img_align_celeba\014731.jpg,1350,False,4,False,0.06287489086389542,277.81490000052145
D:\Bartek\coding\biometria\facial_auth\celeba_subset\img_align_celeba\014731.jpg,1350,False,4,True,0.07357591390609741,284.7799000010127
D:\Bartek\coding\biometria\facial_auth\celeba_subset\img_align_celeba\182354.jpg,655,False,8,False,0.06957123428583145,283.3530999996583
D:\Bartek\coding\biometria\facial_auth\celeba_subset\img_align_celeba\182354.jpg,655,False,8,True,0.07202037423849106,297.14249999960884
D:\Bartek\coding\biometria\facial_auth\celeba_subset\img_align_celeba\000131.jpg,9632,False,2,False,0.11995553225278854,292.3272999978508
D:\Bartek\coding\biometria\facial_auth\celeba_subset\img_align_celeba\000131.jpg,9632,False,2,True,0.07599470764398575,292.17960000096355
D:\Bartek\coding\biometria\facial_auth\celeba_subset\img_align_celeba\199956.jpg,5238,False,4,False,-0.00506666861474514,285.5399000036414
D:\Bartek\coding\biometria\facial_auth\celeba_subset\img_align_celeba\199956.jpg,5238,False,4,True,0.09186691045761108,291.6918999981135
D:\Bartek\coding\biometria\facial_auth\celeba_subset\img_align_celeba\146045.jpg,9939,False,8,False,0.037874963134527206,294.65779999736696
D:\Bartek\coding\biometria\facial_auth\celeba_subset\img_align_celeba\146045.jpg,9939,False,8,True,0.055941734462976456,288.3940000028815
D:\Bartek\coding\biometria\facial_auth\celeba_subset\img_align_celeba\153541.jpg,4196,False,2,False,0.09797006100416183,291.89559999940684
D:\Bartek\coding\biometria\facial_auth\celeba_subset\img_align_celeba\153541.jpg,4196,False,2,True,0.129843607544899,291.65500000090105
D:\Bartek\coding\biometria\facial_auth\celeba_subset\img_align_celeba\130243.jpg,7524,False,4,False,0.12422913312911987,293.1029000028502
D:\Bartek\coding\biometria\facial_auth\celeba_subset\img_align_celeba\130243.jpg,7524,False,4,True,0.10970905423164368,290.7458999980008
D:\Bartek\coding\biometria\facial_auth\celeba_subset\img_align_celeba\024172.jpg,190,False,8,False,0.12786118686199188,286.33190000255127
D:\Bartek\coding\biometria\facial_auth\celeba_subset\img_align_celeba\024172.jpg,190,False,8,True,0.11360172182321548,288.270700002613
D:\Bartek\coding\biometria\facial_auth\celeba_subset\img_align_celeba\023065.jpg,503,False,2,False,0.16057473421096802,284.8271000038949
D:\Bartek\coding\biometria\facial_auth\celeba_subset\img_align_celeba\023065.jpg,503,False,2,True,0.15376977622509003,295.06509999919217
D:\Bartek\coding\biometria\facial_auth\celeba_subset\img_align_celeba\004003.jpg,8091,False,4,False,0.15930485725402832,287.27950000029523
D:\Bartek\coding\biometria\facial_auth\celeba_subset\img_align_celeba\004003.jpg,8091,False,4,True,0.11536570638418198,292.9576000024099
D:\Bartek\coding\biometria\facial_auth\celeba_subset\img_align_celeba\117103.jpg,3877,False,8,False,0.03148665279150009,286.40679999807617
D:\Bartek\coding\biometria\facial_auth\celeba_subset\img_align_celeba\117103.jpg,3877,False,8,True,0.039910461753606796,286.04790000099456
D:\Bartek\coding\biometria\facial_auth\celeba_subset\img_align_celeba\084506.jpg,8936,False,2,False,0.18132975697517395,288.2095999957528
D:\Bartek\coding\biometria\facial_auth\celeba_subset\img_align_celeba\084506.jpg,8936,False,2,True,0.15230372548103333,298.6356999972486
D:\Bartek\coding\biometria\facial_auth\celeba_subset\img_align_celeba\153129.jpg,5190,False,4,False,0.08745583891868591,285.5506000050809
D:\Bartek\coding\biometria\facial_auth\celeba_subset\img_align_celeba\153129.jpg,5190,False,4,True,0.10346931964159012,303.17030000151135
D:\Bartek\coding\biometria\facial_auth\celeba_subset\img_align_celeba\060285.jpg,4069,False,8,False,0.07220301777124405,274.3398000020534
D:\Bartek\coding\biometria\facial_auth\celeba_subset\img_align_celeba\060285.jpg,4069,False,8,True,0.07220946997404099,279.4450000001234
D:\Bartek\coding\biometria\facial_auth\celeba_subset\img_align_celeba\020395.jpg,9489,False,2,False,0.0014926772564649582,285.0782999958028
D:\Bartek\coding\biometria\facial_auth\celeba_subset\img_align_celeba\020395.jpg,9489,False,2,True,0.04981369897723198,296.9115999949281
D:\Bartek\coding\biometria\facial_auth\celeba_subset\img_align_celeba\146030.jpg,7253,False,4,False,0.13925716280937195,286.83730000193464
D:\Bartek\coding\biometria\facial_auth\celeba_subset\img_align_celeba\146030.jpg,7253,False,4,True,0.11249610036611557,293.0276000042795
D:\Bartek\coding\biometria\facial_auth\celeba_subset\img_align_celeba\164083.jpg,898,False,8,False,0.277418851852417,284.70260000176495
D:\Bartek\coding\biometria\facial_auth\celeba_subset\img_align_celeba\164083.jpg,898,False,8,True,0.2681162357330322,282.2930999973323
D:\Bartek\coding\biometria\facial_auth\celeba_subset\img_align_celeba\035821.jpg,5747,False,2,False,0.02362685464322567,293.2297000006656
D:\Bartek\coding\biometria\facial_auth\celeba_subset\img_align_celeba\035821.jpg,5747,False,2,True,0.036138564348220825,301.7440000039642
D:\Bartek\coding\biometria\facial_auth\celeba_subset\img_align_celeba\037113.jpg,5591,False,4,False,0.008579883724451065,291.3198999958695
D:\Bartek\coding\biometria\facial_auth\celeba_subset\img_align_celeba\037113.jpg,5591,False,4,True,0.07530780136585236,298.78390000521904
D:\Bartek\coding\biometria\facial_auth\celeba_subset\img_align_celeba\079338.jpg,6456,False,8,False,0.20555932819843292,284.9778999952832
D:\Bartek\coding\biometria\facial_auth\celeba_subset\img_align_celeba\079338.jpg,6456,False,8,True,0.19907978177070618,284.1603999986546
D:\Bartek\coding\biometria\facial_auth\celeba_subset\img_align_celeba\052459.jpg,6086,False,2,False,0.036544319242239,284.0756000005058
D:\Bartek\coding\biometria\facial_auth\celeba_subset\img_align_celeba\052459.jpg,6086,False,2,True,0.06459277868270874,289.6946000037133
D:\Bartek\coding\biometria\facial_auth\celeba_subset\img_align_celeba\161289.jpg,4936,False,4,False,0.06064792349934578,286.0094999996363
D:\Bartek\coding\biometria\facial_auth\celeba_subset\img_align_celeba\161289.jpg,4936,False,4,True,0.044008735567331314,296.84609999821987
D:\Bartek\coding\biometria\facial_auth\celeba_subset\img_align_celeba\063110.jpg,7088,False,8,False,0.04468395933508873,285.0996999986819
D:\Bartek\coding\biometria\facial_auth\celeba_subset\img_align_celeba\063110.jpg,7088,False,8,True,0.047035977244377136,284.9265999975614
D:\Bartek\coding\biometria\facial_auth\celeba_subset\img_align_celeba\123925.jpg,975,False,2,False,0.140552818775177,289.51400000369176
D:\Bartek\coding\biometria\facial_auth\celeba_subset\img_align_celeba\123925.jpg,975,False,2,True,0.01863379217684269,292.16059999453137
D:\Bartek\coding\biometria\facial_auth\celeba_subset\img_align_celeba\087804.jpg,6983,False,4,False,0.10490746796131134,293.8761999976123
D:\Bartek\coding\biometria\facial_auth\celeba_subset\img_align_celeba\087804.jpg,6983,False,4,True,0.08963212370872498,299.36409999936586
D:\Bartek\coding\biometria\facial_auth\celeba_subset\img_align_celeba\195140.jpg,3655,False,8,False,0.4838070273399353,287.83259999909205
D:\Bartek\coding\biometria\facial_auth\celeba_subset\img_align_celeba\195140.jpg,3655,False,8,True,0.4666055738925934,289.63780000049155
D:\Bartek\coding\biometria\facial_auth\celeba_subset\img_align_celeba\004284.jpg,913,False,2,False,-0.01070692390203476,287.21869999571936
D:\Bartek\coding\biometria\facial_auth\celeba_subset\img_align_celeba\004284.jpg,913,False,2,True,-0.0380643829703331,292.8461999981664
D:\Bartek\coding\biometria\facial_auth\celeba_subset\img_align_celeba\103319.jpg,7103,False,4,False,0.14565901458263397,276.30120000685565
D:\Bartek\coding\biometria\facial_auth\celeba_subset\img_align_celeba\103319.jpg,7103,False,4,True,0.15846486389636993,278.47270000347635
D:\Bartek\coding\biometria\facial_auth\celeba_subset\img_align_celeba\038671.jpg,7253,False,8,False,0.15242452919483185,315.11809999938123
D:\Bartek\coding\biometria\facial_auth\celeba_subset\img_align_celeba\038671.jpg,7253,False,8,True,0.13141502439975739,295.4639999952633
D:\Bartek\coding\biometria\facial_auth\celeba_subset\img_align_celeba\108295.jpg,8027,False,2,False,-0.05630619823932648,292.19349999766564
D:\Bartek\coding\biometria\facial_auth\celeba_subset\img_align_celeba\108295.jpg,8027,False,2,True,-0.0535149946808815,304.1081000046688
D:\Bartek\coding\biometria\facial_auth\celeba_subset\img_align_celeba\000332.jpg,6456,False,4,False,0.24386484920978546,284.30919999664184
D:\Bartek\coding\biometria\facial_auth\celeba_subset\img_align_celeba\000332.jpg,6456,False,4,True,0.09508274495601654,289.2735999994329
D:\Bartek\coding\biometria\facial_auth\celeba_subset\img_align_celeba\171847.jpg,655,False,8,False,0.09246709942817688,283.5154999993392
D:\Bartek\coding\biometria\facial_auth\celeba_subset\img_align_celeba\171847.jpg,655,False,8,True,0.08181267976760864,285.59600000153296
D:\Bartek\coding\biometria\facial_auth\celeba_subset\img_align_celeba\022303.jpg,9828,False,2,False,-0.018740255385637283,286.52950000105193
D:\Bartek\coding\biometria\facial_auth\celeba_subset\img_align_celeba\022303.jpg,9828,False,2,True,-0.06410256773233414,288.82159999920987
D:\Bartek\coding\biometria\facial_auth\celeba_subset\img_align_celeba\133993.jpg,2814,False,4,False,-0.0582006461918354,288.29680000490043
D:\Bartek\coding\biometria\facial_auth\celeba_subset\img_align_celeba\133993.jpg,2814,False,4,True,-0.10242550075054169,289.62659999524476
D:\Bartek\coding\biometria\facial_auth\celeba_subset\img_align_celeba\198922.jpg,9534,False,8,False,0.20739175379276276,280.5739999967045
D:\Bartek\coding\biometria\facial_auth\celeba_subset\img_align_celeba\198922.jpg,9534,False,8,True,0.2282974272966385,285.3447000015876
D:\Bartek\coding\biometria\facial_auth\celeba_subset\img_align_celeba\098428.jpg,6368,False,2,False,0.04551294073462486,286.8649000010919
D:\Bartek\coding\biometria\facial_auth\celeba_subset\img_align_celeba\098428.jpg,6368,False,2,True,0.05499814450740814,289.72780000185594
D:\Bartek\coding\biometria\facial_auth\celeba_subset\img_align_celeba\183511.jpg,3236,False,4,False,0.16077129542827606,293.96109999652253
D:\Bartek\coding\biometria\facial_auth\celeba_subset\img_align_celeba\183511.jpg,3236,False,4,True,0.11681975424289703,294.0740999983973
D:\Bartek\coding\biometria\facial_auth\celeba_subset\img_align_celeba\024370.jpg,8971,False,8,False,0.032111234962940216,292.5268999970285
D:\Bartek\coding\biometria\facial_auth\celeba_subset\img_align_celeba\024370.jpg,8971,False,8,True,0.019359931349754333,280.81850000307895
D:\Bartek\coding\biometria\facial_auth\celeba_subset\img_align_celeba\047407.jpg,8415,False,2,False,0.1976449340581894,285.3149000002304
D:\Bartek\coding\biometria\facial_auth\celeba_subset\img_align_celeba\047407.jpg,8415,False,2,True,0.1669798046350479,284.3827000033343
D:\Bartek\coding\biometria\facial_auth\celeba_subset\img_align_celeba\022715.jpg,5780,False,4,False,0.1770804524421692,283.82919999421574
D:\Bartek\coding\biometria\facial_auth\celeba_subset\img_align_celeba\022715.jpg,5780,False,4,True,0.10846429318189621,283.4265999990748
D:\Bartek\coding\biometria\facial_auth\celeba_subset\img_align_celeba\104236.jpg,4196,False,8,False,0.35276922583580017,283.65009999834
D:\Bartek\coding\biometria\facial_auth\celeba_subset\img_align_celeba\104236.jpg,4196,False,8,True,0.3603819012641907,281.8028999972739
D:\Bartek\coding\biometria\facial_auth\celeba_subset\img_align_celeba\151648.jpg,8415,False,2,False,0.03421752527356148,288.41839999950025
D:\Bartek\coding\biometria\facial_auth\celeba_subset\img_align_celeba\151648.jpg,8415,False,2,True,-0.015276913531124592,287.73309999814956
D:\Bartek\coding\biometria\facial_auth\celeba_subset\img_align_celeba\010221.jpg,913,False,4,False,0.09094367921352386,288.3626999973785
D:\Bartek\coding\biometria\facial_auth\celeba_subset\img_align_celeba\010221.jpg,913,False,4,True,0.10636111348867416,295.9354000049643
D:\Bartek\coding\biometria\facial_auth\celeba_subset\img_align_celeba\141027.jpg,1435,False,8,False,0.005414518062025309,295.3657999969437
D:\Bartek\coding\biometria\facial_auth\celeba_subset\img_align_celeba\141027.jpg,1435,False,8,True,0.005224783904850483,344.03150000434835
D:\Bartek\coding\biometria\facial_auth\celeba_subset\img_align_celeba\059002.jpg,6086,False,2,False,-0.024261493235826492,285.737699996389
D:\Bartek\coding\biometria\facial_auth\celeba_subset\img_align_celeba\059002.jpg,6086,False,2,True,0.08114662766456604,292.5632999977097
D:\Bartek\coding\biometria\facial_auth\celeba_subset\img_align_celeba\146045.jpg,8415,False,4,False,0.0898360013961792,283.187100001669
D:\Bartek\coding\biometria\facial_auth\celeba_subset\img_align_celeba\146045.jpg,8415,False,4,True,0.09219025075435638,293.4893000056036
D:\Bartek\coding\biometria\facial_auth\celeba_subset\img_align_celeba\080937.jpg,6528,False,8,False,0.5050118565559387,296.9971999991685
D:\Bartek\coding\biometria\facial_auth\celeba_subset\img_align_celeba\080937.jpg,6528,False,8,True,0.5142916440963745,300.8879999979399
D:\Bartek\coding\biometria\facial_auth\celeba_subset\img_align_celeba\015976.jpg,898,False,2,False,0.24701541662216187,306.83619999763323
D:\Bartek\coding\biometria\facial_auth\celeba_subset\img_align_celeba\015976.jpg,898,False,2,True,0.23171299695968628,282.95369999977993
D:\Bartek\coding\biometria\facial_auth\celeba_subset\img_align_celeba\114858.jpg,205,False,4,False,0.05485560745000839,279.74019999965094
D:\Bartek\coding\biometria\facial_auth\celeba_subset\img_align_celeba\114858.jpg,205,False,4,True,0.04460402950644493,290.38710000168066
D:\Bartek\coding\biometria\facial_auth\celeba_subset\img_align_celeba\202449.jpg,3877,False,8,False,0.04997742176055908,283.42130000237375
D:\Bartek\coding\biometria\facial_auth\celeba_subset\img_align_celeba\202449.jpg,3877,False,8,True,0.044156067073345184,287.4115000013262
D:\Bartek\coding\biometria\facial_auth\celeba_subset\img_align_celeba\128455.jpg,8908,False,2,False,0.905643880367279,290.386300002865
D:\Bartek\coding\biometria\facial_auth\celeba_subset\img_align_celeba\128455.jpg,8908,False,2,True,0.20412583649158478,296.08810000354424
D:\Bartek\coding\biometria\facial_auth\celeba_subset\img_align_celeba\141742.jpg,6456,False,4,False,0.24504849314689636,285.3891999984626
D:\Bartek\coding\biometria\facial_auth\celeba_subset\img_align_celeba\141742.jpg,6456,False,4,True,0.11856565624475479,293.53319999790983
D:\Bartek\coding\biometria\facial_auth\celeba_subset\img_align_celeba\071046.jpg,6719,False,8,False,0.01637793332338333,281.74980000039795
D:\Bartek\coding\biometria\facial_auth\celeba_subset\img_align_celeba\071046.jpg,6719,False,8,True,0.007134879007935524,286.1285000035423
D:\Bartek\coding\biometria\facial_auth\celeba_subset\img_align_celeba\063997.jpg,5672,False,2,False,0.15362901985645294,293.493800003489
D:\Bartek\coding\biometria\facial_auth\celeba_subset\img_align_celeba\063997.jpg,5672,False,2,True,0.11027190089225769,288.45900000305846
D:\Bartek\coding\biometria\facial_auth\celeba_subset\img_align_celeba\005251.jpg,5747,False,4,False,-0.024149401113390923,287.8915999972378
D:\Bartek\coding\biometria\facial_auth\celeba_subset\img_align_celeba\005251.jpg,5747,False,4,True,0.04923659563064575,287.25430000486085
D:\Bartek\coding\biometria\facial_auth\celeba_subset\img_align_celeba\153541.jpg,6972,False,8,False,0.03447943553328514,284.588900001836
D:\Bartek\coding\biometria\facial_auth\celeba_subset\img_align_celeba\153541.jpg,6972,False,8,True,0.043990712612867355,280.9019999986049
D:\Bartek\coding\biometria\facial_auth\celeba_subset\img_align_celeba\157736.jpg,6806,False,2,False,-0.025348655879497528,289.5704000038677
D:\Bartek\coding\biometria\facial_auth\celeba_subset\img_align_celeba\157736.jpg,6806,False,2,True,-0.08265305310487747,291.96869999577757
D:\Bartek\coding\biometria\facial_auth\celeba_subset\img_align_celeba\111988.jpg,5591,False,4,False,0.05583211034536362,286.9286999994074
D:\Bartek\coding\biometria\facial_auth\celeba_subset\img_align_celeba\111988.jpg,5591,False,4,True,0.010267503559589386,289.70709999703104
D:\Bartek\coding\biometria\facial_auth\celeba_subset\img_align_celeba\189128.jpg,9910,False,8,False,0.9642021656036377,278.42779999627965
D:\Bartek\coding\biometria\facial_auth\celeba_subset\img_align_celeba\189128.jpg,9910,False,8,True,0.9576854705810547,282.51790000649635
D:\Bartek\coding\biometria\facial_auth\celeba_subset\img_align_celeba\107263.jpg,5099,False,2,False,0.0030852649360895157,290.4000999988057
D:\Bartek\coding\biometria\facial_auth\celeba_subset\img_align_celeba\107263.jpg,5099,False,2,True,0.050116345286369324,295.5096000005142
D:\Bartek\coding\biometria\facial_auth\celeba_subset\img_align_celeba\137496.jpg,1104,False,4,False,0.0979561060667038,289.18240000348305
D:\Bartek\coding\biometria\facial_auth\celeba_subset\img_align_celeba\137496.jpg,1104,False,4,True,0.14431682229042053,290.58529999747407
D:\Bartek\coding\biometria\facial_auth\celeba_subset\img_align_celeba\179069.jpg,2926,False,8,False,0.03243282809853554,290.7548999937717
D:\Bartek\coding\biometria\facial_auth\celeba_subset\img_align_celeba\179069.jpg,2926,False,8,True,0.019743861630558968,287.79819999908796
D:\Bartek\coding\biometria\facial_auth\celeba_subset\img_align_celeba\194543.jpg,1104,False,2,False,-0.03437905013561249,296.2374999988242
D:\Bartek\coding\biometria\facial_auth\celeba_subset\img_align_celeba\194543.jpg,1104,False,2,True,-0.01125439815223217,295.5124000000069
D:\Bartek\coding\biometria\facial_auth\celeba_subset\img_align_celeba\143755.jpg,898,False,4,False,-0.06347618252038956,289.7819999998319
D:\Bartek\coding\biometria\facial_auth\celeba_subset\img_align_celeba\143755.jpg,898,False,4,True,-0.07898825407028198,294.43869999522576
D:\Bartek\coding\biometria\facial_auth\celeba_subset\img_align_celeba\090995.jpg,913,False,8,False,0.030475666746497154,289.7048000013456
D:\Bartek\coding\biometria\facial_auth\celeba_subset\img_align_celeba\090995.jpg,913,False,8,True,0.029266955330967903,302.8078999996069
D:\Bartek\coding\biometria\facial_auth\celeba_subset\img_align_celeba\022495.jpg,9910,False,2,False,0.03928389400243759,283.0785000041942
D:\Bartek\coding\biometria\facial_auth\celeba_subset\img_align_celeba\022495.jpg,9910,False,2,True,0.02996997721493244,287.1283999993466
D:\Bartek\coding\biometria\facial_auth\celeba_subset\img_align_celeba\004411.jpg,205,False,4,False,0.09486248344182968,287.268199994287
D:\Bartek\coding\biometria\facial_auth\celeba_subset\img_align_celeba\004411.jpg,205,False,4,True,0.1011146679520607,292.0603999955347
D:\Bartek\coding\biometria\facial_auth\celeba_subset\img_align_celeba\190600.jpg,1149,False,8,False,0.049414318054914474,283.9739999981248
D:\Bartek\coding\biometria\facial_auth\celeba_subset\img_align_celeba\190600.jpg,1149,False,8,True,0.07331839203834534,284.54770000098506
D:\Bartek\coding\biometria\facial_auth\celeba_subset\img_align_celeba\190218.jpg,5127,False,2,False,0.042172037065029144,283.28110000438755
D:\Bartek\coding\biometria\facial_auth\celeba_subset\img_align_celeba\190218.jpg,5127,False,2,True,0.07530448585748672,302.6062999997521
D:\Bartek\coding\biometria\facial_auth\celeba_subset\img_align_celeba\104520.jpg,205,False,4,False,0.07403118163347244,218.0249000011827
D:\Bartek\coding\biometria\facial_auth\celeba_subset\img_align_celeba\104520.jpg,205,False,4,True,0.03823542967438698,214.8961999992025
D:\Bartek\coding\biometria\facial_auth\celeba_subset\img_align_celeba\097910.jpg,898,False,8,False,0.267442911863327,268.7590999994427
D:\Bartek\coding\biometria\facial_auth\celeba_subset\img_align_celeba\097910.jpg,898,False,8,True,0.2709689140319824,284.9119999955292
D:\Bartek\coding\biometria\facial_auth\celeba_subset\img_align_celeba\104509.jpg,3655,False,2,False,-0.006183333694934845,287.0880999980727
D:\Bartek\coding\biometria\facial_auth\celeba_subset\img_align_celeba\104509.jpg,3655,False,2,True,0.014262184500694275,295.3150000030291
D:\Bartek\coding\biometria\facial_auth\celeba_subset\img_align_celeba\139400.jpg,4929,False,4,False,-0.04350167140364647,288.4563000043272
D:\Bartek\coding\biometria\facial_auth\celeba_subset\img_align_celeba\139400.jpg,4929,False,4,True,0.027994442731142044,286.91819999949075
D:\Bartek\coding\biometria\facial_auth\celeba_subset\img_align_celeba\092052.jpg,8,False,8,False,0.02704939804971218,279.54460000182735
D:\Bartek\coding\biometria\facial_auth\celeba_subset\img_align_celeba\092052.jpg,8,False,8,True,0.035646725445985794,287.81669999443693
D:\Bartek\coding\biometria\facial_auth\celeba_subset\img_align_celeba\005680.jpg,494,False,2,False,0.1727188676595688,296.5476999961538
D:\Bartek\coding\biometria\facial_auth\celeba_subset\img_align_celeba\005680.jpg,494,False,2,True,0.10314725339412689,302.4241000020993
D:\Bartek\coding\biometria\facial_auth\celeba_subset\img_align_celeba\143996.jpg,5791,False,4,False,-0.08770515769720078,285.1879000008921
D:\Bartek\coding\biometria\facial_auth\celeba_subset\img_align_celeba\143996.jpg,5791,False,4,True,-0.1641487330198288,298.98519999551354
D:\Bartek\coding\biometria\facial_auth\celeba_subset\img_align_celeba\068359.jpg,3200,False,8,False,0.5214255452156067,295.73090000485536
D:\Bartek\coding\biometria\facial_auth\celeba_subset\img_align_celeba\068359.jpg,3200,False,8,True,0.48345261812210083,294.6553000001586
D:\Bartek\coding\biometria\facial_auth\celeba_subset\img_align_celeba\131034.jpg,7088,False,2,False,-0.0031207315623760223,287.00989999924786
D:\Bartek\coding\biometria\facial_auth\celeba_subset\img_align_celeba\131034.jpg,7088,False,2,True,0.06038922443985939,300.1245000050403
D:\Bartek\coding\biometria\facial_auth\celeba_subset\img_align_celeba\150435.jpg,8027,False,4,False,0.11660370230674744,286.7463000002317
D:\Bartek\coding\biometria\facial_auth\celeba_subset\img_align_celeba\150435.jpg,8027,False,4,True,0.0719916820526123,291.2114999999176
D:\Bartek\coding\biometria\facial_auth\celeba_subset\img_align_celeba\033677.jpg,8091,False,8,False,0.07148236036300659,285.738600003242
D:\Bartek\coding\biometria\facial_auth\celeba_subset\img_align_celeba\033677.jpg,8091,False,8,True,0.07133311033248901,285.8667000036803
D:\Bartek\coding\biometria\facial_auth\celeba_subset\img_align_celeba\142442.jpg,3336,False,2,False,0.105215884745121,291.53210000367835
D:\Bartek\coding\biometria\facial_auth\celeba_subset\img_align_celeba\142442.jpg,3336,False,2,True,0.13071125745773315,294.42249999556225
D:\Bartek\coding\biometria\facial_auth\celeba_subset\img_align_celeba\078825.jpg,9534,False,4,False,0.13896654546260834,283.8615000000573
D:\Bartek\coding\biometria\facial_auth\celeba_subset\img_align_celeba\078825.jpg,9534,False,4,True,0.0035391561686992645,289.1769999987446
D:\Bartek\coding\biometria\facial_auth\celeba_subset\img_align_celeba\183023.jpg,8,False,8,False,0.021665530279278755,305.32030000176746
D:\Bartek\coding\biometria\facial_auth\celeba_subset\img_align_celeba\183023.jpg,8,False,8,True,0.02116824872791767,285.8379999961471
D:\Bartek\coding\biometria\facial_auth\celeba_subset\img_align_celeba\184813.jpg,4968,False,2,False,0.009246223606169224,296.80720000033034
D:\Bartek\coding\biometria\facial_auth\celeba_subset\img_align_celeba\184813.jpg,4968,False,2,True,0.013218136504292488,288.81600000022445
D:\Bartek\coding\biometria\facial_auth\celeba_subset\img_align_celeba\019686.jpg,4870,False,4,False,0.16374419629573822,280.46330000506714
D:\Bartek\coding\biometria\facial_auth\celeba_subset\img_align_celeba\019686.jpg,4870,False,4,True,0.10198219865560532,285.4933999988134
D:\Bartek\coding\biometria\facial_auth\celeba_subset\img_align_celeba\156231.jpg,5238,False,8,False,-0.00495811877772212,284.87180000229273
D:\Bartek\coding\biometria\facial_auth\celeba_subset\img_align_celeba\156231.jpg,5238,False,8,True,0.015601334162056446,286.92489999957616
D:\Bartek\coding\biometria\facial_auth\celeba_subset\img_align_celeba\159979.jpg,7088,False,2,False,0.12852023541927338,285.19140000571497
D:\Bartek\coding\biometria\facial_auth\celeba_subset\img_align_celeba\159979.jpg,7088,False,2,True,0.13014653325080872,229.25650000252062
D:\Bartek\coding\biometria\facial_auth\celeba_subset\img_align_celeba\146545.jpg,5246,False,4,False,0.039392344653606415,275.57859999797074
D:\Bartek\coding\biometria\facial_auth\celeba_subset\img_align_celeba\146545.jpg,5246,False,4,True,0.040441226214170456,289.77869999653194
D:\Bartek\coding\biometria\facial_auth\celeba_subset\img_align_celeba\182354.jpg,8908,False,8,False,0.9222266674041748,285.4222000023583
D:\Bartek\coding\biometria\facial_auth\celeba_subset\img_align_celeba\182354.jpg,8908,False,8,True,0.9180788993835449,294.7876999969594
D:\Bartek\coding\biometria\facial_auth\celeba_subset\img_align_celeba\045233.jpg,5791,False,2,False,0.11296270042657852,218.05939999467228
D:\Bartek\coding\biometria\facial_auth\celeba_subset\img_align_celeba\045233.jpg,5791,False,2,True,0.06632701307535172,280.73659999790834
D:\Bartek\coding\biometria\facial_auth\celeba_subset\img_align_celeba\154413.jpg,205,False,4,False,0.23993588984012604,277.881800000614
D:\Bartek\coding\biometria\facial_auth\celeba_subset\img_align_celeba\154413.jpg,205,False,4,True,0.06670088320970535,284.8104000004241
D:\Bartek\coding\biometria\facial_auth\celeba_subset\img_align_celeba\169730.jpg,6719,False,8,False,0.04675864428281784,284.4863999998779
D:\Bartek\coding\biometria\facial_auth\celeba_subset\img_align_celeba\169730.jpg,6719,False,8,True,0.0447271429002285,287.8100000016275
D:\Bartek\coding\biometria\facial_auth\celeba_subset\img_align_celeba\088793.jpg,4870,False,2,False,0.05117562413215637,290.2288999976008
D:\Bartek\coding\biometria\facial_auth\celeba_subset\img_align_celeba\088793.jpg,4870,False,2,True,0.014922928996384144,293.00720000173897
D:\Bartek\coding\biometria\facial_auth\celeba_subset\img_align_celeba\197630.jpg,9688,False,4,False,0.013330628164112568,281.19149999838555
D:\Bartek\coding\biometria\facial_auth\celeba_subset\img_align_celeba\197630.jpg,9688,False,4,True,0.05721838027238846,280.6972000034875
D:\Bartek\coding\biometria\facial_auth\celeba_subset\img_align_celeba\112275.jpg,9828,False,8,False,0.01454075612127781,285.002099997655
D:\Bartek\coding\biometria\facial_auth\celeba_subset\img_align_celeba\112275.jpg,9828,False,8,True,0.02744142711162567,290.27720000158297
D:\Bartek\coding\biometria\facial_auth\celeba_subset\img_align_celeba\095911.jpg,8971,False,2,False,0.0443078838288784,289.82320000068285
D:\Bartek\coding\biometria\facial_auth\celeba_subset\img_align_celeba\095911.jpg,8971,False,2,True,0.0075876605696976185,217.1684999993886
D:\Bartek\coding\biometria\facial_auth\celeba_subset\img_align_celeba\033658.jpg,6806,False,4,False,0.10782980918884277,274.38640000036685
D:\Bartek\coding\biometria\facial_auth\celeba_subset\img_align_celeba\033658.jpg,6806,False,4,True,0.10329694300889969,276.7584999965038
D:\Bartek\coding\biometria\facial_auth\celeba_subset\img_align_celeba\100206.jpg,9910,False,8,False,0.9699505567550659,279.5868999965023
D:\Bartek\coding\biometria\facial_auth\celeba_subset\img_align_celeba\100206.jpg,9910,False,8,True,0.9620514512062073,288.32929999771295
D:\Bartek\coding\biometria\facial_auth\celeba_subset\img_align_celeba\199347.jpg,9910,False,2,False,0.013922025449573994,288.42230000009295
D:\Bartek\coding\biometria\facial_auth\celeba_subset\img_align_celeba\199347.jpg,9910,False,2,True,0.02553563192486763,292.8003999986686
D:\Bartek\coding\biometria\facial_auth\celeba_subset\img_align_celeba\090995.jpg,5656,False,4,False,0.16147612035274506,289.77280000253813
D:\Bartek\coding\biometria\facial_auth\celeba_subset\img_align_celeba\090995.jpg,5656,False,4,True,0.10779385268688202,290.403699997114
D:\Bartek\coding\biometria\facial_auth\celeba_subset\img_align_celeba\040741.jpg,6368,False,8,False,0.044877368956804276,293.6196000009659
D:\Bartek\coding\biometria\facial_auth\celeba_subset\img_align_celeba\040741.jpg,6368,False,8,True,0.06925198435783386,282.21559999656165
D:\Bartek\coding\biometria\facial_auth\celeba_subset\img_align_celeba\199478.jpg,190,False,2,False,0.0688522532582283,285.5841999989934
D:\Bartek\coding\biometria\facial_auth\celeba_subset\img_align_celeba\199478.jpg,190,False,2,True,0.0007356666028499603,288.71649999928195
D:\Bartek\coding\biometria\facial_auth\celeba_subset\img_align_celeba\188849.jpg,5780,False,4,False,0.13543984293937683,286.11959999398096
D:\Bartek\coding\biometria\facial_auth\celeba_subset\img_align_celeba\188849.jpg,5780,False,4,True,0.13410547375679016,290.3218999999808
D:\Bartek\coding\biometria\facial_auth\celeba_subset\img_align_celeba\057422.jpg,4870,False,8,False,0.11881844699382782,285.89649999776157
D:\Bartek\coding\biometria\facial_auth\celeba_subset\img_align_celeba\057422.jpg,4870,False,8,True,0.10978808254003525,290.22969999641646
D:\Bartek\coding\biometria\facial_auth\celeba_subset\img_align_celeba\051995.jpg,6528,False,2,False,0.033969901502132416,293.8732000038726
D:\Bartek\coding\biometria\facial_auth\celeba_subset\img_align_celeba\051995.jpg,6528,False,2,True,0.017206592485308647,288.0202999949688
D:\Bartek\coding\biometria\facial_auth\celeba_subset\img_align_celeba\072658.jpg,913,False,4,False,0.017162060365080833,282.64120000676485
D:\Bartek\coding\biometria\facial_auth\celeba_subset\img_align_celeba\072658.jpg,913,False,4,True,-0.006779801100492477,293.5236999983317
D:\Bartek\coding\biometria\facial_auth\celeba_subset\img_align_celeba\151097.jpg,5791,False,8,False,0.02464156784117222,288.67779999563936
D:\Bartek\coding\biometria\facial_auth\celeba_subset\img_align_celeba\151097.jpg,5791,False,8,True,0.0317356251180172,287.87040000315756
D:\Bartek\coding\biometria\facial_auth\celeba_subset\img_align_celeba\182107.jpg,5922,False,2,False,0.25285056233406067,296.02239999803714
D:\Bartek\coding\biometria\facial_auth\celeba_subset\img_align_celeba\182107.jpg,5922,False,2,True,0.3048044443130493,289.76069999771426
D:\Bartek\coding\biometria\facial_auth\celeba_subset\img_align_celeba\109046.jpg,4968,False,4,False,0.14372389018535614,290.1313999973354
D:\Bartek\coding\biometria\facial_auth\celeba_subset\img_align_celeba\109046.jpg,4968,False,4,True,0.14215907454490662,297.4497000031988
D:\Bartek\coding\biometria\facial_auth\celeba_subset\img_align_celeba\198052.jpg,7103,False,8,False,0.05191124230623245,286.9381999989855
D:\Bartek\coding\biometria\facial_auth\celeba_subset\img_align_celeba\198052.jpg,7103,False,8,True,0.04934306815266609,288.23710000142455
D:\Bartek\coding\biometria\facial_auth\celeba_subset\img_align_celeba\097431.jpg,5648,False,2,False,0.09478510916233063,287.4145000023418
D:\Bartek\coding\biometria\facial_auth\celeba_subset\img_align_celeba\097431.jpg,5648,False,2,True,0.044749245047569275,283.16849999828264
D:\Bartek\coding\biometria\facial_auth\celeba_subset\img_align_celeba\155643.jpg,8748,False,4,False,0.015866514295339584,286.4664000007906
D:\Bartek\coding\biometria\facial_auth\celeba_subset\img_align_celeba\155643.jpg,8748,False,4,True,-0.03433050215244293,329.2756000009831
D:\Bartek\coding\biometria\facial_auth\celeba_subset\img_align_celeba\142235.jpg,878,False,8,False,0.02294495329260826,290.7102000026498
D:\Bartek\coding\biometria\facial_auth\celeba_subset\img_align_celeba\142235.jpg,878,False,8,True,-0.0002109515480697155,298.4900000010384
D:\Bartek\coding\biometria\facial_auth\celeba_subset\img_align_celeba\193291.jpg,2926,False,2,False,0.07454954832792282,301.29379999561934
D:\Bartek\coding\biometria\facial_auth\celeba_subset\img_align_celeba\193291.jpg,2926,False,2,True,0.04548252001404762,300.10209999454673
D:\Bartek\coding\biometria\facial_auth\celeba_subset\img_align_celeba\054118.jpg,6719,False,4,False,-0.003770526498556137,307.2016999940388
D:\Bartek\coding\biometria\facial_auth\celeba_subset\img_align_celeba\054118.jpg,6719,False,4,True,-0.013418294489383698,302.2125000061351
D:\Bartek\coding\biometria\facial_auth\celeba_subset\img_align_celeba\196183.jpg,6719,False,8,False,0.01860513538122177,292.2699999980978
D:\Bartek\coding\biometria\facial_auth\celeba_subset\img_align_celeba\196183.jpg,6719,False,8,True,0.0058675589971244335,292.83289999875706
D:\Bartek\coding\biometria\facial_auth\celeba_subset\img_align_celeba\017430.jpg,913,False,2,False,0.01474175974726677,295.071900000039
D:\Bartek\coding\biometria\facial_auth\celeba_subset\img_align_celeba\017430.jpg,913,False,2,True,0.0530150905251503,296.15860000194516
D:\Bartek\coding\biometria\facial_auth\celeba_subset\img_align_celeba\124713.jpg,205,False,4,False,0.14374509453773499,310.1368999996339
D:\Bartek\coding\biometria\facial_auth\celeba_subset\img_align_celeba\124713.jpg,205,False,4,True,0.26053133606910706,296.92019999492913
D:\Bartek\coding\biometria\facial_auth\celeba_subset\img_align_celeba\113515.jpg,7338,False,8,False,0.14854910969734192,296.8271999998251
D:\Bartek\coding\biometria\facial_auth\celeba_subset\img_align_celeba\113515.jpg,7338,False,8,True,0.14550143480300903,297.8737000012188
D:\Bartek\coding\biometria\facial_auth\celeba_subset\img_align_celeba\186501.jpg,4069,False,2,False,0.14180466532707214,293.68900000554277
D:\Bartek\coding\biometria\facial_auth\celeba_subset\img_align_celeba\186501.jpg,4069,False,2,True,0.10321950912475586,305.2716000020155
D:\Bartek\coding\biometria\facial_auth\celeba_subset\img_align_celeba\060620.jpg,5210,False,4,False,0.1468866765499115,304.68739999923855
D:\Bartek\coding\biometria\facial_auth\celeba_subset\img_align_celeba\060620.jpg,5210,False,4,True,0.21260526776313782,294.34320000291336
D:\Bartek\coding\biometria\facial_auth\celeba_subset\img_align_celeba\100648.jpg,644,False,8,False,0.006446290761232376,292.39809999853605
D:\Bartek\coding\biometria\facial_auth\celeba_subset\img_align_celeba\100648.jpg,644,False,8,True,0.017872367054224014,293.26810000202386
D:\Bartek\coding\biometria\facial_auth\celeba_subset\img_align_celeba\107496.jpg,7103,False,2,False,0.11985429376363754,302.1318000028259
D:\Bartek\coding\biometria\facial_auth\celeba_subset\img_align_celeba\107496.jpg,7103,False,2,True,0.1330588161945343,308.4235999995144
D:\Bartek\coding\biometria\facial_auth\celeba_subset\img_align_celeba\050666.jpg,9534,False,4,False,0.030860014259815216,303.57460000232095
D:\Bartek\coding\biometria\facial_auth\celeba_subset\img_align_celeba\050666.jpg,9534,False,4,True,0.018786009401082993,313.5226000013063
D:\Bartek\coding\biometria\facial_auth\celeba_subset\img_align_celeba\162114.jpg,5238,False,8,False,0.0042749857529997826,295.20969999430235
D:\Bartek\coding\biometria\facial_auth\celeba_subset\img_align_celeba\162114.jpg,5238,False,8,True,0.03275734931230545,297.0482999953674
D:\Bartek\coding\biometria\facial_auth\celeba_subset\img_align_celeba\053746.jpg,8936,False,2,False,0.05372496694326401,304.40810000436613
D:\Bartek\coding\biometria\facial_auth\celeba_subset\img_align_celeba\053746.jpg,8936,False,2,True,0.09633389115333557,311.19930000568274
D:\Bartek\coding\biometria\facial_auth\celeba_subset\img_align_celeba\029838.jpg,4870,False,4,False,0.010065612383186817,297.26709999522427
D:\Bartek\coding\biometria\facial_auth\celeba_subset\img_align_celeba\029838.jpg,4870,False,4,True,-0.02515449747443199,296.13699999754317
D:\Bartek\coding\biometria\facial_auth\celeba_subset\img_align_celeba\021609.jpg,4196,False,8,False,0.3573545813560486,293.18400000192923
D:\Bartek\coding\biometria\facial_auth\celeba_subset\img_align_celeba\021609.jpg,4196,False,8,True,0.3697900176048279,292.4688999992213
D:\Bartek\coding\biometria\facial_auth\celeba_subset\img_align_celeba\023065.jpg,2835,False,2,False,0.04588857293128967,301.0329000026104
D:\Bartek\coding\biometria\facial_auth\celeba_subset\img_align_celeba\023065.jpg,2835,False,2,True,0.019572598859667778,303.73490000056336
D:\Bartek\coding\biometria\facial_auth\celeba_subset\img_align_celeba\198511.jpg,913,False,4,False,0.004767170641571283,298.28180000185966
D:\Bartek\coding\biometria\facial_auth\celeba_subset\img_align_celeba\198511.jpg,913,False,4,True,0.007918763905763626,317.5130000017816
D:\Bartek\coding\biometria\facial_auth\celeba_subset\img_align_celeba\150698.jpg,6972,False,8,False,0.03640838339924812,283.76729999581585
D:\Bartek\coding\biometria\facial_auth\celeba_subset\img_align_celeba\150698.jpg,6972,False,8,True,0.055839259177446365,287.55010000168113
D:\Bartek\coding\biometria\facial_auth\celeba_subset\img_align_celeba\193414.jpg,9828,False,2,False,0.13384263217449188,287.109100005182
D:\Bartek\coding\biometria\facial_auth\celeba_subset\img_align_celeba\193414.jpg,9828,False,2,True,0.18234039843082428,291.44880000239937
D:\Bartek\coding\biometria\facial_auth\celeba_subset\img_align_celeba\111824.jpg,8027,False,4,False,0.08036725968122482,288.59590000502067
D:\Bartek\coding\biometria\facial_auth\celeba_subset\img_align_celeba\111824.jpg,8027,False,4,True,0.08949875831604004,290.64179999841144
D:\Bartek\coding\biometria\facial_auth\celeba_subset\img_align_celeba\094138.jpg,5672,False,8,False,0.07541073113679886,297.1017000018037
D:\Bartek\coding\biometria\facial_auth\celeba_subset\img_align_celeba\094138.jpg,5672,False,8,True,0.0910215973854065,305.07419999776175
D:\Bartek\coding\biometria\facial_auth\celeba_subset\img_align_celeba\200957.jpg,6136,False,2,False,0.1404239684343338,295.8952999979374
D:\Bartek\coding\biometria\facial_auth\celeba_subset\img_align_celeba\200957.jpg,6136,False,2,True,0.10770430415868759,293.8477999996394
D:\Bartek\coding\biometria\facial_auth\celeba_subset\img_align_celeba\194347.jpg,1104,False,4,False,0.15876629948616028,289.1152999945916
D:\Bartek\coding\biometria\facial_auth\celeba_subset\img_align_celeba\194347.jpg,1104,False,4,True,0.16860468685626984,291.2966999938362
D:\Bartek\coding\biometria\facial_auth\celeba_subset\img_align_celeba\002426.jpg,1128,False,8,False,0.04706285148859024,286.33410000475124
D:\Bartek\coding\biometria\facial_auth\celeba_subset\img_align_celeba\002426.jpg,1128,False,8,True,0.04858266934752464,293.34579999704147
D:\Bartek\coding\biometria\facial_auth\celeba_subset\img_align_celeba\139556.jpg,9939,False,2,False,0.2039705365896225,298.5963000028278
D:\Bartek\coding\biometria\facial_auth\celeba_subset\img_align_celeba\139556.jpg,9939,False,2,True,0.2487289160490036,302.37250000209315
D:\Bartek\coding\biometria\facial_auth\celeba_subset\img_align_celeba\096809.jpg,6233,False,4,False,0.09052339196205139,284.51679999852786
D:\Bartek\coding\biometria\facial_auth\celeba_subset\img_align_celeba\096809.jpg,6233,False,4,True,0.03439247980713844,287.3745999968378
D:\Bartek\coding\biometria\facial_auth\celeba_subset\img_align_celeba\182171.jpg,494,False,8,False,0.10855145752429962,288.80650000064634
D:\Bartek\coding\biometria\facial_auth\celeba_subset\img_align_celeba\182171.jpg,494,False,8,True,0.10787931084632874,282.4084000021685
D:\Bartek\coding\biometria\facial_auth\celeba_subset\img_align_celeba\061550.jpg,5672,False,2,False,0.01099697407335043,289.9274000010337
D:\Bartek\coding\biometria\facial_auth\celeba_subset\img_align_celeba\061550.jpg,5672,False,2,True,-0.042148981243371964,301.6717000064091
D:\Bartek\coding\biometria\facial_auth\celeba_subset\img_align_celeba\143996.jpg,503,False,4,False,0.00943746231496334,292.9364000010537
D:\Bartek\coding\biometria\facial_auth\celeba_subset\img_align_celeba\143996.jpg,503,False,4,True,0.05361185967922211,300.71920000045793
D:\Bartek\coding\biometria\facial_auth\celeba_subset\img_align_celeba\140410.jpg,5190,False,8,False,0.009894583374261856,294.4855000023381
D:\Bartek\coding\biometria\facial_auth\celeba_subset\img_align_celeba\140410.jpg,5190,False,8,True,0.01073542982339859,299.57769999600714
D:\Bartek\coding\biometria\facial_auth\celeba_subset\img_align_celeba\021768.jpg,7253,False,2,False,0.12259475886821747,304.0862999987439
D:\Bartek\coding\biometria\facial_auth\celeba_subset\img_align_celeba\021768.jpg,7253,False,2,True,0.10932183265686035,299.05580000195187
D:\Bartek\coding\biometria\facial_auth\celeba_subset\img_align_celeba\022986.jpg,6528,False,4,False,0.17656686902046204,297.78580000129296
D:\Bartek\coding\biometria\facial_auth\celeba_subset\img_align_celeba\022986.jpg,6528,False,4,True,0.15194857120513916,302.61939999763854
D:\Bartek\coding\biometria\facial_auth\celeba_subset\img_align_celeba\123267.jpg,5575,False,8,False,0.07574201375246048,300.7943000047817
D:\Bartek\coding\biometria\facial_auth\celeba_subset\img_align_celeba\123267.jpg,5575,False,8,True,0.0890987366437912,290.5432999978075
D:\Bartek\coding\biometria\facial_auth\celeba_subset\img_align_celeba\173989.jpg,2926,False,2,False,-0.07898586988449097,299.6793999991496
D:\Bartek\coding\biometria\facial_auth\celeba_subset\img_align_celeba\173989.jpg,2926,False,2,True,0.046063557267189026,307.18060000072
D:\Bartek\coding\biometria\facial_auth\celeba_subset\img_align_celeba\137687.jpg,4929,False,4,False,0.14074473083019257,284.9443999948562
D:\Bartek\coding\biometria\facial_auth\celeba_subset\img_align_celeba\137687.jpg,4929,False,4,True,0.18225492537021637,291.26919999544043
D:\Bartek\coding\biometria\facial_auth\celeba_subset\img_align_celeba\039766.jpg,5437,False,8,False,0.11308175325393677,294.42350000317674
D:\Bartek\coding\biometria\facial_auth\celeba_subset\img_align_celeba\039766.jpg,5437,False,8,True,0.08420847356319427,306.14770000102
D:\Bartek\coding\biometria\facial_auth\celeba_subset\img_align_celeba\119057.jpg,5656,False,2,False,0.11344432085752487,299.2817999984254
D:\Bartek\coding\biometria\facial_auth\celeba_subset\img_align_celeba\119057.jpg,5656,False,2,True,0.15502312779426575,303.41110000154004
D:\Bartek\coding\biometria\facial_auth\celeba_subset\img_align_celeba\020798.jpg,6806,False,4,False,0.09489554911851883,293.6145999992732
D:\Bartek\coding\biometria\facial_auth\celeba_subset\img_align_celeba\020798.jpg,6806,False,4,True,0.12330403178930283,309.6723999988171
D:\Bartek\coding\biometria\facial_auth\celeba_subset\img_align_celeba\154541.jpg,6719,False,8,False,0.061177320778369904,288.36059999594
D:\Bartek\coding\biometria\facial_auth\celeba_subset\img_align_celeba\154541.jpg,6719,False,8,True,0.0611940398812294,291.13849999703234
D:\Bartek\coding\biometria\facial_auth\celeba_subset\img_align_celeba\031369.jpg,7338,False,2,False,0.10100993514060974,300.2379999961704
D:\Bartek\coding\biometria\facial_auth\celeba_subset\img_align_celeba\031369.jpg,7338,False,2,True,0.12426794320344925,299.0702000024612
D:\Bartek\coding\biometria\facial_auth\celeba_subset\img_align_celeba\197839.jpg,4185,False,4,False,-0.03670002892613411,299.74520000541816
D:\Bartek\coding\biometria\facial_auth\celeba_subset\img_align_celeba\197839.jpg,4185,False,4,True,-0.03996092081069946,301.0054999977001
D:\Bartek\coding\biometria\facial_auth\celeba_subset\img_align_celeba\044524.jpg,7422,False,8,False,0.7490663528442383,304.2931000018143
D:\Bartek\coding\biometria\facial_auth\celeba_subset\img_align_celeba\044524.jpg,7422,False,8,True,0.7540299892425537,291.63239999616053
D:\Bartek\coding\biometria\facial_auth\celeba_subset\img_align_celeba\013980.jpg,3336,False,2,False,0.42200541496276855,290.72370000358205
D:\Bartek\coding\biometria\facial_auth\celeba_subset\img_align_celeba\013980.jpg,3336,False,2,True,0.27300405502319336,291.6826000000583
D:\Bartek\coding\biometria\facial_auth\celeba_subset\img_align_celeba\025021.jpg,878,False,4,False,-0.04122816026210785,292.2411999970791
D:\Bartek\coding\biometria\facial_auth\celeba_subset\img_align_celeba\025021.jpg,878,False,4,True,-0.01182316243648529,297.74129999714205
D:\Bartek\coding\biometria\facial_auth\celeba_subset\img_align_celeba\117283.jpg,1104,False,8,False,-0.012792075052857399,296.21269999915967
D:\Bartek\coding\biometria\facial_auth\celeba_subset\img_align_celeba\117283.jpg,1104,False,8,True,0.002757168374955654,303.32110000017565
D:\Bartek\coding\biometria\facial_auth\celeba_subset\img_align_celeba\119763.jpg,1147,False,2,False,0.20704424381256104,290.23650000453927
D:\Bartek\coding\biometria\facial_auth\celeba_subset\img_align_celeba\119763.jpg,1147,False,2,True,0.13678888976573944,296.4369999972405
D:\Bartek\coding\biometria\facial_auth\celeba_subset\img_align_celeba\173622.jpg,3336,False,4,False,0.17705127596855164,292.782199998328
D:\Bartek\coding\biometria\facial_auth\celeba_subset\img_align_celeba\173622.jpg,3336,False,4,True,0.10069394111633301,296.1195999960182
D:\Bartek\coding\biometria\facial_auth\celeba_subset\img_align_celeba\107827.jpg,6233,False,8,False,0.21247264742851257,311.2678999968921
D:\Bartek\coding\biometria\facial_auth\celeba_subset\img_align_celeba\107827.jpg,6233,False,8,True,0.21379755437374115,287.9490000050282
D:\Bartek\coding\biometria\facial_auth\celeba_subset\img_align_celeba\108106.jpg,5534,False,2,False,0.020070623606443405,296.88619999797083
D:\Bartek\coding\biometria\facial_auth\celeba_subset\img_align_celeba\108106.jpg,5534,False,2,True,-0.0038873739540576935,302.168399997754
D:\Bartek\coding\biometria\facial_auth\celeba_subset\img_align_celeba\026452.jpg,8936,False,4,False,0.06178644299507141,296.8979999932344
D:\Bartek\coding\biometria\facial_auth\celeba_subset\img_align_celeba\026452.jpg,8936,False,4,True,-0.04013614356517792,303.42360000213375
D:\Bartek\coding\biometria\facial_auth\celeba_subset\img_align_celeba\070084.jpg,1104,False,8,False,-0.003362520830705762,300.1321000047028
D:\Bartek\coding\biometria\facial_auth\celeba_subset\img_align_celeba\070084.jpg,1104,False,8,True,-0.001946398988366127,295.9037000036915
D:\Bartek\coding\biometria\facial_auth\celeba_subset\img_align_celeba\045807.jpg,8027,False,2,False,-0.02425573579967022,296.5683000002173
D:\Bartek\coding\biometria\facial_auth\celeba_subset\img_align_celeba\045807.jpg,8027,False,2,True,0.003306159283965826,295.79930000181776
D:\Bartek\coding\biometria\facial_auth\celeba_subset\img_align_celeba\158327.jpg,3655,False,4,False,0.14024943113327026,297.50809999677585
D:\Bartek\coding\biometria\facial_auth\celeba_subset\img_align_celeba\158327.jpg,3655,False,4,True,0.11489933729171753,300.9029000022565
D:\Bartek\coding\biometria\facial_auth\celeba_subset\img_align_celeba\071290.jpg,5534,False,8,False,0.07637853175401688,300.34299999533687
D:\Bartek\coding\biometria\facial_auth\celeba_subset\img_align_celeba\071290.jpg,5534,False,8,True,0.06671047955751419,295.0000999990152
D:\Bartek\coding\biometria\facial_auth\celeba_subset\img_align_celeba\013229.jpg,6136,False,2,False,0.06968869268894196,291.9012999991537
D:\Bartek\coding\biometria\facial_auth\celeba_subset\img_align_celeba\013229.jpg,6136,False,2,True,0.002234719693660736,314.06080000306247
D:\Bartek\coding\biometria\facial_auth\celeba_subset\img_align_celeba\078302.jpg,3236,False,4,False,0.028826549649238586,290.3005000043777
D:\Bartek\coding\biometria\facial_auth\celeba_subset\img_align_celeba\078302.jpg,3236,False,4,True,0.18228818476200104,299.6324999985518
D:\Bartek\coding\biometria\facial_auth\celeba_subset\img_align_celeba\010163.jpg,9489,False,8,False,0.09356237947940826,294.9079999962123
D:\Bartek\coding\biometria\facial_auth\celeba_subset\img_align_celeba\010163.jpg,9489,False,8,True,0.10760389268398285,294.81249999662396
D:\Bartek\coding\biometria\facial_auth\celeba_subset\img_align_celeba\022492.jpg,5575,False,2,False,0.058269526809453964,295.177899999544
D:\Bartek\coding\biometria\facial_auth\celeba_subset\img_align_celeba\022492.jpg,5575,False,2,True,0.13487184047698975,294.43710000487044
D:\Bartek\coding\biometria\facial_auth\celeba_subset\img_align_celeba\061448.jpg,5591,False,4,False,-0.0714685469865799,289.37649999716086
D:\Bartek\coding\biometria\facial_auth\celeba_subset\img_align_celeba\061448.jpg,5591,False,4,True,-0.009915491566061974,306.7894999985583
D:\Bartek\coding\biometria\facial_auth\celeba_subset\img_align_celeba\155809.jpg,5791,False,8,False,0.03162092715501785,291.59380000055535
D:\Bartek\coding\biometria\facial_auth\celeba_subset\img_align_celeba\155809.jpg,5791,False,8,True,0.023701544851064682,295.76860000088345
D:\Bartek\coding\biometria\facial_auth\celeba_subset\img_align_celeba\031902.jpg,6806,False,2,False,-0.010095681063830853,294.8121000008541
D:\Bartek\coding\biometria\facial_auth\celeba_subset\img_align_celeba\031902.jpg,6806,False,2,True,-0.0026793519500643015,315.63859999732813
D:\Bartek\coding\biometria\facial_auth\celeba_subset\img_align_celeba\005586.jpg,8415,False,4,False,0.11053533107042313,293.6639999970794
D:\Bartek\coding\biometria\facial_auth\celeba_subset\img_align_celeba\005586.jpg,8415,False,4,True,0.11851653456687927,306.4888000008068
D:\Bartek\coding\biometria\facial_auth\celeba_subset\img_align_celeba\044018.jpg,6806,False,8,False,0.0289504062384367,294.53259999718284
D:\Bartek\coding\biometria\facial_auth\celeba_subset\img_align_celeba\044018.jpg,6806,False,8,True,0.018348829820752144,301.30579999968177
D:\Bartek\coding\biometria\facial_auth\celeba_subset\img_align_celeba\141952.jpg,6195,False,2,False,0.08663509041070938,302.29980000149226
D:\Bartek\coding\biometria\facial_auth\celeba_subset\img_align_celeba\141952.jpg,6195,False,2,True,0.053857821971178055,310.0376000002143
D:\Bartek\coding\biometria\facial_auth\celeba_subset\img_align_celeba\153415.jpg,5064,False,4,False,0.08229409158229828,301.74369999440387
D:\Bartek\coding\biometria\facial_auth\celeba_subset\img_align_celeba\153415.jpg,5064,False,4,True,0.022696008905768394,306.3984000036726
D:\Bartek\coding\biometria\facial_auth\celeba_subset\img_align_celeba\118951.jpg,8971,False,8,False,0.026150410994887352,293.6534999971627
D:\Bartek\coding\biometria\facial_auth\celeba_subset\img_align_celeba\118951.jpg,8971,False,8,True,0.002113414229825139,298.4297000002698
D:\Bartek\coding\biometria\facial_auth\celeba_subset\img_align_celeba\062797.jpg,8971,False,2,False,0.1089477613568306,293.04259999480564
D:\Bartek\coding\biometria\facial_auth\celeba_subset\img_align_celeba\062797.jpg,8971,False,2,True,0.09389229118824005,293.2141999990563
D:\Bartek\coding\biometria\facial_auth\celeba_subset\img_align_celeba\110251.jpg,9144,False,4,False,0.1534123420715332,301.9242000009399
D:\Bartek\coding\biometria\facial_auth\celeba_subset\img_align_celeba\110251.jpg,9144,False,4,True,0.14567533135414124,300.7562000057078
D:\Bartek\coding\biometria\facial_auth\celeba_subset\img_align_celeba\018041.jpg,8,False,8,False,-0.006668523419648409,296.8252999999095
D:\Bartek\coding\biometria\facial_auth\celeba_subset\img_align_celeba\018041.jpg,8,False,8,True,0.007272812072187662,294.32680000172695
D:\Bartek\coding\biometria\facial_auth\celeba_subset\img_align_celeba\163723.jpg,5648,False,2,False,0.08759158104658127,298.2629000034649
D:\Bartek\coding\biometria\facial_auth\celeba_subset\img_align_celeba\163723.jpg,5648,False,2,True,0.0892469510436058,296.97879999730503
D:\Bartek\coding\biometria\facial_auth\celeba_subset\img_align_celeba\142408.jpg,6806,False,4,False,0.025156956166028976,289.45459999522427
D:\Bartek\coding\biometria\facial_auth\celeba_subset\img_align_celeba\142408.jpg,6806,False,4,True,0.0790400430560112,288.2471000048099
D:\Bartek\coding\biometria\facial_auth\celeba_subset\img_align_celeba\093762.jpg,4150,False,8,False,-0.002397937932983041,291.34160000103293
D:\Bartek\coding\biometria\facial_auth\celeba_subset\img_align_celeba\093762.jpg,4150,False,8,True,0.020593248307704926,299.7987999988254
D:\Bartek\coding\biometria\facial_auth\celeba_subset\img_align_celeba\019485.jpg,6722,False,2,False,0.16852596402168274,281.90530000574654
D:\Bartek\coding\biometria\facial_auth\celeba_subset\img_align_celeba\019485.jpg,6722,False,2,True,0.12264463305473328,290.4345000060857
D:\Bartek\coding\biometria\facial_auth\celeba_subset\img_align_celeba\105194.jpg,5922,False,4,False,0.19419480860233307,296.89679999864893
D:\Bartek\coding\biometria\facial_auth\celeba_subset\img_align_celeba\105194.jpg,5922,False,4,True,0.25502023100852966,302.23920000571525
D:\Bartek\coding\biometria\facial_auth\celeba_subset\img_align_celeba\102985.jpg,6528,False,8,False,0.5132626295089722,296.9050999963656
D:\Bartek\coding\biometria\facial_auth\celeba_subset\img_align_celeba\102985.jpg,6528,False,8,True,0.5109531879425049,301.7132000022684
D:\Bartek\coding\biometria\facial_auth\celeba_subset\img_align_celeba\007530.jpg,6722,False,2,False,0.030253905802965164,292.8985999969882
D:\Bartek\coding\biometria\facial_auth\celeba_subset\img_align_celeba\007530.jpg,6722,False,2,True,-0.0363868847489357,301.9899999999325
D:\Bartek\coding\biometria\facial_auth\celeba_subset\img_align_celeba\080402.jpg,190,False,4,False,0.16859766840934753,289.1723000066122
D:\Bartek\coding\biometria\facial_auth\celeba_subset\img_align_celeba\080402.jpg,190,False,4,True,0.10982659459114075,282.97059999749763
D:\Bartek\coding\biometria\facial_auth\celeba_subset\img_align_celeba\044018.jpg,1147,False,8,False,0.07039403170347214,281.0094999949797
D:\Bartek\coding\biometria\facial_auth\celeba_subset\img_align_celeba\044018.jpg,1147,False,8,True,0.0534641370177269,286.84330000396585
D:\Bartek\coding\biometria\facial_auth\celeba_subset\img_align_celeba\018534.jpg,7524,False,2,False,0.12509749829769135,295.9245000020019
D:\Bartek\coding\biometria\facial_auth\celeba_subset\img_align_celeba\018534.jpg,7524,False,2,True,0.08667299151420593,306.0622999983025
D:\Bartek\coding\biometria\facial_auth\celeba_subset\img_align_celeba\017795.jpg,8748,False,4,False,0.0569571852684021,295.27080000116257
D:\Bartek\coding\biometria\facial_auth\celeba_subset\img_align_celeba\017795.jpg,8748,False,4,True,0.14979727566242218,295.1807000063127
D:\Bartek\coding\biometria\facial_auth\celeba_subset\img_align_celeba\005730.jpg,6368,False,8,False,0.040712129324674606,295.608499996888
D:\Bartek\coding\biometria\facial_auth\celeba_subset\img_align_celeba\005730.jpg,6368,False,8,True,0.044672176241874695,288.55169999587815
D:\Bartek\coding\biometria\facial_auth\celeba_subset\img_align_celeba\082229.jpg,8,False,2,False,0.06790240854024887,288.58690000197385
D:\Bartek\coding\biometria\facial_auth\celeba_subset\img_align_celeba\082229.jpg,8,False,2,True,0.07738789170980453,297.16069999994943
D:\Bartek\coding\biometria\facial_auth\celeba_subset\img_align_celeba\159931.jpg,4929,False,4,False,0.1504966914653778,294.8555999973905
D:\Bartek\coding\biometria\facial_auth\celeba_subset\img_align_celeba\159931.jpg,4929,False,4,True,0.14825420081615448,303.37929999950575
D:\Bartek\coding\biometria\facial_auth\celeba_subset\img_align_celeba\137075.jpg,4929,False,8,False,-0.003488209331408143,295.4928999970434
D:\Bartek\coding\biometria\facial_auth\celeba_subset\img_align_celeba\137075.jpg,4929,False,8,True,0.006453045178204775,295.63300000154413
D:\Bartek\coding\biometria\facial_auth\celeba_subset\img_align_celeba\072063.jpg,3336,False,2,False,0.049959249794483185,298.56329999893205
D:\Bartek\coding\biometria\facial_auth\celeba_subset\img_align_celeba\072063.jpg,3336,False,2,True,0.022194180637598038,297.798600004171
D:\Bartek\coding\biometria\facial_auth\celeba_subset\img_align_celeba\085897.jpg,1104,False,4,False,-0.106617271900177,285.91969999979483
D:\Bartek\coding\biometria\facial_auth\celeba_subset\img_align_celeba\085897.jpg,1104,False,4,True,0.0050578648224473,296.12210000050254
D:\Bartek\coding\biometria\facial_auth\celeba_subset\img_align_celeba\096066.jpg,6456,False,8,False,0.24631865322589874,298.8636000009137
D:\Bartek\coding\biometria\facial_auth\celeba_subset\img_align_celeba\096066.jpg,6456,False,8,True,0.23107746243476868,302.43719999998575
D:\Bartek\coding\biometria\facial_auth\celeba_subset\img_align_celeba\067663.jpg,4870,False,2,False,0.2125142514705658,295.8283999978448
D:\Bartek\coding\biometria\facial_auth\celeba_subset\img_align_celeba\067663.jpg,4870,False,2,True,0.11540165543556213,297.0867000040016
D:\Bartek\coding\biometria\facial_auth\celeba_subset\img_align_celeba\008183.jpg,7103,False,4,False,0.012225836515426636,294.09360000136076
D:\Bartek\coding\biometria\facial_auth\celeba_subset\img_align_celeba\008183.jpg,7103,False,4,True,-0.027539005503058434,308.13879999914207
D:\Bartek\coding\biometria\facial_auth\celeba_subset\img_align_celeba\074680.jpg,7103,False,8,False,0.05809298902750015,294.3479000023217
D:\Bartek\coding\biometria\facial_auth\celeba_subset\img_align_celeba\074680.jpg,7103,False,8,True,0.06482136249542236,288.81279999768594
D:\Bartek\coding\biometria\facial_auth\celeba_subset\img_align_celeba\130933.jpg,6722,False,2,False,0.056096822023391724,294.1724999982398
D:\Bartek\coding\biometria\facial_auth\celeba_subset\img_align_celeba\130933.jpg,6722,False,2,True,0.05858283489942551,299.88310000044294
D:\Bartek\coding\biometria\facial_auth\celeba_subset\img_align_celeba\018041.jpg,503,False,4,False,0.079411581158638,287.6352000021143
D:\Bartek\coding\biometria\facial_auth\celeba_subset\img_align_celeba\018041.jpg,503,False,4,True,0.1327943354845047,290.63209999731043
D:\Bartek\coding\biometria\facial_auth\celeba_subset\img_align_celeba\151097.jpg,4936,False,8,False,0.03981659561395645,290.42479999770876
D:\Bartek\coding\biometria\facial_auth\celeba_subset\img_align_celeba\151097.jpg,4936,False,8,True,0.028942756354808807,294.09039999882225
D:\Bartek\coding\biometria\facial_auth\celeba_subset\img_align_celeba\127104.jpg,3236,False,2,False,0.135574609041214,281.15770000295015
D:\Bartek\coding\biometria\facial_auth\celeba_subset\img_align_celeba\127104.jpg,3236,False,2,True,0.17212186753749847,310.8949000015855
D:\Bartek\coding\biometria\facial_auth\celeba_subset\img_align_celeba\032582.jpg,3877,False,4,False,-0.019726673141121864,298.36470000009285
D:\Bartek\coding\biometria\facial_auth\celeba_subset\img_align_celeba\032582.jpg,3877,False,4,True,0.009646638296544552,297.6106999994954
D:\Bartek\coding\biometria\facial_auth\celeba_subset\img_align_celeba\043484.jpg,9000,False,8,False,0.04576979577541351,292.3605000032694
D:\Bartek\coding\biometria\facial_auth\celeba_subset\img_align_celeba\043484.jpg,9000,False,8,True,0.043554339557886124,295.4489000039757
D:\Bartek\coding\biometria\facial_auth\celeba_subset\img_align_celeba\183541.jpg,1435,False,2,False,-0.051174912601709366,303.28929999814136
D:\Bartek\coding\biometria\facial_auth\celeba_subset\img_align_celeba\183541.jpg,1435,False,2,True,-0.044979047030210495,304.7002000021166
D:\Bartek\coding\biometria\facial_auth\celeba_subset\img_align_celeba\108820.jpg,6277,False,4,False,0.04975990951061249,293.3485999965342
D:\Bartek\coding\biometria\facial_auth\celeba_subset\img_align_celeba\108820.jpg,6277,False,4,True,0.021290495991706848,301.0324000060791
D:\Bartek\coding\biometria\facial_auth\celeba_subset\img_align_celeba\094177.jpg,8027,False,8,False,0.08275136351585388,288.6064999984228
D:\Bartek\coding\biometria\facial_auth\celeba_subset\img_align_celeba\094177.jpg,8027,False,8,True,0.09458479285240173,301.62620000191964
D:\Bartek\coding\biometria\facial_auth\celeba_subset\img_align_celeba\184474.jpg,6456,False,2,False,0.04959671199321747,306.650600003195
D:\Bartek\coding\biometria\facial_auth\celeba_subset\img_align_celeba\184474.jpg,6456,False,2,True,0.013753635808825493,293.4432000038214
D:\Bartek\coding\biometria\facial_auth\celeba_subset\img_align_celeba\201629.jpg,7524,False,4,False,0.24149370193481445,291.1464999997406
D:\Bartek\coding\biometria\facial_auth\celeba_subset\img_align_celeba\201629.jpg,7524,False,4,True,0.48064106702804565,294.8947999975644
D:\Bartek\coding\biometria\facial_auth\celeba_subset\img_align_celeba\008925.jpg,4929,False,8,False,-0.009535473771393299,303.32089999865275
D:\Bartek\coding\biometria\facial_auth\celeba_subset\img_align_celeba\008925.jpg,4929,False,8,True,-0.0067968168295919895,295.7708000030834
D:\Bartek\coding\biometria\facial_auth\celeba_subset\img_align_celeba\108789.jpg,1154,False,2,False,0.13083696365356445,291.33590000128606
D:\Bartek\coding\biometria\facial_auth\celeba_subset\img_align_celeba\108789.jpg,1154,False,2,True,0.07340669631958008,299.2071000044234
D:\Bartek\coding\biometria\facial_auth\celeba_subset\img_align_celeba\135446.jpg,4150,False,4,False,-0.006784362718462944,312.28449999616714
D:\Bartek\coding\biometria\facial_auth\celeba_subset\img_align_celeba\135446.jpg,4150,False,4,True,-0.005517470184713602,299.3983999986085
D:\Bartek\coding\biometria\facial_auth\celeba_subset\img_align_celeba\094371.jpg,6722,False,8,False,0.0632362961769104,292.38769999938086
D:\Bartek\coding\biometria\facial_auth\celeba_subset\img_align_celeba\094371.jpg,6722,False,8,True,0.03651215881109238,296.0003999978653
D:\Bartek\coding\biometria\facial_auth\celeba_subset\img_align_celeba\077285.jpg,1167,False,2,False,0.07569452375173569,304.16970000078436
D:\Bartek\coding\biometria\facial_auth\celeba_subset\img_align_celeba\077285.jpg,1167,False,2,True,0.08045819401741028,300.05199999868637
D:\Bartek\coding\biometria\facial_auth\celeba_subset\img_align_celeba\106201.jpg,5591,False,4,False,0.17311033606529236,297.62810000102036
D:\Bartek\coding\biometria\facial_auth\celeba_subset\img_align_celeba\106201.jpg,5591,False,4,True,0.24714863300323486,299.16720000619534
D:\Bartek\coding\biometria\facial_auth\celeba_subset\img_align_celeba\021490.jpg,5922,False,8,False,0.0873696506023407,286.1046999969403
D:\Bartek\coding\biometria\facial_auth\celeba_subset\img_align_celeba\021490.jpg,5922,False,8,True,0.10766006261110306,289.84029999992345
D:\Bartek\coding\biometria\facial_auth\celeba_subset\img_align_celeba\034059.jpg,8027,False,2,False,-0.02648339420557022,282.17600000061793
D:\Bartek\coding\biometria\facial_auth\celeba_subset\img_align_celeba\034059.jpg,8027,False,2,True,-0.04107850790023804,290.43169999931706
D:\Bartek\coding\biometria\facial_auth\celeba_subset\img_align_celeba\109027.jpg,6195,False,4,False,0.48024412989616394,287.2856000030879
D:\Bartek\coding\biometria\facial_auth\celeba_subset\img_align_celeba\109027.jpg,6195,False,4,True,0.45161527395248413,300.0887000016519
D:\Bartek\coding\biometria\facial_auth\celeba_subset\img_align_celeba\010853.jpg,7222,False,8,False,0.14770834147930145,292.95590000401717
D:\Bartek\coding\biometria\facial_auth\celeba_subset\img_align_celeba\010853.jpg,7222,False,8,True,0.11426105350255966,295.8980999974301
D:\Bartek\coding\biometria\facial_auth\celeba_subset\img_align_celeba\028393.jpg,8908,False,2,False,0.013719717040657997,293.7711999984458
D:\Bartek\coding\biometria\facial_auth\celeba_subset\img_align_celeba\028393.jpg,8908,False,2,True,-0.03334032744169235,301.9562000044971
D:\Bartek\coding\biometria\facial_auth\celeba_subset\img_align_celeba\176617.jpg,6368,False,4,False,0.10088665783405304,288.8447000004817
D:\Bartek\coding\biometria\facial_auth\celeba_subset\img_align_celeba\176617.jpg,6368,False,4,True,0.12812723219394684,298.5441999990144
D:\Bartek\coding\biometria\facial_auth\celeba_subset\img_align_celeba\181475.jpg,4929,False,8,False,0.008228178136050701,297.60360000364017
D:\Bartek\coding\biometria\facial_auth\celeba_subset\img_align_celeba\181475.jpg,4929,False,8,True,0.0020927267614752054,299.18049999832874
D:\Bartek\coding\biometria\facial_auth\celeba_subset\img_align_celeba\082593.jpg,3336,False,2,False,0.08167463541030884,299.7170999951777
D:\Bartek\coding\biometria\facial_auth\celeba_subset\img_align_celeba\082593.jpg,3336,False,2,True,0.007890765555202961,297.68009999679634
D:\Bartek\coding\biometria\facial_auth\celeba_subset\img_align_celeba\158705.jpg,5672,False,4,False,0.10854233801364899,295.0490000002901
D:\Bartek\coding\biometria\facial_auth\celeba_subset\img_align_celeba\158705.jpg,5672,False,4,True,0.0618007592856884,299.8987000028137
D:\Bartek\coding\biometria\facial_auth\celeba_subset\img_align_celeba\107263.jpg,3877,False,8,False,0.020218079909682274,292.7988000010373
D:\Bartek\coding\biometria\facial_auth\celeba_subset\img_align_celeba\107263.jpg,3877,False,8,True,0.019090943038463593,291.7710999972769
D:\Bartek\coding\biometria\facial_auth\celeba_subset\img_align_celeba\173304.jpg,5591,False,2,False,0.04508126154541969,296.85069999686675
D:\Bartek\coding\biometria\facial_auth\celeba_subset\img_align_celeba\173304.jpg,5591,False,2,True,0.08215579390525818,308.52210000011837
D:\Bartek\coding\biometria\facial_auth\celeba_subset\img_align_celeba\007305.jpg,3200,False,4,False,0.09483196586370468,288.4907000043313
D:\Bartek\coding\biometria\facial_auth\celeba_subset\img_align_celeba\007305.jpg,3200,False,4,True,0.0031423906330019236,288.15429999667685
D:\Bartek\coding\biometria\facial_auth\celeba_subset\img_align_celeba\149968.jpg,1350,False,8,False,0.027843788266181946,283.9881999971112
D:\Bartek\coding\biometria\facial_auth\celeba_subset\img_align_celeba\149968.jpg,1350,False,8,True,0.0485687255859375,298.20679999829736
D:\Bartek\coding\biometria\facial_auth\celeba_subset\img_align_celeba\004467.jpg,5872,False,2,False,0.04091273248195648,312.49730000126874
D:\Bartek\coding\biometria\facial_auth\celeba_subset\img_align_celeba\004467.jpg,5872,False,2,True,0.1659538745880127,298.13690000446513
D:\Bartek\coding\biometria\facial_auth\celeba_subset\img_align_celeba\145253.jpg,9939,False,4,False,0.04500773176550865,291.66540000005625
D:\Bartek\coding\biometria\facial_auth\celeba_subset\img_align_celeba\145253.jpg,9939,False,4,True,-0.0031413063406944275,305.48329999874113
D:\Bartek\coding\biometria\facial_auth\celeba_subset\img_align_celeba\150129.jpg,6983,False,8,False,0.13707689940929413,306.2315999995917
D:\Bartek\coding\biometria\facial_auth\celeba_subset\img_align_celeba\150129.jpg,6983,False,8,True,0.1415233016014099,281.5335999985109
D:\Bartek\coding\biometria\facial_auth\celeba_subset\img_align_celeba\094544.jpg,2835,False,2,False,0.10988736152648926,294.0690999967046
D:\Bartek\coding\biometria\facial_auth\celeba_subset\img_align_celeba\094544.jpg,2835,False,2,True,0.0816168487071991,302.9303000002983
D:\Bartek\coding\biometria\facial_auth\celeba_subset\img_align_celeba\140153.jpg,1167,False,4,False,0.11332697421312332,296.57140000199433
D:\Bartek\coding\biometria\facial_auth\celeba_subset\img_align_celeba\140153.jpg,1167,False,4,True,0.08393390476703644,299.6934999973746
D:\Bartek\coding\biometria\facial_auth\celeba_subset\img_align_celeba\141269.jpg,8971,False,8,False,0.04673321917653084,283.77850000106264
D:\Bartek\coding\biometria\facial_auth\celeba_subset\img_align_celeba\141269.jpg,8971,False,8,True,0.01282711885869503,296.97789999772795
D:\Bartek\coding\biometria\facial_auth\celeba_subset\img_align_celeba\010279.jpg,5922,False,2,False,0.12727850675582886,294.24329999892507
D:\Bartek\coding\biometria\facial_auth\celeba_subset\img_align_celeba\010279.jpg,5922,False,2,True,0.10369205474853516,305.40320000000065
D:\Bartek\coding\biometria\facial_auth\celeba_subset\img_align_celeba\160740.jpg,4069,False,4,False,0.011756887659430504,290.24480000225594
D:\Bartek\coding\biometria\facial_auth\celeba_subset\img_align_celeba\160740.jpg,4069,False,4,True,0.004026581067591906,302.2966999997152
D:\Bartek\coding\biometria\facial_auth\celeba_subset\img_align_celeba\161323.jpg,3336,False,8,False,0.05319876968860626,301.9138999952702
D:\Bartek\coding\biometria\facial_auth\celeba_subset\img_align_celeba\161323.jpg,3336,False,8,True,0.05315602943301201,304.81370000052266
D:\Bartek\coding\biometria\facial_auth\celeba_subset\img_align_celeba\121279.jpg,205,False,2,False,0.052897609770298004,297.6293000028818
D:\Bartek\coding\biometria\facial_auth\celeba_subset\img_align_celeba\121279.jpg,205,False,2,True,0.07778350263834,297.8058000007877
D:\Bartek\coding\biometria\facial_auth\celeba_subset\img_align_celeba\118273.jpg,3200,False,4,False,0.20164580643177032,299.9853000001167
D:\Bartek\coding\biometria\facial_auth\celeba_subset\img_align_celeba\118273.jpg,3200,False,4,True,0.10017278045415878,304.5310999950743
D:\Bartek\coding\biometria\facial_auth\celeba_subset\img_align_celeba\187054.jpg,5534,False,8,False,0.059473711997270584,309.0392999947653
D:\Bartek\coding\biometria\facial_auth\celeba_subset\img_align_celeba\187054.jpg,5534,False,8,True,0.0558345764875412,301.2964000008651
D:\Bartek\coding\biometria\facial_auth\celeba_subset\img_align_celeba\187307.jpg,6983,False,2,False,0.06961308419704437,302.37769999803277
D:\Bartek\coding\biometria\facial_auth\celeba_subset\img_align_celeba\187307.jpg,6983,False,2,True,0.08049773424863815,304.45419999887235
D:\Bartek\coding\biometria\facial_auth\celeba_subset\img_align_celeba\171737.jpg,5099,False,4,False,-0.006744503043591976,297.5924999991548
D:\Bartek\coding\biometria\facial_auth\celeba_subset\img_align_celeba\171737.jpg,5099,False,4,True,-0.02417912892997265,302.35410000022966
D:\Bartek\coding\biometria\facial_auth\celeba_subset\img_align_celeba\005218.jpg,7524,False,8,False,0.9755151867866516,292.24059999978635
D:\Bartek\coding\biometria\facial_auth\celeba_subset\img_align_celeba\005218.jpg,7524,False,8,True,0.9639455676078796,304.0661000050022
D:\Bartek\coding\biometria\facial_auth\celeba_subset\img_align_celeba\072658.jpg,7253,False,2,False,0.044570062309503555,292.70959999848856
D:\Bartek\coding\biometria\facial_auth\celeba_subset\img_align_celeba\072658.jpg,7253,False,2,True,0.05581582710146904,294.9488000012934
D:\Bartek\coding\biometria\facial_auth\celeba_subset\img_align_celeba\132722.jpg,5127,False,4,False,0.004295360762625933,295.2348000035272
D:\Bartek\coding\biometria\facial_auth\celeba_subset\img_align_celeba\132722.jpg,5127,False,4,True,0.08542533963918686,293.4726000021328
D:\Bartek\coding\biometria\facial_auth\celeba_subset\img_align_celeba\095371.jpg,8091,False,8,False,0.07039512693881989,293.71350000292296
D:\Bartek\coding\biometria\facial_auth\celeba_subset\img_align_celeba\095371.jpg,8091,False,8,True,0.07524143159389496,309.44689999887487
D:\Bartek\coding\biometria\facial_auth\celeba_subset\img_align_celeba\089925.jpg,5672,False,2,False,0.05917191877961159,294.1355999937514
D:\Bartek\coding\biometria\facial_auth\celeba_subset\img_align_celeba\089925.jpg,5672,False,2,True,-0.03416156396269798,296.6439999945578
D:\Bartek\coding\biometria\facial_auth\celeba_subset\img_align_celeba\135191.jpg,9144,False,4,False,-0.015813041478395462,310.8468999998877
D:\Bartek\coding\biometria\facial_auth\celeba_subset\img_align_celeba\135191.jpg,9144,False,4,True,-0.006211446598172188,293.91000000032363
D:\Bartek\coding\biometria\facial_auth\celeba_subset\img_align_celeba\122456.jpg,7088,False,8,False,0.03751927614212036,300.8951999945566
D:\Bartek\coding\biometria\facial_auth\celeba_subset\img_align_celeba\122456.jpg,7088,False,8,True,0.05162328481674194,295.21110000496265
D:\Bartek\coding\biometria\facial_auth\celeba_subset\img_align_celeba\131165.jpg,9632,False,2,False,-0.007878512144088745,297.67879999417346
D:\Bartek\coding\biometria\facial_auth\celeba_subset\img_align_celeba\131165.jpg,9632,False,2,True,0.008138826116919518,304.8607999953674
D:\Bartek\coding\biometria\facial_auth\celeba_subset\img_align_celeba\085060.jpg,5190,False,4,False,0.16066910326480865,296.75549999956274
D:\Bartek\coding\biometria\facial_auth\celeba_subset\img_align_celeba\085060.jpg,5190,False,4,True,0.14981403946876526,306.67089999769814
D:\Bartek\coding\biometria\facial_auth\celeba_subset\img_align_celeba\058047.jpg,5127,False,8,False,0.012973965145647526,292.70000000542495
D:\Bartek\coding\biometria\facial_auth\celeba_subset\img_align_celeba\058047.jpg,5127,False,8,True,0.031144550070166588,287.34419999818783
D:\Bartek\coding\biometria\facial_auth\celeba_subset\img_align_celeba\095323.jpg,1167,False,2,False,0.103734090924263,301.0692999960156
D:\Bartek\coding\biometria\facial_auth\celeba_subset\img_align_celeba\095323.jpg,1167,False,2,True,0.0831751897931099,308.3741999944323
D:\Bartek\coding\biometria\facial_auth\celeba_subset\img_align_celeba\045205.jpg,1149,False,4,False,0.041610848158597946,290.4917999985628
D:\Bartek\coding\biometria\facial_auth\celeba_subset\img_align_celeba\045205.jpg,1149,False,4,True,0.021486276760697365,296.0028000015882
D:\Bartek\coding\biometria\facial_auth\celeba_subset\img_align_celeba\128970.jpg,5246,False,8,False,0.10226579010486603,292.7045000033104
D:\Bartek\coding\biometria\facial_auth\celeba_subset\img_align_celeba\128970.jpg,5246,False,8,True,0.11029624938964844,293.4557999979006
D:\Bartek\coding\biometria\facial_auth\celeba_subset\img_align_celeba\154314.jpg,1350,False,2,False,0.1478939950466156,298.4269000007771
D:\Bartek\coding\biometria\facial_auth\celeba_subset\img_align_celeba\154314.jpg,1350,False,2,True,0.18588680028915405,303.5830000007991
D:\Bartek\coding\biometria\facial_auth\celeba_subset\img_align_celeba\113236.jpg,9632,False,4,False,-0.00498005747795105,310.85560000065016
D:\Bartek\coding\biometria\facial_auth\celeba_subset\img_align_celeba\113236.jpg,9632,False,4,True,0.02362062595784664,294.8679999972228
D:\Bartek\coding\biometria\facial_auth\celeba_subset\img_align_celeba\201206.jpg,1128,False,8,False,0.04569292813539505,297.52369999914663
D:\Bartek\coding\biometria\facial_auth\celeba_subset\img_align_celeba\201206.jpg,1128,False,8,True,0.06667453795671463,298.9448000007542
D:\Bartek\coding\biometria\facial_auth\celeba_subset\img_align_celeba\082558.jpg,503,False,2,False,-0.044732920825481415,291.04080000252
D:\Bartek\coding\biometria\facial_auth\celeba_subset\img_align_celeba\082558.jpg,503,False,2,True,-0.06512612104415894,292.91830000147456
D:\Bartek\coding\biometria\facial_auth\celeba_subset\img_align_celeba\002196.jpg,4185,False,4,False,-0.007748568896204233,297.9659000047832
D:\Bartek\coding\biometria\facial_auth\celeba_subset\img_align_celeba\002196.jpg,4185,False,4,True,0.06742513924837112,304.9399000010453
D:\Bartek\coding\biometria\facial_auth\celeba_subset\img_align_celeba\171813.jpg,9939,False,8,False,0.04192768409848213,292.4585000000661
D:\Bartek\coding\biometria\facial_auth\celeba_subset\img_align_celeba\171813.jpg,9939,False,8,True,0.05174851045012474,295.7334000020637
D:\Bartek\coding\biometria\facial_auth\celeba_subset\img_align_celeba\150698.jpg,1154,False,2,False,0.07664257287979126,299.94689999875845
D:\Bartek\coding\biometria\facial_auth\celeba_subset\img_align_celeba\150698.jpg,1154,False,2,True,0.06086422875523567,297.2708999950555
D:\Bartek\coding\biometria\facial_auth\celeba_subset\img_align_celeba\173413.jpg,6086,False,4,False,0.22564604878425598,293.40570000204025
D:\Bartek\coding\biometria\facial_auth\celeba_subset\img_align_celeba\173413.jpg,6086,False,4,True,0.19680845737457275,293.4705000006943
D:\Bartek\coding\biometria\facial_auth\celeba_subset\img_align_celeba\090560.jpg,5922,False,8,False,0.03739907592535019,289.69960000540596
D:\Bartek\coding\biometria\facial_auth\celeba_subset\img_align_celeba\090560.jpg,5922,False,8,True,0.15298466384410858,286.1983999973745
D:\Bartek\coding\biometria\facial_auth\celeba_subset\img_align_celeba\116349.jpg,7338,False,2,False,0.15484225749969482,307.3952000049758
D:\Bartek\coding\biometria\facial_auth\celeba_subset\img_align_celeba\116349.jpg,7338,False,2,True,0.14331404864788055,298.3047999950941
D:\Bartek\coding\biometria\facial_auth\celeba_subset\img_align_celeba\168867.jpg,5246,False,4,False,0.08932575583457947,294.57089999777963
D:\Bartek\coding\biometria\facial_auth\celeba_subset\img_align_celeba\168867.jpg,5246,False,4,True,0.026563851162791252,291.79580000345595
D:\Bartek\coding\biometria\facial_auth\celeba_subset\img_align_celeba\009592.jpg,9000,False,8,False,0.033568814396858215,304.6946000031312
D:\Bartek\coding\biometria\facial_auth\celeba_subset\img_align_celeba\009592.jpg,9000,False,8,True,0.024864748120307922,296.37770000408636
D:\Bartek\coding\biometria\facial_auth\celeba_subset\img_align_celeba\082803.jpg,5238,False,2,False,0.03591174632310867,285.3668000025209
D:\Bartek\coding\biometria\facial_auth\celeba_subset\img_align_celeba\082803.jpg,5238,False,2,True,0.07125457376241684,289.1178999998374
D:\Bartek\coding\biometria\facial_auth\celeba_subset\img_align_celeba\003308.jpg,3655,False,4,False,0.16059494018554688,293.4614999976475
D:\Bartek\coding\biometria\facial_auth\celeba_subset\img_align_celeba\003308.jpg,3655,False,4,True,0.09118814021348953,286.0549000033643
D:\Bartek\coding\biometria\facial_auth\celeba_subset\img_align_celeba\063464.jpg,9093,False,8,False,0.14130738377571106,293.6372999974992
D:\Bartek\coding\biometria\facial_auth\celeba_subset\img_align_celeba\063464.jpg,9093,False,8,True,0.1235746219754219,295.03879999538185
D:\Bartek\coding\biometria\facial_auth\celeba_subset\img_align_celeba\172109.jpg,4870,False,2,False,0.16349783539772034,296.2699999989127
D:\Bartek\coding\biometria\facial_auth\celeba_subset\img_align_celeba\172109.jpg,4870,False,2,True,0.18015670776367188,299.26500000146916
D:\Bartek\coding\biometria\facial_auth\celeba_subset\img_align_celeba\181473.jpg,5672,False,4,False,0.05430318042635918,290.20239999954356
D:\Bartek\coding\biometria\facial_auth\celeba_subset\img_align_celeba\181473.jpg,5672,False,4,True,0.08225355297327042,297.2959999970044
D:\Bartek\coding\biometria\facial_auth\celeba_subset\img_align_celeba\116833.jpg,655,False,8,False,0.06479401886463165,286.72780000488274
D:\Bartek\coding\biometria\facial_auth\celeba_subset\img_align_celeba\116833.jpg,655,False,8,True,0.06995348632335663,287.9370999944513
D:\Bartek\coding\biometria\facial_auth\celeba_subset\img_align_celeba\113315.jpg,5534,False,2,False,0.17020472884178162,292.1530999956303
D:\Bartek\coding\biometria\facial_auth\celeba_subset\img_align_celeba\113315.jpg,5534,False,2,True,0.14497110247612,293.6215000008815
D:\Bartek\coding\biometria\facial_auth\celeba_subset\img_align_celeba\030973.jpg,644,False,4,False,0.07284263521432877,293.6325999980909
D:\Bartek\coding\biometria\facial_auth\celeba_subset\img_align_celeba\030973.jpg,644,False,4,True,0.10308407247066498,297.0220999995945
D:\Bartek\coding\biometria\facial_auth\celeba_subset\img_align_celeba\112838.jpg,2177,False,8,False,0.9406407475471497,296.5035999950487
D:\Bartek\coding\biometria\facial_auth\celeba_subset\img_align_celeba\112838.jpg,2177,False,8,True,0.9327214956283569,301.319300000614
D:\Bartek\coding\biometria\facial_auth\celeba_subset\img_align_celeba\188408.jpg,5127,False,2,False,0.09535946696996689,288.93900000548456
D:\Bartek\coding\biometria\facial_auth\celeba_subset\img_align_celeba\188408.jpg,5127,False,2,True,0.10849156230688095,298.8843999992241
D:\Bartek\coding\biometria\facial_auth\celeba_subset\img_align_celeba\170747.jpg,7253,False,4,False,0.11190734058618546,294.2808000007062
D:\Bartek\coding\biometria\facial_auth\celeba_subset\img_align_celeba\170747.jpg,7253,False,4,True,0.040610648691654205,294.2646000010427
D:\Bartek\coding\biometria\facial_auth\celeba_subset\img_align_celeba\154452.jpg,913,False,8,False,0.027156556025147438,294.83389999950305
D:\Bartek\coding\biometria\facial_auth\celeba_subset\img_align_celeba\154452.jpg,913,False,8,True,0.045791685581207275,289.8856999963755
D:\Bartek\coding\biometria\facial_auth\celeba_subset\img_align_celeba\194610.jpg,5099,False,2,False,0.03442622721195221,291.5643000014825
D:\Bartek\coding\biometria\facial_auth\celeba_subset\img_align_celeba\194610.jpg,5099,False,2,True,0.022393779829144478,290.7113999972353
D:\Bartek\coding\biometria\facial_auth\celeba_subset\img_align_celeba\198870.jpg,6170,False,4,False,0.08393387496471405,287.5458999988041
D:\Bartek\coding\biometria\facial_auth\celeba_subset\img_align_celeba\198870.jpg,6170,False,4,True,0.046909399330616,292.42299999896204
D:\Bartek\coding\biometria\facial_auth\celeba_subset\img_align_celeba\049175.jpg,6806,False,8,False,0.027018172666430473,305.8487999951467
D:\Bartek\coding\biometria\facial_auth\celeba_subset\img_align_celeba\049175.jpg,6806,False,8,True,0.015923477709293365,294.7905999972136
D:\Bartek\coding\biometria\facial_auth\celeba_subset\img_align_celeba\004054.jpg,8027,False,2,False,0.08149445801973343,303.993100002117
D:\Bartek\coding\biometria\facial_auth\celeba_subset\img_align_celeba\004054.jpg,8027,False,2,True,0.06285477429628372,222.41529999882914
D:\Bartek\coding\biometria\facial_auth\celeba_subset\img_align_celeba\094803.jpg,8908,False,4,False,0.32225292921066284,283.4766000014497
D:\Bartek\coding\biometria\facial_auth\celeba_subset\img_align_celeba\094803.jpg,8908,False,4,True,0.20752675831317902,295.3339000014239
D:\Bartek\coding\biometria\facial_auth\celeba_subset\img_align_celeba\004054.jpg,6528,False,8,False,0.4888651967048645,288.85290000471286
D:\Bartek\coding\biometria\facial_auth\celeba_subset\img_align_celeba\004054.jpg,6528,False,8,True,0.47256508469581604,294.6737999955076
D:\Bartek\coding\biometria\facial_auth\celeba_subset\img_align_celeba\052615.jpg,5210,False,2,False,0.17864739894866943,312.17349999496946
D:\Bartek\coding\biometria\facial_auth\celeba_subset\img_align_celeba\052615.jpg,5210,False,2,True,0.22727809846401215,288.0384999953094
D:\Bartek\coding\biometria\facial_auth\celeba_subset\img_align_celeba\140559.jpg,5591,False,4,False,0.055253829807043076,295.32089999702293
D:\Bartek\coding\biometria\facial_auth\celeba_subset\img_align_celeba\140559.jpg,5591,False,4,True,0.09009438753128052,304.72220000228845
D:\Bartek\coding\biometria\facial_auth\celeba_subset\img_align_celeba\029274.jpg,655,False,8,False,0.09440372884273529,294.29670000536134
D:\Bartek\coding\biometria\facial_auth\celeba_subset\img_align_celeba\029274.jpg,655,False,8,True,0.0842367634177208,293.38190000271425
D:\Bartek\coding\biometria\facial_auth\celeba_subset\img_align_celeba\126149.jpg,5033,False,2,False,0.1690489798784256,301.19379999814555
D:\Bartek\coding\biometria\facial_auth\celeba_subset\img_align_celeba\126149.jpg,5033,False,2,True,0.16541098058223724,304.7214999969583
D:\Bartek\coding\biometria\facial_auth\celeba_subset\img_align_celeba\184999.jpg,6722,False,4,False,0.1687823086977005,288.6636000039289
D:\Bartek\coding\biometria\facial_auth\celeba_subset\img_align_celeba\184999.jpg,6722,False,4,True,0.10270015150308609,290.12369999691145
D:\Bartek\coding\biometria\facial_auth\celeba_subset\img_align_celeba\023849.jpg,655,False,8,False,0.06229293718934059,295.30939999676775
D:\Bartek\coding\biometria\facial_auth\celeba_subset\img_align_celeba\023849.jpg,655,False,8,True,0.0626753643155098,299.19430000154534
D:\Bartek\coding\biometria\facial_auth\celeba_subset\img_align_celeba\128745.jpg,5534,False,2,False,0.07695373147726059,308.610599997337
D:\Bartek\coding\biometria\facial_auth\celeba_subset\img_align_celeba\128745.jpg,5534,False,2,True,0.06284120678901672,313.47680000180844
D:\Bartek\coding\biometria\facial_auth\celeba_subset\img_align_celeba\193173.jpg,4185,False,4,False,0.12937630712985992,284.5811000006506
D:\Bartek\coding\biometria\facial_auth\celeba_subset\img_align_celeba\193173.jpg,4185,False,4,True,0.10003671795129776,284.0375000014319
D:\Bartek\coding\biometria\facial_auth\celeba_subset\img_align_celeba\006482.jpg,7222,False,8,False,0.0991579070687294,297.982600000978
D:\Bartek\coding\biometria\facial_auth\celeba_subset\img_align_celeba\006482.jpg,7222,False,8,True,0.08066455274820328,310.56420000095386
D:\Bartek\coding\biometria\facial_auth\celeba_subset\img_align_celeba\042542.jpg,6719,False,2,False,0.010420056991279125,278.37110000109533
D:\Bartek\coding\biometria\facial_auth\celeba_subset\img_align_celeba\042542.jpg,6719,False,2,True,-0.007501060608774424,293.952400003036
D:\Bartek\coding\biometria\facial_auth\celeba_subset\img_align_celeba\019558.jpg,5127,False,4,False,0.09360823035240173,299.8675999988336
D:\Bartek\coding\biometria\facial_auth\celeba_subset\img_align_celeba\019558.jpg,5127,False,4,True,0.058092374354600906,294.607999996515
D:\Bartek\coding\biometria\facial_auth\celeba_subset\img_align_celeba\176995.jpg,9000,False,8,False,0.03886361047625542,297.0629999981611
D:\Bartek\coding\biometria\facial_auth\celeba_subset\img_align_celeba\176995.jpg,9000,False,8,True,0.03795289993286133,296.1993999997503
D:\Bartek\coding\biometria\facial_auth\celeba_subset\img_align_celeba\047067.jpg,8908,False,2,False,0.11133181303739548,298.17970000294736
D:\Bartek\coding\biometria\facial_auth\celeba_subset\img_align_celeba\047067.jpg,8908,False,2,True,0.0876062884926796,298.72729999624426
D:\Bartek\coding\biometria\facial_auth\celeba_subset\img_align_celeba\118774.jpg,6170,False,4,False,0.13652971386909485,305.1149999955669
D:\Bartek\coding\biometria\facial_auth\celeba_subset\img_align_celeba\118774.jpg,6170,False,4,True,0.08977370709180832,286.61290000309236
D:\Bartek\coding\biometria\facial_auth\celeba_subset\img_align_celeba\164600.jpg,5064,False,8,False,0.014997940510511398,287.60760000295704
D:\Bartek\coding\biometria\facial_auth\celeba_subset\img_align_celeba\164600.jpg,5064,False,8,True,0.014401359483599663,287.8893999950378
D:\Bartek\coding\biometria\facial_auth\celeba_subset\img_align_celeba\047067.jpg,6277,False,2,False,0.0768241360783577,301.9611999989138
D:\Bartek\coding\biometria\facial_auth\celeba_subset\img_align_celeba\047067.jpg,6277,False,2,True,0.07271983474493027,306.96069999976316
D:\Bartek\coding\biometria\facial_auth\celeba_subset\img_align_celeba\114858.jpg,5534,False,4,False,0.134148508310318,291.4791000002879
D:\Bartek\coding\biometria\facial_auth\celeba_subset\img_align_celeba\114858.jpg,5534,False,4,True,0.13888131082057953,300.1460999948904
D:\Bartek\coding\biometria\facial_auth\celeba_subset\img_align_celeba\179687.jpg,4185,False,8,False,0.13419899344444275,305.4699999993318
D:\Bartek\coding\biometria\facial_auth\celeba_subset\img_align_celeba\179687.jpg,4185,False,8,True,0.14176824688911438,304.90800000552554
D:\Bartek\coding\biometria\facial_auth\celeba_subset\img_align_celeba\057152.jpg,9534,False,2,False,0.136847123503685,299.9509000001126
D:\Bartek\coding\biometria\facial_auth\celeba_subset\img_align_celeba\057152.jpg,9534,False,2,True,0.1325155347585678,291.80189999897266
D:\Bartek\coding\biometria\facial_auth\celeba_subset\img_align_celeba\039024.jpg,8,False,4,False,0.023713260889053345,290.0680000020657
D:\Bartek\coding\biometria\facial_auth\celeba_subset\img_align_celeba\039024.jpg,8,False,4,True,-0.01774425618350506,294.8534000024665
D:\Bartek\coding\biometria\facial_auth\celeba_subset\img_align_celeba\061550.jpg,4150,False,8,False,0.01155143417418003,296.1706999994931
D:\Bartek\coding\biometria\facial_auth\celeba_subset\img_align_celeba\061550.jpg,4150,False,8,True,0.021062687039375305,298.6127999974997
D:\Bartek\coding\biometria\facial_auth\celeba_subset\img_align_celeba\069035.jpg,6806,False,2,False,0.07537922263145447,295.41550000431016
D:\Bartek\coding\biometria\facial_auth\celeba_subset\img_align_celeba\069035.jpg,6806,False,2,True,0.1353047788143158,300.84370000258787
D:\Bartek\coding\biometria\facial_auth\celeba_subset\img_align_celeba\143822.jpg,1104,False,4,False,0.07086466252803802,294.3539000043529
D:\Bartek\coding\biometria\facial_auth\celeba_subset\img_align_celeba\143822.jpg,1104,False,4,True,0.03608125075697899,287.72010000102455
D:\Bartek\coding\biometria\facial_auth\celeba_subset\img_align_celeba\056698.jpg,6806,False,8,False,0.007332879118621349,286.21879999991506
D:\Bartek\coding\biometria\facial_auth\celeba_subset\img_align_celeba\056698.jpg,6806,False,8,True,0.013361582532525063,305.74179999530315
D:\Bartek\coding\biometria\facial_auth\celeba_subset\img_align_celeba\199347.jpg,8091,False,2,False,0.17880769073963165,303.1656999955885
D:\Bartek\coding\biometria\facial_auth\celeba_subset\img_align_celeba\199347.jpg,8091,False,2,True,0.1282452642917633,313.78550000226824
D:\Bartek\coding\biometria\facial_auth\celeba_subset\img_align_celeba\037955.jpg,9939,False,4,False,0.027200423181056976,295.6638000032399
D:\Bartek\coding\biometria\facial_auth\celeba_subset\img_align_celeba\037955.jpg,9939,False,4,True,0.011986547149717808,307.51640000380576
D:\Bartek\coding\biometria\facial_auth\celeba_subset\img_align_celeba\010898.jpg,9688,False,8,False,0.04418477416038513,277.6376999972854
D:\Bartek\coding\biometria\facial_auth\celeba_subset\img_align_celeba\010898.jpg,9688,False,8,True,0.03565116599202156,296.0404999976163
D:\Bartek\coding\biometria\facial_auth\celeba_subset\img_align_celeba\182074.jpg,5437,False,2,False,0.31020212173461914,303.5091999990982
D:\Bartek\coding\biometria\facial_auth\celeba_subset\img_align_celeba\182074.jpg,5437,False,2,True,0.2942905128002167,301.4314999963972
D:\Bartek\coding\biometria\facial_auth\celeba_subset\img_align_celeba\153217.jpg,5099,False,4,False,0.06049899384379387,298.58799999783514
D:\Bartek\coding\biometria\facial_auth\celeba_subset\img_align_celeba\153217.jpg,5099,False,4,True,-0.036057546734809875,302.54949999653036
D:\Bartek\coding\biometria\facial_auth\celeba_subset\img_align_celeba\096686.jpg,4196,False,8,False,0.3532120883464813,289.94029999739723
D:\Bartek\coding\biometria\facial_auth\celeba_subset\img_align_celeba\096686.jpg,4196,False,8,True,0.35060030221939087,291.21930000110297
D:\Bartek\coding\biometria\facial_auth\celeba_subset\img_align_celeba\135492.jpg,5575,False,2,False,0.11279327422380447,305.5787999983295
D:\Bartek\coding\biometria\facial_auth\celeba_subset\img_align_celeba\135492.jpg,5575,False,2,True,0.12859830260276794,306.290499996976
D:\Bartek\coding\biometria\facial_auth\celeba_subset\img_align_celeba\061852.jpg,7253,False,4,False,0.12567737698554993,292.0857999997679
D:\Bartek\coding\biometria\facial_auth\celeba_subset\img_align_celeba\061852.jpg,7253,False,4,True,0.21586966514587402,298.43280000204686
D:\Bartek\coding\biometria\facial_auth\celeba_subset\img_align_celeba\166661.jpg,4150,False,8,False,0.016304200515151024,299.83009999705246
D:\Bartek\coding\biometria\facial_auth\celeba_subset\img_align_celeba\166661.jpg,4150,False,8,True,0.018533142283558846,310.3463999941596
D:\Bartek\coding\biometria\facial_auth\celeba_subset\img_align_celeba\119445.jpg,1350,False,2,False,-0.03809906169772148,296.109200004139
D:\Bartek\coding\biometria\facial_auth\celeba_subset\img_align_celeba\119445.jpg,1350,False,2,True,-0.08478151261806488,300.8536000052118
D:\Bartek\coding\biometria\facial_auth\celeba_subset\img_align_celeba\144958.jpg,503,False,4,False,0.3288991451263428,294.2858000023989
D:\Bartek\coding\biometria\facial_auth\celeba_subset\img_align_celeba\144958.jpg,503,False,4,True,0.19678634405136108,303.70810000022175
D:\Bartek\coding\biometria\facial_auth\celeba_subset\img_align_celeba\024413.jpg,3236,False,8,False,0.01472315564751625,294.13519999798154
D:\Bartek\coding\biometria\facial_auth\celeba_subset\img_align_celeba\024413.jpg,3236,False,8,True,0.007039253134280443,296.6683999984525
D:\Bartek\coding\biometria\facial_auth\celeba_subset\img_align_celeba\133042.jpg,4870,False,2,False,0.10996788740158081,294.98160000366624
D:\Bartek\coding\biometria\facial_auth\celeba_subset\img_align_celeba\133042.jpg,4870,False,2,True,0.06447403132915497,307.5630000021192
D:\Bartek\coding\biometria\facial_auth\celeba_subset\img_align_celeba\039766.jpg,8748,False,4,False,0.14138171076774597,296.0072999994736
D:\Bartek\coding\biometria\facial_auth\celeba_subset\img_align_celeba\039766.jpg,8748,False,4,True,0.06375543028116226,289.6595999991405
D:\Bartek\coding\biometria\facial_auth\celeba_subset\img_align_celeba\021154.jpg,5780,False,8,False,0.19416803121566772,298.11090000293916
D:\Bartek\coding\biometria\facial_auth\celeba_subset\img_align_celeba\021154.jpg,5780,False,8,True,0.21503011882305145,300.7276999996975
D:\Bartek\coding\biometria\facial_auth\celeba_subset\img_align_celeba\175825.jpg,1147,False,2,False,0.10936078429222107,303.75310000090394
D:\Bartek\coding\biometria\facial_auth\celeba_subset\img_align_celeba\175825.jpg,1147,False,2,True,0.14640319347381592,316.46949999412755
D:\Bartek\coding\biometria\facial_auth\celeba_subset\img_align_celeba\008465.jpg,7524,False,4,False,0.02053684927523136,302.8522000022349
D:\Bartek\coding\biometria\facial_auth\celeba_subset\img_align_celeba\008465.jpg,7524,False,4,True,0.01302118320018053,304.5309999943129
D:\Bartek\coding\biometria\facial_auth\celeba_subset\img_align_celeba\110829.jpg,6136,False,8,False,0.09461324661970139,308.2746000000043
D:\Bartek\coding\biometria\facial_auth\celeba_subset\img_align_celeba\110829.jpg,6136,False,8,True,0.07322817295789719,285.6666999941808
D:\Bartek\coding\biometria\facial_auth\celeba_subset\img_align_celeba\006575.jpg,6972,False,2,False,0.07297463715076447,223.16330000467133
D:\Bartek\coding\biometria\facial_auth\celeba_subset\img_align_celeba\006575.jpg,6972,False,2,True,0.1135283038020134,336.2981000027503
D:\Bartek\coding\biometria\facial_auth\celeba_subset\img_align_celeba\195021.jpg,8936,False,4,False,0.1211012527346611,290.04850000637816
D:\Bartek\coding\biometria\facial_auth\celeba_subset\img_align_celeba\195021.jpg,8936,False,4,True,0.1365049183368683,294.9326999951154
D:\Bartek\coding\biometria\facial_auth\celeba_subset\img_align_celeba\021275.jpg,6983,False,8,False,0.15920817852020264,303.65200000233017
D:\Bartek\coding\biometria\facial_auth\celeba_subset\img_align_celeba\021275.jpg,6983,False,8,True,0.18426474928855896,296.6087000022526
D:\Bartek\coding\biometria\facial_auth\celeba_subset\img_align_celeba\098203.jpg,6972,False,2,False,0.14830873906612396,299.9654000013834
D:\Bartek\coding\biometria\facial_auth\celeba_subset\img_align_celeba\098203.jpg,6972,False,2,True,0.0964539423584938,319.15370000206167
D:\Bartek\coding\biometria\facial_auth\celeba_subset\img_align_celeba\189079.jpg,1104,False,4,False,0.03383800387382507,297.41980000108015
D:\Bartek\coding\biometria\facial_auth\celeba_subset\img_align_celeba\189079.jpg,1104,False,4,True,0.03319880738854408,323.63009999971837
D:\Bartek\coding\biometria\facial_auth\celeba_subset\img_align_celeba\007272.jpg,9093,False,8,False,0.11345252394676208,295.346699997026
D:\Bartek\coding\biometria\facial_auth\celeba_subset\img_align_celeba\007272.jpg,9093,False,8,True,0.11809298396110535,295.24510000192095
D:\Bartek\coding\biometria\facial_auth\celeba_subset\img_align_celeba\152735.jpg,5656,False,2,False,0.12326015532016754,298.57800000172574
D:\Bartek\coding\biometria\facial_auth\celeba_subset\img_align_celeba\152735.jpg,5656,False,2,True,0.10170193761587143,404.5925999962492
D:\Bartek\coding\biometria\facial_auth\celeba_subset\img_align_celeba\078441.jpg,5064,False,4,False,0.016265418380498886,285.660800000187
D:\Bartek\coding\biometria\facial_auth\celeba_subset\img_align_celeba\078441.jpg,5064,False,4,True,0.09829295426607132,293.01780000241706
D:\Bartek\coding\biometria\facial_auth\celeba_subset\img_align_celeba\186398.jpg,7088,False,8,False,0.03718264028429985,295.36799999914365
D:\Bartek\coding\biometria\facial_auth\celeba_subset\img_align_celeba\186398.jpg,7088,False,8,True,0.037321340292692184,301.1973000029684
D:\Bartek\coding\biometria\facial_auth\celeba_subset\img_align_celeba\069706.jpg,6719,False,2,False,0.05125592276453972,308.16340000455966
D:\Bartek\coding\biometria\facial_auth\celeba_subset\img_align_celeba\069706.jpg,6719,False,2,True,0.052588921040296555,314.0717999995104
D:\Bartek\coding\biometria\facial_auth\celeba_subset\img_align_celeba\172109.jpg,913,False,4,False,0.02661411091685295,310.22159999702126
D:\Bartek\coding\biometria\facial_auth\celeba_subset\img_align_celeba\172109.jpg,913,False,4,True,0.04184815660119057,310.0302999955602
D:\Bartek\coding\biometria\facial_auth\celeba_subset\img_align_celeba\194377.jpg,5656,False,8,False,0.10458123683929443,294.6209000001545
D:\Bartek\coding\biometria\facial_auth\celeba_subset\img_align_celeba\194377.jpg,5656,False,8,True,0.11554443836212158,296.2619999962044
D:\Bartek\coding\biometria\facial_auth\celeba_subset\img_align_celeba\151397.jpg,4870,False,2,False,-0.029018672183156013,301.8140999993193
D:\Bartek\coding\biometria\facial_auth\celeba_subset\img_align_celeba\151397.jpg,4870,False,2,True,-0.041306767612695694,301.90709999442333
D:\Bartek\coding\biometria\facial_auth\celeba_subset\img_align_celeba\042311.jpg,4870,False,4,False,0.0883459523320198,297.9180999973323
D:\Bartek\coding\biometria\facial_auth\celeba_subset\img_align_celeba\042311.jpg,4870,False,4,True,0.06188270077109337,292.04489999392536
D:\Bartek\coding\biometria\facial_auth\celeba_subset\img_align_celeba\180898.jpg,3877,False,8,False,0.029218466952443123,288.1450000058976
D:\Bartek\coding\biometria\facial_auth\celeba_subset\img_align_celeba\180898.jpg,3877,False,8,True,0.004936964716762304,307.00660000002244
D:\Bartek\coding\biometria\facial_auth\celeba_subset\img_align_celeba\160752.jpg,1149,False,2,False,0.052854593843221664,306.6070999993826
D:\Bartek\coding\biometria\facial_auth\celeba_subset\img_align_celeba\160752.jpg,1149,False,2,True,0.06976903975009918,300.25000000023283
D:\Bartek\coding\biometria\facial_auth\celeba_subset\img_align_celeba\176990.jpg,7524,False,4,False,0.06104953587055206,298.17970000294736
D:\Bartek\coding\biometria\facial_auth\celeba_subset\img_align_celeba\176990.jpg,7524,False,4,True,0.0576971098780632,303.91599999711616
D:\Bartek\coding\biometria\facial_auth\celeba_subset\img_align_celeba\109709.jpg,6195,False,8,False,0.4600628614425659,300.5551000023843
D:\Bartek\coding\biometria\facial_auth\celeba_subset\img_align_celeba\109709.jpg,6195,False,8,True,0.4472932517528534,298.05750000377884
D:\Bartek\coding\biometria\facial_auth\celeba_subset\img_align_celeba\118761.jpg,1104,False,2,False,0.07190801948308945,295.435300002282
D:\Bartek\coding\biometria\facial_auth\celeba_subset\img_align_celeba\118761.jpg,1104,False,2,True,0.048566050827503204,289.4240000023274
D:\Bartek\coding\biometria\facial_auth\celeba_subset\img_align_celeba\135446.jpg,9489,False,4,False,0.23068006336688995,294.9004000038258
D:\Bartek\coding\biometria\facial_auth\celeba_subset\img_align_celeba\135446.jpg,9489,False,4,True,0.22701795399188995,293.1338999987929
D:\Bartek\coding\biometria\facial_auth\celeba_subset\img_align_celeba\082838.jpg,5656,False,8,False,0.09983643889427185,299.4738000052166
D:\Bartek\coding\biometria\facial_auth\celeba_subset\img_align_celeba\082838.jpg,5656,False,8,True,0.10455268621444702,300.00949999521254
D:\Bartek\coding\biometria\facial_auth\celeba_subset\img_align_celeba\040925.jpg,9688,False,2,False,0.02415834739804268,312.34129999938887
D:\Bartek\coding\biometria\facial_auth\celeba_subset\img_align_celeba\040925.jpg,9688,False,2,True,-0.012516756542026997,287.2925999981817
D:\Bartek\coding\biometria\facial_auth\celeba_subset\img_align_celeba\153869.jpg,6806,False,4,False,0.06579414010047913,289.6051999996416
D:\Bartek\coding\biometria\facial_auth\celeba_subset\img_align_celeba\153869.jpg,6806,False,4,True,0.0519874133169651,299.9357000007876
D:\Bartek\coding\biometria\facial_auth\celeba_subset\img_align_celeba\029772.jpg,5872,False,8,False,0.12439152598381042,296.2810000026366
D:\Bartek\coding\biometria\facial_auth\celeba_subset\img_align_celeba\029772.jpg,5872,False,8,True,0.12224460393190384,295.7364999965648
D:\Bartek\coding\biometria\facial_auth\celeba_subset\img_align_celeba\021862.jpg,7103,False,2,False,0.002489604754373431,292.35260000132257
D:\Bartek\coding\biometria\facial_auth\celeba_subset\img_align_celeba\021862.jpg,7103,False,2,True,-0.07874556630849838,302.81030000332976
D:\Bartek\coding\biometria\facial_auth\celeba_subset\img_align_celeba\164073.jpg,1154,False,4,False,0.08516964316368103,292.8597999998601
D:\Bartek\coding\biometria\facial_auth\celeba_subset\img_align_celeba\164073.jpg,1154,False,4,True,0.11665939539670944,311.98030000086874
D:\Bartek\coding\biometria\facial_auth\celeba_subset\img_align_celeba\108589.jpg,644,False,8,False,0.02853245660662651,293.08619999937946
D:\Bartek\coding\biometria\facial_auth\celeba_subset\img_align_celeba\108589.jpg,644,False,8,True,0.07504383474588394,303.54559999977937
D:\Bartek\coding\biometria\facial_auth\celeba_subset\img_align_celeba\031649.jpg,8971,False,2,False,0.14740200340747833,291.7844999974477
D:\Bartek\coding\biometria\facial_auth\celeba_subset\img_align_celeba\031649.jpg,8971,False,2,True,0.1980282962322235,300.8574999985285
D:\Bartek\coding\biometria\facial_auth\celeba_subset\img_align_celeba\033933.jpg,9144,False,4,False,0.005128985270857811,293.3742000022903
D:\Bartek\coding\biometria\facial_auth\celeba_subset\img_align_celeba\033933.jpg,9144,False,4,True,0.025757333263754845,294.20699999900535
D:\Bartek\coding\biometria\facial_auth\celeba_subset\img_align_celeba\121009.jpg,9939,False,8,False,0.04984327778220177,298.89329999423353
D:\Bartek\coding\biometria\facial_auth\celeba_subset\img_align_celeba\121009.jpg,9939,False,8,True,0.04693979769945145,301.45530000299914
D:\Bartek\coding\biometria\facial_auth\celeba_subset\img_align_celeba\128737.jpg,310,False,2,False,-0.022559892386198044,304.1201000014553
D:\Bartek\coding\biometria\facial_auth\celeba_subset\img_align_celeba\128737.jpg,310,False,2,True,-0.032005101442337036,304.0067000038107
D:\Bartek\coding\biometria\facial_auth\celeba_subset\img_align_celeba\108819.jpg,310,False,4,False,0.28731775283813477,301.50660000072094
D:\Bartek\coding\biometria\facial_auth\celeba_subset\img_align_celeba\108819.jpg,310,False,4,True,0.28718265891075134,297.6730000009411
D:\Bartek\coding\biometria\facial_auth\celeba_subset\img_align_celeba\069035.jpg,2177,False,8,False,0.934708297252655,293.84460000437684
D:\Bartek\coding\biometria\facial_auth\celeba_subset\img_align_celeba\069035.jpg,2177,False,8,True,0.8841859102249146,297.0449999993434
D:\Bartek\coding\biometria\facial_auth\celeba_subset\img_align_celeba\127806.jpg,7338,False,2,False,0.12633869051933289,309.18430000019725
D:\Bartek\coding\biometria\facial_auth\celeba_subset\img_align_celeba\127806.jpg,7338,False,2,True,0.13882724940776825,242.73359999642707
D:\Bartek\coding\biometria\facial_auth\celeba_subset\img_align_celeba\134101.jpg,644,False,4,False,0.038506243377923965,287.0914000013727
D:\Bartek\coding\biometria\facial_auth\celeba_subset\img_align_celeba\134101.jpg,644,False,4,True,0.0378699004650116,291.65910000301665
D:\Bartek\coding\biometria\facial_auth\celeba_subset\img_align_celeba\067812.jpg,4936,False,8,False,0.04637514427304268,290.55589999916265
D:\Bartek\coding\biometria\facial_auth\celeba_subset\img_align_celeba\067812.jpg,4936,False,8,True,0.028395533561706543,293.28840000380296
D:\Bartek\coding\biometria\facial_auth\celeba_subset\img_align_celeba\046770.jpg,1147,False,2,False,0.11253026127815247,300.3288000036264
D:\Bartek\coding\biometria\facial_auth\celeba_subset\img_align_celeba\046770.jpg,1147,False,2,True,0.13190138339996338,303.09800000395626
D:\Bartek\coding\biometria\facial_auth\celeba_subset\img_align_celeba\046235.jpg,2926,False,4,False,0.042927734553813934,298.1129999971017
D:\Bartek\coding\biometria\facial_auth\celeba_subset\img_align_celeba\046235.jpg,2926,False,4,True,0.07894203066825867,300.9846999993897
D:\Bartek\coding\biometria\facial_auth\celeba_subset\img_align_celeba\187081.jpg,4659,False,8,False,0.08115078508853912,313.9549999978044
D:\Bartek\coding\biometria\facial_auth\celeba_subset\img_align_celeba\187081.jpg,4659,False,8,True,0.06796916574239731,295.53149999992456
D:\Bartek\coding\biometria\facial_auth\celeba_subset\img_align_celeba\195695.jpg,5656,False,2,False,0.08154131472110748,287.0995000048424
D:\Bartek\coding\biometria\facial_auth\celeba_subset\img_align_celeba\195695.jpg,5656,False,2,True,0.0846441239118576,290.7647999963956
D:\Bartek\coding\biometria\facial_auth\celeba_subset\img_align_celeba\101552.jpg,1154,False,4,False,0.22467677295207977,296.26010000356473
D:\Bartek\coding\biometria\facial_auth\celeba_subset\img_align_celeba\101552.jpg,1154,False,4,True,0.1807030588388443,302.58319999848027
D:\Bartek\coding\biometria\facial_auth\celeba_subset\img_align_celeba\161504.jpg,6972,False,8,False,0.041945796459913254,297.04409999976633
D:\Bartek\coding\biometria\facial_auth\celeba_subset\img_align_celeba\161504.jpg,6972,False,8,True,0.0497855506837368,295.94960000395076
D:\Bartek\coding\biometria\facial_auth\celeba_subset\img_align_celeba\162114.jpg,5127,False,2,False,0.14631548523902893,297.1576999989338
D:\Bartek\coding\biometria\facial_auth\celeba_subset\img_align_celeba\162114.jpg,5127,False,2,True,0.1692817509174347,295.83489999640733
D:\Bartek\coding\biometria\facial_auth\celeba_subset\img_align_celeba\165167.jpg,4870,False,4,False,0.17308415472507477,298.0320999995456
D:\Bartek\coding\biometria\facial_auth\celeba_subset\img_align_celeba\165167.jpg,4870,False,4,True,0.1118692085146904,300.2820999972755
D:\Bartek\coding\biometria\facial_auth\celeba_subset\img_align_celeba\159630.jpg,6722,False,8,False,0.05371781438589096,288.8996000037878
D:\Bartek\coding\biometria\facial_auth\celeba_subset\img_align_celeba\159630.jpg,6722,False,8,True,0.059772565960884094,291.2348000027123
D:\Bartek\coding\biometria\facial_auth\celeba_subset\img_align_celeba\039201.jpg,5246,False,2,False,0.12095895409584045,297.8397000042605
D:\Bartek\coding\biometria\facial_auth\celeba_subset\img_align_celeba\039201.jpg,5246,False,2,True,0.09727567434310913,306.0592000038014
D:\Bartek\coding\biometria\facial_auth\celeba_subset\img_align_celeba\164444.jpg,9632,False,4,False,0.10974635183811188,297.73170000407845
D:\Bartek\coding\biometria\facial_auth\celeba_subset\img_align_celeba\164444.jpg,9632,False,4,True,0.12429513037204742,297.5511999975424
D:\Bartek\coding\biometria\facial_auth\celeba_subset\img_align_celeba\193469.jpg,1120,False,8,False,-0.0181106086820364,300.2126999999746
D:\Bartek\coding\biometria\facial_auth\celeba_subset\img_align_celeba\193469.jpg,1120,False,8,True,-0.024800948798656464,297.81869999715127
D:\Bartek\coding\biometria\facial_auth\celeba_subset\img_align_celeba\030348.jpg,5246,False,2,False,0.17623235285282135,298.59700000088196
D:\Bartek\coding\biometria\facial_auth\celeba_subset\img_align_celeba\030348.jpg,5246,False,2,True,0.22725524008274078,304.7223000030499
D:\Bartek\coding\biometria\facial_auth\celeba_subset\img_align_celeba\063464.jpg,7422,False,4,False,0.21890410780906677,293.47060000145575
D:\Bartek\coding\biometria\facial_auth\celeba_subset\img_align_celeba\063464.jpg,7422,False,4,True,0.12390008568763733,297.1850000030827
D:\Bartek\coding\biometria\facial_auth\celeba_subset\img_align_celeba\177019.jpg,5099,False,8,False,0.005402859300374985,299.66589999821736
D:\Bartek\coding\biometria\facial_auth\celeba_subset\img_align_celeba\177019.jpg,5099,False,8,True,0.005446374416351318,296.34499999519903
D:\Bartek\coding\biometria\facial_auth\celeba_subset\img_align_celeba\100206.jpg,7338,False,2,False,0.0696970671415329,291.8682000017725
D:\Bartek\coding\biometria\facial_auth\celeba_subset\img_align_celeba\100206.jpg,7338,False,2,True,0.08896193653345108,298.8282000005711
D:\Bartek\coding\biometria\facial_auth\celeba_subset\img_align_celeba\012237.jpg,1120,False,4,False,-0.06632688641548157,302.64549999992596
D:\Bartek\coding\biometria\facial_auth\celeba_subset\img_align_celeba\012237.jpg,1120,False,4,True,-0.06665076315402985,293.50410000188276
D:\Bartek\coding\biometria\facial_auth\celeba_subset\img_align_celeba\017430.jpg,9093,False,8,False,0.12600672245025635,289.2523999980767
D:\Bartek\coding\biometria\facial_auth\celeba_subset\img_align_celeba\017430.jpg,9093,False,8,True,0.11050020158290863,291.2499000012758
D:\Bartek\coding\biometria\facial_auth\celeba_subset\img_align_celeba\033292.jpg,1350,False,2,False,0.1145918071269989,291.04799999913666
D:\Bartek\coding\biometria\facial_auth\celeba_subset\img_align_celeba\033292.jpg,1350,False,2,True,0.06825894117355347,300.81369999970775
D:\Bartek\coding\biometria\facial_auth\celeba_subset\img_align_celeba\101583.jpg,6806,False,4,False,0.10024246573448181,305.6233999959659
D:\Bartek\coding\biometria\facial_auth\celeba_subset\img_align_celeba\101583.jpg,6806,False,4,True,0.17811408638954163,284.344499996223
D:\Bartek\coding\biometria\facial_auth\celeba_subset\img_align_celeba\016081.jpg,4069,False,8,False,0.07087169587612152,288.04130000207806
D:\Bartek\coding\biometria\facial_auth\celeba_subset\img_align_celeba\016081.jpg,4069,False,8,True,0.0702696219086647,292.0222000029753
D:\Bartek\coding\biometria\facial_auth\celeba_subset\img_align_celeba\014916.jpg,1104,False,2,False,-0.0831337496638298,293.21470000286354
D:\Bartek\coding\biometria\facial_auth\celeba_subset\img_align_celeba\014916.jpg,1104,False,2,True,-0.025466494262218475,303.1411999982083
D:\Bartek\coding\biometria\facial_auth\celeba_subset\img_align_celeba\082195.jpg,8908,False,4,False,0.20388565957546234,292.8595999983372
D:\Bartek\coding\biometria\facial_auth\celeba_subset\img_align_celeba\082195.jpg,8908,False,4,True,0.20249086618423462,303.7588000006508
D:\Bartek\coding\biometria\facial_auth\celeba_subset\img_align_celeba\193063.jpg,9000,False,8,False,0.04569987952709198,301.42419999901904
D:\Bartek\coding\biometria\facial_auth\celeba_subset\img_align_celeba\193063.jpg,9000,False,8,True,0.07626467198133469,295.22719999658875
D:\Bartek\coding\biometria\facial_auth\celeba_subset\img_align_celeba\138018.jpg,898,False,2,False,0.18493764102458954,313.2121000016923
D:\Bartek\coding\biometria\facial_auth\celeba_subset\img_align_celeba\138018.jpg,898,False,2,True,0.06079655885696411,311.2048999973922
D:\Bartek\coding\biometria\facial_auth\celeba_subset\img_align_celeba\000344.jpg,8908,False,4,False,0.1877516657114029,294.24460000154795
D:\Bartek\coding\biometria\facial_auth\celeba_subset\img_align_celeba\000344.jpg,8908,False,4,True,0.14588505029678345,297.189700002491
D:\Bartek\coding\biometria\facial_auth\celeba_subset\img_align_celeba\136726.jpg,7222,False,8,False,0.08909840881824493,287.0517000046675
D:\Bartek\coding\biometria\facial_auth\celeba_subset\img_align_celeba\136726.jpg,7222,False,8,True,0.08717868477106094,292.51400000066496
D:\Bartek\coding\biometria\facial_auth\celeba_subset\img_align_celeba\130882.jpg,1167,False,2,False,0.07614342868328094,296.40760000620503
D:\Bartek\coding\biometria\facial_auth\celeba_subset\img_align_celeba\130882.jpg,1167,False,2,True,0.028085194528102875,299.5915999999852
D:\Bartek\coding\biometria\facial_auth\celeba_subset\img_align_celeba\194523.jpg,6195,False,4,False,0.2440190613269806,295.0445000024047
D:\Bartek\coding\biometria\facial_auth\celeba_subset\img_align_celeba\194523.jpg,6195,False,4,True,0.286131888628006,302.15160000079777
D:\Bartek\coding\biometria\facial_auth\celeba_subset\img_align_celeba\123925.jpg,7253,False,8,False,0.1253051608800888,296.8860999972094
D:\Bartek\coding\biometria\facial_auth\celeba_subset\img_align_celeba\123925.jpg,7253,False,8,True,0.10089873522520065,300.3400999950827
D:\Bartek\coding\biometria\facial_auth\celeba_subset\img_align_celeba\188971.jpg,644,False,2,False,0.20089444518089294,302.92239999835147
D:\Bartek\coding\biometria\facial_auth\celeba_subset\img_align_celeba\188971.jpg,644,False,2,True,0.24531778693199158,301.07659999339376
D:\Bartek\coding\biometria\facial_auth\celeba_subset\img_align_celeba\086479.jpg,7222,False,4,False,0.09106805175542831,292.0547000030638
D:\Bartek\coding\biometria\facial_auth\celeba_subset\img_align_celeba\086479.jpg,7222,False,4,True,0.07297824323177338,308.275199997297
D:\Bartek\coding\biometria\facial_auth\celeba_subset\img_align_celeba\082111.jpg,5210,False,8,False,0.08993298560380936,291.76420000294456
D:\Bartek\coding\biometria\facial_auth\celeba_subset\img_align_celeba\082111.jpg,5210,False,8,True,0.10816636681556702,295.985999997356
D:\Bartek\coding\biometria\facial_auth\celeba_subset\img_align_celeba\042893.jpg,9632,False,2,False,0.08064951002597809,300.8470999993733
D:\Bartek\coding\biometria\facial_auth\celeba_subset\img_align_celeba\042893.jpg,9632,False,2,True,-0.03727833181619644,303.904499996861
D:\Bartek\coding\biometria\facial_auth\celeba_subset\img_align_celeba\104676.jpg,9144,False,4,False,0.16952481865882874,292.0652000029804
D:\Bartek\coding\biometria\facial_auth\celeba_subset\img_align_celeba\104676.jpg,9144,False,4,True,0.18389779329299927,300.3233000054024
D:\Bartek\coding\biometria\facial_auth\celeba_subset\img_align_celeba\139141.jpg,6368,False,8,False,0.03881699964404106,298.30280000169296
D:\Bartek\coding\biometria\facial_auth\celeba_subset\img_align_celeba\139141.jpg,6368,False,8,True,0.03741621598601341,313.04410000302596
D:\Bartek\coding\biometria\facial_auth\celeba_subset\img_align_celeba\067888.jpg,913,False,2,False,-0.060354530811309814,303.69880000216654
D:\Bartek\coding\biometria\facial_auth\celeba_subset\img_align_celeba\067888.jpg,913,False,2,True,-0.02128024771809578,310.3473000010126
D:\Bartek\coding\biometria\facial_auth\celeba_subset\img_align_celeba\131984.jpg,5791,False,4,False,0.07361721992492676,303.4802000038326
D:\Bartek\coding\biometria\facial_auth\celeba_subset\img_align_celeba\131984.jpg,5791,False,4,True,0.030491791665554047,308.6866000012378
D:\Bartek\coding\biometria\facial_auth\celeba_subset\img_align_celeba\048985.jpg,4929,False,8,False,0.0006221403018571436,287.11399999883724
D:\Bartek\coding\biometria\facial_auth\celeba_subset\img_align_celeba\048985.jpg,4929,False,8,True,0.0016849379753693938,297.7572000017972
D:\Bartek\coding\biometria\facial_auth\celeba_subset\img_align_celeba\138286.jpg,4185,False,2,False,0.04890891909599304,298.49359999934677
D:\Bartek\coding\biometria\facial_auth\celeba_subset\img_align_celeba\138286.jpg,4185,False,2,True,0.12083060294389725,302.0068000041647
D:\Bartek\coding\biometria\facial_auth\celeba_subset\img_align_celeba\072328.jpg,5064,False,4,False,0.00790567509829998,291.6158000007272
D:\Bartek\coding\biometria\facial_auth\celeba_subset\img_align_celeba\072328.jpg,5064,False,4,True,-0.0653713047504425,294.92609999579145
D:\Bartek\coding\biometria\facial_auth\celeba_subset\img_align_celeba\195374.jpg,5780,False,8,False,0.2145160585641861,303.0799999978626
D:\Bartek\coding\biometria\facial_auth\celeba_subset\img_align_celeba\195374.jpg,5780,False,8,True,0.2477288842201233,302.2997999942163
D:\Bartek\coding\biometria\facial_auth\celeba_subset\img_align_celeba\182603.jpg,7524,False,2,False,0.024427030235528946,298.14519999490585
D:\Bartek\coding\biometria\facial_auth\celeba_subset\img_align_celeba\182603.jpg,7524,False,2,True,-0.0337497778236866,298.275699999067
D:\Bartek\coding\biometria\facial_auth\celeba_subset\img_align_celeba\005338.jpg,9489,False,4,False,0.09489013254642487,298.4481000021333
D:\Bartek\coding\biometria\facial_auth\celeba_subset\img_align_celeba\005338.jpg,9489,False,4,True,0.08136707544326782,306.78369999805
D:\Bartek\coding\biometria\facial_auth\celeba_subset\img_align_celeba\071290.jpg,6136,False,8,False,0.07831599563360214,303.23219999991124
D:\Bartek\coding\biometria\facial_auth\celeba_subset\img_align_celeba\071290.jpg,6136,False,8,True,0.0645151287317276,312.5501000031363
D:\Bartek\coding\biometria\facial_auth\celeba_subset\img_align_celeba\072577.jpg,310,False,2,False,0.08329536765813828,297.15240000223275
D:\Bartek\coding\biometria\facial_auth\celeba_subset\img_align_celeba\072577.jpg,310,False,2,True,0.0189980436116457,305.88020000141114
D:\Bartek\coding\biometria\facial_auth\celeba_subset\img_align_celeba\069389.jpg,205,False,4,False,0.0806942954659462,295.3358000013395
D:\Bartek\coding\biometria\facial_auth\celeba_subset\img_align_celeba\069389.jpg,205,False,4,True,0.1254815310239792,305.567900002643
D:\Bartek\coding\biometria\facial_auth\celeba_subset\img_align_celeba\179356.jpg,4150,False,8,False,0.016904175281524658,290.48129999864614
D:\Bartek\coding\biometria\facial_auth\celeba_subset\img_align_celeba\179356.jpg,4150,False,8,True,0.028535576537251472,292.85450000315905
D:\Bartek\coding\biometria\facial_auth\celeba_subset\img_align_celeba\083471.jpg,913,False,2,False,-0.010824303142726421,304.37979999987874
D:\Bartek\coding\biometria\facial_auth\celeba_subset\img_align_celeba\083471.jpg,913,False,2,True,-0.022877495735883713,295.270900001924
D:\Bartek\coding\biometria\facial_auth\celeba_subset\img_align_celeba\139919.jpg,4659,False,4,False,0.1674882024526596,300.10739999852376
D:\Bartek\coding\biometria\facial_auth\celeba_subset\img_align_celeba\139919.jpg,4659,False,4,True,0.1542908102273941,298.0667999945581
D:\Bartek\coding\biometria\facial_auth\celeba_subset\img_align_celeba\009006.jpg,644,False,8,False,0.041268423199653625,293.19540000142297
D:\Bartek\coding\biometria\facial_auth\celeba_subset\img_align_celeba\009006.jpg,644,False,8,True,0.045921582728624344,294.2535000038333
D:\Bartek\coding\biometria\facial_auth\celeba_subset\img_align_celeba\046652.jpg,5791,False,2,False,0.04644821956753731,295.2302999983658
D:\Bartek\coding\biometria\facial_auth\celeba_subset\img_align_celeba\046652.jpg,5791,False,2,True,0.052831195294857025,295.79589999775635
D:\Bartek\coding\biometria\facial_auth\celeba_subset\img_align_celeba\151397.jpg,7253,False,4,False,-0.010305809788405895,296.22699999890756
D:\Bartek\coding\biometria\facial_auth\celeba_subset\img_align_celeba\151397.jpg,7253,False,4,True,-0.04778732359409332,309.90010000095936
D:\Bartek\coding\biometria\facial_auth\celeba_subset\img_align_celeba\190495.jpg,4185,False,8,False,0.13234785199165344,284.0498000005027
D:\Bartek\coding\biometria\facial_auth\celeba_subset\img_align_celeba\190495.jpg,4185,False,8,True,0.13451947271823883,287.7431000015349
D:\Bartek\coding\biometria\facial_auth\celeba_subset\img_align_celeba\076427.jpg,7253,False,2,False,0.08077835291624069,295.7592000020668
D:\Bartek\coding\biometria\facial_auth\celeba_subset\img_align_celeba\076427.jpg,7253,False,2,True,0.03577065095305443,301.4147000067169
D:\Bartek\coding\biometria\facial_auth\celeba_subset\img_align_celeba\193282.jpg,6983,False,4,False,-0.05572042986750603,288.3157999967807
D:\Bartek\coding\biometria\facial_auth\celeba_subset\img_align_celeba\193282.jpg,6983,False,4,True,-0.04406849294900894,304.2005999959656
D:\Bartek\coding\biometria\facial_auth\celeba_subset\img_align_celeba\133189.jpg,4936,False,8,False,0.055538639426231384,288.5102000000188
D:\Bartek\coding\biometria\facial_auth\celeba_subset\img_align_celeba\133189.jpg,4936,False,8,True,0.03378138318657875,299.5544000004884
D:\Bartek\coding\biometria\facial_auth\celeba_subset\img_align_celeba\117885.jpg,3877,False,2,False,0.05204225331544876,354.08430000097724
D:\Bartek\coding\biometria\facial_auth\celeba_subset\img_align_celeba\117885.jpg,3877,False,2,True,0.06853098422288895,292.0713999992586
D:\Bartek\coding\biometria\facial_auth\celeba_subset\img_align_celeba\013470.jpg,5246,False,4,False,0.0572841614484787,300.9151000005659
D:\Bartek\coding\biometria\facial_auth\celeba_subset\img_align_celeba\013470.jpg,5246,False,4,True,0.03516537696123123,296.2794000050053
D:\Bartek\coding\biometria\facial_auth\celeba_subset\img_align_celeba\112139.jpg,7222,False,8,False,0.12038052827119827,295.8526000002166
D:\Bartek\coding\biometria\facial_auth\celeba_subset\img_align_celeba\112139.jpg,7222,False,8,True,0.11839549988508224,297.68609999882756
D:\Bartek\coding\biometria\facial_auth\celeba_subset\img_align_celeba\159052.jpg,494,False,2,False,0.058097172528505325,294.6418999999878
D:\Bartek\coding\biometria\facial_auth\celeba_subset\img_align_celeba\159052.jpg,494,False,2,True,0.050557006150484085,309.7858000037377
D:\Bartek\coding\biometria\facial_auth\celeba_subset\img_align_celeba\079338.jpg,5791,False,4,False,0.1152968481183052,302.68430000433
D:\Bartek\coding\biometria\facial_auth\celeba_subset\img_align_celeba\079338.jpg,5791,False,4,True,0.11642672121524811,302.2782999978517
D:\Bartek\coding\biometria\facial_auth\celeba_subset\img_align_celeba\170461.jpg,8834,False,8,False,0.03123207576572895,290.76740000164136
D:\Bartek\coding\biometria\facial_auth\celeba_subset\img_align_celeba\170461.jpg,8834,False,8,True,0.029896022751927376,300.73239999910584
D:\Bartek\coding\biometria\facial_auth\celeba_subset\img_align_celeba\028909.jpg,6136,False,2,False,-0.1023624837398529,300.97859999659704
D:\Bartek\coding\biometria\facial_auth\celeba_subset\img_align_celeba\028909.jpg,6136,False,2,True,-0.06518229097127914,290.48019999754615
D:\Bartek\coding\biometria\facial_auth\celeba_subset\img_align_celeba\002275.jpg,9478,False,4,False,0.058399371802806854,288.8868000009097
D:\Bartek\coding\biometria\facial_auth\celeba_subset\img_align_celeba\002275.jpg,9478,False,4,True,0.04657311737537384,290.84120000334224
D:\Bartek\coding\biometria\facial_auth\celeba_subset\img_align_celeba\034354.jpg,4196,False,8,False,0.3700551688671112,299.6357000010903
D:\Bartek\coding\biometria\facial_auth\celeba_subset\img_align_celeba\034354.jpg,4196,False,8,True,0.3646867275238037,313.39440000010654
D:\Bartek\coding\biometria\facial_auth\celeba_subset\img_align_celeba\000583.jpg,4185,False,2,False,0.09467683732509613,284.81149999424815
D:\Bartek\coding\biometria\facial_auth\celeba_subset\img_align_celeba\000583.jpg,4185,False,2,True,0.14614033699035645,290.50090000237105
D:\Bartek\coding\biometria\facial_auth\celeba_subset\img_align_celeba\011090.jpg,4150,False,4,False,0.2313571572303772,299.10709999967366
D:\Bartek\coding\biometria\facial_auth\celeba_subset\img_align_celeba\011090.jpg,4150,False,4,True,0.20437327027320862,310.69489999936195
D:\Bartek\coding\biometria\facial_auth\celeba_subset\img_align_celeba\007227.jpg,6456,False,8,False,0.23838193714618683,288.6886999986018
D:\Bartek\coding\biometria\facial_auth\celeba_subset\img_align_celeba\007227.jpg,6456,False,8,True,0.2225763499736786,291.30820000136737
D:\Bartek\coding\biometria\facial_auth\celeba_subset\img_align_celeba\074120.jpg,6722,False,2,False,0.11370217055082321,316.04249999509193
D:\Bartek\coding\biometria\facial_auth\celeba_subset\img_align_celeba\074120.jpg,6722,False,2,True,0.07022612541913986,296.160099998815
D:\Bartek\coding\biometria\facial_auth\celeba_subset\img_align_celeba\160050.jpg,9144,False,4,False,0.1258905827999115,288.77140000258805
D:\Bartek\coding\biometria\facial_auth\celeba_subset\img_align_celeba\160050.jpg,9144,False,4,True,0.019470978528261185,292.99059999902966
D:\Bartek\coding\biometria\facial_auth\celeba_subset\img_align_celeba\015772.jpg,3877,False,8,False,0.021279891952872276,303.5247000007075
D:\Bartek\coding\biometria\facial_auth\celeba_subset\img_align_celeba\015772.jpg,3877,False,8,True,0.017650630325078964,300.62509999697795
D:\Bartek\coding\biometria\facial_auth\celeba_subset\img_align_celeba\108829.jpg,5747,False,2,False,0.01938379928469658,309.0426999988267
D:\Bartek\coding\biometria\facial_auth\celeba_subset\img_align_celeba\108829.jpg,5747,False,2,True,0.048160355538129807,307.3705999995582
D:\Bartek\coding\biometria\facial_auth\celeba_subset\img_align_celeba\118731.jpg,4929,False,4,False,0.06292694061994553,290.3105000004871
D:\Bartek\coding\biometria\facial_auth\celeba_subset\img_align_celeba\118731.jpg,4929,False,4,True,0.06442544609308243,295.51229999924544
D:\Bartek\coding\biometria\facial_auth\celeba_subset\img_align_celeba\058672.jpg,205,False,8,False,0.03346269577741623,296.48509999969974
D:\Bartek\coding\biometria\facial_auth\celeba_subset\img_align_celeba\058672.jpg,205,False,8,True,0.04630553722381592,293.2333999997354
D:\Bartek\coding\biometria\facial_auth\celeba_subset\img_align_celeba\110048.jpg,9489,False,2,False,0.1334725320339203,292.5407000002451
D:\Bartek\coding\biometria\facial_auth\celeba_subset\img_align_celeba\110048.jpg,9489,False,2,True,0.07193976640701294,297.48929999914253
D:\Bartek\coding\biometria\facial_auth\celeba_subset\img_align_celeba\154452.jpg,4069,False,4,False,0.21722041070461273,298.34529999789083
D:\Bartek\coding\biometria\facial_auth\celeba_subset\img_align_celeba\154452.jpg,4069,False,4,True,0.1731749027967453,295.3699999998207
D:\Bartek\coding\biometria\facial_auth\celeba_subset\img_align_celeba\154712.jpg,4936,False,8,False,0.06863410025835037,292.5556999980472
D:\Bartek\coding\biometria\facial_auth\celeba_subset\img_align_celeba\154712.jpg,4936,False,8,True,0.03565237671136856,300.4935999997542
D:\Bartek\coding\biometria\facial_auth\celeba_subset\img_align_celeba\198206.jpg,9093,False,2,False,0.04332513362169266,292.3718000020017
D:\Bartek\coding\biometria\facial_auth\celeba_subset\img_align_celeba\198206.jpg,9093,False,2,True,0.07854102551937103,303.2290999981342
D:\Bartek\coding\biometria\facial_auth\celeba_subset\img_align_celeba\043140.jpg,205,False,4,False,0.08399645239114761,294.37309999775607
D:\Bartek\coding\biometria\facial_auth\celeba_subset\img_align_celeba\043140.jpg,205,False,4,True,0.04982376471161842,301.1266999965301
D:\Bartek\coding\biometria\facial_auth\celeba_subset\img_align_celeba\122699.jpg,5791,False,8,False,0.03194989636540413,293.92750000261003
D:\Bartek\coding\biometria\facial_auth\celeba_subset\img_align_celeba\122699.jpg,5791,False,8,True,0.027915071696043015,297.00270000466844
D:\Bartek\coding\biometria\facial_auth\celeba_subset\img_align_celeba\104185.jpg,5872,False,2,False,0.09187187999486923,302.5214000008418
D:\Bartek\coding\biometria\facial_auth\celeba_subset\img_align_celeba\104185.jpg,5872,False,2,True,0.08325041085481644,302.02709999866784
D:\Bartek\coding\biometria\facial_auth\celeba_subset\img_align_celeba\076179.jpg,4870,False,4,False,0.06527841091156006,292.9251000023214
D:\Bartek\coding\biometria\facial_auth\celeba_subset\img_align_celeba\076179.jpg,4870,False,4,True,0.005286965519189835,298.34649999975227
D:\Bartek\coding\biometria\facial_auth\celeba_subset\img_align_celeba\033292.jpg,5238,False,8,False,0.0289970263838768,295.0476999976672
D:\Bartek\coding\biometria\facial_auth\celeba_subset\img_align_celeba\033292.jpg,5238,False,8,True,0.041160549968481064,308.6923000009847
D:\Bartek\coding\biometria\facial_auth\celeba_subset\img_align_celeba\062940.jpg,2177,False,2,False,0.1062999740242958,289.8884000023827
D:\Bartek\coding\biometria\facial_auth\celeba_subset\img_align_celeba\062940.jpg,2177,False,2,True,0.17948971688747406,299.99839999800315
D:\Bartek\coding\biometria\facial_auth\celeba_subset\img_align_celeba\104676.jpg,4150,False,4,False,0.02369029074907303,303.6456999980146
D:\Bartek\coding\biometria\facial_auth\celeba_subset\img_align_celeba\104676.jpg,4150,False,4,True,0.013332311064004898,305.7814999992843
D:\Bartek\coding\biometria\facial_auth\celeba_subset\img_align_celeba\083840.jpg,1350,False,8,False,0.025772158056497574,319.49519999761833
D:\Bartek\coding\biometria\facial_auth\celeba_subset\img_align_celeba\083840.jpg,1350,False,8,True,0.03832931071519852,292.32600000250386
D:\Bartek\coding\biometria\facial_auth\celeba_subset\img_align_celeba\167432.jpg,6368,False,2,False,0.05422369763255119,218.99900000425987
D:\Bartek\coding\biometria\facial_auth\celeba_subset\img_align_celeba\167432.jpg,6368,False,2,True,0.08097255975008011,296.5926000033505
D:\Bartek\coding\biometria\facial_auth\celeba_subset\img_align_celeba\061753.jpg,2835,False,4,False,0.2155417948961258,299.79520000051707
D:\Bartek\coding\biometria\facial_auth\celeba_subset\img_align_celeba\061753.jpg,2835,False,4,True,0.16139677166938782,290.6463999970583
D:\Bartek\coding\biometria\facial_auth\celeba_subset\img_align_celeba\184440.jpg,1350,False,8,False,0.006951989606022835,287.0952999946894
D:\Bartek\coding\biometria\facial_auth\celeba_subset\img_align_celeba\184440.jpg,1350,False,8,True,0.014372747391462326,296.4309999952093
D:\Bartek\coding\biometria\facial_auth\celeba_subset\img_align_celeba\046412.jpg,1104,False,2,False,0.11147675663232803,301.2077999956091
D:\Bartek\coding\biometria\facial_auth\celeba_subset\img_align_celeba\046412.jpg,1104,False,2,True,-0.007868836633861065,301.68740000226535
D:\Bartek\coding\biometria\facial_auth\celeba_subset\img_align_celeba\000190.jpg,898,False,4,False,0.11479772627353668,295.7802000019001
D:\Bartek\coding\biometria\facial_auth\celeba_subset\img_align_celeba\000190.jpg,898,False,4,True,0.08461347222328186,304.4837000052212
D:\Bartek\coding\biometria\facial_auth\celeba_subset\img_align_celeba\028310.jpg,9300,False,8,False,0.23549796640872955,292.0730000041658
D:\Bartek\coding\biometria\facial_auth\celeba_subset\img_align_celeba\028310.jpg,9300,False,8,True,0.2483738660812378,288.6741000038455
D:\Bartek\coding\biometria\facial_auth\celeba_subset\img_align_celeba\165054.jpg,7422,False,2,False,0.1707487404346466,300.59240000264253
D:\Bartek\coding\biometria\facial_auth\celeba_subset\img_align_celeba\165054.jpg,7422,False,2,True,0.19710002839565277,303.5024999990128
D:\Bartek\coding\biometria\facial_auth\celeba_subset\img_align_celeba\029190.jpg,7524,False,4,False,0.14413979649543762,295.70370000146795
D:\Bartek\coding\biometria\facial_auth\celeba_subset\img_align_celeba\029190.jpg,7524,False,4,True,0.07250446081161499,299.55669999617385
D:\Bartek\coding\biometria\facial_auth\celeba_subset\img_align_celeba\162132.jpg,8415,False,8,False,0.08201857656240463,301.9664000021294
D:\Bartek\coding\biometria\facial_auth\celeba_subset\img_align_celeba\162132.jpg,8415,False,8,True,0.05096333846449852,306.65009999938775
D:\Bartek\coding\biometria\facial_auth\celeba_subset\img_align_celeba\028543.jpg,2835,False,2,False,0.26830118894577026,295.1231999977608
D:\Bartek\coding\biometria\facial_auth\celeba_subset\img_align_celeba\028543.jpg,2835,False,2,True,0.20675158500671387,306.5446999971755
D:\Bartek\coding\biometria\facial_auth\celeba_subset\img_align_celeba\178250.jpg,9478,False,4,False,0.11016426235437393,290.92579999996815
D:\Bartek\coding\biometria\facial_auth\celeba_subset\img_align_celeba\178250.jpg,9478,False,4,True,0.07436222583055496,301.3360999975703
D:\Bartek\coding\biometria\facial_auth\celeba_subset\img_align_celeba\043362.jpg,5780,False,8,False,0.21793049573898315,295.84470000554575
D:\Bartek\coding\biometria\facial_auth\celeba_subset\img_align_celeba\043362.jpg,5780,False,8,True,0.22293983399868011,286.9587000022875
D:\Bartek\coding\biometria\facial_auth\celeba_subset\img_align_celeba\152735.jpg,8748,False,2,False,0.10453475266695023,276.7727000027662
D:\Bartek\coding\biometria\facial_auth\celeba_subset\img_align_celeba\152735.jpg,8748,False,2,True,0.1691003143787384,296.96690000128
D:\Bartek\coding\biometria\facial_auth\celeba_subset\img_align_celeba\016306.jpg,4936,False,4,False,0.14209160208702087,296.08989999542246
D:\Bartek\coding\biometria\facial_auth\celeba_subset\img_align_celeba\016306.jpg,4936,False,4,True,0.1515921950340271,302.90509999758797
D:\Bartek\coding\biometria\facial_auth\celeba_subset\img_align_celeba\001642.jpg,7524,False,8,False,0.9700467586517334,295.44999999779975
D:\Bartek\coding\biometria\facial_auth\celeba_subset\img_align_celeba\001642.jpg,7524,False,8,True,0.9667325615882874,292.5576999987243
D:\Bartek\coding\biometria\facial_auth\celeba_subset\img_align_celeba\163393.jpg,6368,False,2,False,-0.001476686680689454,291.05210000125226
D:\Bartek\coding\biometria\facial_auth\celeba_subset\img_align_celeba\163393.jpg,6368,False,2,True,-0.018199296668171883,299.055400006182
D:\Bartek\coding\biometria\facial_auth\celeba_subset\img_align_celeba\001618.jpg,1104,False,4,False,0.0004477743059396744,322.3167000032845
D:\Bartek\coding\biometria\facial_auth\celeba_subset\img_align_celeba\001618.jpg,1104,False,4,True,0.014538045041263103,287.01659999933327
D:\Bartek\coding\biometria\facial_auth\celeba_subset\img_align_celeba\112151.jpg,2177,False,8,False,0.9374379515647888,286.33390000322834
D:\Bartek\coding\biometria\facial_auth\celeba_subset\img_align_celeba\112151.jpg,2177,False,8,True,0.9200435280799866,293.44249999849126
D:\Bartek\coding\biometria\facial_auth\celeba_subset\img_align_celeba\180118.jpg,9688,False,2,False,0.049597300589084625,295.58239999460056
D:\Bartek\coding\biometria\facial_auth\celeba_subset\img_align_celeba\180118.jpg,9688,False,2,True,0.03145761787891388,305.44519999966724
D:\Bartek\coding\biometria\facial_auth\celeba_subset\img_align_celeba\038818.jpg,8908,False,4,False,0.17428812384605408,221.09439999621827
D:\Bartek\coding\biometria\facial_auth\celeba_subset\img_align_celeba\038818.jpg,8908,False,4,True,0.13938945531845093,291.75400000531226
D:\Bartek\coding\biometria\facial_auth\celeba_subset\img_align_celeba\060862.jpg,4968,False,8,False,0.14071232080459595,286.67829999903915
D:\Bartek\coding\biometria\facial_auth\celeba_subset\img_align_celeba\060862.jpg,4968,False,8,True,0.14275720715522766,302.1779999980936
D:\Bartek\coding\biometria\facial_auth\celeba_subset\img_align_celeba\099148.jpg,5534,False,2,False,0.06155820190906525,297.6886000033119
D:\Bartek\coding\biometria\facial_auth\celeba_subset\img_align_celeba\099148.jpg,5534,False,2,True,0.05860796198248863,294.9479999952018
D:\Bartek\coding\biometria\facial_auth\celeba_subset\img_align_celeba\103496.jpg,5127,False,4,False,0.008553084917366505,289.6457000024384
D:\Bartek\coding\biometria\facial_auth\celeba_subset\img_align_celeba\103496.jpg,5127,False,4,True,-0.015290098264813423,297.61860000144225
D:\Bartek\coding\biometria\facial_auth\celeba_subset\img_align_celeba\102763.jpg,5591,False,8,False,0.15507537126541138,304.5115999993868
D:\Bartek\coding\biometria\facial_auth\celeba_subset\img_align_celeba\102763.jpg,5591,False,8,True,0.14345738291740417,296.4212000006228
D:\Bartek\coding\biometria\facial_auth\celeba_subset\img_align_celeba\070348.jpg,4150,False,2,False,0.14746025204658508,291.6015000009793
D:\Bartek\coding\biometria\facial_auth\celeba_subset\img_align_celeba\070348.jpg,4150,False,2,True,0.17136885225772858,299.6855000019423
D:\Bartek\coding\biometria\facial_auth\celeba_subset\img_align_celeba\157696.jpg,7422,False,4,False,0.3889862895011902,294.9622000014642
D:\Bartek\coding\biometria\facial_auth\celeba_subset\img_align_celeba\157696.jpg,7422,False,4,True,0.19683852791786194,296.5641999981017
D:\Bartek\coding\biometria\facial_auth\celeba_subset\img_align_celeba\091764.jpg,4968,False,8,False,0.13306380808353424,297.7597000062815
D:\Bartek\coding\biometria\facial_auth\celeba_subset\img_align_celeba\091764.jpg,4968,False,8,True,0.11242453008890152,297.0091000024695
D:\Bartek\coding\biometria\facial_auth\celeba_subset\img_align_celeba\201059.jpg,9632,False,2,False,0.068714939057827,298.6818999997922
D:\Bartek\coding\biometria\facial_auth\celeba_subset\img_align_celeba\201059.jpg,9632,False,2,True,0.09278759360313416,303.3976999940933
D:\Bartek\coding\biometria\facial_auth\celeba_subset\img_align_celeba\114149.jpg,310,False,4,False,0.19476528465747833,293.35330000321846
D:\Bartek\coding\biometria\facial_auth\celeba_subset\img_align_celeba\114149.jpg,310,False,4,True,0.14541113376617432,293.8136000011582
D:\Bartek\coding\biometria\facial_auth\celeba_subset\img_align_celeba\022495.jpg,9534,False,8,False,0.20201058685779572,295.9991999960039
D:\Bartek\coding\biometria\facial_auth\celeba_subset\img_align_celeba\022495.jpg,9534,False,8,True,0.23054732382297516,297.3630999986199
D:\Bartek\coding\biometria\facial_auth\celeba_subset\img_align_celeba\193087.jpg,975,False,2,False,0.053634095937013626,292.28169999987585
D:\Bartek\coding\biometria\facial_auth\celeba_subset\img_align_celeba\193087.jpg,975,False,2,True,0.14905919134616852,303.01999999937834
D:\Bartek\coding\biometria\facial_auth\celeba_subset\img_align_celeba\098428.jpg,1350,False,4,False,0.029980789870023727,292.6946000006865
D:\Bartek\coding\biometria\facial_auth\celeba_subset\img_align_celeba\098428.jpg,1350,False,4,True,0.11345791816711426,291.35710000264226
D:\Bartek\coding\biometria\facial_auth\celeba_subset\img_align_celeba\023774.jpg,6972,False,8,False,0.05630970746278763,295.35220000252593
D:\Bartek\coding\biometria\facial_auth\celeba_subset\img_align_celeba\023774.jpg,6972,False,8,True,0.05581231787800789,301.66040000040084
D:\Bartek\coding\biometria\facial_auth\celeba_subset\img_align_celeba\191698.jpg,7253,False,2,False,0.10951963067054749,316.1748999991687
D:\Bartek\coding\biometria\facial_auth\celeba_subset\img_align_celeba\191698.jpg,7253,False,2,True,0.03302404657006264,290.1636000024155
D:\Bartek\coding\biometria\facial_auth\celeba_subset\img_align_celeba\129768.jpg,5648,False,4,False,0.07986532151699066,296.5572000030079
D:\Bartek\coding\biometria\facial_auth\celeba_subset\img_align_celeba\129768.jpg,5648,False,4,True,0.10180120170116425,289.33880000113277
D:\Bartek\coding\biometria\facial_auth\celeba_subset\img_align_celeba\175825.jpg,1350,False,8,False,0.04117828235030174,298.2759000005899
D:\Bartek\coding\biometria\facial_auth\celeba_subset\img_align_celeba\175825.jpg,1350,False,8,True,0.04216999560594559,304.2093999974895
D:\Bartek\coding\biometria\facial_auth\celeba_subset\img_align_celeba\147630.jpg,5922,False,2,False,0.1639379858970642,304.5387000020128
D:\Bartek\coding\biometria\facial_auth\celeba_subset\img_align_celeba\147630.jpg,5922,False,2,True,0.18077565729618073,312.4157999991439
D:\Bartek\coding\biometria\facial_auth\celeba_subset\img_align_celeba\113730.jpg,494,False,4,False,0.014653466641902924,304.33020000054967
D:\Bartek\coding\biometria\facial_auth\celeba_subset\img_align_celeba\113730.jpg,494,False,4,True,0.05516255274415016,295.9104000037769
D:\Bartek\coding\biometria\facial_auth\celeba_subset\img_align_celeba\090993.jpg,503,False,8,False,0.3141433894634247,297.69309999392135
D:\Bartek\coding\biometria\facial_auth\celeba_subset\img_align_celeba\090993.jpg,503,False,8,True,0.3119964599609375,296.2524999966263
D:\Bartek\coding\biometria\facial_auth\celeba_subset\img_align_celeba\181906.jpg,644,False,2,False,0.05435070022940636,296.75049999787007
D:\Bartek\coding\biometria\facial_auth\celeba_subset\img_align_celeba\181906.jpg,644,False,2,True,0.12413223832845688,295.1256000014837
D:\Bartek\coding\biometria\facial_auth\celeba_subset\img_align_celeba\012362.jpg,6972,False,4,False,0.05999840423464775,288.86810000403784
D:\Bartek\coding\biometria\facial_auth\celeba_subset\img_align_celeba\012362.jpg,6972,False,4,True,0.016268178820610046,296.80659999576164
D:\Bartek\coding\biometria\facial_auth\celeba_subset\img_align_celeba\021376.jpg,3655,False,8,False,0.47622576355934143,296.07599999872036
D:\Bartek\coding\biometria\facial_auth\celeba_subset\img_align_celeba\021376.jpg,3655,False,8,True,0.47044262290000916,298.6476000005496
D:\Bartek\coding\biometria\facial_auth\celeba_subset\img_align_celeba\032368.jpg,3236,False,2,False,-0.0531957782804966,297.655999995186
D:\Bartek\coding\biometria\facial_auth\celeba_subset\img_align_celeba\032368.jpg,3236,False,2,True,0.003980472218245268,299.9606000012136
D:\Bartek\coding\biometria\facial_auth\celeba_subset\img_align_celeba\181731.jpg,5064,False,4,False,0.039025112986564636,283.62639999977546
D:\Bartek\coding\biometria\facial_auth\celeba_subset\img_align_celeba\181731.jpg,5064,False,4,True,0.023168982937932014,293.11549999692943
D:\Bartek\coding\biometria\facial_auth\celeba_subset\img_align_celeba\056843.jpg,5747,False,8,False,0.12256269156932831,294.5921999998973
D:\Bartek\coding\biometria\facial_auth\celeba_subset\img_align_celeba\056843.jpg,5747,False,8,True,0.09976141899824142,296.59279999759747
D:\Bartek\coding\biometria\facial_auth\celeba_subset\img_align_celeba\058703.jpg,1350,False,2,False,0.11042077094316483,295.3773999979603
D:\Bartek\coding\biometria\facial_auth\celeba_subset\img_align_celeba\058703.jpg,1350,False,2,True,0.1256696730852127,304.3875000003027
D:\Bartek\coding\biometria\facial_auth\celeba_subset\img_align_celeba\086916.jpg,1104,False,4,False,-0.000588050635997206,288.7622999987798
D:\Bartek\coding\biometria\facial_auth\celeba_subset\img_align_celeba\086916.jpg,1104,False,4,True,-0.009933188557624817,287.41180000361055
D:\Bartek\coding\biometria\facial_auth\celeba_subset\img_align_celeba\148337.jpg,6368,False,8,False,0.04621361941099167,279.100899999321
D:\Bartek\coding\biometria\facial_auth\celeba_subset\img_align_celeba\148337.jpg,6368,False,8,True,0.05006744712591171,299.6144999997341
D:\Bartek\coding\biometria\facial_auth\celeba_subset\img_align_celeba\181250.jpg,6983,False,2,False,0.04712241142988205,292.00220000348054
D:\Bartek\coding\biometria\facial_auth\celeba_subset\img_align_celeba\181250.jpg,6983,False,2,True,0.0700053721666336,301.67359999904875
D:\Bartek\coding\biometria\facial_auth\celeba_subset\img_align_celeba\066888.jpg,6170,False,4,False,-0.006566473748534918,290.7266000038362
D:\Bartek\coding\biometria\facial_auth\celeba_subset\img_align_celeba\066888.jpg,6170,False,4,True,0.043857473880052567,295.57139999815263
D:\Bartek\coding\biometria\facial_auth\celeba_subset\img_align_celeba\071046.jpg,5238,False,8,False,-0.0035667126066982746,312.9440999982762
D:\Bartek\coding\biometria\facial_auth\celeba_subset\img_align_celeba\071046.jpg,5238,False,8,True,-0.001135682687163353,287.0640999972238
D:\Bartek\coding\biometria\facial_auth\celeba_subset\img_align_celeba\151097.jpg,3655,False,2,False,0.13066919147968292,285.6697999959579
D:\Bartek\coding\biometria\facial_auth\celeba_subset\img_align_celeba\151097.jpg,3655,False,2,True,0.1628858894109726,296.54630000004545
D:\Bartek\coding\biometria\facial_auth\celeba_subset\img_align_celeba\170751.jpg,6233,False,4,False,0.11378205567598343,296.65160000149626
D:\Bartek\coding\biometria\facial_auth\celeba_subset\img_align_celeba\170751.jpg,6233,False,4,True,0.06985292583703995,292.7669000055175
D:\Bartek\coding\biometria\facial_auth\celeba_subset\img_align_celeba\027075.jpg,1128,False,8,False,0.032828304916620255,294.9148999978206
D:\Bartek\coding\biometria\facial_auth\celeba_subset\img_align_celeba\027075.jpg,1128,False,8,True,0.027134008705615997,226.81150000425987
D:\Bartek\coding\biometria\facial_auth\celeba_subset\img_align_celeba\117945.jpg,7222,False,2,False,0.043047357350587845,302.2616000016569
D:\Bartek\coding\biometria\facial_auth\celeba_subset\img_align_celeba\117945.jpg,7222,False,2,True,0.03155035898089409,382.6887999966857
D:\Bartek\coding\biometria\facial_auth\celeba_subset\img_align_celeba\175982.jpg,8971,False,4,False,0.0665367916226387,295.78130000300007
D:\Bartek\coding\biometria\facial_auth\celeba_subset\img_align_celeba\175982.jpg,8971,False,4,True,0.06291871517896652,301.91210000339197
D:\Bartek\coding\biometria\facial_auth\celeba_subset\img_align_celeba\117198.jpg,6233,False,8,False,0.20635056495666504,290.07020000426564
D:\Bartek\coding\biometria\facial_auth\celeba_subset\img_align_celeba\117198.jpg,6233,False,8,True,0.1965271234512329,292.38149999582674
D:\Bartek\coding\biometria\facial_auth\celeba_subset\img_align_celeba\146030.jpg,9828,False,2,False,0.14651992917060852,295.4710999983945
D:\Bartek\coding\biometria\facial_auth\celeba_subset\img_align_celeba\146030.jpg,9828,False,2,True,0.09992679208517075,285.6718000039109
D:\Bartek\coding\biometria\facial_auth\celeba_subset\img_align_celeba\125614.jpg,9688,False,4,False,0.05876454710960388,299.90949999773875
D:\Bartek\coding\biometria\facial_auth\celeba_subset\img_align_celeba\125614.jpg,9688,False,4,True,0.03685898706316948,298.170800000662
D:\Bartek\coding\biometria\facial_auth\celeba_subset\img_align_celeba\092594.jpg,7253,False,8,False,0.13424444198608398,287.43219999887515
D:\Bartek\coding\biometria\facial_auth\celeba_subset\img_align_celeba\092594.jpg,7253,False,8,True,0.12469644099473953,288.68189999775495
D:\Bartek\coding\biometria\facial_auth\celeba_subset\img_align_celeba\164894.jpg,1147,False,2,False,0.1345844864845276,284.13889999501407
D:\Bartek\coding\biometria\facial_auth\celeba_subset\img_align_celeba\164894.jpg,1147,False,2,True,0.09981895983219147,295.4920999982278
D:\Bartek\coding\biometria\facial_auth\celeba_subset\img_align_celeba\014731.jpg,4659,False,4,False,0.17158831655979156,287.0840999967186
D:\Bartek\coding\biometria\facial_auth\celeba_subset\img_align_celeba\014731.jpg,4659,False,4,True,0.05981249734759331,293.4781000003568
D:\Bartek\coding\biometria\facial_auth\celeba_subset\img_align_celeba\104338.jpg,5127,False,8,False,-0.000574374629650265,294.13620000559604
D:\Bartek\coding\biometria\facial_auth\celeba_subset\img_align_celeba\104338.jpg,5127,False,8,True,0.010837147943675518,302.18949999834877
D:\Bartek\coding\biometria\facial_auth\celeba_subset\img_align_celeba\054688.jpg,9632,False,2,False,-0.0007781367748975754,292.0613999958732
D:\Bartek\coding\biometria\facial_auth\celeba_subset\img_align_celeba\054688.jpg,9632,False,2,True,-0.02973048761487007,295.73729999538045
D:\Bartek\coding\biometria\facial_auth\celeba_subset\img_align_celeba\117945.jpg,8908,False,4,False,0.05653764307498932,290.1694999964093
D:\Bartek\coding\biometria\facial_auth\celeba_subset\img_align_celeba\117945.jpg,8908,False,4,True,0.023743538185954094,296.22959999687737
D:\Bartek\coding\biometria\facial_auth\celeba_subset\img_align_celeba\156480.jpg,5922,False,8,False,0.10591035336256027,292.9082999980892
D:\Bartek\coding\biometria\facial_auth\celeba_subset\img_align_celeba\156480.jpg,5922,False,8,True,0.1217397004365921,300.49899999721674
D:\Bartek\coding\biometria\facial_auth\celeba_subset\img_align_celeba\196286.jpg,6170,False,2,False,0.11379043012857437,294.3827999988571
D:\Bartek\coding\biometria\facial_auth\celeba_subset\img_align_celeba\196286.jpg,6170,False,2,True,0.1426631361246109,290.03109999757726
D:\Bartek\coding\biometria\facial_auth\celeba_subset\img_align_celeba\188529.jpg,6719,False,4,False,-0.03262757882475853,307.2991000008187
D:\Bartek\coding\biometria\facial_auth\celeba_subset\img_align_celeba\188529.jpg,6719,False,4,True,0.03915480151772499,286.33269999409094
D:\Bartek\coding\biometria\facial_auth\celeba_subset\img_align_celeba\186675.jpg,9534,False,8,False,0.20101796090602875,295.36889999872074
D:\Bartek\coding\biometria\facial_auth\celeba_subset\img_align_celeba\186675.jpg,9534,False,8,True,0.19836793839931488,294.7303000037209
D:\Bartek\coding\biometria\facial_auth\celeba_subset\img_align_celeba\056862.jpg,6972,False,2,False,-0.11186423152685165,298.6557999975048
D:\Bartek\coding\biometria\facial_auth\celeba_subset\img_align_celeba\056862.jpg,6972,False,2,True,-0.09243910759687424,289.6175000059884
D:\Bartek\coding\biometria\facial_auth\celeba_subset\img_align_celeba\039217.jpg,6806,False,4,False,0.06966818124055862,298.83220000192523
D:\Bartek\coding\biometria\facial_auth\celeba_subset\img_align_celeba\039217.jpg,6806,False,4,True,0.06731927394866943,304.2543999981717
D:\Bartek\coding\biometria\facial_auth\celeba_subset\img_align_celeba\035538.jpg,1104,False,8,False,0.037519313395023346,300.3558999989764
D:\Bartek\coding\biometria\facial_auth\celeba_subset\img_align_celeba\035538.jpg,1104,False,8,True,0.031020058318972588,306.4197999992757
D:\Bartek\coding\biometria\facial_auth\celeba_subset\img_align_celeba\068042.jpg,7253,False,2,False,0.1375289410352707,289.64849999465514
D:\Bartek\coding\biometria\facial_auth\celeba_subset\img_align_celeba\068042.jpg,7253,False,2,True,0.059549473226070404,300.591400002304
D:\Bartek\coding\biometria\facial_auth\celeba_subset\img_align_celeba\191572.jpg,6136,False,4,False,0.1978684961795807,292.2850000031758
D:\Bartek\coding\biometria\facial_auth\celeba_subset\img_align_celeba\191572.jpg,6136,False,4,True,0.20209723711013794,292.57659999711905
D:\Bartek\coding\biometria\facial_auth\celeba_subset\img_align_celeba\104550.jpg,4936,False,8,False,0.05459468066692352,301.488099998096
D:\Bartek\coding\biometria\facial_auth\celeba_subset\img_align_celeba\104550.jpg,4936,False,8,True,0.048736296594142914,297.4044000002323
D:\Bartek\coding\biometria\facial_auth\celeba_subset\img_align_celeba\060980.jpg,5791,False,2,False,0.08565439283847809,289.6681999991415
D:\Bartek\coding\biometria\facial_auth\celeba_subset\img_align_celeba\060980.jpg,5791,False,2,True,0.07395759969949722,307.8310999990208
D:\Bartek\coding\biometria\facial_auth\celeba_subset\img_align_celeba\000131.jpg,3336,False,4,False,0.15072833001613617,215.5270000002929
D:\Bartek\coding\biometria\facial_auth\celeba_subset\img_align_celeba\000131.jpg,3336,False,4,True,0.1353362500667572,286.32220000145026
D:\Bartek\coding\biometria\facial_auth\celeba_subset\img_align_celeba\150435.jpg,4659,False,8,False,0.06437205523252487,303.77900000166846
D:\Bartek\coding\biometria\facial_auth\celeba_subset\img_align_celeba\150435.jpg,4659,False,8,True,0.07250449061393738,287.4301999981981
D:\Bartek\coding\biometria\facial_auth\celeba_subset\img_align_celeba\016658.jpg,6136,False,2,False,0.18724443018436432,287.7444000041578
D:\Bartek\coding\biometria\facial_auth\celeba_subset\img_align_celeba\016658.jpg,6136,False,2,True,0.15774714946746826,292.6193000021158
D:\Bartek\coding\biometria\facial_auth\celeba_subset\img_align_celeba\179069.jpg,5656,False,4,False,0.012887725606560707,286.85280000354396
D:\Bartek\coding\biometria\facial_auth\celeba_subset\img_align_celeba\179069.jpg,5656,False,4,True,0.09639008343219757,298.31750000448665
D:\Bartek\coding\biometria\facial_auth\celeba_subset\img_align_celeba\038241.jpg,4185,False,8,False,0.12864989042282104,284.5023999980185
D:\Bartek\coding\biometria\facial_auth\celeba_subset\img_align_celeba\038241.jpg,4185,False,8,True,0.11956954002380371,296.7865999962669
D:\Bartek\coding\biometria\facial_auth\celeba_subset\img_align_celeba\166147.jpg,7338,False,2,False,0.1483670473098755,310.7859000010649
D:\Bartek\coding\biometria\facial_auth\celeba_subset\img_align_celeba\166147.jpg,7338,False,2,True,0.14968498051166534,285.68690000247443
D:\Bartek\coding\biometria\facial_auth\celeba_subset\img_align_celeba\006482.jpg,190,False,4,False,0.08382341265678406,282.3433000012301
D:\Bartek\coding\biometria\facial_auth\celeba_subset\img_align_celeba\006482.jpg,190,False,4,True,0.10689543932676315,291.08419999829493
D:\Bartek\coding\biometria\facial_auth\celeba_subset\img_align_celeba\101275.jpg,7422,False,8,False,0.7679200172424316,288.2547999979579
D:\Bartek\coding\biometria\facial_auth\celeba_subset\img_align_celeba\101275.jpg,7422,False,8,True,0.7684626579284668,295.5322999987402
D:\Bartek\coding\biometria\facial_auth\celeba_subset\img_align_celeba\147898.jpg,5575,False,2,False,0.1378268152475357,317.5799999953597
D:\Bartek\coding\biometria\facial_auth\celeba_subset\img_align_celeba\147898.jpg,5575,False,2,True,0.07096843421459198,287.6486000022851
D:\Bartek\coding\biometria\facial_auth\celeba_subset\img_align_celeba\128446.jpg,8415,False,4,False,0.08685638755559921,285.9200000020792
D:\Bartek\coding\biometria\facial_auth\celeba_subset\img_align_celeba\128446.jpg,8415,False,4,True,0.08400695770978928,304.46999999549007
D:\Bartek\coding\biometria\facial_auth\celeba_subset\img_align_celeba\165673.jpg,5780,False,8,False,0.20508307218551636,296.05280000396306
D:\Bartek\coding\biometria\facial_auth\celeba_subset\img_align_celeba\165673.jpg,5780,False,8,True,0.20452679693698883,294.56740000023274
D:\Bartek\coding\biometria\facial_auth\celeba_subset\img_align_celeba\133623.jpg,5672,False,2,False,-0.0028816424310207367,289.5736999998917
D:\Bartek\coding\biometria\facial_auth\celeba_subset\img_align_celeba\133623.jpg,5672,False,2,True,-0.000811532256193459,306.3336000050185
D:\Bartek\coding\biometria\facial_auth\celeba_subset\img_align_celeba\034507.jpg,6170,False,4,False,0.05626504123210907,296.77470000024186
D:\Bartek\coding\biometria\facial_auth\celeba_subset\img_align_celeba\034507.jpg,6170,False,4,True,0.025359803810715675,290.23400000005495
D:\Bartek\coding\biometria\facial_auth\celeba_subset\img_align_celeba\132620.jpg,8091,False,8,False,0.06509476900100708,293.2457999995677
D:\Bartek\coding\biometria\facial_auth\celeba_subset\img_align_celeba\132620.jpg,8091,False,8,True,0.06490693986415863,297.40649999439484
D:\Bartek\coding\biometria\facial_auth\celeba_subset\img_align_celeba\024769.jpg,190,False,2,False,0.03879847005009651,293.44090000086
D:\Bartek\coding\biometria\facial_auth\celeba_subset\img_align_celeba\024769.jpg,190,False,2,True,0.08655113726854324,296.80050000024494
D:\Bartek\coding\biometria\facial_auth\celeba_subset\img_align_celeba\107669.jpg,4196,False,4,False,0.035111263394355774,296.6018000006443
D:\Bartek\coding\biometria\facial_auth\celeba_subset\img_align_celeba\107669.jpg,4196,False,4,True,0.07987040281295776,302.1128000036697
D:\Bartek\coding\biometria\facial_auth\celeba_subset\img_align_celeba\200052.jpg,1147,False,8,False,0.061000507324934006,292.94020000088494
D:\Bartek\coding\biometria\facial_auth\celeba_subset\img_align_celeba\200052.jpg,1147,False,8,True,0.05512724444270134,294.0258999951766
D:\Bartek\coding\biometria\facial_auth\celeba_subset\img_align_celeba\182926.jpg,6086,False,2,False,0.08763357996940613,305.5898000020534
D:\Bartek\coding\biometria\facial_auth\celeba_subset\img_align_celeba\182926.jpg,6086,False,2,True,0.060938168317079544,305.95110000285786
D:\Bartek\coding\biometria\facial_auth\celeba_subset\img_align_celeba\193832.jpg,5246,False,4,False,0.04139721021056175,291.523199994117
D:\Bartek\coding\biometria\facial_auth\celeba_subset\img_align_celeba\193832.jpg,5246,False,4,True,0.1503559798002243,290.3892000031192
D:\Bartek\coding\biometria\facial_auth\celeba_subset\img_align_celeba\128293.jpg,5922,False,8,False,0.07212282717227936,290.7379000025685
D:\Bartek\coding\biometria\facial_auth\celeba_subset\img_align_celeba\128293.jpg,5922,False,8,True,0.10102792084217072,290.7508999996935
D:\Bartek\coding\biometria\facial_auth\celeba_subset\img_align_celeba\142950.jpg,6806,False,2,False,-0.08097531646490097,288.85430000082124
D:\Bartek\coding\biometria\facial_auth\celeba_subset\img_align_celeba\142950.jpg,6806,False,2,True,-0.07584534585475922,292.7905999968061
D:\Bartek\coding\biometria\facial_auth\celeba_subset\img_align_celeba\003205.jpg,4150,False,4,False,0.08590901643037796,285.2139999959036
D:\Bartek\coding\biometria\facial_auth\celeba_subset\img_align_celeba\003205.jpg,4150,False,4,True,0.06252908706665039,292.4767000004067
D:\Bartek\coding\biometria\facial_auth\celeba_subset\img_align_celeba\109533.jpg,9478,False,8,False,0.01512650866061449,301.9365000000107
D:\Bartek\coding\biometria\facial_auth\celeba_subset\img_align_celeba\109533.jpg,9478,False,8,True,0.01808145083487034,300.77370000071824
D:\Bartek\coding\biometria\facial_auth\celeba_subset\img_align_celeba\022607.jpg,7103,False,2,False,0.09631600230932236,292.8597999998601
D:\Bartek\coding\biometria\facial_auth\celeba_subset\img_align_celeba\022607.jpg,7103,False,2,True,0.12885664403438568,304.0030000047409
D:\Bartek\coding\biometria\facial_auth\celeba_subset\img_align_celeba\005886.jpg,190,False,4,False,0.025698959827423096,300.29089999879943
D:\Bartek\coding\biometria\facial_auth\celeba_subset\img_align_celeba\005886.jpg,190,False,4,True,0.072254478931427,305.2367999989656
D:\Bartek\coding\biometria\facial_auth\celeba_subset\img_align_celeba\076337.jpg,2835,False,8,False,0.06146001070737839,315.8718000049703
D:\Bartek\coding\biometria\facial_auth\celeba_subset\img_align_celeba\076337.jpg,2835,False,8,True,0.1314786672592163,293.1400000015856
D:\Bartek\coding\biometria\facial_auth\celeba_subset\img_align_celeba\048242.jpg,8027,False,2,False,0.08051449805498123,297.275199998694
D:\Bartek\coding\biometria\facial_auth\celeba_subset\img_align_celeba\048242.jpg,8027,False,2,True,0.01969420537352562,297.75929999595974
D:\Bartek\coding\biometria\facial_auth\celeba_subset\img_align_celeba\178265.jpg,6528,False,4,False,0.14199982583522797,296.990700000606
D:\Bartek\coding\biometria\facial_auth\celeba_subset\img_align_celeba\178265.jpg,6528,False,4,True,0.14233797788619995,300.27379999955883
D:\Bartek\coding\biometria\facial_auth\celeba_subset\img_align_celeba\005556.jpg,3655,False,8,False,0.4841841459274292,287.76379999908386
D:\Bartek\coding\biometria\facial_auth\celeba_subset\img_align_celeba\005556.jpg,3655,False,8,True,0.46709907054901123,292.25059999589575
D:\Bartek\coding\biometria\facial_auth\celeba_subset\img_align_celeba\190537.jpg,5534,False,2,False,0.09448891878128052,292.956299999787
D:\Bartek\coding\biometria\facial_auth\celeba_subset\img_align_celeba\190537.jpg,5534,False,2,True,0.11244835704565048,295.54699999425793
D:\Bartek\coding\biometria\facial_auth\celeba_subset\img_align_celeba\199652.jpg,9910,False,4,False,0.0769488662481308,300.7664000033401
D:\Bartek\coding\biometria\facial_auth\celeba_subset\img_align_celeba\199652.jpg,9910,False,4,True,0.06577083468437195,305.0659000000451
D:\Bartek\coding\biometria\facial_auth\celeba_subset\img_align_celeba\049895.jpg,913,False,8,False,0.030309539288282394,295.96809999929974
D:\Bartek\coding\biometria\facial_auth\celeba_subset\img_align_celeba\049895.jpg,913,False,8,True,0.03380122780799866,293.92060000100173
D:\Bartek\coding\biometria\facial_auth\celeba_subset\img_align_celeba\089787.jpg,2814,False,2,False,0.10083185881376266,287.78959999908693
D:\Bartek\coding\biometria\facial_auth\celeba_subset\img_align_celeba\089787.jpg,2814,False,2,True,0.14582329988479614,297.458099994401
D:\Bartek\coding\biometria\facial_auth\celeba_subset\img_align_celeba\002679.jpg,8908,False,4,False,0.4379560649394989,302.54129999957513
D:\Bartek\coding\biometria\facial_auth\celeba_subset\img_align_celeba\002679.jpg,8908,False,4,True,0.2941944897174835,301.03009999584174
D:\Bartek\coding\biometria\facial_auth\celeba_subset\img_align_celeba\086426.jpg,1350,False,8,False,0.014425029046833515,287.2404000008828
D:\Bartek\coding\biometria\facial_auth\celeba_subset\img_align_celeba\086426.jpg,1350,False,8,True,0.027659446001052856,292.43290000158595
D:\Bartek\coding\biometria\facial_auth\celeba_subset\img_align_celeba\100700.jpg,913,False,2,False,-0.00039055192610248923,300.2797999943141
D:\Bartek\coding\biometria\facial_auth\celeba_subset\img_align_celeba\100700.jpg,913,False,2,True,-0.02710515819489956,303.6833000005572
D:\Bartek\coding\biometria\facial_auth\celeba_subset\img_align_celeba\154399.jpg,7222,False,4,False,0.14702633023262024,295.73659999732627
D:\Bartek\coding\biometria\facial_auth\celeba_subset\img_align_celeba\154399.jpg,7222,False,4,True,0.048221368342638016,297.972899999877
D:\Bartek\coding\biometria\facial_auth\celeba_subset\img_align_celeba\133623.jpg,1147,False,8,False,0.05730307847261429,294.1376999951899
D:\Bartek\coding\biometria\facial_auth\celeba_subset\img_align_celeba\133623.jpg,1147,False,8,True,0.04216910898685455,301.4657999956398
D:\Bartek\coding\biometria\facial_auth\celeba_subset\img_align_celeba\012915.jpg,644,False,2,False,0.10722359269857407,292.91960000409745
D:\Bartek\coding\biometria\facial_auth\celeba_subset\img_align_celeba\012915.jpg,644,False,2,True,0.15875957906246185,312.7444999990985
D:\Bartek\coding\biometria\facial_auth\celeba_subset\img_align_celeba\126122.jpg,5922,False,4,False,0.09900299459695816,300.1442999957362
D:\Bartek\coding\biometria\facial_auth\celeba_subset\img_align_celeba\126122.jpg,5922,False,4,True,0.09298030287027359,303.8471000036225
D:\Bartek\coding\biometria\facial_auth\celeba_subset\img_align_celeba\082229.jpg,898,False,8,False,0.292006254196167,293.2705000057467
D:\Bartek\coding\biometria\facial_auth\celeba_subset\img_align_celeba\082229.jpg,898,False,8,True,0.2888396680355072,291.318700001284
D:\Bartek\coding\biometria\facial_auth\celeba_subset\img_align_celeba\167998.jpg,4870,False,2,False,0.09820158779621124,294.76050000084797
D:\Bartek\coding\biometria\facial_auth\celeba_subset\img_align_celeba\167998.jpg,4870,False,2,True,0.1021963581442833,302.7780000047642
D:\Bartek\coding\biometria\facial_auth\celeba_subset\img_align_celeba\044004.jpg,1154,False,4,False,0.04294829070568085,301.7284000015934
D:\Bartek\coding\biometria\facial_auth\celeba_subset\img_align_celeba\044004.jpg,1154,False,4,True,0.021852144971489906,294.6293999993941
D:\Bartek\coding\biometria\facial_auth\celeba_subset\img_align_celeba\183541.jpg,4069,False,8,False,0.05904854089021683,293.83709999819985
D:\Bartek\coding\biometria\facial_auth\celeba_subset\img_align_celeba\183541.jpg,4069,False,8,True,0.05798320472240448,298.773299997265
D:\Bartek\coding\biometria\facial_auth\celeba_subset\img_align_celeba\074630.jpg,6528,False,2,False,0.11336017400026321,290.6855000037467
D:\Bartek\coding\biometria\facial_auth\celeba_subset\img_align_celeba\074630.jpg,6528,False,2,True,0.03960946202278137,308.1631000022753
D:\Bartek\coding\biometria\facial_auth\celeba_subset\img_align_celeba\103634.jpg,5238,False,4,False,-0.05953783541917801,303.12570000387495
D:\Bartek\coding\biometria\facial_auth\celeba_subset\img_align_celeba\103634.jpg,5238,False,4,True,-0.04122631251811981,303.6921999955666
D:\Bartek\coding\biometria\facial_auth\celeba_subset\img_align_celeba\031878.jpg,6368,False,8,False,0.041156500577926636,301.9763999982388
D:\Bartek\coding\biometria\facial_auth\celeba_subset\img_align_celeba\031878.jpg,6368,False,8,True,0.03839497268199921,289.94329999841284
D:\Bartek\coding\biometria\facial_auth\celeba_subset\img_align_celeba\051090.jpg,1154,False,2,False,0.10322482883930206,295.8887000058894
D:\Bartek\coding\biometria\facial_auth\celeba_subset\img_align_celeba\051090.jpg,1154,False,2,True,0.11535531282424927,287.9486999954679
D:\Bartek\coding\biometria\facial_auth\celeba_subset\img_align_celeba\057152.jpg,2814,False,4,False,0.1470716893672943,275.19029999530176
D:\Bartek\coding\biometria\facial_auth\celeba_subset\img_align_celeba\057152.jpg,2814,False,4,True,0.10574116557836533,290.061899999273
D:\Bartek\coding\biometria\facial_auth\celeba_subset\img_align_celeba\126178.jpg,5648,False,8,False,0.05625348165631294,286.8691000039689
D:\Bartek\coding\biometria\facial_auth\celeba_subset\img_align_celeba\126178.jpg,5648,False,8,True,0.1341046392917633,298.8136000058148
D:\Bartek\coding\biometria\facial_auth\celeba_subset\img_align_celeba\171813.jpg,3236,False,2,False,0.10668876767158508,296.7112000042107
D:\Bartek\coding\biometria\facial_auth\celeba_subset\img_align_celeba\171813.jpg,3236,False,2,True,0.10651244223117828,300.3874999994878
D:\Bartek\coding\biometria\facial_auth\celeba_subset\img_align_celeba\198298.jpg,644,False,4,False,0.010676974430680275,298.2918999987305
D:\Bartek\coding\biometria\facial_auth\celeba_subset\img_align_celeba\198298.jpg,644,False,4,True,-0.041026461869478226,296.69819999980973
D:\Bartek\coding\biometria\facial_auth\celeba_subset\img_align_celeba\024413.jpg,1104,False,8,False,0.0019293251680210233,288.8055000003078
D:\Bartek\coding\biometria\facial_auth\celeba_subset\img_align_celeba\024413.jpg,1104,False,8,True,0.00787495356053114,297.60669999814127
D:\Bartek\coding\biometria\facial_auth\celeba_subset\img_align_celeba\022580.jpg,205,False,2,False,-0.048549674451351166,301.499999994121
D:\Bartek\coding\biometria\facial_auth\celeba_subset\img_align_celeba\022580.jpg,205,False,2,True,-0.0055029490031301975,309.252999999444
D:\Bartek\coding\biometria\facial_auth\celeba_subset\img_align_celeba\075195.jpg,7222,False,4,False,0.148772194981575,296.960499996203
D:\Bartek\coding\biometria\facial_auth\celeba_subset\img_align_celeba\075195.jpg,7222,False,4,True,0.1317409723997116,304.25519999698736
D:\Bartek\coding\biometria\facial_auth\celeba_subset\img_align_celeba\083112.jpg,913,False,8,False,0.023021351546049118,289.12169999966864
D:\Bartek\coding\biometria\facial_auth\celeba_subset\img_align_celeba\083112.jpg,913,False,8,True,0.016306929290294647,301.2878999943496
D:\Bartek\coding\biometria\facial_auth\celeba_subset\img_align_celeba\024848.jpg,7524,False,2,False,0.06462179124355316,299.49829999532085
D:\Bartek\coding\biometria\facial_auth\celeba_subset\img_align_celeba\024848.jpg,7524,False,2,True,0.06651709973812103,305.3271000026143
D:\Bartek\coding\biometria\facial_auth\celeba_subset\img_align_celeba\083754.jpg,9828,False,4,False,0.05282308906316757,303.35809999814956
D:\Bartek\coding\biometria\facial_auth\celeba_subset\img_align_celeba\083754.jpg,9828,False,4,True,0.014660762622952461,310.2990999977919
D:\Bartek\coding\biometria\facial_auth\celeba_subset\img_align_celeba\185126.jpg,7253,False,8,False,0.13690200448036194,292.5503000005847
D:\Bartek\coding\biometria\facial_auth\celeba_subset\img_align_celeba\185126.jpg,7253,False,8,True,0.11226259171962738,307.9667999991216
D:\Bartek\coding\biometria\facial_auth\celeba_subset\img_align_celeba\020799.jpg,8936,False,2,False,0.09250510483980179,291.05920000438346
D:\Bartek\coding\biometria\facial_auth\celeba_subset\img_align_celeba\020799.jpg,8936,False,2,True,0.08915749937295914,302.93130000063684
D:\Bartek\coding\biometria\facial_auth\celeba_subset\img_align_celeba\004613.jpg,5099,False,4,False,0.13699543476104736,296.80179999559186
D:\Bartek\coding\biometria\facial_auth\celeba_subset\img_align_celeba\004613.jpg,5099,False,4,True,0.0765547901391983,303.4628999957931
D:\Bartek\coding\biometria\facial_auth\celeba_subset\img_align_celeba\016306.jpg,5922,False,8,False,0.11041941493749619,303.89040000591194
D:\Bartek\coding\biometria\facial_auth\celeba_subset\img_align_celeba\016306.jpg,5922,False,8,True,0.12042339146137238,301.993199995195
D:\Bartek\coding\biometria\facial_auth\celeba_subset\img_align_celeba\023654.jpg,6719,False,2,False,0.08110380917787552,303.0949000021792
D:\Bartek\coding\biometria\facial_auth\celeba_subset\img_align_celeba\023654.jpg,6719,False,2,True,0.06671823561191559,310.9810000023572
D:\Bartek\coding\biometria\facial_auth\celeba_subset\img_align_celeba\088937.jpg,8936,False,4,False,0.046429090201854706,283.42569999949774
D:\Bartek\coding\biometria\facial_auth\celeba_subset\img_align_celeba\088937.jpg,8936,False,4,True,0.07724466919898987,293.4285000010277
D:\Bartek\coding\biometria\facial_auth\celeba_subset\img_align_celeba\189949.jpg,898,False,8,False,0.28595197200775146,293.01610000402434
D:\Bartek\coding\biometria\facial_auth\celeba_subset\img_align_celeba\189949.jpg,898,False,8,True,0.2651662230491638,294.82460000144783
D:\Bartek\coding\biometria\facial_auth\celeba_subset\img_align_celeba\171115.jpg,3877,False,2,False,0.24602726101875305,296.0635999988881
D:\Bartek\coding\biometria\facial_auth\celeba_subset\img_align_celeba\171115.jpg,3877,False,2,True,0.1858360916376114,303.54739999893354
D:\Bartek\coding\biometria\facial_auth\celeba_subset\img_align_celeba\202449.jpg,8027,False,4,False,0.1472342163324356,296.16209999949206
D:\Bartek\coding\biometria\facial_auth\celeba_subset\img_align_celeba\202449.jpg,8027,False,4,True,0.12852977216243744,301.29580000357237
D:\Bartek\coding\biometria\facial_auth\celeba_subset\img_align_celeba\006649.jpg,6086,False,8,False,0.09334151446819305,289.91039999527857
D:\Bartek\coding\biometria\facial_auth\celeba_subset\img_align_celeba\006649.jpg,6086,False,8,True,0.1013914942741394,300.30640000040876
D:\Bartek\coding\biometria\facial_auth\celeba_subset\img_align_celeba\000160.jpg,4150,False,2,False,0.09965740889310837,297.37610000302084
D:\Bartek\coding\biometria\facial_auth\celeba_subset\img_align_celeba\000160.jpg,4150,False,2,True,0.1314387023448944,301.848200004315
D:\Bartek\coding\biometria\facial_auth\celeba_subset\img_align_celeba\133414.jpg,5238,False,4,False,-0.16673855483531952,286.76029999769526
D:\Bartek\coding\biometria\facial_auth\celeba_subset\img_align_celeba\133414.jpg,5238,False,4,True,-0.0615130290389061,295.08679999707965
D:\Bartek\coding\biometria\facial_auth\celeba_subset\img_align_celeba\089186.jpg,7338,False,8,False,0.15840603411197662,295.00739999639336
D:\Bartek\coding\biometria\facial_auth\celeba_subset\img_align_celeba\089186.jpg,7338,False,8,True,0.1533154845237732,297.67890000221087
D:\Bartek\coding\biometria\facial_auth\celeba_subset\img_align_celeba\147303.jpg,7222,False,2,False,0.11573805660009384,299.26220000197645
D:\Bartek\coding\biometria\facial_auth\celeba_subset\img_align_celeba\147303.jpg,7222,False,2,True,0.10178513079881668,297.5464999981341
D:\Bartek\coding\biometria\facial_auth\celeba_subset\img_align_celeba\138209.jpg,8971,False,4,False,0.05472779646515846,298.9164000027813
D:\Bartek\coding\biometria\facial_auth\celeba_subset\img_align_celeba\138209.jpg,8971,False,4,True,0.042425233870744705,301.4968999996199
D:\Bartek\coding\biometria\facial_auth\celeba_subset\img_align_celeba\182831.jpg,1104,False,8,False,-0.004046665038913488,298.9302999994834
D:\Bartek\coding\biometria\facial_auth\celeba_subset\img_align_celeba\182831.jpg,1104,False,8,True,0.00575464079156518,299.4992000021739
D:\Bartek\coding\biometria\facial_auth\celeba_subset\img_align_celeba\012100.jpg,4069,False,2,False,0.06246638298034668,296.50289999699453
D:\Bartek\coding\biometria\facial_auth\celeba_subset\img_align_celeba\012100.jpg,4069,False,2,True,0.07139697670936584,297.8013000029023
D:\Bartek\coding\biometria\facial_auth\celeba_subset\img_align_celeba\148514.jpg,2835,False,4,False,0.08761013299226761,292.9636000044411
D:\Bartek\coding\biometria\facial_auth\celeba_subset\img_align_celeba\148514.jpg,2835,False,4,True,0.051831211894750595,325.19719999982044
D:\Bartek\coding\biometria\facial_auth\celeba_subset\img_align_celeba\152198.jpg,2177,False,8,False,0.9371484518051147,293.42149999865796
D:\Bartek\coding\biometria\facial_auth\celeba_subset\img_align_celeba\152198.jpg,2177,False,8,True,0.9297776818275452,295.10450000088895
D:\Bartek\coding\biometria\facial_auth\celeba_subset\img_align_celeba\150671.jpg,9144,False,2,False,0.049155041575431824,302.566400001524
D:\Bartek\coding\biometria\facial_auth\celeba_subset\img_align_celeba\150671.jpg,9144,False,2,True,0.08371391147375107,303.4758000067086
D:\Bartek\coding\biometria\facial_auth\celeba_subset\img_align_celeba\195099.jpg,5747,False,4,False,0.055708497762680054,299.61209999601124
D:\Bartek\coding\biometria\facial_auth\celeba_subset\img_align_celeba\195099.jpg,5747,False,4,True,-0.01434316672384739,293.18330000387505
D:\Bartek\coding\biometria\facial_auth\celeba_subset\img_align_celeba\100206.jpg,6806,False,8,False,0.011622590012848377,296.83440000371775
D:\Bartek\coding\biometria\facial_auth\celeba_subset\img_align_celeba\100206.jpg,6806,False,8,True,0.022952277213335037,303.90049999550683
D:\Bartek\coding\biometria\facial_auth\celeba_subset\img_align_celeba\179535.jpg,1149,False,2,False,0.11879561096429825,295.6195000006119
D:\Bartek\coding\biometria\facial_auth\celeba_subset\img_align_celeba\179535.jpg,1149,False,2,True,0.08105190843343735,306.63519999507116
D:\Bartek\coding\biometria\facial_auth\celeba_subset\img_align_celeba\051468.jpg,4069,False,4,False,0.09355485439300537,293.33780000160914
D:\Bartek\coding\biometria\facial_auth\celeba_subset\img_align_celeba\051468.jpg,4069,False,4,True,0.028727937489748,299.00089999864576
D:\Bartek\coding\biometria\facial_auth\celeba_subset\img_align_celeba\162342.jpg,1154,False,8,False,0.08483674377202988,297.0860999994329
D:\Bartek\coding\biometria\facial_auth\celeba_subset\img_align_celeba\162342.jpg,1154,False,8,True,0.09169413149356842,296.67540000082226
D:\Bartek\coding\biometria\facial_auth\celeba_subset\img_align_celeba\114844.jpg,5591,False,2,False,0.1449950635433197,300.0205999996979
D:\Bartek\coding\biometria\facial_auth\celeba_subset\img_align_celeba\114844.jpg,5591,False,2,True,0.13707558810710907,304.55760000040755
D:\Bartek\coding\biometria\facial_auth\celeba_subset\img_align_celeba\171574.jpg,2177,False,4,False,0.8239195346832275,297.51939999550814
D:\Bartek\coding\biometria\facial_auth\celeba_subset\img_align_celeba\171574.jpg,2177,False,4,True,0.40034064650535583,300.31460000463994
D:\Bartek\coding\biometria\facial_auth\celeba_subset\img_align_celeba\177140.jpg,6528,False,8,False,0.5285587310791016,298.24440000083996
D:\Bartek\coding\biometria\facial_auth\celeba_subset\img_align_celeba\177140.jpg,6528,False,8,True,0.5048933029174805,300.8761000019149
D:\Bartek\coding\biometria\facial_auth\celeba_subset\img_align_celeba\160765.jpg,5238,False,2,False,0.023652175441384315,288.6473999969894
D:\Bartek\coding\biometria\facial_auth\celeba_subset\img_align_celeba\160765.jpg,5238,False,2,True,0.07500892132520676,297.2418999997899
D:\Bartek\coding\biometria\facial_auth\celeba_subset\img_align_celeba\148514.jpg,8027,False,4,False,0.017967062070965767,288.20290000294335
D:\Bartek\coding\biometria\facial_auth\celeba_subset\img_align_celeba\148514.jpg,8027,False,4,True,-0.001432164222933352,293.21840000193333
D:\Bartek\coding\biometria\facial_auth\celeba_subset\img_align_celeba\076337.jpg,9534,False,8,False,0.19353154301643372,290.18119999818737
D:\Bartek\coding\biometria\facial_auth\celeba_subset\img_align_celeba\076337.jpg,9534,False,8,True,0.15093691647052765,295.9281999937957
D:\Bartek\coding\biometria\facial_auth\celeba_subset\img_align_celeba\056843.jpg,9144,False,2,False,0.057654477655887604,297.096700000111
D:\Bartek\coding\biometria\facial_auth\celeba_subset\img_align_celeba\056843.jpg,9144,False,2,True,0.062264829874038696,302.6164999973844
D:\Bartek\coding\biometria\facial_auth\celeba_subset\img_align_celeba\099344.jpg,1435,False,4,False,0.048544663935899734,297.08349999418715
D:\Bartek\coding\biometria\facial_auth\celeba_subset\img_align_celeba\099344.jpg,1435,False,4,True,0.011124180629849434,295.95770000014454
D:\Bartek\coding\biometria\facial_auth\celeba_subset\img_align_celeba\139598.jpg,5872,False,8,False,0.13127899169921875,291.534000003594
D:\Bartek\coding\biometria\facial_auth\celeba_subset\img_align_celeba\139598.jpg,5872,False,8,True,0.13327208161354065,296.91040000034263
D:\Bartek\coding\biometria\facial_auth\celeba_subset\img_align_celeba\176111.jpg,7524,False,2,False,0.05176769942045212,295.74220000358764
D:\Bartek\coding\biometria\facial_auth\celeba_subset\img_align_celeba\176111.jpg,7524,False,2,True,0.025626283138990402,304.65089999779593
D:\Bartek\coding\biometria\facial_auth\celeba_subset\img_align_celeba\046765.jpg,8415,False,4,False,0.05049750953912735,292.5632999977097
D:\Bartek\coding\biometria\facial_auth\celeba_subset\img_align_celeba\046765.jpg,8415,False,4,True,0.07225477695465088,294.36720000376226
D:\Bartek\coding\biometria\facial_auth\celeba_subset\img_align_celeba\140559.jpg,6233,False,8,False,0.2105589210987091,303.2517999963602
D:\Bartek\coding\biometria\facial_auth\celeba_subset\img_align_celeba\140559.jpg,6233,False,8,True,0.19287598133087158,296.9493999989936
D:\Bartek\coding\biometria\facial_auth\celeba_subset\img_align_celeba\061232.jpg,8027,False,2,False,-0.001881944015622139,300.4425999970408
D:\Bartek\coding\biometria\facial_auth\celeba_subset\img_align_celeba\061232.jpg,8027,False,2,True,0.03852351754903793,298.6049999963143
D:\Bartek\coding\biometria\facial_auth\celeba_subset\img_align_celeba\041126.jpg,9489,False,4,False,0.011609031818807125,292.0786999966367
D:\Bartek\coding\biometria\facial_auth\celeba_subset\img_align_celeba\041126.jpg,9489,False,4,True,-0.0495232529938221,302.66459999984363
D:\Bartek\coding\biometria\facial_auth\celeba_subset\img_align_celeba\024009.jpg,9910,False,8,False,0.9692634344100952,287.4565000020084
D:\Bartek\coding\biometria\facial_auth\celeba_subset\img_align_celeba\024009.jpg,9910,False,8,True,0.949701189994812,295.97240000293823
D:\Bartek\coding\biometria\facial_auth\celeba_subset\img_align_celeba\136945.jpg,9632,False,2,False,0.15914346277713776,293.6305999974138
D:\Bartek\coding\biometria\facial_auth\celeba_subset\img_align_celeba\136945.jpg,9632,False,2,True,0.14462076127529144,289.34529999969527
D:\Bartek\coding\biometria\facial_auth\celeba_subset\img_align_celeba\175021.jpg,4659,False,4,False,-0.01667308248579502,295.49459999543615
D:\Bartek\coding\biometria\facial_auth\celeba_subset\img_align_celeba\175021.jpg,4659,False,4,True,0.00557751813903451,300.5635000008624
D:\Bartek\coding\biometria\facial_auth\celeba_subset\img_align_celeba\138132.jpg,1120,False,8,False,0.005306308623403311,293.37800000212155
D:\Bartek\coding\biometria\facial_auth\celeba_subset\img_align_celeba\138132.jpg,1120,False,8,True,0.0034734855871647596,297.93980000249576
D:\Bartek\coding\biometria\facial_auth\celeba_subset\img_align_celeba\014275.jpg,9828,False,2,False,0.06596168130636215,296.2291000003461
D:\Bartek\coding\biometria\facial_auth\celeba_subset\img_align_celeba\014275.jpg,9828,False,2,True,0.10531584918498993,395.0492000003578
D:\Bartek\coding\biometria\facial_auth\celeba_subset\img_align_celeba\065855.jpg,9534,False,4,False,0.13853153586387634,360.72799999965355
D:\Bartek\coding\biometria\facial_auth\celeba_subset\img_align_celeba\065855.jpg,9534,False,4,True,0.13482129573822021,363.86129999300465
D:\Bartek\coding\biometria\facial_auth\celeba_subset\img_align_celeba\036270.jpg,1167,False,8,False,0.07606173306703568,321.74099999974715
D:\Bartek\coding\biometria\facial_auth\celeba_subset\img_align_celeba\036270.jpg,1167,False,8,True,0.09230203926563263,297.84310000104597
D:\Bartek\coding\biometria\facial_auth\celeba_subset\img_align_celeba\060656.jpg,5238,False,2,False,0.20780359208583832,303.08370000420837
D:\Bartek\coding\biometria\facial_auth\celeba_subset\img_align_celeba\060656.jpg,5238,False,2,True,0.20092283189296722,302.75000000256114
D:\Bartek\coding\biometria\facial_auth\celeba_subset\img_align_celeba\112261.jpg,1167,False,4,False,0.050474341958761215,278.8721000033547
D:\Bartek\coding\biometria\facial_auth\celeba_subset\img_align_celeba\112261.jpg,1167,False,4,True,0.03201005235314369,297.70100000314415
D:\Bartek\coding\biometria\facial_auth\celeba_subset\img_align_celeba\180809.jpg,6136,False,8,False,0.07957430183887482,289.61189999972703
D:\Bartek\coding\biometria\facial_auth\celeba_subset\img_align_celeba\180809.jpg,6136,False,8,True,0.06450746953487396,293.8006999975187
D:\Bartek\coding\biometria\facial_auth\celeba_subset\img_align_celeba\100906.jpg,8091,False,2,False,0.07177437096834183,291.2015000038082
D:\Bartek\coding\biometria\facial_auth\celeba_subset\img_align_celeba\100906.jpg,8091,False,2,True,0.047928839921951294,290.64389999984996
D:\Bartek\coding\biometria\facial_auth\celeba_subset\img_align_celeba\147630.jpg,1149,False,4,False,0.2294762283563614,289.1410000011092
D:\Bartek\coding\biometria\facial_auth\celeba_subset\img_align_celeba\147630.jpg,1149,False,4,True,0.25681206583976746,290.6474000046728
D:\Bartek\coding\biometria\facial_auth\celeba_subset\img_align_celeba\046422.jpg,3877,False,8,False,0.020430734381079674,340.01010000065435
D:\Bartek\coding\biometria\facial_auth\celeba_subset\img_align_celeba\046422.jpg,3877,False,8,True,0.028248829767107964,300.06909999792697
D:\Bartek\coding\biometria\facial_auth\celeba_subset\img_align_celeba\150671.jpg,7338,False,2,False,0.24071051180362701,286.8559999988065
D:\Bartek\coding\biometria\facial_auth\celeba_subset\img_align_celeba\150671.jpg,7338,False,2,True,0.26823946833610535,300.8123000035994
D:\Bartek\coding\biometria\facial_auth\celeba_subset\img_align_celeba\015885.jpg,4069,False,4,False,0.15738581120967865,283.7218000058783
D:\Bartek\coding\biometria\facial_auth\celeba_subset\img_align_celeba\015885.jpg,4069,False,4,True,0.19488197565078735,291.9560000009369
D:\Bartek\coding\biometria\facial_auth\celeba_subset\img_align_celeba\169073.jpg,7222,False,8,False,0.11552693694829941,368.80399999790825
D:\Bartek\coding\biometria\facial_auth\celeba_subset\img_align_celeba\169073.jpg,7222,False,8,True,0.09415531903505325,330.81790000142064
D:\Bartek\coding\biometria\facial_auth\celeba_subset\img_align_celeba\154413.jpg,4150,False,2,False,0.06957405060529709,362.3477000001003
D:\Bartek\coding\biometria\facial_auth\celeba_subset\img_align_celeba\154413.jpg,4150,False,2,True,0.07188740372657776,285.7313999993494
D:\Bartek\coding\biometria\facial_auth\celeba_subset\img_align_celeba\198922.jpg,6195,False,4,False,0.14445805549621582,281.01259999675676
D:\Bartek\coding\biometria\facial_auth\celeba_subset\img_align_celeba\198922.jpg,6195,False,4,True,0.10668561607599258,289.5005000027595
D:\Bartek\coding\biometria\facial_auth\celeba_subset\img_align_celeba\014101.jpg,3336,False,8,False,0.06187843158841133,285.91790000064066
D:\Bartek\coding\biometria\facial_auth\celeba_subset\img_align_celeba\014101.jpg,3336,False,8,True,0.0875842273235321,288.91940000175964
D:\Bartek\coding\biometria\facial_auth\celeba_subset\img_align_celeba\125894.jpg,7088,False,2,False,0.15415430068969727,291.73000000446336
D:\Bartek\coding\biometria\facial_auth\celeba_subset\img_align_celeba\125894.jpg,7088,False,2,True,0.13422882556915283,285.5959000007715
D:\Bartek\coding\biometria\facial_auth\celeba_subset\img_align_celeba\195021.jpg,5127,False,4,False,0.18211063742637634,289.93980000086594
D:\Bartek\coding\biometria\facial_auth\celeba_subset\img_align_celeba\195021.jpg,5127,False,4,True,0.12431757152080536,290.1345999998739
D:\Bartek\coding\biometria\facial_auth\celeba_subset\img_align_celeba\036023.jpg,9632,False,8,False,0.07760459929704666,293.8376000020071
D:\Bartek\coding\biometria\facial_auth\celeba_subset\img_align_celeba\036023.jpg,9632,False,8,True,0.049919240176677704,290.3551999988849
D:\Bartek\coding\biometria\facial_auth\celeba_subset\img_align_celeba\079890.jpg,878,False,2,False,0.010257995687425137,288.0335000008927
D:\Bartek\coding\biometria\facial_auth\celeba_subset\img_align_celeba\079890.jpg,878,False,2,True,-0.022302716970443726,291.64599999785423
D:\Bartek\coding\biometria\facial_auth\celeba_subset\img_align_celeba\103456.jpg,1149,False,4,False,0.03570873662829399,286.152900000161
D:\Bartek\coding\biometria\facial_auth\celeba_subset\img_align_celeba\103456.jpg,1149,False,4,True,0.02917417511343956,293.98090000177035
D:\Bartek\coding\biometria\facial_auth\celeba_subset\img_align_celeba\130819.jpg,5747,False,8,False,0.12340378016233444,290.0634000034188
D:\Bartek\coding\biometria\facial_auth\celeba_subset\img_align_celeba\130819.jpg,5747,False,8,True,0.13709940016269684,286.3883999962127
D:\Bartek\coding\biometria\facial_auth\celeba_subset\img_align_celeba\154323.jpg,5064,False,2,False,-0.07348053902387619,284.10319999966305
D:\Bartek\coding\biometria\facial_auth\celeba_subset\img_align_celeba\154323.jpg,5064,False,2,True,0.03486819565296173,282.19610000087414
D:\Bartek\coding\biometria\facial_auth\celeba_subset\img_align_celeba\160672.jpg,190,False,4,False,0.1335868537425995,274.68149999913294
D:\Bartek\coding\biometria\facial_auth\celeba_subset\img_align_celeba\160672.jpg,190,False,4,True,-0.0004323255561757833,285.14730000460986
D:\Bartek\coding\biometria\facial_auth\celeba_subset\img_align_celeba\104829.jpg,1149,False,8,False,0.05377737060189247,294.3719999966561
D:\Bartek\coding\biometria\facial_auth\celeba_subset\img_align_celeba\104829.jpg,1149,False,8,True,0.06518806517124176,286.65819999878295
D:\Bartek\coding\biometria\facial_auth\celeba_subset\img_align_celeba\040925.jpg,205,False,2,False,0.08807665854692459,286.07650000049034
D:\Bartek\coding\biometria\facial_auth\celeba_subset\img_align_celeba\040925.jpg,205,False,2,True,0.1301513910293579,283.7087999942014
D:\Bartek\coding\biometria\facial_auth\celeba_subset\img_align_celeba\179698.jpg,9144,False,4,False,0.05560943856835365,294.7392999994918
D:\Bartek\coding\biometria\facial_auth\celeba_subset\img_align_celeba\179698.jpg,9144,False,4,True,0.0788484439253807,280.3494000036153
D:\Bartek\coding\biometria\facial_auth\celeba_subset\img_align_celeba\065893.jpg,1149,False,8,False,0.043046049773693085,273.6512000046787
D:\Bartek\coding\biometria\facial_auth\celeba_subset\img_align_celeba\065893.jpg,1149,False,8,True,0.03635752946138382,285.31659999862313
D:\Bartek\coding\biometria\facial_auth\celeba_subset\img_align_celeba\137251.jpg,4968,False,2,False,0.08132554590702057,282.6414000010118
D:\Bartek\coding\biometria\facial_auth\celeba_subset\img_align_celeba\137251.jpg,4968,False,2,True,0.08333144336938858,286.6529000020819
D:\Bartek\coding\biometria\facial_auth\celeba_subset\img_align_celeba\010853.jpg,6086,False,4,False,0.15032051503658295,299.1508999984944
D:\Bartek\coding\biometria\facial_auth\celeba_subset\img_align_celeba\010853.jpg,6086,False,4,True,0.21435724198818207,285.73879999748897
D:\Bartek\coding\biometria\facial_auth\celeba_subset\img_align_celeba\047974.jpg,310,False,8,False,0.2903614938259125,281.18939999694703
D:\Bartek\coding\biometria\facial_auth\celeba_subset\img_align_celeba\047974.jpg,310,False,8,True,0.26305535435676575,288.51169999688864
D:\Bartek\coding\biometria\facial_auth\celeba_subset\img_align_celeba\106485.jpg,3236,False,2,False,0.07674908638000488,281.9004000048153
D:\Bartek\coding\biometria\facial_auth\celeba_subset\img_align_celeba\106485.jpg,3236,False,2,True,0.040005844086408615,287.317800000892
D:\Bartek\coding\biometria\facial_auth\celeba_subset\img_align_celeba\185668.jpg,1435,False,4,False,0.14322598278522491,284.69529999711085
D:\Bartek\coding\biometria\facial_auth\celeba_subset\img_align_celeba\185668.jpg,1435,False,4,True,0.12849463522434235,293.9719000059995
D:\Bartek\coding\biometria\facial_auth\celeba_subset\img_align_celeba\129295.jpg,1120,False,8,False,-0.0070862858556210995,285.85759999987204
D:\Bartek\coding\biometria\facial_auth\celeba_subset\img_align_celeba\129295.jpg,1120,False,8,True,0.023145239800214767,280.91999999742256
D:\Bartek\coding\biometria\facial_auth\celeba_subset\img_align_celeba\099148.jpg,898,False,2,False,0.08792296797037125,287.3035999946296
D:\Bartek\coding\biometria\facial_auth\celeba_subset\img_align_celeba\099148.jpg,898,False,2,True,0.00042460858821868896,291.015900002094
D:\Bartek\coding\biometria\facial_auth\celeba_subset\img_align_celeba\132722.jpg,8,False,4,False,0.009707269258797169,275.4944999978761
D:\Bartek\coding\biometria\facial_auth\celeba_subset\img_align_celeba\132722.jpg,8,False,4,True,-0.06581024080514908,283.97149999364046
D:\Bartek\coding\biometria\facial_auth\celeba_subset\img_align_celeba\138482.jpg,4069,False,8,False,0.0705324336886406,288.2792000018526
D:\Bartek\coding\biometria\facial_auth\celeba_subset\img_align_celeba\138482.jpg,4069,False,8,True,0.05604778975248337,284.9673000018811
D:\Bartek\coding\biometria\facial_auth\celeba_subset\img_align_celeba\130243.jpg,5190,False,2,False,0.14807532727718353,278.72699999716133
D:\Bartek\coding\biometria\facial_auth\celeba_subset\img_align_celeba\130243.jpg,5190,False,2,True,0.13451389968395233,289.09099999873433
D:\Bartek\coding\biometria\facial_auth\celeba_subset\img_align_celeba\056636.jpg,6170,False,4,False,0.04555260390043259,290.19330000301125
D:\Bartek\coding\biometria\facial_auth\celeba_subset\img_align_celeba\056636.jpg,6170,False,4,True,-0.016179203987121582,291.96629999933066
D:\Bartek\coding\biometria\facial_auth\celeba_subset\img_align_celeba\100299.jpg,5791,False,8,False,0.0363641157746315,299.07100000127684
D:\Bartek\coding\biometria\facial_auth\celeba_subset\img_align_celeba\100299.jpg,5791,False,8,True,0.04772162064909935,303.888200003712
D:\Bartek\coding\biometria\facial_auth\celeba_subset\img_align_celeba\087804.jpg,3877,False,2,False,0.28736621141433716,292.09889999765437
D:\Bartek\coding\biometria\facial_auth\celeba_subset\img_align_celeba\087804.jpg,3877,False,2,True,0.2678616940975189,301.6618000037852
D:\Bartek\coding\biometria\facial_auth\celeba_subset\img_align_celeba\092342.jpg,7222,False,4,False,0.02834334410727024,290.92140000284417
D:\Bartek\coding\biometria\facial_auth\celeba_subset\img_align_celeba\092342.jpg,7222,False,4,True,0.09390655159950256,294.5815999992192
D:\Bartek\coding\biometria\facial_auth\celeba_subset\img_align_celeba\077333.jpg,3200,False,8,False,0.5441550612449646,285.88489999674493
D:\Bartek\coding\biometria\facial_auth\celeba_subset\img_align_celeba\077333.jpg,3200,False,8,True,0.5251396894454956,307.7765999987605
D:\Bartek\coding\biometria\facial_auth\celeba_subset\img_align_celeba\069344.jpg,1167,False,2,False,0.047787901014089584,293.38420000567567
D:\Bartek\coding\biometria\facial_auth\celeba_subset\img_align_celeba\069344.jpg,1167,False,2,True,0.08204720914363861,284.4559000004665
D:\Bartek\coding\biometria\facial_auth\celeba_subset\img_align_celeba\121508.jpg,3200,False,4,False,-0.0360923670232296,279.9860000013723
D:\Bartek\coding\biometria\facial_auth\celeba_subset\img_align_celeba\121508.jpg,3200,False,4,True,-0.11062867194414139,289.4049000024097
D:\Bartek\coding\biometria\facial_auth\celeba_subset\img_align_celeba\131259.jpg,5791,False,8,False,0.028241494670510292,287.16780000104336
D:\Bartek\coding\biometria\facial_auth\celeba_subset\img_align_celeba\131259.jpg,5791,False,8,True,0.025847656652331352,292.31009999784874
D:\Bartek\coding\biometria\facial_auth\celeba_subset\img_align_celeba\083540.jpg,6368,False,2,False,0.1327964812517166,286.07929999998305
D:\Bartek\coding\biometria\facial_auth\celeba_subset\img_align_celeba\083540.jpg,6368,False,2,True,0.10822714120149612,295.3445999955875
D:\Bartek\coding\biometria\facial_auth\celeba_subset\img_align_celeba\006139.jpg,7253,False,4,False,0.08184114843606949,286.0911000025226
D:\Bartek\coding\biometria\facial_auth\celeba_subset\img_align_celeba\006139.jpg,7253,False,4,True,0.0629715695977211,284.44040000613313
D:\Bartek\coding\biometria\facial_auth\celeba_subset\img_align_celeba\037955.jpg,310,False,8,False,0.30587297677993774,287.46849999879487
D:\Bartek\coding\biometria\facial_auth\celeba_subset\img_align_celeba\037955.jpg,310,False,8,True,0.2957049608230591,284.7388999944087
D:\Bartek\coding\biometria\facial_auth\celeba_subset\img_align_celeba\129124.jpg,9910,False,2,False,0.041525211185216904,284.43049999623327
D:\Bartek\coding\biometria\facial_auth\celeba_subset\img_align_celeba\129124.jpg,9910,False,2,True,0.02760019525885582,285.0299999990966
D:\Bartek\coding\biometria\facial_auth\celeba_subset\img_align_celeba\120366.jpg,9688,False,4,False,0.062422048300504684,288.1288999997196
D:\Bartek\coding\biometria\facial_auth\celeba_subset\img_align_celeba\120366.jpg,9688,False,4,True,0.048201318830251694,286.2944000007701
D:\Bartek\coding\biometria\facial_auth\celeba_subset\img_align_celeba\119961.jpg,898,False,8,False,0.2688336968421936,286.2900999971316
D:\Bartek\coding\biometria\facial_auth\celeba_subset\img_align_celeba\119961.jpg,898,False,8,True,0.26897138357162476,290.15139999683015
D:\Bartek\coding\biometria\facial_auth\celeba_subset\img_align_celeba\052863.jpg,2926,False,2,False,0.21411576867103577,284.4122000024072
D:\Bartek\coding\biometria\facial_auth\celeba_subset\img_align_celeba\052863.jpg,2926,False,2,True,0.2598972022533417,288.7868000034359
D:\Bartek\coding\biometria\facial_auth\celeba_subset\img_align_celeba\149629.jpg,9093,False,4,False,0.16890011727809906,275.60580000135815
D:\Bartek\coding\biometria\facial_auth\celeba_subset\img_align_celeba\149629.jpg,9093,False,4,True,0.13638868927955627,289.13460000330815
D:\Bartek\coding\biometria\facial_auth\celeba_subset\img_align_celeba\015586.jpg,8091,False,8,False,0.0678572952747345,279.5639000032679
D:\Bartek\coding\biometria\facial_auth\celeba_subset\img_align_celeba\015586.jpg,8091,False,8,True,0.07134827226400375,276.8657999986317
D:\Bartek\coding\biometria\facial_auth\celeba_subset\img_align_celeba\192581.jpg,7222,False,2,False,0.10372598469257355,288.0204000030062
D:\Bartek\coding\biometria\facial_auth\celeba_subset\img_align_celeba\192581.jpg,7222,False,2,True,0.0713505670428276,294.5239999971818
D:\Bartek\coding\biometria\facial_auth\celeba_subset\img_align_celeba\051281.jpg,6136,False,4,False,-0.018766174092888832,292.91180000291206
D:\Bartek\coding\biometria\facial_auth\celeba_subset\img_align_celeba\051281.jpg,6136,False,4,True,0.02341564930975437,288.39020000305027
D:\Bartek\coding\biometria\facial_auth\celeba_subset\img_align_celeba\041283.jpg,6277,False,8,False,0.04993977025151253,279.26559999468736
D:\Bartek\coding\biometria\facial_auth\celeba_subset\img_align_celeba\041283.jpg,6277,False,8,True,0.05637632682919502,283.0771000008099
D:\Bartek\coding\biometria\facial_auth\celeba_subset\img_align_celeba\106022.jpg,6136,False,2,False,0.09268053621053696,284.14750000229105
D:\Bartek\coding\biometria\facial_auth\celeba_subset\img_align_celeba\106022.jpg,6136,False,2,True,0.07863300293684006,283.7087000007159
D:\Bartek\coding\biometria\facial_auth\celeba_subset\img_align_celeba\016306.jpg,4968,False,4,False,0.07175623625516891,283.9638000004925
D:\Bartek\coding\biometria\facial_auth\celeba_subset\img_align_celeba\016306.jpg,4968,False,4,True,-0.012918041087687016,284.0206999971997
D:\Bartek\coding\biometria\facial_auth\celeba_subset\img_align_celeba\097036.jpg,5791,False,8,False,0.03199828043580055,280.4346999982954
D:\Bartek\coding\biometria\facial_auth\celeba_subset\img_align_celeba\097036.jpg,5791,False,8,True,0.032627690583467484,305.06339999556076
D:\Bartek\coding\biometria\facial_auth\celeba_subset\img_align_celeba\016880.jpg,6972,False,2,False,0.053455621004104614,277.52079999481793
D:\Bartek\coding\biometria\facial_auth\celeba_subset\img_align_celeba\016880.jpg,6972,False,2,True,0.06558995693922043,286.1142000037944
D:\Bartek\coding\biometria\facial_auth\celeba_subset\img_align_celeba\122142.jpg,9688,False,4,False,-0.012943489477038383,275.71159999934025
D:\Bartek\coding\biometria\facial_auth\celeba_subset\img_align_celeba\122142.jpg,9688,False,4,True,0.0151332076638937,284.97820000484353
D:\Bartek\coding\biometria\facial_auth\celeba_subset\img_align_celeba\178718.jpg,6233,False,8,False,0.2125868946313858,270.4796999969403
D:\Bartek\coding\biometria\facial_auth\celeba_subset\img_align_celeba\178718.jpg,6233,False,8,True,0.20079635083675385,299.55799999879673
D:\Bartek\coding\biometria\facial_auth\celeba_subset\img_align_celeba\181914.jpg,5656,False,2,False,0.023838382214307785,289.12210000271443
D:\Bartek\coding\biometria\facial_auth\celeba_subset\img_align_celeba\181914.jpg,5656,False,2,True,-0.0030462511349469423,293.84959999879356
D:\Bartek\coding\biometria\facial_auth\celeba_subset\img_align_celeba\180574.jpg,1167,False,4,False,0.1039174273610115,283.69560000282945
D:\Bartek\coding\biometria\facial_auth\celeba_subset\img_align_celeba\180574.jpg,1167,False,4,True,0.10247403383255005,294.1036000047461
D:\Bartek\coding\biometria\facial_auth\celeba_subset\img_align_celeba\026628.jpg,2814,False,8,False,0.040693458169698715,282.8081999978167
D:\Bartek\coding\biometria\facial_auth\celeba_subset\img_align_celeba\026628.jpg,2814,False,8,True,0.035914916545152664,284.48979999666335
D:\Bartek\coding\biometria\facial_auth\celeba_subset\img_align_celeba\139962.jpg,5591,False,2,False,0.062073901295661926,300.2109000008204
D:\Bartek\coding\biometria\facial_auth\celeba_subset\img_align_celeba\139962.jpg,5591,False,2,True,0.0725332498550415,309.0620000002673
D:\Bartek\coding\biometria\facial_auth\celeba_subset\img_align_celeba\049305.jpg,9939,False,4,False,0.032787978649139404,285.8353999981773
D:\Bartek\coding\biometria\facial_auth\celeba_subset\img_align_celeba\049305.jpg,9939,False,4,True,0.04600367695093155,282.2898000013083
D:\Bartek\coding\biometria\facial_auth\celeba_subset\img_align_celeba\035909.jpg,6136,False,8,False,0.0834888219833374,290.7430999985081
D:\Bartek\coding\biometria\facial_auth\celeba_subset\img_align_celeba\035909.jpg,6136,False,8,True,0.06714950501918793,284.78520000498975
D:\Bartek\coding\biometria\facial_auth\celeba_subset\img_align_celeba\093514.jpg,205,False,2,False,0.002294472185894847,286.49830000358634
D:\Bartek\coding\biometria\facial_auth\celeba_subset\img_align_celeba\093514.jpg,205,False,2,True,0.05441460385918617,290.9877999991295
D:\Bartek\coding\biometria\facial_auth\celeba_subset\img_align_celeba\041543.jpg,1120,False,4,False,0.04146804288029671,285.4695999994874
D:\Bartek\coding\biometria\facial_auth\celeba_subset\img_align_celeba\041543.jpg,1120,False,4,True,0.1378909945487976,289.74100000050385
D:\Bartek\coding\biometria\facial_auth\celeba_subset\img_align_celeba\125376.jpg,8908,False,8,False,0.9152601957321167,286.48319999774685
D:\Bartek\coding\biometria\facial_auth\celeba_subset\img_align_celeba\125376.jpg,8908,False,8,True,0.9007129669189453,285.55210000195075
D:\Bartek\coding\biometria\facial_auth\celeba_subset\img_align_celeba\109027.jpg,5780,False,2,False,0.24920514225959778,285.19499999674736
D:\Bartek\coding\biometria\facial_auth\celeba_subset\img_align_celeba\109027.jpg,5780,False,2,True,0.26193106174468994,294.94630000408506
D:\Bartek\coding\biometria\facial_auth\celeba_subset\img_align_celeba\096216.jpg,9478,False,4,False,0.09754008054733276,292.174200003501
D:\Bartek\coding\biometria\facial_auth\celeba_subset\img_align_celeba\096216.jpg,9478,False,4,True,0.07477820664644241,289.0371999965282
D:\Bartek\coding\biometria\facial_auth\celeba_subset\img_align_celeba\111403.jpg,1167,False,8,False,0.08080746978521347,285.0325999970664
D:\Bartek\coding\biometria\facial_auth\celeba_subset\img_align_celeba\111403.jpg,1167,False,8,True,0.08583638817071915,291.0026999961701
D:\Bartek\coding\biometria\facial_auth\celeba_subset\img_align_celeba\143755.jpg,6233,False,2,False,0.1177031621336937,286.5338999981759
D:\Bartek\coding\biometria\facial_auth\celeba_subset\img_align_celeba\143755.jpg,6233,False,2,True,0.01369045116007328,288.97029999643564
D:\Bartek\coding\biometria\facial_auth\celeba_subset\img_align_celeba\018389.jpg,5648,False,4,False,0.07742005586624146,286.94809999433346
D:\Bartek\coding\biometria\facial_auth\celeba_subset\img_align_celeba\018389.jpg,5648,False,4,True,0.039490632712841034,299.00959999940824
D:\Bartek\coding\biometria\facial_auth\celeba_subset\img_align_celeba\110433.jpg,6086,False,8,False,0.083002008497715,306.3015000006999
D:\Bartek\coding\biometria\facial_auth\celeba_subset\img_align_celeba\110433.jpg,6086,False,8,True,0.09536240994930267,279.67879999778233
D:\Bartek\coding\biometria\facial_auth\celeba_subset\img_align_celeba\115475.jpg,6719,False,2,False,-0.03869803249835968,277.23369999876013
D:\Bartek\coding\biometria\facial_auth\celeba_subset\img_align_celeba\115475.jpg,6719,False,2,True,-0.04513354226946831,308.5300000020652
D:\Bartek\coding\biometria\facial_auth\celeba_subset\img_align_celeba\041086.jpg,5534,False,4,False,0.14190316200256348,286.110799999733
D:\Bartek\coding\biometria\facial_auth\celeba_subset\img_align_celeba\041086.jpg,5534,False,4,True,0.13518276810646057,288.60939999867696
D:\Bartek\coding\biometria\facial_auth\celeba_subset\img_align_celeba\089245.jpg,503,False,8,False,0.32729828357696533,287.3933000009856
D:\Bartek\coding\biometria\facial_auth\celeba_subset\img_align_celeba\089245.jpg,503,False,8,True,0.31529465317726135,282.9877000040142
D:\Bartek\coding\biometria\facial_auth\celeba_subset\img_align_celeba\013470.jpg,7253,False,2,False,0.05040152370929718,292.71760000119684
D:\Bartek\coding\biometria\facial_auth\celeba_subset\img_align_celeba\013470.jpg,7253,False,2,True,0.07725823670625687,297.05790000298293
D:\Bartek\coding\biometria\facial_auth\celeba_subset\img_align_celeba\027280.jpg,6086,False,4,False,0.15164977312088013,287.5844000009238
D:\Bartek\coding\biometria\facial_auth\celeba_subset\img_align_celeba\027280.jpg,6086,False,4,True,0.18731486797332764,291.6929999992135
D:\Bartek\coding\biometria\facial_auth\celeba_subset\img_align_celeba\038553.jpg,5127,False,8,False,0.020716620609164238,285.5624000003445
D:\Bartek\coding\biometria\facial_auth\celeba_subset\img_align_celeba\038553.jpg,5127,False,8,True,0.008543283678591251,292.03399999823887
D:\Bartek\coding\biometria\facial_auth\celeba_subset\img_align_celeba\076388.jpg,9910,False,2,False,0.12250394374132156,289.40460000012536
D:\Bartek\coding\biometria\facial_auth\celeba_subset\img_align_celeba\076388.jpg,9910,False,2,True,0.08869151026010513,217.84300000581425
D:\Bartek\coding\biometria\facial_auth\celeba_subset\img_align_celeba\123400.jpg,6528,False,4,False,0.19460386037826538,283.6105000023963
D:\Bartek\coding\biometria\facial_auth\celeba_subset\img_align_celeba\123400.jpg,6528,False,4,True,0.21703177690505981,294.0333999940776
D:\Bartek\coding\biometria\facial_auth\celeba_subset\img_align_celeba\114735.jpg,5099,False,8,False,0.03089396096765995,285.3698000035365
D:\Bartek\coding\biometria\facial_auth\celeba_subset\img_align_celeba\114735.jpg,5099,False,8,True,0.04013606905937195,283.3524000016041
D:\Bartek\coding\biometria\facial_auth\celeba_subset\img_align_celeba\040925.jpg,9000,False,2,False,0.0807461068034172,287.34219999751076
D:\Bartek\coding\biometria\facial_auth\celeba_subset\img_align_celeba\040925.jpg,9000,False,2,True,0.02478366158902645,293.76269999920623
D:\Bartek\coding\biometria\facial_auth\celeba_subset\img_align_celeba\086205.jpg,8971,False,4,False,-0.06627040356397629,284.06940000422765
D:\Bartek\coding\biometria\facial_auth\celeba_subset\img_align_celeba\086205.jpg,8971,False,4,True,-0.03789835795760155,293.8815000015893
D:\Bartek\coding\biometria\facial_auth\celeba_subset\img_align_celeba\029876.jpg,9000,False,8,False,0.032467540353536606,283.0063000001246
D:\Bartek\coding\biometria\facial_auth\celeba_subset\img_align_celeba\029876.jpg,9000,False,8,True,0.031825099140405655,283.2490000000689
D:\Bartek\coding\biometria\facial_auth\celeba_subset\img_align_celeba\077673.jpg,4936,False,2,False,0.2572006583213806,284.60310000082245
D:\Bartek\coding\biometria\facial_auth\celeba_subset\img_align_celeba\077673.jpg,4936,False,2,True,0.15605758130550385,291.68980000395095
D:\Bartek\coding\biometria\facial_auth\celeba_subset\img_align_celeba\129768.jpg,4196,False,4,False,0.032676178961992264,290.6533000059426
D:\Bartek\coding\biometria\facial_auth\celeba_subset\img_align_celeba\129768.jpg,4196,False,4,True,0.028955576941370964,283.53050000441726
D:\Bartek\coding\biometria\facial_auth\celeba_subset\img_align_celeba\177209.jpg,8415,False,8,False,0.05249650776386261,281.83290000015404
D:\Bartek\coding\biometria\facial_auth\celeba_subset\img_align_celeba\177209.jpg,8415,False,8,True,0.05566331744194031,294.7273000027053
D:\Bartek\coding\biometria\facial_auth\celeba_subset\img_align_celeba\039024.jpg,5672,False,2,False,0.21029862761497498,290.1618999967468
D:\Bartek\coding\biometria\facial_auth\celeba_subset\img_align_celeba\039024.jpg,5672,False,2,True,0.1473275125026703,223.18620000442024
D:\Bartek\coding\biometria\facial_auth\celeba_subset\img_align_celeba\101021.jpg,8971,False,4,False,-0.06825116276741028,279.9656999995932
D:\Bartek\coding\biometria\facial_auth\celeba_subset\img_align_celeba\101021.jpg,8971,False,4,True,-0.07768944650888443,305.44900000677444
D:\Bartek\coding\biometria\facial_auth\celeba_subset\img_align_celeba\180796.jpg,3655,False,8,False,0.48669862747192383,282.7802000028896
D:\Bartek\coding\biometria\facial_auth\celeba_subset\img_align_celeba\180796.jpg,3655,False,8,True,0.48897188901901245,288.56119999545626
D:\Bartek\coding\biometria\facial_auth\celeba_subset\img_align_celeba\095469.jpg,8,False,2,False,0.036849427968263626,288.3378000042285
D:\Bartek\coding\biometria\facial_auth\celeba_subset\img_align_celeba\095469.jpg,8,False,2,True,0.05074312165379524,290.49749999830965
D:\Bartek\coding\biometria\facial_auth\celeba_subset\img_align_celeba\061296.jpg,913,False,4,False,0.012925546616315842,284.38979999918956
D:\Bartek\coding\biometria\facial_auth\celeba_subset\img_align_celeba\061296.jpg,913,False,4,True,-0.005472350865602493,297.559699996782
D:\Bartek\coding\biometria\facial_auth\celeba_subset\img_align_celeba\160546.jpg,975,False,8,False,0.019932454451918602,279.2379999955301
D:\Bartek\coding\biometria\facial_auth\celeba_subset\img_align_celeba\160546.jpg,975,False,8,True,0.018170705065131187,296.7306999998982
D:\Bartek\coding\biometria\facial_auth\celeba_subset\img_align_celeba\022616.jpg,1435,False,2,False,0.2910083532333374,286.666799998784
D:\Bartek\coding\biometria\facial_auth\celeba_subset\img_align_celeba\022616.jpg,1435,False,2,True,0.1815849393606186,286.2803000025451
D:\Bartek\coding\biometria\facial_auth\celeba_subset\img_align_celeba\178308.jpg,6719,False,4,False,0.05683324113488197,279.9209000004339
D:\Bartek\coding\biometria\facial_auth\celeba_subset\img_align_celeba\178308.jpg,6719,False,4,True,-0.0074266050942242146,288.03270000207704
D:\Bartek\coding\biometria\facial_auth\celeba_subset\img_align_celeba\113004.jpg,5437,False,8,False,0.11600636690855026,288.73599999496946
D:\Bartek\coding\biometria\facial_auth\celeba_subset\img_align_celeba\113004.jpg,5437,False,8,True,0.10951894521713257,293.0779000016628
D:\Bartek\coding\biometria\facial_auth\celeba_subset\img_align_celeba\096809.jpg,7524,False,2,False,0.03592851758003235,291.5301999964868
D:\Bartek\coding\biometria\facial_auth\celeba_subset\img_align_celeba\096809.jpg,7524,False,2,True,0.08698252588510513,290.00059999816585
D:\Bartek\coding\biometria\facial_auth\celeba_subset\img_align_celeba\037315.jpg,6719,False,4,False,0.05969683453440666,288.78760000225157
D:\Bartek\coding\biometria\facial_auth\celeba_subset\img_align_celeba\037315.jpg,6719,False,4,True,-0.006209839601069689,303.82079999981215
D:\Bartek\coding\biometria\facial_auth\celeba_subset\img_align_celeba\117624.jpg,4185,False,8,False,0.12767018377780914,280.7122999947751
D:\Bartek\coding\biometria\facial_auth\celeba_subset\img_align_celeba\117624.jpg,4185,False,8,True,0.1560814529657364,282.8873999969801
D:\Bartek\coding\biometria\facial_auth\celeba_subset\img_align_celeba\114858.jpg,5656,False,2,False,0.11990673840045929,283.81029999582097
D:\Bartek\coding\biometria\facial_auth\celeba_subset\img_align_celeba\114858.jpg,5656,False,2,True,0.02380893938243389,279.44209999986924
D:\Bartek\coding\biometria\facial_auth\celeba_subset\img_align_celeba\011536.jpg,3236,False,4,False,0.14646239578723907,278.88549999624956
D:\Bartek\coding\biometria\facial_auth\celeba_subset\img_align_celeba\011536.jpg,3236,False,4,True,0.19616147875785828,278.61509999638656
D:\Bartek\coding\biometria\facial_auth\celeba_subset\img_align_celeba\177209.jpg,5872,False,8,False,0.1412760615348816,290.1510000010603
D:\Bartek\coding\biometria\facial_auth\celeba_subset\img_align_celeba\177209.jpg,5872,False,8,True,0.13387419283390045,298.3909000031417
D:\Bartek\coding\biometria\facial_auth\celeba_subset\img_align_celeba\133397.jpg,6528,False,2,False,0.26892194151878357,310.08290000318084
D:\Bartek\coding\biometria\facial_auth\celeba_subset\img_align_celeba\133397.jpg,6528,False,2,True,0.18888206779956818,310.00670000503305
D:\Bartek\coding\biometria\facial_auth\celeba_subset\img_align_celeba\074610.jpg,9939,False,4,False,0.02913678251206875,298.65359999530483
D:\Bartek\coding\biometria\facial_auth\celeba_subset\img_align_celeba\074610.jpg,9939,False,4,True,0.00014076197112444788,292.66049999569077
D:\Bartek\coding\biometria\facial_auth\celeba_subset\img_align_celeba\176396.jpg,4659,False,8,False,0.07295902818441391,283.6008000012953
D:\Bartek\coding\biometria\facial_auth\celeba_subset\img_align_celeba\176396.jpg,4659,False,8,True,0.07232280820608139,291.87439999805065
D:\Bartek\coding\biometria\facial_auth\celeba_subset\img_align_celeba\135975.jpg,5210,False,2,False,0.09986159205436707,288.6337000018102
D:\Bartek\coding\biometria\facial_auth\celeba_subset\img_align_celeba\135975.jpg,5210,False,2,True,0.07645445317029953,293.4938999969745
D:\Bartek\coding\biometria\facial_auth\celeba_subset\img_align_celeba\014871.jpg,4185,False,4,False,0.0927291139960289,299.4461999987834
D:\Bartek\coding\biometria\facial_auth\celeba_subset\img_align_celeba\014871.jpg,4185,False,4,True,0.10331704467535019,285.38330000446877
D:\Bartek\coding\biometria\facial_auth\celeba_subset\img_align_celeba\163441.jpg,5099,False,8,False,0.0225476436316967,290.9808000040357
D:\Bartek\coding\biometria\facial_auth\celeba_subset\img_align_celeba\163441.jpg,5099,False,8,True,-0.011287464760243893,306.214700001874
D:\Bartek\coding\biometria\facial_auth\celeba_subset\img_align_celeba\097036.jpg,6983,False,2,False,0.09250950068235397,301.0186000028625
D:\Bartek\coding\biometria\facial_auth\celeba_subset\img_align_celeba\097036.jpg,6983,False,2,True,0.03914237767457962,299.12920000060694
D:\Bartek\coding\biometria\facial_auth\celeba_subset\img_align_celeba\000864.jpg,9534,False,4,False,0.06209941953420639,296.3591000007
D:\Bartek\coding\biometria\facial_auth\celeba_subset\img_align_celeba\000864.jpg,9534,False,4,True,-0.055816467851400375,290.17079999903217
D:\Bartek\coding\biometria\facial_auth\celeba_subset\img_align_celeba\123739.jpg,1104,False,8,False,-0.017258986830711365,275.82869999605464
D:\Bartek\coding\biometria\facial_auth\celeba_subset\img_align_celeba\123739.jpg,1104,False,8,True,-0.04152820259332657,284.73059999669204
D:\Bartek\coding\biometria\facial_auth\celeba_subset\img_align_celeba\187748.jpg,1154,False,2,False,0.1406831294298172,294.0175999974599
D:\Bartek\coding\biometria\facial_auth\celeba_subset\img_align_celeba\187748.jpg,1154,False,2,True,0.06969476491212845,291.74780000175815
D:\Bartek\coding\biometria\facial_auth\celeba_subset\img_align_celeba\041727.jpg,9910,False,4,False,0.03457723557949066,288.4450999990804
D:\Bartek\coding\biometria\facial_auth\celeba_subset\img_align_celeba\041727.jpg,9910,False,4,True,0.044531576335430145,297.89200000232086
D:\Bartek\coding\biometria\facial_auth\celeba_subset\img_align_celeba\107478.jpg,9144,False,8,False,0.16737346351146698,291.7015999992145
D:\Bartek\coding\biometria\facial_auth\celeba_subset\img_align_celeba\107478.jpg,9144,False,8,True,0.1697394847869873,309.9058000007062
D:\Bartek\coding\biometria\facial_auth\celeba_subset\img_align_celeba\068042.jpg,6719,False,2,False,0.062117934226989746,295.4154000035487
D:\Bartek\coding\biometria\facial_auth\celeba_subset\img_align_celeba\068042.jpg,6719,False,2,True,0.04925570636987686,294.6340999988024
D:\Bartek\coding\biometria\facial_auth\celeba_subset\img_align_celeba\087539.jpg,6368,False,4,False,0.07191193848848343,292.9513999988558
D:\Bartek\coding\biometria\facial_auth\celeba_subset\img_align_celeba\087539.jpg,6368,False,4,True,0.07970689982175827,301.35909999808064
D:\Bartek\coding\biometria\facial_auth\celeba_subset\img_align_celeba\133189.jpg,898,False,8,False,0.2661201059818268,287.9233999992721
D:\Bartek\coding\biometria\facial_auth\celeba_subset\img_align_celeba\133189.jpg,898,False,8,True,0.2616736888885498,287.35410000081174
D:\Bartek\coding\biometria\facial_auth\celeba_subset\img_align_celeba\054024.jpg,5033,False,2,False,0.0722266286611557,286.92969999974594
D:\Bartek\coding\biometria\facial_auth\celeba_subset\img_align_celeba\054024.jpg,5033,False,2,True,0.0820254534482956,293.81320000538835
D:\Bartek\coding\biometria\facial_auth\celeba_subset\img_align_celeba\071856.jpg,1154,False,4,False,0.11009200662374496,287.3875000004773
D:\Bartek\coding\biometria\facial_auth\celeba_subset\img_align_celeba\071856.jpg,1154,False,4,True,0.17852582037448883,283.70409999479307
D:\Bartek\coding\biometria\facial_auth\celeba_subset\img_align_celeba\177990.jpg,9688,False,8,False,0.04175176844000816,283.5371999972267
D:\Bartek\coding\biometria\facial_auth\celeba_subset\img_align_celeba\177990.jpg,9688,False,8,True,0.029584554955363274,297.1878999960609
D:\Bartek\coding\biometria\facial_auth\celeba_subset\img_align_celeba\172907.jpg,2814,False,2,False,0.10202449560165405,290.42779999872437
D:\Bartek\coding\biometria\facial_auth\celeba_subset\img_align_celeba\172907.jpg,2814,False,2,True,0.07659372687339783,295.0676000036765
D:\Bartek\coding\biometria\facial_auth\celeba_subset\img_align_celeba\157218.jpg,6983,False,4,False,0.17759756743907928,287.328600003093
D:\Bartek\coding\biometria\facial_auth\celeba_subset\img_align_celeba\157218.jpg,6983,False,4,True,0.1306699514389038,286.6026999981841
D:\Bartek\coding\biometria\facial_auth\celeba_subset\img_align_celeba\072328.jpg,3877,False,8,False,0.023115957155823708,281.75460000056773
D:\Bartek\coding\biometria\facial_auth\celeba_subset\img_align_celeba\072328.jpg,3877,False,8,True,0.04480156674981117,290.6308000019635
D:\Bartek\coding\biometria\facial_auth\celeba_subset\img_align_celeba\136235.jpg,7253,False,2,False,0.038347821682691574,315.45930000720546
D:\Bartek\coding\biometria\facial_auth\celeba_subset\img_align_celeba\136235.jpg,7253,False,2,True,0.03538113087415695,295.8559000035166
D:\Bartek\coding\biometria\facial_auth\celeba_subset\img_align_celeba\049305.jpg,898,False,4,False,0.20530855655670166,287.52130000066245
D:\Bartek\coding\biometria\facial_auth\celeba_subset\img_align_celeba\049305.jpg,898,False,4,True,0.19084098935127258,291.0820999968564
D:\Bartek\coding\biometria\facial_auth\celeba_subset\img_align_celeba\046024.jpg,7422,False,8,False,0.7603589296340942,289.42519999691285
D:\Bartek\coding\biometria\facial_auth\celeba_subset\img_align_celeba\046024.jpg,7422,False,8,True,0.7703499794006348,282.27049999986775
D:\Bartek\coding\biometria\facial_auth\celeba_subset\img_align_celeba\022492.jpg,6277,False,2,False,0.014541753567755222,286.4359000013792
D:\Bartek\coding\biometria\facial_auth\celeba_subset\img_align_celeba\022492.jpg,6277,False,2,True,0.0978533923625946,293.86369999701856
D:\Bartek\coding\biometria\facial_auth\celeba_subset\img_align_celeba\118731.jpg,6170,False,4,False,0.07821591943502426,293.4996999974828
D:\Bartek\coding\biometria\facial_auth\celeba_subset\img_align_celeba\118731.jpg,6170,False,4,True,0.04351701959967613,294.2204999999376
D:\Bartek\coding\biometria\facial_auth\celeba_subset\img_align_celeba\042378.jpg,8936,False,8,False,0.06984541565179825,289.47490000427933
D:\Bartek\coding\biometria\facial_auth\celeba_subset\img_align_celeba\042378.jpg,8936,False,8,True,0.06061491370201111,283.91109999938635
D:\Bartek\coding\biometria\facial_auth\celeba_subset\img_align_celeba\073166.jpg,3655,False,2,False,0.07775772362947464,285.5157000012696
D:\Bartek\coding\biometria\facial_auth\celeba_subset\img_align_celeba\073166.jpg,3655,False,2,True,-0.030011888593435287,292.23450000426965
D:\Bartek\coding\biometria\facial_auth\celeba_subset\img_align_celeba\039003.jpg,913,False,4,False,0.15496766567230225,293.9457999964361
D:\Bartek\coding\biometria\facial_auth\celeba_subset\img_align_celeba\039003.jpg,913,False,4,True,0.15310753881931305,293.6072000011336
D:\Bartek\coding\biometria\facial_auth\celeba_subset\img_align_celeba\155860.jpg,4659,False,8,False,0.08594843745231628,285.8655000018189
D:\Bartek\coding\biometria\facial_auth\celeba_subset\img_align_celeba\155860.jpg,4659,False,8,True,0.09224281460046768,291.0931000005803
D:\Bartek\coding\biometria\facial_auth\celeba_subset\img_align_celeba\078825.jpg,5437,False,2,False,0.028542935848236084,289.1669999953592
D:\Bartek\coding\biometria\facial_auth\celeba_subset\img_align_celeba\078825.jpg,5437,False,2,True,-0.07026942074298859,296.0409000006621
D:\Bartek\coding\biometria\facial_auth\celeba_subset\img_align_celeba\036411.jpg,503,False,4,False,0.32445627450942993,291.22809999535093
D:\Bartek\coding\biometria\facial_auth\celeba_subset\img_align_celeba\036411.jpg,503,False,4,True,0.2638796269893646,291.602100005548
D:\Bartek\coding\biometria\facial_auth\celeba_subset\img_align_celeba\012588.jpg,8834,False,8,False,0.03709601238369942,282.08980000636075
D:\Bartek\coding\biometria\facial_auth\celeba_subset\img_align_celeba\012588.jpg,8834,False,8,True,0.03311201557517052,289.48859999945853
D:\Bartek\coding\biometria\facial_auth\celeba_subset\img_align_celeba\192424.jpg,4929,False,2,False,0.058987025171518326,295.9998000005726
D:\Bartek\coding\biometria\facial_auth\celeba_subset\img_align_celeba\192424.jpg,4929,False,2,True,0.0538494698703289,295.28449999634176
D:\Bartek\coding\biometria\facial_auth\celeba_subset\img_align_celeba\164841.jpg,4196,False,4,False,0.025506900623440742,290.82699999707984
D:\Bartek\coding\biometria\facial_auth\celeba_subset\img_align_celeba\164841.jpg,4196,False,4,True,0.06468116492033005,304.47479999565985
D:\Bartek\coding\biometria\facial_auth\celeba_subset\img_align_celeba\195011.jpg,9300,False,8,False,0.23227167129516602,285.17529999953695
D:\Bartek\coding\biometria\facial_auth\celeba_subset\img_align_celeba\195011.jpg,9300,False,8,True,0.2380465269088745,288.7858000030974
D:\Bartek\coding\biometria\facial_auth\celeba_subset\img_align_celeba\008237.jpg,9478,False,2,False,0.04137673228979111,290.03309999825433
D:\Bartek\coding\biometria\facial_auth\celeba_subset\img_align_celeba\008237.jpg,9478,False,2,True,0.08131720125675201,298.7386000022525
D:\Bartek\coding\biometria\facial_auth\celeba_subset\img_align_celeba\167432.jpg,2835,False,4,False,0.14354445040225983,284.52110000216635
D:\Bartek\coding\biometria\facial_auth\celeba_subset\img_align_celeba\167432.jpg,2835,False,4,True,0.08494164794683456,290.9046999993734
D:\Bartek\coding\biometria\facial_auth\celeba_subset\img_align_celeba\085395.jpg,7253,False,8,False,0.16379600763320923,288.004699999874
D:\Bartek\coding\biometria\facial_auth\celeba_subset\img_align_celeba\085395.jpg,7253,False,8,True,0.15894785523414612,287.19270000146935
D:\Bartek\coding\biometria\facial_auth\celeba_subset\img_align_celeba\184440.jpg,4936,False,2,False,0.2550649046897888,284.2088000033982
D:\Bartek\coding\biometria\facial_auth\celeba_subset\img_align_celeba\184440.jpg,4936,False,2,True,0.1532345861196518,295.2415000036126
D:\Bartek\coding\biometria\facial_auth\celeba_subset\img_align_celeba\187881.jpg,4968,False,4,False,0.13656291365623474,284.4156999999541
D:\Bartek\coding\biometria\facial_auth\celeba_subset\img_align_celeba\187881.jpg,4968,False,4,True,0.0457090325653553,285.8708999992814
D:\Bartek\coding\biometria\facial_auth\celeba_subset\img_align_celeba\067534.jpg,8415,False,8,False,0.0767885223031044,287.1649000007892
D:\Bartek\coding\biometria\facial_auth\celeba_subset\img_align_celeba\067534.jpg,8415,False,8,True,0.056912243366241455,293.2876999984728
D:\Bartek\coding\biometria\facial_auth\celeba_subset\img_align_celeba\044047.jpg,644,False,2,False,0.02976798266172409,311.7543000043952
D:\Bartek\coding\biometria\facial_auth\celeba_subset\img_align_celeba\044047.jpg,644,False,2,True,0.03127701207995415,310.5532000045059
D:\Bartek\coding\biometria\facial_auth\celeba_subset\img_align_celeba\138587.jpg,6277,False,4,False,0.06361569464206696,296.0211999961757
D:\Bartek\coding\biometria\facial_auth\celeba_subset\img_align_celeba\138587.jpg,6277,False,4,True,0.025645585730671883,291.4524999941932
D:\Bartek\coding\biometria\facial_auth\celeba_subset\img_align_celeba\040216.jpg,5534,False,8,False,0.07271415740251541,282.4010999975144
D:\Bartek\coding\biometria\facial_auth\celeba_subset\img_align_celeba\040216.jpg,5534,False,8,True,0.08025361597537994,294.0368999989005
D:\Bartek\coding\biometria\facial_auth\celeba_subset\img_align_celeba\199806.jpg,6170,False,2,False,0.17486444115638733,291.3373999981559
D:\Bartek\coding\biometria\facial_auth\celeba_subset\img_align_celeba\199806.jpg,6170,False,2,True,0.13153988122940063,291.0219999976107
D:\Bartek\coding\biometria\facial_auth\celeba_subset\img_align_celeba\173989.jpg,5780,False,4,False,0.04022415354847908,285.531000001356
D:\Bartek\coding\biometria\facial_auth\celeba_subset\img_align_celeba\173989.jpg,5780,False,4,True,0.049672335386276245,290.9658999997191
D:\Bartek\coding\biometria\facial_auth\celeba_subset\img_align_celeba\139337.jpg,2814,False,8,False,0.056038748472929,283.2105999987107
D:\Bartek\coding\biometria\facial_auth\celeba_subset\img_align_celeba\139337.jpg,2814,False,8,True,0.09228461980819702,288.473000000522
D:\Bartek\coding\biometria\facial_auth\celeba_subset\img_align_celeba\003398.jpg,5064,False,2,False,0.15948109328746796,290.7654000009643
D:\Bartek\coding\biometria\facial_auth\celeba_subset\img_align_celeba\003398.jpg,5064,False,2,True,0.09614212810993195,296.62249999819323
D:\Bartek\coding\biometria\facial_auth\celeba_subset\img_align_celeba\110694.jpg,5238,False,4,False,-0.008816146291792393,290.16219999903115
D:\Bartek\coding\biometria\facial_auth\celeba_subset\img_align_celeba\110694.jpg,5238,False,4,True,-0.02071388065814972,292.36040000250796
D:\Bartek\coding\biometria\facial_auth\celeba_subset\img_align_celeba\164441.jpg,3236,False,8,False,0.001284385216422379,281.4628999985871
D:\Bartek\coding\biometria\facial_auth\celeba_subset\img_align_celeba\164441.jpg,3236,False,8,True,0.006309070158749819,297.4278999972739
D:\Bartek\coding\biometria\facial_auth\celeba_subset\img_align_celeba\103456.jpg,2814,False,2,False,0.10120779275894165,292.0709000027273
D:\Bartek\coding\biometria\facial_auth\celeba_subset\img_align_celeba\103456.jpg,2814,False,2,True,-0.017714325338602066,295.9761999954935
D:\Bartek\coding\biometria\facial_auth\celeba_subset\img_align_celeba\123442.jpg,503,False,4,False,0.07369159907102585,282.4287999974331
D:\Bartek\coding\biometria\facial_auth\celeba_subset\img_align_celeba\123442.jpg,503,False,4,True,0.0745956227183342,292.7849999978207
D:\Bartek\coding\biometria\facial_auth\celeba_subset\img_align_celeba\081748.jpg,2177,False,8,False,0.921257495880127,291.94669999560574
D:\Bartek\coding\biometria\facial_auth\celeba_subset\img_align_celeba\081748.jpg,2177,False,8,True,0.8947767615318298,288.32819999661297
D:\Bartek\coding\biometria\facial_auth\celeba_subset\img_align_celeba\011066.jpg,4870,False,2,False,0.21409517526626587,287.5022000007448
D:\Bartek\coding\biometria\facial_auth\celeba_subset\img_align_celeba\011066.jpg,4870,False,2,True,0.12971873581409454,293.3964999974705
D:\Bartek\coding\biometria\facial_auth\celeba_subset\img_align_celeba\179698.jpg,6972,False,4,False,0.19320857524871826,289.8427000036463
D:\Bartek\coding\biometria\facial_auth\celeba_subset\img_align_celeba\179698.jpg,6972,False,4,True,0.24189944565296173,313.1312000041362
D:\Bartek\coding\biometria\facial_auth\celeba_subset\img_align_celeba\156692.jpg,4936,False,8,False,0.0433354414999485,285.1251999964006
D:\Bartek\coding\biometria\facial_auth\celeba_subset\img_align_celeba\156692.jpg,4936,False,8,True,0.034245818853378296,289.70159999880707
D:\Bartek\coding\biometria\facial_auth\celeba_subset\img_align_celeba\108853.jpg,6806,False,2,False,-0.007699624169617891,292.3926000003121
D:\Bartek\coding\biometria\facial_auth\celeba_subset\img_align_celeba\108853.jpg,6806,False,2,True,0.041930656880140305,294.30329999740934
D:\Bartek\coding\biometria\facial_auth\celeba_subset\img_align_celeba\055785.jpg,8834,False,4,False,0.12710896134376526,287.5530000019353
D:\Bartek\coding\biometria\facial_auth\celeba_subset\img_align_celeba\055785.jpg,8834,False,4,True,0.1453598588705063,296.9902000040747
D:\Bartek\coding\biometria\facial_auth\celeba_subset\img_align_celeba\167219.jpg,503,False,8,False,0.30219122767448425,296.75029999634717
D:\Bartek\coding\biometria\facial_auth\celeba_subset\img_align_celeba\167219.jpg,503,False,8,True,0.3240504562854767,280.0250000000233
D:\Bartek\coding\biometria\facial_auth\celeba_subset\img_align_celeba\124544.jpg,8027,False,2,False,0.04614968225359917,285.71000000374625
D:\Bartek\coding\biometria\facial_auth\celeba_subset\img_align_celeba\124544.jpg,8027,False,2,True,0.07663972675800323,297.196299994539
D:\Bartek\coding\biometria\facial_auth\celeba_subset\img_align_celeba\037269.jpg,1154,False,4,False,0.08756248652935028,289.65949999837903
D:\Bartek\coding\biometria\facial_auth\celeba_subset\img_align_celeba\037269.jpg,1154,False,4,True,0.09878101944923401,292.52270000142744
D:\Bartek\coding\biometria\facial_auth\celeba_subset\img_align_celeba\121508.jpg,9688,False,8,False,0.027466261759400368,287.4039000016637
D:\Bartek\coding\biometria\facial_auth\celeba_subset\img_align_celeba\121508.jpg,9688,False,8,True,0.028589917346835136,279.6066000009887
D:\Bartek\coding\biometria\facial_auth\celeba_subset\img_align_celeba\133042.jpg,7524,False,2,False,0.07693006843328476,285.440200001176
D:\Bartek\coding\biometria\facial_auth\celeba_subset\img_align_celeba\133042.jpg,7524,False,2,True,0.03191916272044182,299.7844999990775
D:\Bartek\coding\biometria\facial_auth\celeba_subset\img_align_celeba\029772.jpg,1154,False,4,False,0.09781818091869354,289.3307999984245
D:\Bartek\coding\biometria\facial_auth\celeba_subset\img_align_celeba\029772.jpg,1154,False,4,True,0.14599627256393433,284.2663000046741
D:\Bartek\coding\biometria\facial_auth\celeba_subset\img_align_celeba\030334.jpg,6368,False,8,False,0.03670763224363327,287.5385000006645
D:\Bartek\coding\biometria\facial_auth\celeba_subset\img_align_celeba\030334.jpg,6368,False,8,True,0.04420766979455948,290.70929999579675
D:\Bartek\coding\biometria\facial_auth\celeba_subset\img_align_celeba\052811.jpg,2814,False,2,False,0.13298805058002472,280.5198000060045
D:\Bartek\coding\biometria\facial_auth\celeba_subset\img_align_celeba\052811.jpg,2814,False,2,True,0.06978408992290497,293.59890000341693
D:\Bartek\coding\biometria\facial_auth\celeba_subset\img_align_celeba\175292.jpg,310,False,4,False,0.16889311373233795,286.243899994588
D:\Bartek\coding\biometria\facial_auth\celeba_subset\img_align_celeba\175292.jpg,310,False,4,True,0.06965295970439911,286.0863999958383
D:\Bartek\coding\biometria\facial_auth\celeba_subset\img_align_celeba\041086.jpg,5238,False,8,False,0.013301721774041653,295.4985999967903
D:\Bartek\coding\biometria\facial_auth\celeba_subset\img_align_celeba\041086.jpg,5238,False,8,True,0.014835820533335209,288.49739999714075
D:\Bartek\coding\biometria\facial_auth\celeba_subset\img_align_celeba\101021.jpg,1167,False,2,False,-0.07031269371509552,294.60280000057537
D:\Bartek\coding\biometria\facial_auth\celeba_subset\img_align_celeba\101021.jpg,1167,False,2,True,0.03158841282129288,295.25009999633767
D:\Bartek\coding\biometria\facial_auth\celeba_subset\img_align_celeba\154541.jpg,5656,False,4,False,0.07614083588123322,287.462799999048
D:\Bartek\coding\biometria\facial_auth\celeba_subset\img_align_celeba\154541.jpg,5656,False,4,True,0.0337638333439827,294.8871999979019
D:\Bartek\coding\biometria\facial_auth\celeba_subset\img_align_celeba\064290.jpg,3655,False,8,False,0.47105297446250916,279.3987999975798
D:\Bartek\coding\biometria\facial_auth\celeba_subset\img_align_celeba\064290.jpg,3655,False,8,True,0.4680640399456024,282.6490000006743
D:\Bartek\coding\biometria\facial_auth\celeba_subset\img_align_celeba\125657.jpg,5064,False,2,False,0.044905759394168854,296.9507000016165
D:\Bartek\coding\biometria\facial_auth\celeba_subset\img_align_celeba\125657.jpg,5064,False,2,True,-0.028959255665540695,224.98690000065835
D:\Bartek\coding\biometria\facial_auth\celeba_subset\img_align_celeba\126265.jpg,9000,False,4,False,0.12410154938697815,300.78579999826616
D:\Bartek\coding\biometria\facial_auth\celeba_subset\img_align_celeba\126265.jpg,9000,False,4,True,0.1379593312740326,289.87449999840464
D:\Bartek\coding\biometria\facial_auth\celeba_subset\img_align_celeba\154788.jpg,5780,False,8,False,0.2249564826488495,284.351099995547
D:\Bartek\coding\biometria\facial_auth\celeba_subset\img_align_celeba\154788.jpg,5780,False,8,True,0.2258395105600357,286.810500001593
D:\Bartek\coding\biometria\facial_auth\celeba_subset\img_align_celeba\081803.jpg,975,False,2,False,0.22939349710941315,288.5498000032385
D:\Bartek\coding\biometria\facial_auth\celeba_subset\img_align_celeba\081803.jpg,975,False,2,True,0.21177612245082855,301.00839999795426
D:\Bartek\coding\biometria\facial_auth\celeba_subset\img_align_celeba\077342.jpg,5238,False,4,False,0.013691705651581287,290.9919999947306
D:\Bartek\coding\biometria\facial_auth\celeba_subset\img_align_celeba\077342.jpg,5238,False,4,True,0.017899688333272934,299.3064999973285
D:\Bartek\coding\biometria\facial_auth\celeba_subset\img_align_celeba\005338.jpg,4929,False,8,False,0.008054240606725216,285.3551000007428
D:\Bartek\coding\biometria\facial_auth\celeba_subset\img_align_celeba\005338.jpg,4929,False,8,True,0.006686240900307894,306.2581000049249
D:\Bartek\coding\biometria\facial_auth\celeba_subset\img_align_celeba\149072.jpg,7524,False,2,False,0.06461025029420853,289.3322000018088
D:\Bartek\coding\biometria\facial_auth\celeba_subset\img_align_celeba\149072.jpg,7524,False,2,True,0.04878353700041771,291.9994999974733
D:\Bartek\coding\biometria\facial_auth\celeba_subset\img_align_celeba\024413.jpg,9000,False,4,False,0.09227201342582703,288.1522999959998
D:\Bartek\coding\biometria\facial_auth\celeba_subset\img_align_celeba\024413.jpg,9000,False,4,True,0.06598562747240067,291.0676999963471
D:\Bartek\coding\biometria\facial_auth\celeba_subset\img_align_celeba\163000.jpg,8027,False,8,False,0.09894653409719467,290.3158000044641
D:\Bartek\coding\biometria\facial_auth\celeba_subset\img_align_celeba\163000.jpg,8027,False,8,True,0.08074933290481567,289.88289999688277
D:\Bartek\coding\biometria\facial_auth\celeba_subset\img_align_celeba\080684.jpg,6086,False,2,False,0.25169017910957336,291.000700002769
D:\Bartek\coding\biometria\facial_auth\celeba_subset\img_align_celeba\080684.jpg,6086,False,2,True,0.21808956563472748,297.230899996066
D:\Bartek\coding\biometria\facial_auth\celeba_subset\img_align_celeba\082251.jpg,5656,False,4,False,0.10875362902879715,293.01580000174
D:\Bartek\coding\biometria\facial_auth\celeba_subset\img_align_celeba\082251.jpg,5656,False,4,True,0.09070238471031189,297.50760000024457
D:\Bartek\coding\biometria\facial_auth\celeba_subset\img_align_celeba\146780.jpg,7103,False,8,False,0.05466236174106598,290.25689999980386
D:\Bartek\coding\biometria\facial_auth\celeba_subset\img_align_celeba\146780.jpg,7103,False,8,True,0.0746259018778801,285.91530000267085
D:\Bartek\coding\biometria\facial_auth\celeba_subset\img_align_celeba\145555.jpg,878,False,2,False,-0.011184683069586754,286.57060000114143
D:\Bartek\coding\biometria\facial_auth\celeba_subset\img_align_celeba\145555.jpg,878,False,2,True,0.03576170280575752,224.35699999914505
D:\Bartek\coding\biometria\facial_auth\celeba_subset\img_align_celeba\109867.jpg,5534,False,4,False,0.05501946806907654,280.6131000033929
D:\Bartek\coding\biometria\facial_auth\celeba_subset\img_align_celeba\109867.jpg,5534,False,4,True,0.077836774289608,294.4922000024235
D:\Bartek\coding\biometria\facial_auth\celeba_subset\img_align_celeba\017407.jpg,190,False,8,False,0.1390887349843979,291.9761999946786
D:\Bartek\coding\biometria\facial_auth\celeba_subset\img_align_celeba\017407.jpg,190,False,8,True,0.12016241252422333,283.8467999972636
D:\Bartek\coding\biometria\facial_auth\celeba_subset\img_align_celeba\186319.jpg,9939,False,2,False,0.0752619132399559,285.1565000019036
D:\Bartek\coding\biometria\facial_auth\celeba_subset\img_align_celeba\186319.jpg,9939,False,2,True,-0.008700967766344547,288.59689999808325
D:\Bartek\coding\biometria\facial_auth\celeba_subset\img_align_celeba\075674.jpg,8748,False,4,False,0.05026142671704292,285.90840000106255
D:\Bartek\coding\biometria\facial_auth\celeba_subset\img_align_celeba\075674.jpg,8748,False,4,True,0.061316777020692825,290.989900000568
D:\Bartek\coding\biometria\facial_auth\celeba_subset\img_align_celeba\100751.jpg,5190,False,8,False,0.018112411722540855,287.17309999774443
D:\Bartek\coding\biometria\facial_auth\celeba_subset\img_align_celeba\100751.jpg,5190,False,8,True,0.03835637494921684,290.6857999987551
D:\Bartek\coding\biometria\facial_auth\celeba_subset\img_align_celeba\024848.jpg,9144,False,2,False,0.053722213953733444,291.4816999982577
D:\Bartek\coding\biometria\facial_auth\celeba_subset\img_align_celeba\024848.jpg,9144,False,2,True,0.024265306070446968,311.61599999904865
D:\Bartek\coding\biometria\facial_auth\celeba_subset\img_align_celeba\202056.jpg,5922,False,4,False,0.07938797771930695,286.77759999845875
D:\Bartek\coding\biometria\facial_auth\celeba_subset\img_align_celeba\202056.jpg,5922,False,4,True,0.11924808472394943,296.23649999848567
D:\Bartek\coding\biometria\facial_auth\celeba_subset\img_align_celeba\080859.jpg,503,False,8,False,0.32863426208496094,288.65719999885187
D:\Bartek\coding\biometria\facial_auth\celeba_subset\img_align_celeba\080859.jpg,503,False,8,True,0.3093761205673218,290.5848000009428
D:\Bartek\coding\biometria\facial_auth\celeba_subset\img_align_celeba\017190.jpg,7222,False,2,False,0.10318263620138168,292.83619999478105
D:\Bartek\coding\biometria\facial_auth\celeba_subset\img_align_celeba\017190.jpg,7222,False,2,True,0.038243647664785385,297.4843999982113
D:\Bartek\coding\biometria\facial_auth\celeba_subset\img_align_celeba\083656.jpg,5575,False,4,False,-0.11381963640451431,290.7529000003706
D:\Bartek\coding\biometria\facial_auth\celeba_subset\img_align_celeba\083656.jpg,5575,False,4,True,-0.06960266083478928,288.76540000055684
D:\Bartek\coding\biometria\facial_auth\celeba_subset\img_align_celeba\067479.jpg,6136,False,8,False,0.08350502699613571,290.4329000011785
D:\Bartek\coding\biometria\facial_auth\celeba_subset\img_align_celeba\067479.jpg,6136,False,8,True,0.05555914714932442,284.5504999932018
D:\Bartek\coding\biometria\facial_auth\celeba_subset\img_align_celeba\057419.jpg,6806,False,2,False,0.037689488381147385,284.29920000053244
D:\Bartek\coding\biometria\facial_auth\celeba_subset\img_align_celeba\057419.jpg,6806,False,2,True,0.0940585657954216,295.8078999945428
D:\Bartek\coding\biometria\facial_auth\celeba_subset\img_align_celeba\190475.jpg,9939,False,4,False,0.07762894779443741,289.0437000023667
D:\Bartek\coding\biometria\facial_auth\celeba_subset\img_align_celeba\190475.jpg,9939,False,4,True,0.1204189881682396,294.46740000275895
D:\Bartek\coding\biometria\facial_auth\celeba_subset\img_align_celeba\037104.jpg,1120,False,8,False,0.002007461152970791,288.9202000005753
D:\Bartek\coding\biometria\facial_auth\celeba_subset\img_align_celeba\037104.jpg,1120,False,8,True,0.010605786927044392,313.644399997429
D:\Bartek\coding\biometria\facial_auth\celeba_subset\img_align_celeba\162906.jpg,6806,False,2,False,0.10038632899522781,274.99669999815524
D:\Bartek\coding\biometria\facial_auth\celeba_subset\img_align_celeba\162906.jpg,6806,False,2,True,0.1816885620355606,280.7993999958853
D:\Bartek\coding\biometria\facial_auth\celeba_subset\img_align_celeba\118467.jpg,6719,False,4,False,-0.019108328968286514,278.4224999995786
D:\Bartek\coding\biometria\facial_auth\celeba_subset\img_align_celeba\118467.jpg,6719,False,4,True,-0.018180357292294502,288.60379999969155
D:\Bartek\coding\biometria\facial_auth\celeba_subset\img_align_celeba\181551.jpg,9632,False,8,False,0.051393475383520126,309.7665000022971
D:\Bartek\coding\biometria\facial_auth\celeba_subset\img_align_celeba\181551.jpg,9632,False,8,True,0.026057055220007896,298.20769999787444
D:\Bartek\coding\biometria\facial_auth\celeba_subset\img_align_celeba\007272.jpg,4968,False,2,False,0.01921536773443222,297.19009999826085
D:\Bartek\coding\biometria\facial_auth\celeba_subset\img_align_celeba\007272.jpg,4968,False,2,True,0.006122348830103874,306.9861000039964
D:\Bartek\coding\biometria\facial_auth\celeba_subset\img_align_celeba\193063.jpg,4659,False,4,False,0.16823431849479675,286.3276999996742
D:\Bartek\coding\biometria\facial_auth\celeba_subset\img_align_celeba\193063.jpg,4659,False,4,True,0.12840311229228973,299.04959999839775
D:\Bartek\coding\biometria\facial_auth\celeba_subset\img_align_celeba\022731.jpg,9910,False,8,False,0.9726511240005493,283.74069999699714
D:\Bartek\coding\biometria\facial_auth\celeba_subset\img_align_celeba\022731.jpg,9910,False,8,True,0.9715563654899597,285.1435999982641
D:\Bartek\coding\biometria\facial_auth\celeba_subset\img_align_celeba\202565.jpg,6086,False,2,False,0.05795366317033768,306.27800000365824
D:\Bartek\coding\biometria\facial_auth\celeba_subset\img_align_celeba\202565.jpg,6086,False,2,True,0.0744640976190567,313.58269999327604
D:\Bartek\coding\biometria\facial_auth\celeba_subset\img_align_celeba\187578.jpg,1147,False,4,False,0.13035358488559723,293.4056000012788
D:\Bartek\coding\biometria\facial_auth\celeba_subset\img_align_celeba\187578.jpg,1147,False,4,True,0.16734987497329712,288.90490000048885
D:\Bartek\coding\biometria\facial_auth\celeba_subset\img_align_celeba\018766.jpg,5099,False,8,False,0.0024835746735334396,291.5094999989378
D:\Bartek\coding\biometria\facial_auth\celeba_subset\img_align_celeba\018766.jpg,5099,False,8,True,-0.01772468164563179,298.8404999996419
D:\Bartek\coding\biometria\facial_auth\celeba_subset\img_align_celeba\121168.jpg,310,False,2,False,0.1300230175256729,288.0942999981926
D:\Bartek\coding\biometria\facial_auth\celeba_subset\img_align_celeba\121168.jpg,310,False,2,True,0.12725649774074554,298.02290000225184
D:\Bartek\coding\biometria\facial_auth\celeba_subset\img_align_celeba\020151.jpg,3200,False,4,False,0.11136683821678162,285.5335999993258
D:\Bartek\coding\biometria\facial_auth\celeba_subset\img_align_celeba\020151.jpg,3200,False,4,True,0.06825587898492813,292.026100003568
D:\Bartek\coding\biometria\facial_auth\celeba_subset\img_align_celeba\088035.jpg,5747,False,8,False,0.1256837397813797,281.0126000040327
D:\Bartek\coding\biometria\facial_auth\celeba_subset\img_align_celeba\088035.jpg,5747,False,8,True,0.10209545493125916,292.8498000037507
D:\Bartek\coding\biometria\facial_auth\celeba_subset\img_align_celeba\181379.jpg,1128,False,2,False,0.05856967344880104,321.0636000003433
D:\Bartek\coding\biometria\facial_auth\celeba_subset\img_align_celeba\181379.jpg,1128,False,2,True,0.027714136987924576,331.513699995412
D:\Bartek\coding\biometria\facial_auth\celeba_subset\img_align_celeba\084710.jpg,7253,False,4,False,0.14696256816387177,293.0100000012317
D:\Bartek\coding\biometria\facial_auth\celeba_subset\img_align_celeba\084710.jpg,7253,False,4,True,0.14269383251667023,277.43200000259094
D:\Bartek\coding\biometria\facial_auth\celeba_subset\img_align_celeba\036023.jpg,9300,False,8,False,0.21943694353103638,284.2215000055148
D:\Bartek\coding\biometria\facial_auth\celeba_subset\img_align_celeba\036023.jpg,9300,False,8,True,0.22831697762012482,300.0513000006322
D:\Bartek\coding\biometria\facial_auth\celeba_subset\img_align_celeba\121781.jpg,1104,False,2,False,0.03235968202352524,291.47639999428065
D:\Bartek\coding\biometria\facial_auth\celeba_subset\img_align_celeba\121781.jpg,1104,False,2,True,0.12651899456977844,291.9174999988172
D:\Bartek\coding\biometria\facial_auth\celeba_subset\img_align_celeba\188249.jpg,5872,False,4,False,0.05013350769877434,287.1692999979132
D:\Bartek\coding\biometria\facial_auth\celeba_subset\img_align_celeba\188249.jpg,5872,False,4,True,0.02648293972015381,302.26670000411104
D:\Bartek\coding\biometria\facial_auth\celeba_subset\img_align_celeba\142950.jpg,6136,False,8,False,0.16346897184848785,279.40120000130264
D:\Bartek\coding\biometria\facial_auth\celeba_subset\img_align_celeba\142950.jpg,6136,False,8,True,0.07886277139186859,284.9495000045863
D:\Bartek\coding\biometria\facial_auth\celeba_subset\img_align_celeba\082719.jpg,2814,False,2,False,0.08157110959291458,299.1200999967987
D:\Bartek\coding\biometria\facial_auth\celeba_subset\img_align_celeba\082719.jpg,2814,False,2,True,0.0554216094315052,296.91989999992074
D:\Bartek\coding\biometria\facial_auth\celeba_subset\img_align_celeba\057388.jpg,9632,False,4,False,0.07992342114448547,286.9993999993312
D:\Bartek\coding\biometria\facial_auth\celeba_subset\img_align_celeba\057388.jpg,9632,False,4,True,0.05660373345017433,277.9614000028232
D:\Bartek\coding\biometria\facial_auth\celeba_subset\img_align_celeba\081934.jpg,5190,False,8,False,0.019786134362220764,280.162900002324
D:\Bartek\coding\biometria\facial_auth\celeba_subset\img_align_celeba\081934.jpg,5190,False,8,True,0.002987548941746354,286.87579999677837
D:\Bartek\coding\biometria\facial_auth\celeba_subset\img_align_celeba\069041.jpg,655,False,2,False,0.109004445374012,295.73119999986375
D:\Bartek\coding\biometria\facial_auth\celeba_subset\img_align_celeba\069041.jpg,655,False,2,True,0.1091093197464943,291.25370000110706
D:\Bartek\coding\biometria\facial_auth\celeba_subset\img_align_celeba\144801.jpg,1104,False,4,False,-0.0033121127635240555,289.44209999463055
D:\Bartek\coding\biometria\facial_auth\celeba_subset\img_align_celeba\144801.jpg,1104,False,4,True,0.0175018273293972,285.9106000032625
D:\Bartek\coding\biometria\facial_auth\celeba_subset\img_align_celeba\055794.jpg,644,False,8,False,0.020883362740278244,287.69330000068294
D:\Bartek\coding\biometria\facial_auth\celeba_subset\img_align_celeba\055794.jpg,644,False,8,True,0.03852449730038643,283.9303000000655
D:\Bartek\coding\biometria\facial_auth\celeba_subset\img_align_celeba\187578.jpg,5238,False,2,False,0.12016611546278,286.1224999942351
D:\Bartek\coding\biometria\facial_auth\celeba_subset\img_align_celeba\187578.jpg,5238,False,2,True,0.2278771996498108,296.98380000627367
D:\Bartek\coding\biometria\facial_auth\celeba_subset\img_align_celeba\145630.jpg,7222,False,4,False,0.1831091195344925,288.5030999968876
D:\Bartek\coding\biometria\facial_auth\celeba_subset\img_align_celeba\145630.jpg,7222,False,4,True,0.21423090994358063,308.1547999972827
D:\Bartek\coding\biometria\facial_auth\celeba_subset\img_align_celeba\150603.jpg,8,False,8,False,0.007753763813525438,279.08949999982724
D:\Bartek\coding\biometria\facial_auth\celeba_subset\img_align_celeba\150603.jpg,8,False,8,True,0.0354335643351078,288.0654999971739
D:\Bartek\coding\biometria\facial_auth\celeba_subset\img_align_celeba\187881.jpg,7103,False,2,False,0.03393308073282242,289.8037999984808
D:\Bartek\coding\biometria\facial_auth\celeba_subset\img_align_celeba\187881.jpg,7103,False,2,True,0.13199348747730255,292.1697999991011
D:\Bartek\coding\biometria\facial_auth\celeba_subset\img_align_celeba\193890.jpg,6170,False,4,False,-0.016190368682146072,287.45319999870844
D:\Bartek\coding\biometria\facial_auth\celeba_subset\img_align_celeba\193890.jpg,6170,False,4,True,0.04059591889381409,294.3587999980082
D:\Bartek\coding\biometria\facial_auth\celeba_subset\img_align_celeba\166026.jpg,8027,False,8,False,0.09282685816287994,281.55900000274414
D:\Bartek\coding\biometria\facial_auth\celeba_subset\img_align_celeba\166026.jpg,8027,False,8,True,0.12490510940551758,295.4685999939102
D:\Bartek\coding\biometria\facial_auth\celeba_subset\img_align_celeba\187564.jpg,8908,False,2,False,0.17530831694602966,293.0539000008139
D:\Bartek\coding\biometria\facial_auth\celeba_subset\img_align_celeba\187564.jpg,8908,False,2,True,0.1376265436410904,295.2196999976877
D:\Bartek\coding\biometria\facial_auth\celeba_subset\img_align_celeba\114349.jpg,7338,False,4,False,0.21602749824523926,280.43369999795686
D:\Bartek\coding\biometria\facial_auth\celeba_subset\img_align_celeba\114349.jpg,7338,False,4,True,0.2161862999200821,290.23009999946225
D:\Bartek\coding\biometria\facial_auth\celeba_subset\img_align_celeba\012187.jpg,5791,False,8,False,0.03910322114825249,289.41309999936493
D:\Bartek\coding\biometria\facial_auth\celeba_subset\img_align_celeba\012187.jpg,5791,False,8,True,0.046639882028102875,278.2510999968508
D:\Bartek\coding\biometria\facial_auth\celeba_subset\img_align_celeba\162704.jpg,6170,False,2,False,0.10996463149785995,282.38799999962794
D:\Bartek\coding\biometria\facial_auth\celeba_subset\img_align_celeba\162704.jpg,6170,False,2,True,0.10808215290307999,297.2460000019055
D:\Bartek\coding\biometria\facial_auth\celeba_subset\img_align_celeba\199806.jpg,6277,False,4,False,0.15782567858695984,280.1127999991877
D:\Bartek\coding\biometria\facial_auth\celeba_subset\img_align_celeba\199806.jpg,6277,False,4,True,0.07420014590024948,281.30610000516754
D:\Bartek\coding\biometria\facial_auth\celeba_subset\img_align_celeba\131881.jpg,8748,False,8,False,0.08111314475536346,287.8180000043358
D:\Bartek\coding\biometria\facial_auth\celeba_subset\img_align_celeba\131881.jpg,8748,False,8,True,0.07056612521409988,288.2335999966017
D:\Bartek\coding\biometria\facial_auth\celeba_subset\img_align_celeba\097910.jpg,5791,False,2,False,0.08841772377490997,291.41810000146506
D:\Bartek\coding\biometria\facial_auth\celeba_subset\img_align_celeba\097910.jpg,5791,False,2,True,0.1739332526922226,290.20569999556756
D:\Bartek\coding\biometria\facial_auth\celeba_subset\img_align_celeba\054188.jpg,2835,False,4,False,0.05467367172241211,288.4615000002668
D:\Bartek\coding\biometria\facial_auth\celeba_subset\img_align_celeba\054188.jpg,2835,False,4,True,-0.010197113268077374,289.3314000029932
D:\Bartek\coding\biometria\facial_auth\celeba_subset\img_align_celeba\159039.jpg,1154,False,8,False,0.08492456376552582,284.62649999710266
D:\Bartek\coding\biometria\facial_auth\celeba_subset\img_align_celeba\159039.jpg,1154,False,8,True,0.08792663365602493,290.078199999698
D:\Bartek\coding\biometria\facial_auth\celeba_subset\img_align_celeba\058817.jpg,1149,False,2,False,0.27448558807373047,287.69869999814546
D:\Bartek\coding\biometria\facial_auth\celeba_subset\img_align_celeba\058817.jpg,1149,False,2,True,0.1476832926273346,292.4702000018442
D:\Bartek\coding\biometria\facial_auth\celeba_subset\img_align_celeba\029274.jpg,7088,False,4,False,0.02159556932747364,287.53149999829475
D:\Bartek\coding\biometria\facial_auth\celeba_subset\img_align_celeba\029274.jpg,7088,False,4,True,0.026227856054902077,291.4154999962193
D:\Bartek\coding\biometria\facial_auth\celeba_subset\img_align_celeba\150830.jpg,5591,False,8,False,0.15004755556583405,283.24760000396054
D:\Bartek\coding\biometria\facial_auth\celeba_subset\img_align_celeba\150830.jpg,5591,False,8,True,0.13701501488685608,287.33479999937117
D:\Bartek\coding\biometria\facial_auth\celeba_subset\img_align_celeba\031902.jpg,6528,False,2,False,0.33734309673309326,292.27330000139773
D:\Bartek\coding\biometria\facial_auth\celeba_subset\img_align_celeba\031902.jpg,6528,False,2,True,0.48495593667030334,287.4712999982876
D:\Bartek\coding\biometria\facial_auth\celeba_subset\img_align_celeba\193551.jpg,8834,False,4,False,0.021434959024190903,300.38210000202525
D:\Bartek\coding\biometria\facial_auth\celeba_subset\img_align_celeba\193551.jpg,8834,False,4,True,0.006397392600774765,287.19339999952354
D:\Bartek\coding\biometria\facial_auth\celeba_subset\img_align_celeba\099056.jpg,4185,False,8,False,0.13277390599250793,291.0301000010804
D:\Bartek\coding\biometria\facial_auth\celeba_subset\img_align_celeba\099056.jpg,4185,False,8,True,0.1448461413383484,291.8965000062599
D:\Bartek\coding\biometria\facial_auth\celeba_subset\img_align_celeba\156249.jpg,1120,False,2,False,0.045607201755046844,282.2336999961408
D:\Bartek\coding\biometria\facial_auth\celeba_subset\img_align_celeba\156249.jpg,1120,False,2,True,0.014587783254683018,306.6082999939681
D:\Bartek\coding\biometria\facial_auth\celeba_subset\img_align_celeba\071046.jpg,190,False,4,False,0.021199814975261688,298.22520000016084
D:\Bartek\coding\biometria\facial_auth\celeba_subset\img_align_celeba\071046.jpg,190,False,4,True,0.008349171839654446,292.01019999891287
D:\Bartek\coding\biometria\facial_auth\celeba_subset\img_align_celeba\123267.jpg,4870,False,8,False,0.1397261619567871,277.7420999991591
D:\Bartek\coding\biometria\facial_auth\celeba_subset\img_align_celeba\123267.jpg,4870,False,8,True,0.1532265990972519,286.61899999860907
D:\Bartek\coding\biometria\facial_auth\celeba_subset\img_align_celeba\133760.jpg,7253,False,2,False,-0.0229777954518795,291.2709000011091
D:\Bartek\coding\biometria\facial_auth\celeba_subset\img_align_celeba\133760.jpg,7253,False,2,True,0.013752223923802376,288.32340000371914
D:\Bartek\coding\biometria\facial_auth\celeba_subset\img_align_celeba\003416.jpg,7088,False,4,False,0.07856997847557068,282.49820000201
D:\Bartek\coding\biometria\facial_auth\celeba_subset\img_align_celeba\003416.jpg,7088,False,4,True,0.05807594209909439,287.1662999968976
D:\Bartek\coding\biometria\facial_auth\celeba_subset\img_align_celeba\015586.jpg,5780,False,8,False,0.2393464595079422,282.7789999937522
D:\Bartek\coding\biometria\facial_auth\celeba_subset\img_align_celeba\015586.jpg,5780,False,8,True,0.22939561307430267,284.4279000055394
D:\Bartek\coding\biometria\facial_auth\celeba_subset\img_align_celeba\112838.jpg,5648,False,2,False,0.13232044875621796,289.36000000248896
D:\Bartek\coding\biometria\facial_auth\celeba_subset\img_align_celeba\112838.jpg,5648,False,2,True,0.0785030797123909,290.87730000173906
D:\Bartek\coding\biometria\facial_auth\celeba_subset\img_align_celeba\188849.jpg,5791,False,4,False,0.0645807608962059,286.46149999985937
D:\Bartek\coding\biometria\facial_auth\celeba_subset\img_align_celeba\188849.jpg,5791,False,4,True,0.14605170488357544,285.6880999970599
D:\Bartek\coding\biometria\facial_auth\celeba_subset\img_align_celeba\082707.jpg,9489,False,8,False,0.1128559559583664,289.3119000000297
D:\Bartek\coding\biometria\facial_auth\celeba_subset\img_align_celeba\082707.jpg,9489,False,8,True,0.08908016234636307,299.1905000017141
D:\Bartek\coding\biometria\facial_auth\celeba_subset\img_align_celeba\200125.jpg,1350,False,2,False,-0.06086089089512825,290.4240999996546
D:\Bartek\coding\biometria\facial_auth\celeba_subset\img_align_celeba\200125.jpg,1350,False,2,True,-0.014457426965236664,299.94040000019595
D:\Bartek\coding\biometria\facial_auth\celeba_subset\img_align_celeba\091878.jpg,4150,False,4,False,0.1002417504787445,312.9698999982793
D:\Bartek\coding\biometria\facial_auth\celeba_subset\img_align_celeba\091878.jpg,4150,False,4,True,0.1614469587802887,343.2996000046842
D:\Bartek\coding\biometria\facial_auth\celeba_subset\img_align_celeba\181475.jpg,6972,False,8,False,0.036803457885980606,280.777300002228
D:\Bartek\coding\biometria\facial_auth\celeba_subset\img_align_celeba\181475.jpg,6972,False,8,True,0.04367023706436157,285.6764000025578
D:\Bartek\coding\biometria\facial_auth\celeba_subset\img_align_celeba\180654.jpg,8908,False,2,False,0.07114294171333313,291.4821000013035
D:\Bartek\coding\biometria\facial_auth\celeba_subset\img_align_celeba\180654.jpg,8908,False,2,True,0.052129387855529785,284.8422999959439
D:\Bartek\coding\biometria\facial_auth\celeba_subset\img_align_celeba\100299.jpg,8027,False,4,False,0.12108773738145828,288.45539999747416
D:\Bartek\coding\biometria\facial_auth\celeba_subset\img_align_celeba\100299.jpg,8027,False,4,True,0.0916948914527893,308.5274999975809
D:\Bartek\coding\biometria\facial_auth\celeba_subset\img_align_celeba\061252.jpg,8908,False,8,False,0.9180433750152588,289.0073000016855
D:\Bartek\coding\biometria\facial_auth\celeba_subset\img_align_celeba\061252.jpg,8908,False,8,True,0.9010350704193115,288.00480000063544
D:\Bartek\coding\biometria\facial_auth\celeba_subset\img_align_celeba\061485.jpg,8908,False,2,False,0.07538994401693344,305.43780000152765
D:\Bartek\coding\biometria\facial_auth\celeba_subset\img_align_celeba\061485.jpg,8908,False,2,True,0.05425358563661575,276.8422000008286
D:\Bartek\coding\biometria\facial_auth\celeba_subset\img_align_celeba\130531.jpg,7524,False,4,False,0.12605734169483185,278.90170000318903
D:\Bartek\coding\biometria\facial_auth\celeba_subset\img_align_celeba\130531.jpg,7524,False,4,True,0.056949421763420105,283.810100001574
D:\Bartek\coding\biometria\facial_auth\celeba_subset\img_align_celeba\109274.jpg,9688,False,8,False,0.037106290459632874,286.01440000056755
D:\Bartek\coding\biometria\facial_auth\celeba_subset\img_align_celeba\109274.jpg,9688,False,8,True,0.035394664853811264,292.4302000028547
D:\Bartek\coding\biometria\facial_auth\celeba_subset\img_align_celeba\125376.jpg,503,False,2,False,0.06726247072219849,285.75320000527427
D:\Bartek\coding\biometria\facial_auth\celeba_subset\img_align_celeba\125376.jpg,503,False,2,True,0.0699370950460434,287.2858999980963
D:\Bartek\coding\biometria\facial_auth\celeba_subset\img_align_celeba\075064.jpg,7103,False,4,False,0.15749751031398773,283.68789999512956
D:\Bartek\coding\biometria\facial_auth\celeba_subset\img_align_celeba\075064.jpg,7103,False,4,True,0.14341478049755096,286.9538999948418
D:\Bartek\coding\biometria\facial_auth\celeba_subset\img_align_celeba\147303.jpg,7253,False,8,False,0.13628381490707397,281.33640000305604
D:\Bartek\coding\biometria\facial_auth\celeba_subset\img_align_celeba\147303.jpg,7253,False,8,True,0.11902782320976257,281.1760999975377
D:\Bartek\coding\biometria\facial_auth\celeba_subset\img_align_celeba\185034.jpg,2177,False,2,False,0.046247467398643494,292.91839999496005
D:\Bartek\coding\biometria\facial_auth\celeba_subset\img_align_celeba\185034.jpg,2177,False,2,True,0.045389290899038315,288.8755999956629
D:\Bartek\coding\biometria\facial_auth\celeba_subset\img_align_celeba\067888.jpg,6722,False,4,False,0.09371531754732132,287.62530000676634
D:\Bartek\coding\biometria\facial_auth\celeba_subset\img_align_celeba\067888.jpg,6722,False,4,True,0.04254891723394394,295.58669999823906
D:\Bartek\coding\biometria\facial_auth\celeba_subset\img_align_celeba\059504.jpg,1149,False,8,False,0.03823261335492134,285.0980000002892
D:\Bartek\coding\biometria\facial_auth\celeba_subset\img_align_celeba\059504.jpg,1149,False,8,True,0.019989004358649254,282.56449999753386
D:\Bartek\coding\biometria\facial_auth\celeba_subset\img_align_celeba\088035.jpg,5190,False,2,False,0.12344907224178314,296.7309000014211
D:\Bartek\coding\biometria\facial_auth\celeba_subset\img_align_celeba\088035.jpg,5190,False,2,True,0.20483019948005676,295.8870999937062
D:\Bartek\coding\biometria\facial_auth\celeba_subset\img_align_celeba\200834.jpg,1149,False,4,False,0.013766317628324032,283.8114999976824
D:\Bartek\coding\biometria\facial_auth\celeba_subset\img_align_celeba\200834.jpg,1149,False,4,True,0.03328121826052666,287.3208000019076
D:\Bartek\coding\biometria\facial_auth\celeba_subset\img_align_celeba\021944.jpg,9939,False,8,False,0.04317538067698479,285.3541000004043
D:\Bartek\coding\biometria\facial_auth\celeba_subset\img_align_celeba\021944.jpg,9939,False,8,True,0.058421213179826736,281.77429999777814
D:\Bartek\coding\biometria\facial_auth\celeba_subset\img_align_celeba\061232.jpg,5656,False,2,False,0.2672916650772095,290.94319999421714
D:\Bartek\coding\biometria\facial_auth\celeba_subset\img_align_celeba\061232.jpg,5656,False,2,True,0.2174842208623886,305.0793000002159
D:\Bartek\coding\biometria\facial_auth\celeba_subset\img_align_celeba\131804.jpg,5747,False,4,False,0.030234353616833687,290.80229999817675
D:\Bartek\coding\biometria\facial_auth\celeba_subset\img_align_celeba\131804.jpg,5747,False,4,True,0.07253015786409378,293.6273999948753
D:\Bartek\coding\biometria\facial_auth\celeba_subset\img_align_celeba\172516.jpg,3236,False,8,False,0.007299215067178011,290.82049999851733
D:\Bartek\coding\biometria\facial_auth\celeba_subset\img_align_celeba\172516.jpg,3236,False,8,True,0.050194088369607925,286.4999000012176
D:\Bartek\coding\biometria\facial_auth\celeba_subset\img_align_celeba\105348.jpg,5747,False,2,False,0.16266310214996338,288.03270000207704
D:\Bartek\coding\biometria\facial_auth\celeba_subset\img_align_celeba\105348.jpg,5747,False,2,True,0.17794519662857056,290.90849999920465
D:\Bartek\coding\biometria\facial_auth\celeba_subset\img_align_celeba\115638.jpg,5190,False,4,False,0.08506783843040466,288.7507999985246
D:\Bartek\coding\biometria\facial_auth\celeba_subset\img_align_celeba\115638.jpg,5190,False,4,True,0.0792967677116394,293.18919999786885
D:\Bartek\coding\biometria\facial_auth\celeba_subset\img_align_celeba\145567.jpg,4968,False,8,False,0.12967510521411896,279.2210000043269
D:\Bartek\coding\biometria\facial_auth\celeba_subset\img_align_celeba\145567.jpg,4968,False,8,True,0.1012251079082489,305.1043999948888
D:\Bartek\coding\biometria\facial_auth\celeba_subset\img_align_celeba\012915.jpg,503,False,2,False,0.12831230461597443,281.9750999988173
D:\Bartek\coding\biometria\facial_auth\celeba_subset\img_align_celeba\012915.jpg,503,False,2,True,0.1284693479537964,299.65319999610074
D:\Bartek\coding\biometria\facial_auth\celeba_subset\img_align_celeba\112995.jpg,1149,False,4,False,0.05811784043908119,289.83380000136094
D:\Bartek\coding\biometria\facial_auth\celeba_subset\img_align_celeba\112995.jpg,1149,False,4,True,0.07586125284433365,289.42539999843575
D:\Bartek\coding\biometria\facial_auth\celeba_subset\img_align_celeba\069075.jpg,5127,False,8,False,-0.00646164920181036,286.8354999955045
D:\Bartek\coding\biometria\facial_auth\celeba_subset\img_align_celeba\069075.jpg,5127,False,8,True,-0.003344394499436021,284.2488000023877
D:\Bartek\coding\biometria\facial_auth\celeba_subset\img_align_celeba\016762.jpg,6170,False,2,False,0.10030271857976913,288.7685000023339
D:\Bartek\coding\biometria\facial_auth\celeba_subset\img_align_celeba\016762.jpg,6170,False,2,True,0.10922465473413467,294.92929999832995
D:\Bartek\coding\biometria\facial_auth\celeba_subset\img_align_celeba\111854.jpg,5648,False,4,False,0.0040529342368245125,296.70569999871077
D:\Bartek\coding\biometria\facial_auth\celeba_subset\img_align_celeba\111854.jpg,5648,False,4,True,-0.02510938234627247,291.41920000256505
D:\Bartek\coding\biometria\facial_auth\celeba_subset\img_align_celeba\068806.jpg,6806,False,8,False,0.02303452417254448,284.603000000061
D:\Bartek\coding\biometria\facial_auth\celeba_subset\img_align_celeba\068806.jpg,6806,False,8,True,0.018290581181645393,286.67009999480797
D:\Bartek\coding\biometria\facial_auth\celeba_subset\img_align_celeba\184394.jpg,8971,False,2,False,0.09051550924777985,295.18210000242107
D:\Bartek\coding\biometria\facial_auth\celeba_subset\img_align_celeba\184394.jpg,8971,False,2,True,0.14395804703235626,292.6785000017844
D:\Bartek\coding\biometria\facial_auth\celeba_subset\img_align_celeba\191850.jpg,5575,False,4,False,0.07838508486747742,285.85259999817936
D:\Bartek\coding\biometria\facial_auth\celeba_subset\img_align_celeba\191850.jpg,5575,False,4,True,0.16393758356571198,284.5815000036964
D:\Bartek\coding\biometria\facial_auth\celeba_subset\img_align_celeba\140244.jpg,898,False,8,False,0.2600093483924866,283.40580000076443
D:\Bartek\coding\biometria\facial_auth\celeba_subset\img_align_celeba\140244.jpg,898,False,8,True,0.2592642903327942,285.5707999988226
D:\Bartek\coding\biometria\facial_auth\celeba_subset\img_align_celeba\149938.jpg,7222,False,2,False,0.09959671646356583,292.59459999593673
D:\Bartek\coding\biometria\facial_auth\celeba_subset\img_align_celeba\149938.jpg,7222,False,2,True,0.06339028477668762,282.92810000129975
D:\Bartek\coding\biometria\facial_auth\celeba_subset\img_align_celeba\093472.jpg,5190,False,4,False,0.29462406039237976,279.3673000051058
D:\Bartek\coding\biometria\facial_auth\celeba_subset\img_align_celeba\093472.jpg,5190,False,4,True,0.28110525012016296,283.8306999983615
D:\Bartek\coding\biometria\facial_auth\celeba_subset\img_align_celeba\081743.jpg,5437,False,8,False,0.13114991784095764,285.7782999999472
D:\Bartek\coding\biometria\facial_auth\celeba_subset\img_align_celeba\081743.jpg,5437,False,8,True,0.12812113761901855,283.47760000178823
D:\Bartek\coding\biometria\facial_auth\celeba_subset\img_align_celeba\136726.jpg,5238,False,2,False,0.1525610089302063,287.20420000172453
D:\Bartek\coding\biometria\facial_auth\celeba_subset\img_align_celeba\136726.jpg,5238,False,2,True,0.11251598596572876,291.899600000761
D:\Bartek\coding\biometria\facial_auth\celeba_subset\img_align_celeba\095778.jpg,494,False,4,False,-0.07327450811862946,287.1291999981622
D:\Bartek\coding\biometria\facial_auth\celeba_subset\img_align_celeba\095778.jpg,494,False,4,True,-0.08746614307165146,291.5097000004607
D:\Bartek\coding\biometria\facial_auth\celeba_subset\img_align_celeba\158705.jpg,8936,False,8,False,0.08744092285633087,288.6164000010467
D:\Bartek\coding\biometria\facial_auth\celeba_subset\img_align_celeba\158705.jpg,8936,False,8,True,0.06772752106189728,292.7934000035748
D:\Bartek\coding\biometria\facial_auth\celeba_subset\img_align_celeba\081803.jpg,4150,False,2,False,0.12822143733501434,285.3521999932127
D:\Bartek\coding\biometria\facial_auth\celeba_subset\img_align_celeba\081803.jpg,4150,False,2,True,0.22042106091976166,294.99099999520695
D:\Bartek\coding\biometria\facial_auth\celeba_subset\img_align_celeba\171618.jpg,913,False,4,False,0.03023507259786129,288.4198999963701
D:\Bartek\coding\biometria\facial_auth\celeba_subset\img_align_celeba\171618.jpg,913,False,4,True,-0.07080209255218506,283.7897999997949
D:\Bartek\coding\biometria\facial_auth\celeba_subset\img_align_celeba\171847.jpg,5099,False,8,False,0.015086403116583824,299.44870000326773
D:\Bartek\coding\biometria\facial_auth\celeba_subset\img_align_celeba\171847.jpg,5099,False,8,True,0.003081216011196375,290.0052000040887
D:\Bartek\coding\biometria\facial_auth\celeba_subset\img_align_celeba\080188.jpg,6456,False,2,False,0.18254634737968445,282.4881999986246
D:\Bartek\coding\biometria\facial_auth\celeba_subset\img_align_celeba\080188.jpg,6456,False,2,True,0.14561033248901367,294.2461999991792
D:\Bartek\coding\biometria\facial_auth\celeba_subset\img_align_celeba\146298.jpg,975,False,4,False,0.04376847669482231,286.4975999982562
D:\Bartek\coding\biometria\facial_auth\celeba_subset\img_align_celeba\146298.jpg,975,False,4,True,0.03645811975002289,296.93520000000717
D:\Bartek\coding\biometria\facial_auth\celeba_subset\img_align_celeba\166298.jpg,5064,False,8,False,0.014345132745802402,291.48130000248784
D:\Bartek\coding\biometria\facial_auth\celeba_subset\img_align_celeba\166298.jpg,5064,False,8,True,0.022361068055033684,291.4721000051941
D:\Bartek\coding\biometria\facial_auth\celeba_subset\img_align_celeba\194543.jpg,4968,False,2,False,0.14650505781173706,287.4402999950689
D:\Bartek\coding\biometria\facial_auth\celeba_subset\img_align_celeba\194543.jpg,4968,False,2,True,0.12857389450073242,297.07670000061626
D:\Bartek\coding\biometria\facial_auth\celeba_subset\img_align_celeba\166378.jpg,8971,False,4,False,0.12167757749557495,289.3294999958016
D:\Bartek\coding\biometria\facial_auth\celeba_subset\img_align_celeba\166378.jpg,8971,False,4,True,0.11120174080133438,302.7326999945217
D:\Bartek\coding\biometria\facial_auth\celeba_subset\img_align_celeba\030789.jpg,4659,False,8,False,0.06484697759151459,288.7179000026663
D:\Bartek\coding\biometria\facial_auth\celeba_subset\img_align_celeba\030789.jpg,4659,False,8,True,0.05906979739665985,290.05830000096466
D:\Bartek\coding\biometria\facial_auth\celeba_subset\img_align_celeba\007305.jpg,8027,False,2,False,0.10313410311937332,288.9158999969368
D:\Bartek\coding\biometria\facial_auth\celeba_subset\img_align_celeba\007305.jpg,8027,False,2,True,0.04291445389389992,294.7470999934012
D:\Bartek\coding\biometria\facial_auth\celeba_subset\img_align_celeba\042410.jpg,6368,False,4,False,0.11323606967926025,273.174600006314
D:\Bartek\coding\biometria\facial_auth\celeba_subset\img_align_celeba\042410.jpg,6368,False,4,True,0.13272592425346375,287.4980999986292
D:\Bartek\coding\biometria\facial_auth\celeba_subset\img_align_celeba\035886.jpg,5791,False,8,False,0.025189567357301712,311.45590000232914
D:\Bartek\coding\biometria\facial_auth\celeba_subset\img_align_celeba\035886.jpg,5791,False,8,True,0.02812398597598076,292.932500000461
D:\Bartek\coding\biometria\facial_auth\celeba_subset\img_align_celeba\093472.jpg,4936,False,2,False,0.049076467752456665,297.00949999823933
D:\Bartek\coding\biometria\facial_auth\celeba_subset\img_align_celeba\093472.jpg,4936,False,2,True,0.0869048610329628,303.5301999989315
D:\Bartek\coding\biometria\facial_auth\celeba_subset\img_align_celeba\063224.jpg,6368,False,4,False,0.058492254465818405,289.02129999914905
D:\Bartek\coding\biometria\facial_auth\celeba_subset\img_align_celeba\063224.jpg,6368,False,4,True,0.032594047486782074,291.472300006717
D:\Bartek\coding\biometria\facial_auth\celeba_subset\img_align_celeba\176949.jpg,6233,False,8,False,0.20992796123027802,288.5588999997708
D:\Bartek\coding\biometria\facial_auth\celeba_subset\img_align_celeba\176949.jpg,6233,False,8,True,0.18190628290176392,290.39360000024317
D:\Bartek\coding\biometria\facial_auth\celeba_subset\img_align_celeba\049260.jpg,5575,False,2,False,0.18762008845806122,283.05209999962244
D:\Bartek\coding\biometria\facial_auth\celeba_subset\img_align_celeba\049260.jpg,5575,False,2,True,0.13555054366588593,285.6803000031505
D:\Bartek\coding\biometria\facial_auth\celeba_subset\img_align_celeba\190793.jpg,5922,False,4,False,0.01074276864528656,284.0823000005912
D:\Bartek\coding\biometria\facial_auth\celeba_subset\img_align_celeba\190793.jpg,5922,False,4,True,0.013336767442524433,296.0406999991392
D:\Bartek\coding\biometria\facial_auth\celeba_subset\img_align_celeba\027938.jpg,9828,False,8,False,0.010101329535245895,285.581899996032
D:\Bartek\coding\biometria\facial_auth\celeba_subset\img_align_celeba\027938.jpg,9828,False,8,True,0.026905657723546028,299.8440000010305
D:\Bartek\coding\biometria\facial_auth\celeba_subset\img_align_celeba\023461.jpg,655,False,2,False,0.10574366897344589,286.23449999577133
D:\Bartek\coding\biometria\facial_auth\celeba_subset\img_align_celeba\023461.jpg,655,False,2,True,0.04425841569900513,283.93850000429666
D:\Bartek\coding\biometria\facial_auth\celeba_subset\img_align_celeba\097080.jpg,6233,False,4,False,0.23557519912719727,298.9356999969459
D:\Bartek\coding\biometria\facial_auth\celeba_subset\img_align_celeba\097080.jpg,6233,False,4,True,0.2760409712791443,276.78300000115996
D:\Bartek\coding\biometria\facial_auth\celeba_subset\img_align_celeba\185620.jpg,3655,False,8,False,0.48742297291755676,288.73140000359854
D:\Bartek\coding\biometria\facial_auth\celeba_subset\img_align_celeba\185620.jpg,3655,False,8,True,0.4931943416595459,288.79829999641515
D:\Bartek\coding\biometria\facial_auth\celeba_subset\img_align_celeba\075064.jpg,1350,False,2,False,0.3081068694591522,285.0978999995277
D:\Bartek\coding\biometria\facial_auth\celeba_subset\img_align_celeba\075064.jpg,1350,False,2,True,0.2952280640602112,286.87619999982417
D:\Bartek\coding\biometria\facial_auth\celeba_subset\img_align_celeba\143777.jpg,8936,False,4,False,0.08728277683258057,285.62830000009853
D:\Bartek\coding\biometria\facial_auth\celeba_subset\img_align_celeba\143777.jpg,8936,False,4,True,0.07193716615438461,299.56339999625925
D:\Bartek\coding\biometria\facial_auth\celeba_subset\img_align_celeba\179771.jpg,6170,False,8,False,-0.0012979247840121388,287.357900000643
D:\Bartek\coding\biometria\facial_auth\celeba_subset\img_align_celeba\179771.jpg,6170,False,8,True,0.014305182732641697,289.51409999717725
D:\Bartek\coding\biometria\facial_auth\celeba_subset\img_align_celeba\146473.jpg,9144,False,2,False,0.09573716670274734,286.2045000001672
D:\Bartek\coding\biometria\facial_auth\celeba_subset\img_align_celeba\146473.jpg,9144,False,2,True,0.1406898945569992,290.06680000020424
D:\Bartek\coding\biometria\facial_auth\celeba_subset\img_align_celeba\112652.jpg,6195,False,4,False,0.38478097319602966,299.91940000036266
D:\Bartek\coding\biometria\facial_auth\celeba_subset\img_align_celeba\112652.jpg,6195,False,4,True,0.06873805075883865,294.2791000023135
D:\Bartek\coding\biometria\facial_auth\celeba_subset\img_align_celeba\065690.jpg,4659,False,8,False,0.08444013446569443,290.66469999816036
D:\Bartek\coding\biometria\facial_auth\celeba_subset\img_align_celeba\065690.jpg,4659,False,8,True,0.1060025542974472,286.39429999748245
D:\Bartek\coding\biometria\facial_auth\celeba_subset\img_align_celeba\108106.jpg,4936,False,2,False,0.12100803852081299,289.8346000001766
D:\Bartek\coding\biometria\facial_auth\celeba_subset\img_align_celeba\108106.jpg,4936,False,2,True,0.1167670339345932,295.4145999974571
D:\Bartek\coding\biometria\facial_auth\celeba_subset\img_align_celeba\066888.jpg,190,False,4,False,0.18387842178344727,289.06300000380725
D:\Bartek\coding\biometria\facial_auth\celeba_subset\img_align_celeba\066888.jpg,190,False,4,True,0.16332949697971344,295.47959999763407
D:\Bartek\coding\biometria\facial_auth\celeba_subset\img_align_celeba\119102.jpg,5648,False,8,False,0.05436873808503151,280.1199000023189
D:\Bartek\coding\biometria\facial_auth\celeba_subset\img_align_celeba\119102.jpg,5648,False,8,True,0.06577637791633606,283.4258000002592
D:\Bartek\coding\biometria\facial_auth\celeba_subset\img_align_celeba\198719.jpg,9300,False,2,False,0.0744340643286705,286.16650000185473
D:\Bartek\coding\biometria\facial_auth\celeba_subset\img_align_celeba\198719.jpg,9300,False,2,True,0.08553346246480942,294.27880000002915
D:\Bartek\coding\biometria\facial_auth\celeba_subset\img_align_celeba\180809.jpg,9688,False,4,False,-0.06220574676990509,291.43399999884423
D:\Bartek\coding\biometria\facial_auth\celeba_subset\img_align_celeba\180809.jpg,9688,False,4,True,0.02370619960129261,287.3883000065689
D:\Bartek\coding\biometria\facial_auth\celeba_subset\img_align_celeba\070471.jpg,5127,False,8,False,0.0008689845562912524,273.66130000154953
D:\Bartek\coding\biometria\facial_auth\celeba_subset\img_align_celeba\070471.jpg,5127,False,8,True,0.006340696942061186,293.53929999342654
D:\Bartek\coding\biometria\facial_auth\celeba_subset\img_align_celeba\176236.jpg,8,False,2,False,0.07650807499885559,280.90789999987464
D:\Bartek\coding\biometria\facial_auth\celeba_subset\img_align_celeba\176236.jpg,8,False,2,True,0.03582385554909706,295.93419999582693
D:\Bartek\coding\biometria\facial_auth\celeba_subset\img_align_celeba\138210.jpg,5656,False,4,False,0.12610985338687897,289.5457000049646
D:\Bartek\coding\biometria\facial_auth\celeba_subset\img_align_celeba\138210.jpg,5656,False,4,True,0.09849905222654343,294.74320000008447
D:\Bartek\coding\biometria\facial_auth\celeba_subset\img_align_celeba\134427.jpg,1149,False,8,False,0.01584688574075699,287.52520000125514
D:\Bartek\coding\biometria\facial_auth\celeba_subset\img_align_celeba\134427.jpg,1149,False,8,True,0.0077823796309530735,288.66089999792166
D:\Bartek\coding\biometria\facial_auth\celeba_subset\img_align_celeba\120993.jpg,1149,False,2,False,0.31670817732810974,285.0814000048558
D:\Bartek\coding\biometria\facial_auth\celeba_subset\img_align_celeba\120993.jpg,1149,False,2,True,0.24617603421211243,323.53460000013
D:\Bartek\coding\biometria\facial_auth\celeba_subset\img_align_celeba\021862.jpg,4870,False,4,False,0.15310736000537872,317.76750000426546
D:\Bartek\coding\biometria\facial_auth\celeba_subset\img_align_celeba\021862.jpg,4870,False,4,True,0.1213717833161354,285.43440000066767
D:\Bartek\coding\biometria\facial_auth\celeba_subset\img_align_celeba\156608.jpg,5099,False,8,False,0.016545161604881287,279.39270000206307
D:\Bartek\coding\biometria\facial_auth\celeba_subset\img_align_celeba\156608.jpg,5099,False,8,True,0.009199541062116623,289.8655000026338
D:\Bartek\coding\biometria\facial_auth\celeba_subset\img_align_celeba\170259.jpg,6456,False,2,False,0.0917111411690712,288.63019999698736
D:\Bartek\coding\biometria\facial_auth\celeba_subset\img_align_celeba\170259.jpg,6456,False,2,True,0.0737314447760582,287.97230000054697
D:\Bartek\coding\biometria\facial_auth\celeba_subset\img_align_celeba\156185.jpg,5656,False,4,False,0.13873519003391266,293.5746000002837
D:\Bartek\coding\biometria\facial_auth\celeba_subset\img_align_celeba\156185.jpg,5656,False,4,True,0.1305181384086609,289.83919999882346
D:\Bartek\coding\biometria\facial_auth\celeba_subset\img_align_celeba\065258.jpg,5780,False,8,False,0.21181300282478333,285.04049999901326
D:\Bartek\coding\biometria\facial_auth\celeba_subset\img_align_celeba\065258.jpg,5780,False,8,True,0.21574890613555908,295.53309999755584
D:\Bartek\coding\biometria\facial_auth\celeba_subset\img_align_celeba\093508.jpg,6972,False,2,False,0.04443027824163437,288.63900000578724
D:\Bartek\coding\biometria\facial_auth\celeba_subset\img_align_celeba\093508.jpg,6972,False,2,True,0.015314639545977116,290.89620000013383
D:\Bartek\coding\biometria\facial_auth\celeba_subset\img_align_celeba\049895.jpg,6456,False,4,False,0.03730245679616928,293.8108000016655
D:\Bartek\coding\biometria\facial_auth\celeba_subset\img_align_celeba\049895.jpg,6456,False,4,True,0.024144381284713745,296.7726999995648
D:\Bartek\coding\biometria\facial_auth\celeba_subset\img_align_celeba\096456.jpg,5437,False,8,False,0.12025005370378494,288.28749999956926
D:\Bartek\coding\biometria\facial_auth\celeba_subset\img_align_celeba\096456.jpg,5437,False,8,True,0.10808400809764862,285.6720999989193
D:\Bartek\coding\biometria\facial_auth\celeba_subset\img_align_celeba\115924.jpg,5064,False,2,False,-0.023404885083436966,290.18879999784986
D:\Bartek\coding\biometria\facial_auth\celeba_subset\img_align_celeba\115924.jpg,5064,False,2,True,-0.11575774848461151,284.7860000038054
D:\Bartek\coding\biometria\facial_auth\celeba_subset\img_align_celeba\055840.jpg,7253,False,4,False,0.10198119282722473,265.3940000018338
D:\Bartek\coding\biometria\facial_auth\celeba_subset\img_align_celeba\055840.jpg,7253,False,4,True,0.11991938948631287,276.10969999659574
D:\Bartek\coding\biometria\facial_auth\celeba_subset\img_align_celeba\030973.jpg,6528,False,8,False,0.5125303268432617,288.1968000001507
D:\Bartek\coding\biometria\facial_auth\celeba_subset\img_align_celeba\030973.jpg,6528,False,8,True,0.5002353191375732,288.92759999871487
D:\Bartek\coding\biometria\facial_auth\celeba_subset\img_align_celeba\024714.jpg,1104,False,2,False,-0.10177477449178696,278.4637000004295
D:\Bartek\coding\biometria\facial_auth\celeba_subset\img_align_celeba\024714.jpg,1104,False,2,True,-0.07752007246017456,285.86949999589706
D:\Bartek\coding\biometria\facial_auth\celeba_subset\img_align_celeba\014731.jpg,9489,False,4,False,0.0397956483066082,282.69860000000335
D:\Bartek\coding\biometria\facial_auth\celeba_subset\img_align_celeba\014731.jpg,9489,False,4,True,0.0703483447432518,286.7555999982869
D:\Bartek\coding\biometria\facial_auth\celeba_subset\img_align_celeba\125367.jpg,6719,False,8,False,0.04821540042757988,283.7384000013117
D:\Bartek\coding\biometria\facial_auth\celeba_subset\img_align_celeba\125367.jpg,6719,False,8,True,0.035830896347761154,289.6316000042134
D:\Bartek\coding\biometria\facial_auth\celeba_subset\img_align_celeba\092342.jpg,6233,False,2,False,0.12952397763729095,294.44779999903403
D:\Bartek\coding\biometria\facial_auth\celeba_subset\img_align_celeba\092342.jpg,6233,False,2,True,0.055632397532463074,303.4246000024723
D:\Bartek\coding\biometria\facial_auth\celeba_subset\img_align_celeba\177001.jpg,6233,False,4,False,0.09265372902154922,296.7029999999795
D:\Bartek\coding\biometria\facial_auth\celeba_subset\img_align_celeba\177001.jpg,6233,False,4,True,0.034324534237384796,291.72939999989467
D:\Bartek\coding\biometria\facial_auth\celeba_subset\img_align_celeba\179453.jpg,6368,False,8,False,0.0419246070086956,285.42609999567503
D:\Bartek\coding\biometria\facial_auth\celeba_subset\img_align_celeba\179453.jpg,6368,False,8,True,0.032056305557489395,288.96849999728147
D:\Bartek\coding\biometria\facial_auth\celeba_subset\img_align_celeba\039635.jpg,8091,False,2,False,0.2260947823524475,292.8087000036612
D:\Bartek\coding\biometria\facial_auth\celeba_subset\img_align_celeba\039635.jpg,8091,False,2,True,0.16235460340976715,288.94600000057835
D:\Bartek\coding\biometria\facial_auth\celeba_subset\img_align_celeba\197797.jpg,5033,False,4,False,0.11416787654161453,288.3603000009316
D:\Bartek\coding\biometria\facial_auth\celeba_subset\img_align_celeba\197797.jpg,5033,False,4,True,0.13820983469486237,292.3822000011569
D:\Bartek\coding\biometria\facial_auth\celeba_subset\img_align_celeba\035821.jpg,4185,False,8,False,0.13862019777297974,281.03819999523694
D:\Bartek\coding\biometria\facial_auth\celeba_subset\img_align_celeba\035821.jpg,4185,False,8,True,0.17457081377506256,279.5071000000462
D:\Bartek\coding\biometria\facial_auth\celeba_subset\img_align_celeba\030170.jpg,4196,False,2,False,-0.025310777127742767,283.21259999938775
D:\Bartek\coding\biometria\facial_auth\celeba_subset\img_align_celeba\030170.jpg,4196,False,2,True,-0.05595623329281807,298.0740999992122
D:\Bartek\coding\biometria\facial_auth\celeba_subset\img_align_celeba\078441.jpg,3877,False,4,False,-0.036391593515872955,294.32939999969676
D:\Bartek\coding\biometria\facial_auth\celeba_subset\img_align_celeba\078441.jpg,3877,False,4,True,0.13782157003879547,290.9624000021722
D:\Bartek\coding\biometria\facial_auth\celeba_subset\img_align_celeba\002275.jpg,494,False,8,False,0.1293843388557434,283.90349999972386
D:\Bartek\coding\biometria\facial_auth\celeba_subset\img_align_celeba\002275.jpg,494,False,8,True,0.13171091675758362,287.772199997562
D:\Bartek\coding\biometria\facial_auth\celeba_subset\img_align_celeba\142082.jpg,3336,False,2,False,-0.006550971418619156,292.9756000012276
D:\Bartek\coding\biometria\facial_auth\celeba_subset\img_align_celeba\142082.jpg,3336,False,2,True,-0.023997241631150246,282.70139999949606
D:\Bartek\coding\biometria\facial_auth\celeba_subset\img_align_celeba\179453.jpg,6195,False,4,False,0.05760202184319496,284.08560000389116
D:\Bartek\coding\biometria\facial_auth\celeba_subset\img_align_celeba\179453.jpg,6195,False,4,True,0.06381351500749588,279.002399998717
D:\Bartek\coding\biometria\facial_auth\celeba_subset\img_align_celeba\185342.jpg,8091,False,8,False,0.06269757449626923,282.93249999842374
D:\Bartek\coding\biometria\facial_auth\celeba_subset\img_align_celeba\185342.jpg,8091,False,8,True,0.06419388949871063,291.3083000021288
D:\Bartek\coding\biometria\facial_auth\celeba_subset\img_align_celeba\144524.jpg,9300,False,2,False,0.16059835255146027,286.214600004314
D:\Bartek\coding\biometria\facial_auth\celeba_subset\img_align_celeba\144524.jpg,9300,False,2,True,0.061286911368370056,290.8573999957298
D:\Bartek\coding\biometria\facial_auth\celeba_subset\img_align_celeba\149162.jpg,4069,False,4,False,0.027809858322143555,293.6956000048667
D:\Bartek\coding\biometria\facial_auth\celeba_subset\img_align_celeba\149162.jpg,4069,False,4,True,0.11332453787326813,288.58190000028117
D:\Bartek\coding\biometria\facial_auth\celeba_subset\img_align_celeba\066995.jpg,3336,False,8,False,0.04832252487540245,284.45320000173524
D:\Bartek\coding\biometria\facial_auth\celeba_subset\img_align_celeba\066995.jpg,3336,False,8,True,0.052109494805336,282.21640000265324
D:\Bartek\coding\biometria\facial_auth\celeba_subset\img_align_celeba\003995.jpg,9632,False,2,False,0.02300216257572174,295.8970999970916
D:\Bartek\coding\biometria\facial_auth\celeba_subset\img_align_celeba\003995.jpg,9632,False,2,True,0.007218869403004646,289.26230000070063
D:\Bartek\coding\biometria\facial_auth\celeba_subset\img_align_celeba\110786.jpg,9093,False,4,False,0.11950336396694183,285.55100000085076
D:\Bartek\coding\biometria\facial_auth\celeba_subset\img_align_celeba\110786.jpg,9093,False,4,True,0.11032209545373917,279.6569000056479
D:\Bartek\coding\biometria\facial_auth\celeba_subset\img_align_celeba\194818.jpg,5672,False,8,False,0.08912751823663712,281.775600000401
D:\Bartek\coding\biometria\facial_auth\celeba_subset\img_align_celeba\194818.jpg,5672,False,8,True,0.0953274816274643,281.92679999483516
D:\Bartek\coding\biometria\facial_auth\celeba_subset\img_align_celeba\058672.jpg,8415,False,2,False,0.09836538881063461,288.57699999934994
D:\Bartek\coding\biometria\facial_auth\celeba_subset\img_align_celeba\058672.jpg,8415,False,2,True,0.08827488124370575,295.95440000412054
D:\Bartek\coding\biometria\facial_auth\celeba_subset\img_align_celeba\117458.jpg,913,False,4,False,-0.036903832107782364,292.31650000292575
D:\Bartek\coding\biometria\facial_auth\celeba_subset\img_align_celeba\117458.jpg,913,False,4,True,0.013289036229252815,295.46129999653203
D:\Bartek\coding\biometria\facial_auth\celeba_subset\img_align_celeba\039766.jpg,3236,False,8,False,0.012402827851474285,295.00150000239955
D:\Bartek\coding\biometria\facial_auth\celeba_subset\img_align_celeba\039766.jpg,3236,False,8,True,0.022515323013067245,290.6804000012926
D:\Bartek\coding\biometria\facial_auth\celeba_subset\img_align_celeba\194314.jpg,1120,False,2,False,0.2130642980337143,288.97049999795854
D:\Bartek\coding\biometria\facial_auth\celeba_subset\img_align_celeba\194314.jpg,1120,False,2,True,0.1729532927274704,291.9292000005953
D:\Bartek\coding\biometria\facial_auth\celeba_subset\img_align_celeba\026125.jpg,5791,False,4,False,0.034467995166778564,295.34330000024056
D:\Bartek\coding\biometria\facial_auth\celeba_subset\img_align_celeba\026125.jpg,5791,False,4,True,0.03301408886909485,295.43310000008205
D:\Bartek\coding\biometria\facial_auth\celeba_subset\img_align_celeba\170958.jpg,4929,False,8,False,0.011080474592745304,290.8026999939466
D:\Bartek\coding\biometria\facial_auth\celeba_subset\img_align_celeba\170958.jpg,4929,False,8,True,0.018689706921577454,297.75940000399714
D:\Bartek\coding\biometria\facial_auth\celeba_subset\img_align_celeba\185668.jpg,5872,False,2,False,-0.04482831060886383,286.9959000017843
D:\Bartek\coding\biometria\facial_auth\celeba_subset\img_align_celeba\185668.jpg,5872,False,2,True,-0.02004675753414631,295.7040999972378
D:\Bartek\coding\biometria\facial_auth\celeba_subset\img_align_celeba\166298.jpg,8936,False,4,False,0.1703387349843979,291.6363000040292
D:\Bartek\coding\biometria\facial_auth\celeba_subset\img_align_celeba\166298.jpg,8936,False,4,True,0.14542824029922485,292.88829999859445
D:\Bartek\coding\biometria\facial_auth\celeba_subset\img_align_celeba\193291.jpg,494,False,8,False,0.1379738450050354,282.9554999989341
D:\Bartek\coding\biometria\facial_auth\celeba_subset\img_align_celeba\193291.jpg,494,False,8,True,0.1162075474858284,282.9557999939425
D:\Bartek\coding\biometria\facial_auth\celeba_subset\img_align_celeba\151604.jpg,8834,False,2,False,0.2139023095369339,288.0330000043614
D:\Bartek\coding\biometria\facial_auth\celeba_subset\img_align_celeba\151604.jpg,8834,False,2,True,0.0646725594997406,299.8253999976441
D:\Bartek\coding\biometria\facial_auth\celeba_subset\img_align_celeba\074610.jpg,9489,False,4,False,0.0027375465724617243,292.5969999996596
D:\Bartek\coding\biometria\facial_auth\celeba_subset\img_align_celeba\074610.jpg,9489,False,4,True,0.07816024124622345,294.4344999996247
D:\Bartek\coding\biometria\facial_auth\celeba_subset\img_align_celeba\187833.jpg,5747,False,8,False,0.10191884636878967,287.3349000001326
D:\Bartek\coding\biometria\facial_auth\celeba_subset\img_align_celeba\187833.jpg,5747,False,8,True,0.10556274652481079,285.7067999939318
D:\Bartek\coding\biometria\facial_auth\celeba_subset\img_align_celeba\167495.jpg,8748,False,2,False,0.18321861326694489,491.5930999995908
D:\Bartek\coding\biometria\facial_auth\celeba_subset\img_align_celeba\167495.jpg,8748,False,2,True,0.1411367952823639,279.50540000165347
D:\Bartek\coding\biometria\facial_auth\celeba_subset\img_align_celeba\193319.jpg,5872,False,4,False,0.04143960773944855,278.4784999967087
D:\Bartek\coding\biometria\facial_auth\celeba_subset\img_align_celeba\193319.jpg,5872,False,4,True,0.012436828576028347,286.4116999990074
D:\Bartek\coding\biometria\facial_auth\celeba_subset\img_align_celeba\077214.jpg,5534,False,8,False,0.09664332121610641,287.17150000011316
D:\Bartek\coding\biometria\facial_auth\celeba_subset\img_align_celeba\077214.jpg,5534,False,8,True,0.09599252045154572,285.1183999955538
D:\Bartek\coding\biometria\facial_auth\celeba_subset\img_align_celeba\181902.jpg,913,False,2,False,-8.538366273569409e-06,283.8521000012406
D:\Bartek\coding\biometria\facial_auth\celeba_subset\img_align_celeba\181902.jpg,913,False,2,True,0.028721105307340622,289.89590000128374
D:\Bartek\coding\biometria\facial_auth\celeba_subset\img_align_celeba\093329.jpg,503,False,4,False,-0.025974340736865997,293.03649999928894
D:\Bartek\coding\biometria\facial_auth\celeba_subset\img_align_celeba\093329.jpg,503,False,4,True,0.014506509527564049,301.17479999898933
D:\Bartek\coding\biometria\facial_auth\celeba_subset\img_align_celeba\028061.jpg,2177,False,8,False,0.9135811924934387,291.43280000425875
D:\Bartek\coding\biometria\facial_auth\celeba_subset\img_align_celeba\028061.jpg,2177,False,8,True,0.8970801830291748,298.1844999958412
D:\Bartek\coding\biometria\facial_auth\celeba_subset\img_align_celeba\192424.jpg,644,False,2,False,0.06288481503725052,295.1775000037742
D:\Bartek\coding\biometria\facial_auth\celeba_subset\img_align_celeba\192424.jpg,644,False,2,True,0.04277476668357849,289.7889000014402
D:\Bartek\coding\biometria\facial_auth\celeba_subset\img_align_celeba\005130.jpg,9489,False,4,False,0.0465405099093914,303.0999999973574
D:\Bartek\coding\biometria\facial_auth\celeba_subset\img_align_celeba\005130.jpg,9489,False,4,True,0.032140783965587616,277.3992000002181
D:\Bartek\coding\biometria\facial_auth\celeba_subset\img_align_celeba\159657.jpg,205,False,8,False,0.053263191133737564,280.97040000284323
D:\Bartek\coding\biometria\facial_auth\celeba_subset\img_align_celeba\159657.jpg,205,False,8,True,0.04948900267481804,284.5256000000518
D:\Bartek\coding\biometria\facial_auth\celeba_subset\img_align_celeba\023849.jpg,898,False,2,False,0.21700826287269592,282.59260000049835
D:\Bartek\coding\biometria\facial_auth\celeba_subset\img_align_celeba\023849.jpg,898,False,2,True,0.17407655715942383,288.26399999525165
D:\Bartek\coding\biometria\facial_auth\celeba_subset\img_align_celeba\175655.jpg,5246,False,4,False,-0.036382805556058884,293.98570000194013
D:\Bartek\coding\biometria\facial_auth\celeba_subset\img_align_celeba\175655.jpg,5246,False,4,True,0.025038165971636772,295.90509999979986
D:\Bartek\coding\biometria\facial_auth\celeba_subset\img_align_celeba\049882.jpg,1120,False,8,False,0.0018086658092215657,290.08559999783756
D:\Bartek\coding\biometria\facial_auth\celeba_subset\img_align_celeba\049882.jpg,1120,False,8,True,0.05289963632822037,366.3673999981256
D:\Bartek\coding\biometria\facial_auth\celeba_subset\img_align_celeba\016418.jpg,1104,False,2,False,0.045957162976264954,290.9211000005598
D:\Bartek\coding\biometria\facial_auth\celeba_subset\img_align_celeba\016418.jpg,1104,False,2,True,0.10454078018665314,287.5530000019353
D:\Bartek\coding\biometria\facial_auth\celeba_subset\img_align_celeba\043690.jpg,1350,False,4,False,0.05362406745553017,290.6137000027229
D:\Bartek\coding\biometria\facial_auth\celeba_subset\img_align_celeba\043690.jpg,1350,False,4,True,0.08227691054344177,286.7562999963411
D:\Bartek\coding\biometria\facial_auth\celeba_subset\img_align_celeba\055165.jpg,2926,False,8,False,0.029675664380192757,286.35470000153873
D:\Bartek\coding\biometria\facial_auth\celeba_subset\img_align_celeba\055165.jpg,2926,False,8,True,0.03826725482940674,291.3378000012017
D:\Bartek\coding\biometria\facial_auth\celeba_subset\img_align_celeba\150754.jpg,9939,False,2,False,0.01675964519381523,284.86490000068443
D:\Bartek\coding\biometria\facial_auth\celeba_subset\img_align_celeba\150754.jpg,9939,False,2,True,0.02510807290673256,295.9052000005613
D:\Bartek\coding\biometria\facial_auth\celeba_subset\img_align_celeba\179318.jpg,7524,False,4,False,0.1023375615477562,288.37149999890244
D:\Bartek\coding\biometria\facial_auth\celeba_subset\img_align_celeba\179318.jpg,7524,False,4,True,0.09823272377252579,293.9898999975412
D:\Bartek\coding\biometria\facial_auth\celeba_subset\img_align_celeba\092472.jpg,6195,False,8,False,0.44237563014030457,278.9496999976109
D:\Bartek\coding\biometria\facial_auth\celeba_subset\img_align_celeba\092472.jpg,6195,False,8,True,0.4388826787471771,292.8587000060361
D:\Bartek\coding\biometria\facial_auth\celeba_subset\img_align_celeba\083840.jpg,3336,False,2,False,0.17018179595470428,295.0171000047703
D:\Bartek\coding\biometria\facial_auth\celeba_subset\img_align_celeba\083840.jpg,3336,False,2,True,0.15620733797550201,292.47630000463687
D:\Bartek\coding\biometria\facial_auth\celeba_subset\img_align_celeba\046845.jpg,5437,False,4,False,0.06499172002077103,298.6010000022361
D:\Bartek\coding\biometria\facial_auth\celeba_subset\img_align_celeba\046845.jpg,5437,False,4,True,0.0727609172463417,304.47329999879
D:\Bartek\coding\biometria\facial_auth\celeba_subset\img_align_celeba\021044.jpg,3877,False,8,False,0.028254130855202675,286.69100000115577
D:\Bartek\coding\biometria\facial_auth\celeba_subset\img_align_celeba\021044.jpg,3877,False,8,True,0.03268968313932419,292.71430000517284
D:\Bartek\coding\biometria\facial_auth\celeba_subset\img_align_celeba\070348.jpg,975,False,2,False,0.1809980273246765,289.90260000136914
D:\Bartek\coding\biometria\facial_auth\celeba_subset\img_align_celeba\070348.jpg,975,False,2,True,0.29556897282600403,301.91309999645455
D:\Bartek\coding\biometria\facial_auth\celeba_subset\img_align_celeba\119024.jpg,9534,False,4,False,0.17773212492465973,284.8505000001751
D:\Bartek\coding\biometria\facial_auth\celeba_subset\img_align_celeba\119024.jpg,9534,False,4,True,0.09329695999622345,291.19530000025406
D:\Bartek\coding\biometria\facial_auth\celeba_subset\img_align_celeba\180118.jpg,503,False,8,False,0.31589561700820923,300.59080000501126
D:\Bartek\coding\biometria\facial_auth\celeba_subset\img_align_celeba\180118.jpg,503,False,8,True,0.3139885663986206,299.4422999981907
D:\Bartek\coding\biometria\facial_auth\celeba_subset\img_align_celeba\035538.jpg,3236,False,2,False,0.055494584143161774,310.6802999973297
D:\Bartek\coding\biometria\facial_auth\celeba_subset\img_align_celeba\035538.jpg,3236,False,2,True,0.13060663640499115,293.76760000013746
D:\Bartek\coding\biometria\facial_auth\celeba_subset\img_align_celeba\125894.jpg,9489,False,4,False,0.09664466977119446,278.1896999949822
D:\Bartek\coding\biometria\facial_auth\celeba_subset\img_align_celeba\125894.jpg,9489,False,4,True,0.09160764515399933,401.695300002757
D:\Bartek\coding\biometria\facial_auth\celeba_subset\img_align_celeba\177132.jpg,8936,False,8,False,0.07637610286474228,278.32060000218917
D:\Bartek\coding\biometria\facial_auth\celeba_subset\img_align_celeba\177132.jpg,8936,False,8,True,0.08910048753023148,315.16950000514043
D:\Bartek\coding\biometria\facial_auth\celeba_subset\img_align_celeba\039336.jpg,6719,False,2,False,0.05823936685919762,310.5903000032413
D:\Bartek\coding\biometria\facial_auth\celeba_subset\img_align_celeba\039336.jpg,6719,False,2,True,0.1657436639070511,292.3391000003903
D:\Bartek\coding\biometria\facial_auth\celeba_subset\img_align_celeba\175087.jpg,9828,False,4,False,0.1572132259607315,283.76269999716897
D:\Bartek\coding\biometria\facial_auth\celeba_subset\img_align_celeba\175087.jpg,9828,False,4,True,0.15559105575084686,284.8688000012771
D:\Bartek\coding\biometria\facial_auth\celeba_subset\img_align_celeba\123400.jpg,9910,False,8,False,0.9627768993377686,288.52570000162814
D:\Bartek\coding\biometria\facial_auth\celeba_subset\img_align_celeba\123400.jpg,9910,False,8,True,0.9663994312286377,285.6631999966339
D:\Bartek\coding\biometria\facial_auth\celeba_subset\img_align_celeba\055782.jpg,3655,False,2,False,0.10541687905788422,285.58260000136215
D:\Bartek\coding\biometria\facial_auth\celeba_subset\img_align_celeba\055782.jpg,3655,False,2,True,0.042828500270843506,295.8970999970916
D:\Bartek\coding\biometria\facial_auth\celeba_subset\img_align_celeba\082803.jpg,5791,False,4,False,0.1443341225385666,289.28450000239536
D:\Bartek\coding\biometria\facial_auth\celeba_subset\img_align_celeba\082803.jpg,5791,False,4,True,0.15496177971363068,280.88759999809554
D:\Bartek\coding\biometria\facial_auth\celeba_subset\img_align_celeba\090612.jpg,1104,False,8,False,0.003941609524190426,271.6136000017286
D:\Bartek\coding\biometria\facial_auth\celeba_subset\img_align_celeba\090612.jpg,1104,False,8,True,-0.0017180071445181966,279.2023000001791
D:\Bartek\coding\biometria\facial_auth\celeba_subset\img_align_celeba\092361.jpg,310,False,2,False,0.2821306586265564,292.56770000210963
D:\Bartek\coding\biometria\facial_auth\celeba_subset\img_align_celeba\092361.jpg,310,False,2,True,0.27681446075439453,321.3975999969989
D:\Bartek\coding\biometria\facial_auth\celeba_subset\img_align_celeba\152521.jpg,503,False,4,False,0.18566101789474487,297.0409999979893
D:\Bartek\coding\biometria\facial_auth\celeba_subset\img_align_celeba\152521.jpg,503,False,4,True,0.07317584753036499,298.10059999726946
D:\Bartek\coding\biometria\facial_auth\celeba_subset\img_align_celeba\021275.jpg,5099,False,8,False,0.013673084788024426,295.86079999717185
D:\Bartek\coding\biometria\facial_auth\celeba_subset\img_align_celeba\021275.jpg,5099,False,8,True,0.018036067485809326,282.79029999976046
D:\Bartek\coding\biometria\facial_auth\celeba_subset\img_align_celeba\164646.jpg,5922,False,2,False,0.14150868356227875,286.8415000048117
D:\Bartek\coding\biometria\facial_auth\celeba_subset\img_align_celeba\164646.jpg,5922,False,2,True,0.1528489589691162,288.8336000032723
D:\Bartek\coding\biometria\facial_auth\celeba_subset\img_align_celeba\069597.jpg,3336,False,4,False,0.14157289266586304,285.6933000002755
D:\Bartek\coding\biometria\facial_auth\celeba_subset\img_align_celeba\069597.jpg,3336,False,4,True,0.14124390482902527,291.36599999765167
D:\Bartek\coding\biometria\facial_auth\celeba_subset\img_align_celeba\113212.jpg,5127,False,8,False,0.009532350115478039,292.70790000009583
D:\Bartek\coding\biometria\facial_auth\celeba_subset\img_align_celeba\113212.jpg,5127,False,8,True,0.017048662528395653,295.86050000216346
D:\Bartek\coding\biometria\facial_auth\celeba_subset\img_align_celeba\066186.jpg,4196,False,2,False,-0.04661180078983307,288.42570000415435
D:\Bartek\coding\biometria\facial_auth\celeba_subset\img_align_celeba\066186.jpg,4196,False,2,True,-0.039590511471033096,218.63970000413246
D:\Bartek\coding\biometria\facial_auth\celeba_subset\img_align_celeba\082838.jpg,3655,False,4,False,0.11248404532670975,215.1056000002427
D:\Bartek\coding\biometria\facial_auth\celeba_subset\img_align_celeba\082838.jpg,3655,False,4,True,0.10128116607666016,214.13960000063526
D:\Bartek\coding\biometria\facial_auth\celeba_subset\img_align_celeba\059289.jpg,4936,False,8,False,0.05085593834519386,273.1927999993786
D:\Bartek\coding\biometria\facial_auth\celeba_subset\img_align_celeba\059289.jpg,4936,False,8,True,0.03555251657962799,306.61240000335965
D:\Bartek\coding\biometria\facial_auth\celeba_subset\img_align_celeba\176338.jpg,3336,False,2,False,0.3072376847267151,289.68670000176644
D:\Bartek\coding\biometria\facial_auth\celeba_subset\img_align_celeba\176338.jpg,3336,False,2,True,0.28733524680137634,299.23380000400357
D:\Bartek\coding\biometria\facial_auth\celeba_subset\img_align_celeba\131239.jpg,6722,False,4,False,0.07340478897094727,289.51059999963036
D:\Bartek\coding\biometria\facial_auth\celeba_subset\img_align_celeba\131239.jpg,6722,False,4,True,-0.014193211682140827,291.39410000061616
D:\Bartek\coding\biometria\facial_auth\celeba_subset\img_align_celeba\038926.jpg,5210,False,8,False,0.06388596445322037,291.29500000271946
D:\Bartek\coding\biometria\facial_auth\celeba_subset\img_align_celeba\038926.jpg,5210,False,8,True,0.07248914986848831,290.65059999993537
D:\Bartek\coding\biometria\facial_auth\celeba_subset\img_align_celeba\123276.jpg,8971,False,2,False,0.060540955513715744,299.6350000030361
D:\Bartek\coding\biometria\facial_auth\celeba_subset\img_align_celeba\123276.jpg,8971,False,2,True,0.06821589171886444,299.22179999994114
D:\Bartek\coding\biometria\facial_auth\celeba_subset\img_align_celeba\005710.jpg,975,False,4,False,0.06228649616241455,296.4694000038435
D:\Bartek\coding\biometria\facial_auth\celeba_subset\img_align_celeba\005710.jpg,975,False,4,True,0.08419569581747055,299.6784999995725
D:\Bartek\coding\biometria\facial_auth\celeba_subset\img_align_celeba\031610.jpg,2926,False,8,False,0.0249163918197155,290.1352999979281
D:\Bartek\coding\biometria\facial_auth\celeba_subset\img_align_celeba\031610.jpg,2926,False,8,True,0.02436625212430954,290.2671000047121
D:\Bartek\coding\biometria\facial_auth\celeba_subset\img_align_celeba\128274.jpg,6983,False,2,False,0.155495747923851,285.85060000477824
D:\Bartek\coding\biometria\facial_auth\celeba_subset\img_align_celeba\128274.jpg,6983,False,2,True,0.1851215362548828,294.85530000238214
D:\Bartek\coding\biometria\facial_auth\celeba_subset\img_align_celeba\097124.jpg,898,False,4,False,0.24553558230400085,293.8667999987956
D:\Bartek\coding\biometria\facial_auth\celeba_subset\img_align_celeba\097124.jpg,898,False,4,True,0.11443450301885605,283.8846000013291
D:\Bartek\coding\biometria\facial_auth\celeba_subset\img_align_celeba\139919.jpg,5672,False,8,False,0.10019271075725555,288.3344000001671
D:\Bartek\coding\biometria\facial_auth\celeba_subset\img_align_celeba\139919.jpg,5672,False,8,True,0.08901002258062363,293.5312999979942
D:\Bartek\coding\biometria\facial_auth\celeba_subset\img_align_celeba\006482.jpg,3655,False,2,False,0.11891531199216843,293.5354000001098
D:\Bartek\coding\biometria\facial_auth\celeba_subset\img_align_celeba\006482.jpg,3655,False,2,True,0.10860833525657654,286.3680000009481
D:\Bartek\coding\biometria\facial_auth\celeba_subset\img_align_celeba\095572.jpg,8971,False,4,False,0.05675942823290825,284.69350000523264
D:\Bartek\coding\biometria\facial_auth\celeba_subset\img_align_celeba\095572.jpg,8971,False,4,True,0.021986275911331177,291.7836000051466
D:\Bartek\coding\biometria\facial_auth\celeba_subset\img_align_celeba\047296.jpg,6806,False,8,False,0.009088973514735699,295.6267000045045
D:\Bartek\coding\biometria\facial_auth\celeba_subset\img_align_celeba\047296.jpg,6806,False,8,True,0.013530855067074299,305.54750000010245
D:\Bartek\coding\biometria\facial_auth\celeba_subset\img_align_celeba\141684.jpg,6719,False,2,False,0.17303778231143951,297.85350000020117
D:\Bartek\coding\biometria\facial_auth\celeba_subset\img_align_celeba\141684.jpg,6719,False,2,True,0.21199597418308258,305.3507000004174
D:\Bartek\coding\biometria\facial_auth\celeba_subset\img_align_celeba\030396.jpg,4659,False,4,False,0.03854844346642494,291.36279999511316
D:\Bartek\coding\biometria\facial_auth\celeba_subset\img_align_celeba\030396.jpg,4659,False,4,True,0.010435125790536404,293.27090000151657
D:\Bartek\coding\biometria\facial_auth\celeba_subset\img_align_celeba\064848.jpg,6719,False,8,False,0.04410447180271149,294.1636999967159
D:\Bartek\coding\biometria\facial_auth\celeba_subset\img_align_celeba\064848.jpg,6719,False,8,True,0.030680019408464432,292.5829000014346
D:\Bartek\coding\biometria\facial_auth\celeba_subset\img_align_celeba\083995.jpg,644,False,2,False,-0.019968772307038307,290.7802999980049
D:\Bartek\coding\biometria\facial_auth\celeba_subset\img_align_celeba\083995.jpg,644,False,2,True,0.010386359877884388,294.90650000661844
D:\Bartek\coding\biometria\facial_auth\celeba_subset\img_align_celeba\064387.jpg,4659,False,4,False,0.04739604517817497,283.86889999819687
D:\Bartek\coding\biometria\facial_auth\celeba_subset\img_align_celeba\064387.jpg,4659,False,4,True,0.04172950237989426,298.9314000005834
D:\Bartek\coding\biometria\facial_auth\celeba_subset\img_align_celeba\113212.jpg,5791,False,8,False,0.016417166218161583,275.8705999949598
D:\Bartek\coding\biometria\facial_auth\celeba_subset\img_align_celeba\113212.jpg,5791,False,8,True,0.02600569650530815,280.63470000051893
D:\Bartek\coding\biometria\facial_auth\celeba_subset\img_align_celeba\035751.jpg,5575,False,2,False,0.14361098408699036,288.3707000000868
D:\Bartek\coding\biometria\facial_auth\celeba_subset\img_align_celeba\035751.jpg,5575,False,2,True,0.12021090090274811,293.66619999927934
D:\Bartek\coding\biometria\facial_auth\celeba_subset\img_align_celeba\198834.jpg,9300,False,4,False,0.05511666461825371,287.6311999934842
D:\Bartek\coding\biometria\facial_auth\celeba_subset\img_align_celeba\198834.jpg,9300,False,4,True,0.0027825497090816498,289.76899999543093
